v 0.348799 -0.334989 -0.0832331
v 0.313132 -0.399051 0.881192
v 0.25492954 0.20067596 0.119205475
v 0.23755646 0.05026865 0.83763504
v 0.35290587 -0.049416065 0.4540825
v -0.226075 0.759994 -0.240858
v 0.305362 0.0307983 -0.00655663
v 0.279611 -0.0552387 0.858547
v 0.266719 0.10578 0.46681
v 0.149341 -0.451522 0.166423
v 0.12606 -0.162036 -0.185668
v 0.114009 -0.358339 -0.0759521
v 0.101546 -0.475382 0.663157
v -0.343965 0.756617 -0.269721
v -0.288313 -0.71953 0.0292002
v 0.358602 -0.37797 0.17897
v 0.34942055 -0.2312088 0.6349182
v 0.316102 -0.419396 0.649153
v -0.252371 -0.581833 0.652832
v 0.0876766 -0.391182 0.901606
v 0.161859 0.285356 0.303098
v 0.177264 0.282839 0.0875537
v 0.158786 0.0751889 -0.141343
v -0.209996 0.761876 -0.268358
v 0.138236 0.191142 0.700393
v -0.0774719 -0.570173 0.85133
v -0.235335 0.485531 -0.0647615
v 0.25756168 0.10010028 0.66768837
v 0.34304 -0.0541165 0.672286
v 0.369388 -0.0242775 0.205838
v 0.2532997 0.209499 0.23423386
v -0.10947895 0.10780096 -0.39656305
v 0.146074 0.206063 0.488052
v 0.15689 0.317253 -0.0179554
v 0.184529 0.181235 -0.238574
v 0.229877 0.446038 -0.0428095
v 0.326584 0.303676 -0.375494
v 0.257915 0.488969 -0.517721
v 0.187711 0.730295 -0.437134
v 0.190442 0.122856 -0.437696
v 0.271501 0.201979 -0.579853
v 0.227961 0.337016 -0.641468
v 0.323288 -0.645898 -0.0650069
v 0.277559 -0.660659 0.872426
v 0.15321 -0.671553 0.116597
v 0.153343 -0.652512 -0.0628489
v 0.129752 -0.680413 0.714233
v 0.310744 -0.658159 0.12474
v 0.270197 -0.670204 0.705429
v 0.125665 -0.664371 0.877017
v 0.264169 0.646946 -0.369897
v 0.180359 0.68646 -0.148279
v 0.263204 0.560375 -0.137191
v 0.371765 0.683869 -0.321196
v 0.432195 0.751246 -0.233457
v 0.424574 0.680439 -0.150855
v 0.379346 0.604049 -0.213075
v 0.04583168 -0.1887207 -0.19731688
v -0.0796433 -0.304819 -0.108871
v -0.0940951 -0.0565412 0.98502
v 0 0.0414775 -0.241591
v 0 0.117615 -0.305384
v -0.376444 -0.45013 0.0999599
v -0.097999 0.124878 -0.319976
v -4.33681e-19 0.765067 -0.449072
v -0.0029586782 0.8356093 -0.2904586
v 0 -0.434774 0.0615192
v -1.001358e-05 -0.37823486 -0.03904724
v 0.029859781 0.32320714 0.19963646
v 0 0.352207 0.0388631
v 0 0.499175 0.0586613
v -4.33681e-19 0.723906 -0.0597107
v 0 0.816061 -0.189369
v -0.020950317 -0.4502716 0.6911926
v 0 -0.533724 0.415511
v -0.0632284 0.496693 0.0522852
v 0 0.233342 0.49566
v -0.191735 0.902282 -0.228209
v -0.12030649 0.805552 -0.21135855
v 0 0.220553 0.711025
v 0 0.130478 0.891171
v 0.164015 0.929339 -0.232094
v 0.205905 0.915741 -0.313374
v 0.15338 0.935554 -0.282029
v 0.221786 0.905461 -0.256021
v 0.10900855 0.82433105 -0.22154416
v 0.031276703 0.8140478 -0.19495773
v -0.165912 0.939303 -0.292739
v 0.16339111 0.7882347 -0.3652687
v -0.0377827 0.232065 0.495188
v -0.206641 -0.0168625 0.913183
v -0.0706181 0.454733 -0.593233
v 0.199751 0.790382 -0.244881
v -0.267 0.601931 -0.388185
v 0.279703 0.762439 -0.233186
v 0.114860535 -0.45667934 0.23976135
v -0.209229 0.892731 -0.238166
v 0.186164 -0.487701 0.417533
v -0.180783 0.946411 -0.244635
v -0.0968568 0.789376 -0.411772
v -0.207473 0.823979 -0.249259
v -0.15574 -0.680004 0.892121
v 0.108795166 -0.06561661 0.974493
v -0.153047 -0.720555 0.741401
v -0.0899111 -0.634521 0.847274
v -0.0137291 -0.0795664 1.04692
v 0.046613693 -0.08346033 1.0145955
v 0 -0.0688251 1.04807
v -0.008220434 -0.09533149 1.0263755
v -0.348799 -0.334989 -0.0832331
v -0.313132 -0.399051 0.881192
v -0.18124366 0.7968827 -0.32263255
v -0.21797562 0.07412338 0.8349457
v -0.154044 0.222564 -0.638941
v -0.13765 0.35956 0.0095734
v -0.305362 0.0307983 -0.00655663
v -0.279611 -0.0552387 0.858547
v -0.2662444 0.10443139 0.4764948
v -0.149341 -0.451522 0.166423
v -0.12606 -0.162036 -0.185668
v -0.114009 -0.358339 -0.0759521
v -0.101546 -0.475382 0.663157
v -0.240757 -0.435635 0.421981
v -0.032518 -0.377955 0.851217
v -0.358602 -0.37797 0.17897
v -0.34561825 -0.2493558 0.65950775
v -0.316102 -0.419396 0.649153
v -0.1688919 -0.19841003 0.94122314
v -0.0876766 -0.391182 0.901606
v -0.161859 0.285356 0.303098
v -0.177264 0.282839 0.0875537
v -0.158786 0.0751889 -0.141343
v -0.3090606 -0.08169174 -0.06754017
v -0.138236 0.191142 0.700393
v -0.1132431 0.11598778 0.87744904
v -0.28818703 -0.22038841 0.86534977
v -0.125628 0.296564 0.306829
v -0.34464836 -0.0521338 0.6568222
v -0.369388 -0.0242775 0.205838
v -0.04608799 0.10035101 -0.44980547
v -0.3528595 -0.26223755 0.58251953
v -0.146074 0.206063 0.488052
v -0.15689 0.317253 -0.0179554
v -0.184529 0.181235 -0.238574
v -0.229877 0.446038 -0.0428095
v -0.326584 0.303676 -0.375494
v -0.257915 0.488969 -0.517721
v -0.187711 0.730295 -0.437134
v -0.190442 0.122856 -0.437696
v -0.271501 0.201979 -0.579853
v -0.227961 0.337016 -0.641468
v -0.323288 -0.645898 -0.0650069
v -0.277559 -0.660659 0.872426
v -0.15321 -0.671553 0.116597
v -0.153343 -0.652512 -0.0628489
v -0.129752 -0.680413 0.714233
v -0.310744 -0.658159 0.12474
v -0.270197 -0.670204 0.705429
v -0.125665 -0.664371 0.877017
v -0.264169 0.646946 -0.369897
v -0.180359 0.68646 -0.148279
v -0.263204 0.560375 -0.137191
v -0.371765 0.683869 -0.321196
v -0.432195 0.751246 -0.233457
v -0.424574 0.680439 -0.150855
v -0.379346 0.604049 -0.213075
v -0.164015 0.929339 -0.232094
v -0.205905 0.915741 -0.313374
v -0.15338 0.935554 -0.282029
v -0.221786 0.905461 -0.256021
v -0.258236 0.693552 -0.356883
v -0.10137248 0.8140991 -0.21854496
v -0.16610134 0.8049259 -0.33509886
v -0.15514183 0.8828697 -0.32128763
v -0.225597 0.0165132 0.878354
v -0.09201765 0.8227713 -0.28948593
v -0.23471546 0.7428713 -0.30633926
v -0.199751 0.790382 -0.244881
v -0.0449537 0.11665 -0.27594
v -0.279703 0.762439 -0.233186
v -0.11237335 -0.4568653 0.23846436
v -0.09912872 -0.47296333 0.6017456
v -0.186164 -0.487701 0.417533
v -0.149543 -0.554429 0.922812
v -0.387436 -0.440321 0.0296682
v -0.0939443 0.0532189 0.93429
v -0.043037415 -0.06282425 1.0321503
v -0.252112 0.713887 -0.166078
v -0.390758 0.753705 -0.27032
v 0.223323 -0.431749 0.300839
v 0.262599 -0.446574 0.214165
v 0.345683 -0.367458 0.305622
v -0.253217 0.578269 -0.474783
v 0.320467 -0.390454 0.538527
v 0.218649 -0.474853 0.619945
v 0.19621 -0.447285 0.538732
v 0.257025 -0.429064 0.536591
v 0.240602 -0.341214 -0.117452
v 0.12147 -0.249274 -0.145022
v 0.221157 -0.120393 -0.146058
v 0.328715 -0.192761 -0.0778193
v 0.229478 -0.212011 -0.133147
v 0.307987 -0.0331195 -0.049691
v 0.139893 -0.0548182 -0.181103
v -0.117988 -0.635837 0.0828
v 0.227173 -0.0372356 -0.128413
v -0.335047 -0.66747 -0.026194
v 0.213279 -0.204742 0.922518
v 0.117499 -0.281642 0.935739
v 0.211816 -0.394732 0.922409
v 0.215547 -0.286415 0.919674
v 0.36614466 -0.13530922 0.046300888
v -0.06405562 -0.4336236 0.8517997
v 0.385194 -0.351205 0.0306159
v 0.375418 -0.216313 0.0359591
v -0.09587228 0.8299509 -0.23299661
v -0.173109 0.951035 -0.277835
v -0.345079 0.681327 -0.333156
v -0.0472884 -0.515301 0.519274
v -0.243518 -0.430642 -0.121062
v -0.203233 0.797472 -0.273932
v -0.262868 -0.552296 0.920108
v 0.350232 0.00253885 0.0908221
v -0.0372542 0.755486 -0.106376
v 0.343331 -0.409171 0.778577
v 0.341862 -0.313907 0.657949
v 0.3264084 -0.21850753 0.77882004
v 0.336544 -0.303107 0.775339
v 0.2839756 -0.17282104 0.8644676
v -0.07809824 0.8224621 -0.24769115
v 0.322487 -0.0565049 0.774019
v 0.32909775 -0.104918 0.77358246
v 0.34724855 -0.052113295 0.6131668
v -0.078421116 0.3198979 0.21448803
v -0.187443 -0.669698 -0.0818819
v -0.0438017 0.818098 -0.377412
v 0.23281 0.229543 0.110217
v 0.170184 0.299829 0.20555
v 0.21884006 0.23552895 0.30244827
v -0.0337403 0.129119 0.889852
v 0.227226 0.252859 0.204008
v -0.0495204 -0.395304 0.851292
v 0.14959049 0.22414017 0.43572998
v 0.20969 0.164574 0.478658
v 0.21312141 0.18063831 0.4237404
v 0.22847795 0.101950645 0.7750702
v 0.20054293 0.15489697 0.6795473
v 0.134533 0.161682 0.796578
v 0.19738007 0.0828495 0.8497238
v 0.191558 0.132026 0.78245
v -0.278995 0.751255 -0.279238
v 0.26349568 0.102989435 0.52204895
v -0.43241 0.746455 -0.258303
v -0.271214 0.498067 -0.167977
v 0.3161466 0.03371358 0.4643135
v -0.17394519 0.87510777 -0.330698
v 0.30804753 0.031240344 0.6614914
v 0.253941 0.0157408 0.848168
v 0.289863 0.0225221 0.77107
v 0.190901 0.188016 -0.0300482
v 0.28785038 0.103076935 0.040412903
v -0.388682 0.680406 -0.144893
v -0.15595245 -0.026880264 0.95142365
v -0.188173 0.564066 -0.51907
v 0.150018 0.148066 -0.170355
v -0.0726958 0.340957 -0.664799
v 0.150923 0.290686 0.0162651
v 0.172619 0.221245 -0.0722104
v 0.274031 0.23831 -0.301318
v 0.294876 0.383503 -0.203773
v 0.194068 0.37243 -0.0269037
v 0.248629 0.311098 -0.153862
v 0.196806 0.141274 -0.362924
v 0.23911 0.14497 -0.502892
v 0.324701 0.24108 -0.502727
v 0.278147 0.181024 -0.423508
v 0.263786 0.27805 -0.630217
v 0.250979 0.388662 -0.601302
v 0.318198 0.390558 -0.446528
v 0.314593 0.32071 -0.563292
v 0.338046 -0.680095 0.0309463
v 0.228165 -0.692422 0.147407
v 0.12828 -0.689708 0.0245746
v 0.238161 -0.677382 -0.0918856
v 0.229681 -0.733842 0.0266899
v 0.20056 -0.687393 0.898863
v 0.107919 -0.696884 0.796995
v 0.199176 -0.699686 0.68654
v 0.291818 -0.690195 0.788408
v 0.198244 -0.736784 0.793448
v 0.307855 -0.55258 0.89062
v 0.294592 -0.571581 0.678753
v 0.335563 -0.561971 0.78431
v 0.059572995 -0.4588544 0.79474473
v 0.110927 -0.595142 0.691599
v 0.102733 -0.558625 0.896274
v 0.0716769 -0.583028 0.796447
v 0.203007 -0.591569 0.647127
v 0.206666 -0.553636 0.930804
v 0.339121 -0.546516 0.150832
v 0.352933 -0.520557 -0.0885122
v 0.383244 -0.532332 0.0297109
v 0.132569 -0.534652 -0.0767316
v 0.24402 -0.524662 -0.124285
v 0.143499 -0.577512 0.141914
v 0.241073 -0.571789 0.188527
v 0.0964942 -0.434904 0.0342915
v 0.0999951 -0.56397 0.0317575
v 0.271576 0.561647 -0.416318
v 0.282894 0.56989 -0.257283
v 0.23851 0.520387 -0.0907886
v 0.293195 0.482084 -0.276654
v 0.213045 0.609177 -0.109989
v 0.321376 0.576724 -0.185683
v 0.422878 0.632073 -0.168661
v 0.32688 0.680784 -0.145207
v 0.326345 0.612341 -0.141546
v 0.312594 0.674309 -0.341185
v 0.379053 0.63587 -0.283895
v 0.3154 0.606871 -0.278418
v 0.417773 0.731266 -0.288914
v 0.460287 0.727236 -0.177367
v 0.454185 0.684351 -0.230461
v -0.282371 -0.626877 0.167977
v -0.0448664 0.351036 0.0368917
v 0.0886814 0.32051307 0.09528208
v 0.09808302 0.31870675 0.20379734
v 3.129244e-05 0.22583944 0.657197
v 0.0710686 0.213115 0.708099
v 0.0750596 0.22755 0.493766
v -0.046641 -0.500432 0.308431
v 0 0.186603 0.810651
v 0.0670456 0.125156 0.886255
v 0.0695062 0.18012 0.806775
v -0.281161 -0.710704 0.0910758
v -0.0969194 -0.478778 0.897495
v 0.0661753 -0.432919 0.0879789
v 0.056363 -0.399912 0.0126968
v -0.158724 0.882351 -0.220155
v 0.0398588 -0.442711 0.714357
v 0.0361117 -0.34665 0.891624
v 0.0321101 -0.404726 0.804765
v -0.0692761 0.505582 -0.562042
v -0.0470212 0.120443 -0.299626
v 0 0.330325 0.0716557
v 0.0874752 0.345901 0.0284499
v 0.0858416 0.32349 0.0605597
v 0 0.409384 0.0515977
v 0.124296 0.487548 0.0340513
v 0.105997 0.402715 0.0360884
v -2.4329168e-07 0.7047882 -0.4815483
v 0.104733 0.755088 -0.444831
v 0.214286 0.629383 -0.484754
v 0.136392 0.50382 -0.556974
v 0.121817 0.636846 -0.502061
v -0.07375336 -0.44980192 0.1872406
v 0.139278 0.340909 -0.661549
v 0.1385479 0.3782196 -0.644125
v -0.35448 0.589213 -0.202564
v -0.216972 0.759952 -0.252956
v 0.0501277 -0.274014 0.941915
v 0 -0.286073 -0.138523
v -0.278645 0.563976 -0.33172
v -0.0541098 0.40816 0.0483714
v 0.00020194054 -0.041526794 -0.22960281
v 0.0766662 0.0457919 -0.217551
v 0.036849976 -0.014076233 -0.22808456
v 0 0.101519 -0.264918
v 0.0933959 0.130309 -0.285229
v 0.0838463 0.11062 -0.238883
v -0.348561 -0.464054 0.158716
v 0.114603 0.104637 -0.445501
v -0.318359 0.584666 -0.230094
v -0.0492429 0.116377 -0.329956
v 0.153665 0.185489 -0.611191
v 0.137484 0.129002 -0.534091
v 0.06970787 0.26039028 -0.6614094
v 0.150371 0.262453 -0.657355
v -0.028809667 0.24946022 0.43797684
v 0 0.613137 0.0118372
v 0.128934 0.593549 -0.0276065
v 0.230899 0.696193 -0.415496
v -0.148661 -0.727347 0.795626
v 0.2255 0.918412 -0.287909
v 0.182289 0.937359 -0.304334
v 0.155831 0.94592 -0.253016
v 0.199042 0.926972 -0.236591
v 0.198381 0.950853 -0.26973
v -0.07778549 0.24448013 0.43977737
v 0.162591 0.796641 -0.337706
v 0.19256073 0.7895019 -0.30144048
v 0.204856 0.767832 -0.258627
v 0.190344 0.780419 -0.305321
v -0.20189 0.765574 -0.22074
v 0.10144448 0.81406856 -0.21843576
v -0.120922 0.124855 -0.209363
v -0.279361 0.583208 -0.137022
v -0.10934353 0.8132081 -0.32419968
v 0.11784363 0.8103757 -0.33021164
v 0.092020035 0.82275367 -0.28954792
v 0.12809467 0.81968784 -0.32513094
v 0.12321 0.811864 -0.327105
v 0.07797396 0.8223907 -0.24617481
v 0.08500604 0.8251418 -0.24872363
v -0.115859 -0.693483 0.748115
v 0.24364 0.757848 -0.207433
v 0.246443 0.756953 -0.257453
v 0.21289 0.762245 -0.22883
v -0.132936 0.312061 0.210485
v 0.249966 0.723503 -0.332259
v 0.32003 0.739642 -0.304714
v 0.181848 0.741315 -0.180043
v 0.328516 0.741977 -0.181175
v -0.0494105 0.797681 -0.413491
v 0 0.785709 -0.129116
v 0.0788354 0.774284 -0.158189
v -0.22830844 0.7306547 -0.34965706
v 0.168022 0.778755 -0.386065
v 0 0.821114 -0.378707
v 0.0897195 0.811796 -0.373587
v -0.025933146 0.8304477 -0.24789238
v -0.13862157 0.37818146 -0.6441364
v -0.277376 0.753251 -0.197126
v -0.0771327 -0.378765 -0.022981
v 0.216553 0.856661 -0.251136
v 0.21708742 0.8562417 -0.2983988
v -0.14416073 0.79361486 -0.20848799
v 0.1551311 0.8828478 -0.32128763
v -0.178221 0.788374 -0.325575
v 0.11735067 0.8954579 -0.24754107
v 0.181137 0.872948 -0.224154
v -0.340742 -0.597899 -0.0798229
v 0.156751 -0.485651 0.517662
v 0.22858672 -0.44619018 0.42056382
v -0.036842346 -0.014087677 -0.22808266
v -0.051727295 0.70249176 -0.48098373
v 0.045244217 -0.47362518 0.6262207
v 0.0628109 -0.46433783 0.6478329
v 0.129769 -0.445891 0.210992
v -0.380591 0.614582 -0.245535
v -0.12408656 0.8928052 -0.23227504
v -0.25143623 -0.19626617 0.89816284
v 0.14756489 -0.47444916 0.305542
v -0.319732 -0.633454 0.786428
v 0 -0.518477 0.519852
v 0.106971 -0.518553 0.416032
v 0.0913755 -0.507594 0.518132
v 0 -0.503509 0.307563
v -0.140375 0.776566 -0.412207
v 0.14562988 -0.031373978 0.95799255
v 0.109809875 -0.045577765 0.9768734
v -0.17086 -0.474631 0.521789
v -0.14142036 -0.4678316 0.57338333
v 0.15737915 -0.17495728 0.94766235
v 0.20067596 -0.042755127 0.9276962
v -0.199187 0.49892 -0.545668
v 0.104255676 0.052230835 0.93133545
v 0.189431 0.0176502 0.907717
v 0.054424286 0.0008239746 0.9797821
v -0.0997946 -0.492468 0.0352712
v -0.102107 -0.469936 -0.0239275
v 0.055088043 -0.076484084 0.9885416
v -0.193634 0.339499 -0.652866
v -0.08515519 0.8254014 -0.26788187
v -0.060355663 0.12609148 -0.53840494
v 0.08087921 -0.060163498 0.9955902
v 0.0717681 -0.0690106 0.994894
v -0.126096 0.69557 -0.127071
v -0.221713 0.885753 -0.253374
v -0.153645 -0.534978 0.650489
v -0.24136782 0.6581297 -0.44243813
v 0.025243282 -0.09237254 1.0219388
v -0.213095 -0.454425 0.36305
v 0.05117798 -0.0771389 1.0027466
v 0 -0.0903561 1.04431
v 0.03021431 -0.083678484 1.0352936
v -0.345683 -0.367458 0.305622
v -0.262599 -0.446574 0.214165
v -0.223323 -0.431749 0.300839
v -0.0504326 0.666442 -0.034872
v -0.28602126 -0.4095825 0.30701423
v -0.19621 -0.447285 0.538732
v -0.218649 -0.474853 0.619945
v -0.320467 -0.390454 0.538527
v -0.257025 -0.429064 0.536591
v -0.328715 -0.192761 -0.0778193
v -0.221157 -0.120393 -0.146058
v -0.12147 -0.249274 -0.145022
v -0.240602 -0.341214 -0.117452
v -0.229478 -0.212011 -0.133147
v -0.380321 0.61857 -0.152413
v -0.139893 -0.0548182 -0.181103
v -0.307987 -0.0331195 -0.049691
v -0.227173 -0.0372356 -0.128413
v -0.211816 -0.394732 0.922409
v -0.117499 -0.281642 0.935739
v -0.213279 -0.204742 0.922518
v -0.301492 -0.292885 0.870674
v -0.215547 -0.286415 0.919674
v -0.385194 -0.351205 0.0306159
v -0.382458 -0.25968 0.176197
v -0.36614037 -0.13531685 0.04631996
v -0.375418 -0.216313 0.0359591
v -0.0864529 -0.0640166 0.98579
v -0.31408072 0.75949574 -0.21305466
v -0.08336848 -0.58975315 0.73935556
v -0.36927176 -0.03611219 0.27626038
v -0.38601717 -0.10974562 0.18765926
v -0.0529288 -0.526727 0.468796
v -0.364087 -0.605614 -0.0296813
v -0.350232 0.00253885 0.0908221
v -0.11756627 0.89570796 -0.24735135
v -0.328019 -0.223318 0.773747
v -0.341862 -0.313907 0.657949
v -0.343331 -0.409171 0.778577
v -0.336544 -0.303107 0.775339
v -0.322487 -0.0565049 0.774019
v -0.35394955 -0.14268112 0.6462555
v -0.28272438 -0.09337807 0.8620033
v -0.0488177 0.375217 0.039732
v -0.0436281 0.336529 0.047541
v -0.183529 0.754714 -0.188935
v -0.1633935 0.7882252 -0.36525345
v -0.247008 0.54474 -0.114114
v -0.147798 -0.472236 0.922294
v -0.21881282 0.23566246 0.3024292
v -0.170184 0.299829 0.20555
v -0.23281 0.229543 0.110217
v -0.227226 0.252859 0.204008
v -0.20969 0.164574 0.478658
v -0.213918 -0.078022 0.922841
v -0.0891709 0.320583 0.0906503
v -0.18104 0.470039 0.00485434
v -0.187262 0.086887 0.854887
v -0.134533 0.161682 0.796578
v -0.20056844 0.15489042 0.67959404
v -0.24282 0.0875955 0.770725
v -0.191558 0.132026 0.78245
v -0.25854278 0.0990361 0.66709137
v -0.14327458 0.19806623 0.54555225
v -0.20595652 0.15876621 0.5354881
v -0.31613004 0.03376746 0.4642601
v -0.32457733 0.07107544 0.2549286
v -0.178344 -0.481123 0.364052
v -0.253941 0.0157408 0.848168
v -0.291391 0.478507 -0.418527
v -0.289863 0.0225221 0.77107
v -0.288174 0.116771 0.0639197
v -0.190901 0.188016 -0.0300482
v -0.21623993 0.17074013 -0.0038223267
v -0.30800772 0.031300306 0.66165924
v -0.0987466 0.656786 -0.062447
v -0.150923 0.290686 0.0162651
v -0.19354326 0.26008165 -0.11504829
v -0.150018 0.148066 -0.170355
v -0.172619 0.221245 -0.0722104
v -0.194068 0.37243 -0.0269037
v -0.294876 0.383503 -0.203773
v -0.274031 0.23831 -0.301318
v -0.248629 0.311098 -0.153862
v -0.324701 0.24108 -0.502727
v -0.23911 0.14497 -0.502892
v -0.196806 0.141274 -0.362924
v -0.278147 0.181024 -0.423508
v -0.318198 0.390558 -0.446528
v -0.250979 0.388662 -0.601302
v -0.263786 0.27805 -0.630217
v -0.314593 0.32071 -0.563292
v -0.238161 -0.677382 -0.0918856
v -0.12828 -0.689708 0.0245746
v -0.228165 -0.692422 0.147407
v -0.338046 -0.680095 0.0309463
v -0.229681 -0.733842 0.0266899
v -0.291818 -0.690195 0.788408
v -0.199176 -0.699686 0.68654
v -0.107919 -0.696884 0.796995
v -0.20056 -0.687393 0.898863
v -0.198244 -0.736784 0.793448
v -0.294592 -0.571581 0.678753
v -0.307855 -0.55258 0.89062
v -0.335563 -0.561971 0.78431
v -0.102733 -0.558625 0.896274
v -0.110927 -0.595142 0.691599
v -0.0428926 0.103386 -0.257977
v -0.0716769 -0.583028 0.796447
v -0.203007 -0.591569 0.647127
v -0.206666 -0.553636 0.930804
v -0.352933 -0.520557 -0.0885122
v -0.339121 -0.546516 0.150832
v -0.383244 -0.532332 0.0297109
v -0.132569 -0.534652 -0.0767316
v -0.24402 -0.524662 -0.124285
v -0.143499 -0.577512 0.141914
v -0.241073 -0.571789 0.188527
v -0.0964942 -0.434904 0.0342915
v -0.0999951 -0.56397 0.0317575
v -0.23851 0.520387 -0.0907886
v -0.282894 0.56989 -0.257283
v -0.271576 0.561647 -0.416318
v -0.293195 0.482084 -0.276654
v -0.32688 0.680784 -0.145207
v -0.422878 0.632073 -0.168661
v -0.321376 0.576724 -0.185683
v -0.213045 0.609177 -0.109989
v -0.326345 0.612341 -0.141546
v -0.379053 0.63587 -0.283895
v -0.312594 0.674309 -0.341185
v -0.3154 0.606871 -0.278418
v -0.460287 0.727236 -0.177367
v -0.417773 0.731266 -0.288914
v -0.454185 0.684351 -0.230461
v -0.092638135 0.3204713 0.15197802
v -0.08078098 0.30128098 0.31109047
v -0.233064 -0.638226 0.175543
v -0.0750596 0.22755 0.493766
v -0.0710686 0.213115 0.708099
v -0.12954 -0.482953 0.312862
v -0.0670456 0.125156 0.886255
v -0.0695062 0.18012 0.806775
v -0.0661753 -0.432919 0.0879789
v -0.049877167 -0.32235718 -0.09428406
v -0.056363 -0.399912 0.0126968
v -0.0361117 -0.34665 0.891624
v -0.0398588 -0.442711 0.714357
v -0.0321101 -0.404726 0.804765
v -0.06923294 0.182374 -0.61569786
v -0.0874752 0.345901 0.0284499
v -0.0858416 0.32349 0.0605597
v -0.124296 0.487548 0.0340513
v -0.105997 0.402715 0.0360884
v -0.136392 0.50382 -0.556974
v -0.214286 0.629383 -0.484754
v -0.104733 0.755088 -0.444831
v -0.327044 -0.674066 0.0872825
v -0.139278 0.340909 -0.661549
v -0.057123 -0.235922 0.956621
v -0.219301 0.191387 -0.600189
v -0.0501277 -0.274014 0.941915
v -0.047049522 -0.18798685 -0.1974237
v -0.035364747 -0.27872467 -0.1421299
v -0.0766662 0.0457919 -0.217551
v -0.0593708 0.448955 0.0551193
v -0.0933959 0.130309 -0.285229
v -0.0838463 0.11062 -0.238883
v -0.114603 0.104637 -0.445501
v -0.289471 0.569074 -0.162469
v -0.153665 0.185489 -0.611191
v -0.137484 0.129002 -0.534091
v -0.150371 0.262453 -0.657355
v -0.076107025 0.742568 -0.12667084
v -0.128934 0.593549 -0.0276065
v -0.22877884 0.7024355 -0.41144943
v -0.0943475 -0.648249 0.746058
v -0.199042 0.926972 -0.236591
v -0.155831 0.94592 -0.253016
v -0.182289 0.937359 -0.304334
v -0.2255 0.918412 -0.287909
v -0.198381 0.950853 -0.26973
v -0.204856 0.767832 -0.258627
v -0.19256073 0.78949994 -0.30143976
v -0.162591 0.796641 -0.337706
v -0.179537 -0.460826 0.31166
v -0.190344 0.780419 -0.305321
v -0.18470097 0.77270895 -0.2129364
v -0.21708637 0.8562408 -0.29840028
v -0.296601 -0.602967 -0.109127
v -0.1591084 0.816977 -0.22032487
v -0.14463997 0.8054452 -0.33648753
v -0.124910355 0.812469 -0.32661533
v -0.267679 0.610284 -0.129549
v -0.04634857 -0.4417076 0.11598587
v -0.307295 0.256707 -0.578835
v -0.089277625 0.83255744 -0.24915516
v -0.409003 0.736167 -0.174314
v -0.0836698 0.824545 -0.249204
v -0.246443 0.756953 -0.257453
v -0.24364 0.757848 -0.207433
v -0.21289 0.762245 -0.22883
v -0.249966 0.723503 -0.332259
v -0.330812 0.76374245 -0.23771816
v -0.32003 0.739642 -0.304714
v -0.181848 0.741315 -0.180043
v -0.328516 0.741977 -0.181175
v -0.051605225 0.81158257 -0.19886398
v -0.0788354 0.774284 -0.158189
v -0.168022 0.778755 -0.386065
v -0.153901 0.116281 -0.399697
v -0.0897195 0.811796 -0.373587
v -0.20549774 -0.13464355 0.928566
v -0.288912 -0.666279 -0.0831981
v -0.216553 0.856661 -0.251136
v -0.19168377 0.8674755 -0.33058
v -0.04308963 0.32640988 0.101070404
v -0.12402344 0.8923521 -0.28626156
v -0.0816243 -0.264189 -0.144485
v -0.13641143 0.8869386 -0.22273159
v -0.246529 0.67248 -0.397952
v -0.181137 0.872948 -0.224154
v -0.192516 0.777938 -0.227759
v -0.156751 -0.485651 0.517662
v -0.106299 -0.467348 0.612794
v -0.18380165 -0.45554113 0.5337677
v -0.05618286 -0.47354126 0.62228394
v -0.354786 -0.614851 0.0904298
v -0.0954346 0.370179 0.029827
v -0.129769 -0.445891 0.210992
v -0.141278 0.921251 -0.283964
v -0.160168 -0.471758 0.313909
v -0.192938 -0.45045 0.307624
v -0.106971 -0.518553 0.416032
v -0.0913755 -0.507594 0.518132
v -0.0906862 -0.492986 0.310407
v -0.13269043 -0.044750214 0.96665955
v -0.199389 -0.4673 0.363772
v -0.194944 0.134806 -0.523346
v -0.256224 0.744786 -0.293184
v -0.214922 -0.0472768 0.917853
v -0.026733398 -0.05516815 1.0363884
v -0.278055 0.600765 -0.320108
v -0.0840444 -0.64607 0.797118
v -0.189431 0.0176502 0.907717
v -0.202463 0.304851 -0.656009
v -0.186967 -0.607615 -0.104287
v -0.069999695 -0.0755406 0.9855652
v -0.148115 -0.512563 0.149929
v -0.0717681 -0.0690106 0.994894
v -0.044487 -0.07694149 1.0262794
v -0.126715 0.537337 0.0111468
v -0.241923 -0.609859 -0.117359
v -0.023393631 -0.066594124 1.0438051
v -0.201725 0.863227 -0.234578
v -0.036710262 -0.08864617 1.0184689
v -0.101319 -0.442167 0.150389
v -0.0264068 -0.0851806 1.03686
v -0.041140556 -0.0039634705 0.9871979
v 0.2854104 -0.4098801 0.30674505
v 0.317818 -0.392423 0.305485
v 0.33563575 -0.38503358 0.42573428
v 0.3133372 -0.40452695 0.42428386
v 0.23935 -0.43199 0.361842
v 0.25269794 -0.42205167 0.30259895
v 0.24120979 -0.43530554 0.4218669
v -0.11713986 0.89466226 -0.26605272
v 0.2099 -0.457622 0.202318
v 0.274846 -0.418754 0.252658
v 0.194817 -0.437402 0.239358
v 0.231211 -0.430966 0.245486
v 0.350284 -0.364453 0.244783
v 0.312495 -0.42258 0.208415
v 0.316601 -0.396416 0.250199
v -0.037373543 0.22641414 0.548089
v 0.291362 -0.413379 0.536815
v 0.28705692 -0.41773874 0.42242122
v -0.105446 0.812324 -0.352131
v 0.26979 -0.455493 0.624003
v 0.236564 -0.444228 0.584476
v 0.315111 -0.397679 0.592146
v 0.280089 -0.425608 0.586435
v 0.156119 -0.458526 0.595789
v -0.402685 0.758643 -0.236201
v 0.164011 -0.483033 0.631406
v 0.191143 -0.453861 0.591118
v 0.225399 -0.440193 0.480871
v 0.2251296 -0.43891954 0.53833246
v 0.300873 -0.335808 -0.11045
v 0.23546 -0.269794 -0.12322
v 0.283535 -0.198083 -0.11242
v 0.339519 -0.257182 -0.0802831
v 0.292915 -0.260195 -0.110308
v 0.119478 -0.295776 -0.113872
v 0.173106 -0.230478 -0.142628
v 0.176383 -0.34915 -0.10631
v 0.174532 -0.282877 -0.121531
v 0.172014 -0.141551 -0.170002
v 0.224047 -0.163495 -0.142015
v 0.123113 -0.206388 -0.170045
v 0.171621 -0.184999 -0.160037
v 0.318497 -0.140059 -0.0746981
v 0.26898 -0.103901 -0.112945
v 0.274851 -0.146856 -0.114171
v 0.307808 -0.00318692 -0.0317095
v -0.113033 -0.684171 0.844965
v 0.266016 -0.028848648 -0.09562874
v -0.106751 -0.633108 0.0275567
v 0.27095604 0.0071258545 -0.07131767
v 0.21774292 -0.076260656 -0.14431572
v 0.30906004 -0.081718445 -0.067513466
v 0.26804 -0.0666021 -0.106124
v 0.131964 -0.111136 -0.188613
v -0.11442566 0.23685455 0.4387474
v 0.176218 -0.0952439 -0.168768
v 0.199052 0.0623656 -0.105989
v 0.148915 0.00578811 -0.165362
v 0.190658 0.0074224 -0.137241
v 0.30839014 -0.33629608 0.8747864
v 0.26398563 -0.2984352 0.90101385
v 0.214141 -0.334681 0.919903
v 0.26887 -0.396352 0.909752
v -0.288523 -0.704927 -0.0329901
v 0.253262 -0.209214 0.897882
v 0.215216 -0.244729 0.920604
v 0.28818655 -0.22044945 0.8653517
v 0.258195 -0.248301 0.898482
v 0.126656 -0.240414 0.945024
v 0.164801 -0.284207 0.93026
v -0.260651 -0.513618 0.642398
v 0.16261292 -0.23379517 0.9385452
v 0.149733 -0.3934 0.920339
v 0.104904 -0.328487 0.922781
v 0.15673 -0.332639 0.924128
v 0.358457 -0.200112 -0.0267162
v 0.380901 -0.277243 0.032671
v 0.375987 -0.340814 -0.0337268
v 0.367895 -0.263853 -0.0306343
v -0.0713902 -0.00682142 -0.215572
v -0.31354 -0.474577 0.887895
v 0.34406424 -0.112895966 -0.01609993
v -0.312606 0.638668 -0.319124
v 0.38392043 -0.21965027 0.14514923
v 0.37966967 -0.16602993 0.11079788
v -0.337524 -0.478425 0.840051
v 0.379176 -0.364086 0.102343
v 0.375596 -0.311145 0.175939
v 0.381399 -0.294389 0.103665
v -0.196917 0.927676 -0.311546
v 0.36395454 -0.3157673 0.40304565
v 0.35226965 -0.35428286 0.41630936
v -0.216862 0.918936 -0.303965
v 0.37851167 -0.27260613 0.3059883
v 0.3664465 -0.32948256 0.2810135
v 0.38742328 -0.16063261 0.25066233
v -0.1537 0.943252 -0.269054
v 0.38437468 -0.235672 0.23624039
v -0.141818 0.921807 -0.235425
v -0.199905 0.685497 -0.462496
v -0.315639 -0.625673 0.839496
v -0.14622498 -0.45117188 0.24894714
v -0.24619293 -0.09141922 0.8989868
v 0.38020098 -0.07630193 0.26683235
v -0.238328 0.704586 -0.373617
v 0.36293507 -0.09249115 0.44584656
v 0.3833723 -0.18371964 0.31715393
v -0.170407 0.915574 -0.314537
v -0.186655 0.907214 -0.322451
v 0.3859535 -0.10905576 0.18759775
v 0.38535476 -0.11595273 0.2701435
v -0.0313039 0.800824 -0.16616
v 0.3696847 -0.03633903 0.27186584
v 0.380073 -0.0641595 0.195141
v -0.0004892349 -0.26624298 0.9459419
v 0.331012 0.0171674 0.0389716
v 0.357964 -0.0317511 0.0731655
v 0.33863115 -0.048204422 0.00025367737
v 0.336366 -0.0157204 0.0175237
v -0.0937169 -0.121882 -0.201748
v 0.363023 -0.0117289 0.147082
v 0.372551 -0.0487428 0.133083
v 0.36215734 -0.06541252 0.061063766
v 0.37790656 -0.088246405 0.12458038
v -0.216036 0.894273 -0.311279
v 0.336842 -0.40362 0.835552
v 0.340911 -0.350598 0.77666
v -0.267734 -0.472455 0.917082
v 0.33032945 -0.33447456 0.8313761
v 0.334716 -0.360298 0.654176
v 0.340676 -0.308781 0.717453
v 0.335933 -0.414813 0.716014
v 0.339263 -0.356428 0.715872
v 0.33746433 -0.2251969 0.7282028
v 0.331546 -0.262105 0.774295
v -0.0352263 -0.426311 0.757202
v 0.339619 -0.266826 0.718796
v 0.311718 -0.219243 0.822794
v 0.317327 -0.257308 0.824743
v 0.282982 -0.0932074 0.86163
v 0.3095188 -0.09946585 0.8204498
v -0.0024932623 -0.40377426 -0.003025055
v 0.304296 -0.0566442 0.818942
v -0.144743 -0.495777 0.363499
v -0.198408 -0.728532 0.734591
v -0.39942 0.710994 -0.155057
v 0.309915 -0.178867 0.822052
v 0.35130692 -0.14691925 0.66593933
v 0.342261 -0.141944 0.72292
v -0.0802769 -0.277764 0.939515
v 0.335097 -0.0554519 0.724795
v 0.349859 -0.0980743 0.670701
v 0.341372 -0.0985454 0.724072
v -0.101087 -0.0620719 -0.200364
v -0.106752396 0.81847477 -0.3102913
v 0.36724758 -0.13822556 0.45446014
v -0.226436 0.912723 -0.26973
v 0.35782766 -0.14144135 0.5998535
v -0.22053897 0.8514029 -0.27432114
v 0.35525703 -0.096772194 0.608799
v -0.213772 0.26767 -0.647803
v 0.356802 -0.18737411 0.5942993
v -0.264144 0.760816 -0.243923
v -0.0899479 0.821575 -0.232115
v 0.36932182 -0.18319249 0.44528198
v -0.188508 0.055577 0.881861
v -0.209392 -0.47177 0.928314
v 0.3362707 -0.3597964 0.5658016
v -0.144853 -0.503338 0.468859
v -0.272045 0.45855 -0.143225
v 0.34456587 -0.32185268 0.5939331
v 0.34517765 -0.28077126 0.6485901
v -0.283587 -0.684515 0.738785
v -0.0599751 -0.128388 -0.209467
v 0.22988 0.247545 0.157829
v 0.25590873 0.21198583 0.19537401
v -0.1090084 0.82433105 -0.2215442
v 0.251096 0.217673 0.158942
v 0.173937 0.295795 0.151795
v 0.201028 0.279793 0.204606
v 0.208445 0.255016 0.0997486
v 0.204742 0.274117 0.153286
v 0.19184351 0.2630272 0.3073387
v 0.224342 0.248556 0.249012
v 0.166122 0.2964 0.255682
v 0.197174 0.276415 0.252836
v -0.305291 -0.427537 -0.115465
v -0.30391 -0.498066 0.668956
v -0.151829 -0.713932 0.849146
v -0.378455 -0.525308 -0.0356201
v 0.24221134 0.15087986 0.41571045
v -0.174025 0.632377 -0.495223
v 0.238934 0.137098 0.472953
v -0.125569 0.33518 0.0110101
v -0.32282 -0.565952 0.726198
v 0.272811 0.14513 0.319056
v 0.24626541 0.19678497 0.3007965
v 0.157504 0.266542 0.348704
v -0.144378 0.302534 -0.665208
v -0.272516 0.239582 -0.609537
v 0.178799 0.187723 0.48375
v -0.18582416 0.76961184 -0.37112045
v 0.18263721 0.2057209 0.4293518
v -0.290372 0.624108 -0.317788
v -0.298509 0.427522 -0.236282
v 0.188626 0.112308 0.821548
v -0.419572 0.658706 -0.261892
v 0.2252245 0.08800697 0.80691147
v 0.22915483 0.13000512 0.67347336
v 0.195015 0.146226 0.738197
v 0.23372126 0.11268139 0.7323761
v -0.136552 -0.67511 -0.0280042
v 0.136442 0.179619 0.750387
v 0.163968 0.1484 0.789706
v 0.169138 0.174847 0.695193
v 0.166543 0.164739 0.744396
v 0.159999 0.0987976 0.865373
v 0.13257 0.138159 0.837992
v 0.161693 0.126272 0.830304
v 0.20594856 0.15876997 0.53548336
v -0.171199 0.908866 -0.224253
v -0.369537 -0.538419 0.0961211
v 0.23539144 0.13280022 0.5290947
v 0.14282131 0.19831812 0.54521275
v 0.17517623 0.18063378 0.54092216
v -0.174268 0.789156 -0.220565
v -0.113288 -0.573273 0.0910993
v 0.139858 0.195421 0.647569
v 0.171473 0.178284 0.642915
v -0.032544 -0.433336 0.0684456
v -0.460337 0.681448 -0.17325
v -0.152825 0.914652 -0.226568
v -0.0473693 -0.423079 0.799815
v -0.201854 0.770051 -0.234112
v -0.140844 0.802002 -0.341998
v 0.351215 0.0204208 0.221415
v -0.136018 0.925025 -0.266007
v 0.3507681 0.008998871 0.28771973
v -0.0576974 -0.360469 0.893822
v -0.25113 -0.502745 0.197094
v 0.32381392 0.042995453 0.36156464
v 0.29153717 0.07171926 0.47074127
v 0.285837 0.09784031 0.39574432
v 0.32896733 -0.008762836 0.6596184
v 0.30029 0.0266191 0.725054
v 0.308985 -0.0158364 0.772679
v 0.320738 -0.0133772 0.724898
v 0.267341 0.0573644 0.769829
v -0.0312142 -0.420036 0.03584
v 0.275748 0.0634772 0.725933
v -0.12958884 0.81576 -0.2165817
v 0.274888 0.0183198 0.812257
v 0.256292 0.0501447 0.807253
v 0.268509 -0.018423 0.854481
v 0.291897 -0.0177918 0.816142
v 0.181753 0.135303 -0.0848536
v 0.2160244 0.17034435 -0.003982544
v 0.27095842 0.04922867 -0.0402565
v 0.20757 0.117335 -0.0616182
v 0.23039436 0.2022171 0.057847977
v 0.190293 0.237055 0.0258931
v -0.07061052 0.37880325 -0.64746475
v 0.28716564 0.13691711 0.09736633
v -0.136631 -0.686121 0.0787634
v 0.258648 0.173682 0.0768666
v -0.176191 -0.716151 0.0857864
v 0.270541 0.0874645 -0.00640695
v -0.285353 0.520853 -0.361551
v -0.0641499 -0.454693 0.696538
v 0.28277254 0.06853914 0.6654682
v -0.288217 -0.679435 0.838379
v -0.16464233 -0.080322266 0.9519043
v -0.199084 0.77337 -0.281405
v 0.3376007 -0.0061821938 0.4446602
v -0.199873 0.404748 -0.612935
v 0.3305502 0.05994216 0.12530708
v -0.0840611 -0.222685 -0.173847
v 0.346277 0.0318576 0.16704
v -0.252363 0.682167 -0.15033
v 0.320025 0.0585873 0.0683354
v 0.30999228 0.10900137 0.17524517
v 0.2779448 0.16808605 0.14284325
v 0.31960487 0.08344841 0.24835777
v 0.149034 0.119255 -0.152767
v 0.167034 0.18223 -0.122798
v 0.177314 0.204818 -0.0510199
v 0.168725 0.158519 -0.103729
v 0.194921 0.221357 -0.173014
v 0.177164 0.238112 -0.093383
v 0.160058 0.168229 -0.195838
v 0.175228 0.201681 -0.146613
v 0.149721 0.3008 -0.00470029
v 0.167426 0.259011 -0.0241111
v 0.17918 0.290497 -0.0609743
v 0.168557 0.27236 -0.0447148
v 0.159665 0.285267 0.0452783
v 0.175009 0.248965 0.00116269
v 0.233098 0.21084 -0.267301
v 0.26422 0.274293 -0.228207
v 0.19356501 0.2601085 -0.11506069
v 0.227725 0.245742 -0.199837
v 0.314639 0.343639 -0.292523
v 0.27622 0.344814 -0.176785
v 0.306638 0.268641 -0.338166
v 0.294985 0.306469 -0.259249
v 0.21453 0.407775 -0.0317089
v 0.225521 0.344757 -0.0845003
v 0.267222 0.417414 -0.116444
v 0.249809 0.379204 -0.0978893
v 0.173263 0.341693 -0.0238379
v 0.200073 0.314908 -0.0732157
v 0.192666 0.159829 -0.308601
v 0.240251 0.15911 -0.387649
v 0.279797 0.207117 -0.366981
v 0.238726 0.181983 -0.331175
v 0.213461 0.12942 -0.465108
v 0.265715 0.160342 -0.469212
v 0.195451 0.128497 -0.407372
v 0.233311 0.142158 -0.432916
v 0.305787 0.218563 -0.547441
v 0.307399 0.208213 -0.46356
v 0.259412 0.1698 -0.542722
v 0.290901 0.186126 -0.509143
v 0.330786 0.26947 -0.445487
v 0.31171 0.235804 -0.406418
v 0.32675 0.280027 -0.535933
v 0.321008 0.352655 -0.511417
v 0.329541 0.345256 -0.410956
v 0.333345 0.309542 -0.480189
v 0.272516 0.239582 -0.609537
v 0.296456 0.295786 -0.60247
v 0.307295 0.256707 -0.578835
v 0.240548 0.35766 -0.62796
v 0.289278 0.358786 -0.584918
v 0.246645 0.312827 -0.640337
v 0.274305 0.331026 -0.617491
v 0.295245 0.436762 -0.484187
v 0.255976 0.429549 -0.563622
v 0.295399 0.395443 -0.540067
v 0.335047 -0.66747 -0.026194
v 0.288313 -0.71953 0.0292002
v 0.233667 -0.718383 -0.0394682
v 0.288912 -0.666279 -0.0831981
v 0.288523 -0.704927 -0.0329901
v 0.276152 -0.679477 0.14116
v 0.227442 -0.724741 0.0933852
v 0.327044 -0.674066 0.0872825
v 0.281161 -0.710704 0.0910758
v 0.136631 -0.686121 0.0787634
v 0.172796 -0.723594 0.0247169
v 0.182766 -0.687312 0.135767
v 0.176191 -0.716151 0.0857864
v 0.187443 -0.669698 -0.0818819
v 0.136552 -0.67511 -0.0280042
v 0.179633 -0.708233 -0.0350267
v 0.2461 -0.678205 0.889508
v 0.198896 -0.723335 0.85193
v 0.248642 -0.724519 0.790895
v 0.288217 -0.679435 0.838379
v 0.246831 -0.711912 0.845432
v 0.113033 -0.684171 0.844965
v 0.148661 -0.727347 0.795626
v 0.15574 -0.680004 0.892121
v 0.151829 -0.713932 0.849146
v 0.157976 -0.694713 0.696986
v 0.198408 -0.728532 0.734591
v 0.115859 -0.693483 0.748115
v 0.153047 -0.720555 0.741401
v 0.283587 -0.684515 0.738785
v 0.24088 -0.688682 0.691628
v 0.244434 -0.716483 0.736358
v 0.342489 -0.483419 0.78141
v 0.32282 -0.565952 0.726198
v 0.30391 -0.498066 0.668956
v 0.331237 -0.488983 0.719836
v 0.31354 -0.474577 0.887895
v 0.331331 -0.556659 0.842236
v 0.337524 -0.478425 0.840051
v 0.319732 -0.633454 0.786428
v 0.294197 -0.618974 0.884469
v 0.315639 -0.625673 0.839496
v 0.28283 -0.632563 0.691009
v 0.308326 -0.632734 0.733956
v -0.16045 0.112915 -0.441079
v -0.0543417 -0.44245 0.745122
v 0.0774719 -0.570173 0.85133
v 0.0969194 -0.478778 0.897495
v 0.0640558 -0.43362355 0.8518002
v 0.106684 -0.534636 0.682874
v 0.083367765 -0.5897627 0.7393613
v 0.069956 -0.47422 0.735292
v -0.176513 0.760515 -0.410655
v 0.0840444 -0.64607 0.797118
v 0.119063 -0.647679 0.702012
v 0.0943475 -0.648249 0.746058
v 0.112805 -0.624088 0.888986
v 0.0899111 -0.634521 0.847274
v 0.252371 -0.581833 0.652832
v 0.208287 -0.52835 0.637223
v 0.260651 -0.513618 0.642398
v 0.20034 -0.651356 0.660475
v 0.244653 -0.641994 0.666514
v 0.15335 -0.595644 0.66033
v 0.156436 -0.650983 0.672896
v 0.153645 -0.534978 0.650489
v 0.149543 -0.554429 0.922812
v 0.209392 -0.47177 0.928314
v 0.147798 -0.472236 0.922294
v 0.203436 -0.628169 0.923071
v 0.153584 -0.625261 0.914716
v 0.262868 -0.552296 0.920108
v 0.253551 -0.622939 0.912658
v 0.267734 -0.472455 0.917082
v 0.348561 -0.464054 0.158716
v 0.369537 -0.538419 0.0961211
v 0.387436 -0.440321 0.0296682
v 0.376444 -0.45013 0.0999599
v 0.368236 -0.614976 0.0306267
v 0.325558 -0.615423 0.139592
v 0.354786 -0.614851 0.0904298
v 0.340742 -0.597899 -0.0798229
v 0.378455 -0.525308 -0.0356201
v 0.364087 -0.605614 -0.0296813
v 0.354445 -0.427851 -0.0878125
v 0.380964 -0.432504 -0.0361787
v 0.243518 -0.430642 -0.121062
v 0.182701 -0.527846 -0.109937
v 0.12704 -0.448099 -0.0735785
v 0.179139 -0.436248 -0.106528
v 0.304443 -0.521287 -0.117606
v 0.305291 -0.427537 -0.115465
v 0.241923 -0.609859 -0.117359
v 0.296601 -0.602967 -0.109127
v 0.141316 -0.607217 -0.0730372
v 0.186967 -0.607615 -0.104287
v 0.148115 -0.512563 0.149929
v 0.188536 -0.577394 0.174934
v 0.25113 -0.502745 0.197094
v 0.196177 -0.511769 0.183546
v 0.233064 -0.638226 0.175543
v 0.145237 -0.635178 0.13052
v 0.185474 -0.638484 0.162245
v 0.293784 -0.559568 0.181063
v 0.282371 -0.626877 0.167977
v 0.304357 -0.484216 0.189956
v 0.105712 -0.548895 -0.0268432
v 0.0997946 -0.492468 0.0352712
v 0.0953701 -0.405611 -0.0214782
v 0.102107 -0.469936 -0.0239275
v 0.106751 -0.633108 0.0275567
v 0.114552 -0.619641 -0.0267392
v 0.113288 -0.573273 0.0910993
v 0.117988 -0.635837 0.0828
v 0.112515 -0.451919 0.0935688
v 0.115559 -0.506404 0.0968639
v 0.271184 0.525759 -0.460079
v 0.285353 0.520853 -0.361551
v 0.308658 0.43336 -0.368305
v 0.291391 0.478507 -0.418527
v 0.278055 0.600765 -0.320108
v 0.282577 0.535883 -0.259681
v 0.267 0.601931 -0.388185
v 0.278645 0.563976 -0.33172
v 0.247008 0.54474 -0.114114
v 0.271214 0.498067 -0.167977
v 0.277875 0.55689 -0.190965
v 0.271665 0.531425 -0.180446
v 0.298509 0.427522 -0.236282
v 0.235335 0.485531 -0.0647615
v 0.272045 0.45855 -0.143225
v 0.317802 0.38717 -0.32759
v 0.192626 0.647576 -0.125774
v 0.267679 0.610284 -0.129549
v 0.326452 0.645309 -0.138504
v 0.252363 0.682167 -0.15033
v 0.258116 0.645451 -0.13607
v 0.289471 0.569074 -0.162469
v 0.324346 0.587714 -0.15672
v 0.239082 0.578957 -0.111996
v 0.279361 0.583208 -0.137022
v 0.401583 0.612716 -0.19176
v 0.380321 0.61857 -0.152413
v 0.35448 0.589213 -0.202564
v 0.367842 0.597467 -0.17194
v 0.388682 0.680406 -0.144893
v 0.430349 0.658277 -0.154382
v 0.384792 0.647908 -0.143704
v 0.294439 0.591849 -0.266039
v 0.318359 0.584666 -0.230094
v 0.294318 0.572729 -0.209871
v 0.28588 0.662049 -0.349089
v 0.312606 0.638668 -0.319124
v 0.290372 0.624108 -0.317788
v 0.375881 0.662505 -0.310821
v 0.343967 0.620068 -0.286887
v 0.345079 0.681327 -0.333156
v 0.34177 0.649107 -0.318477
v 0.380591 0.614582 -0.245535
v 0.347363 0.598425 -0.244565
v 0.393743 0.706765 -0.3123
v 0.444197 0.711394 -0.263256
v 0.419572 0.658706 -0.261892
v 0.412958 0.685943 -0.291128
v 0.452589 0.744444 -0.206816
v 0.471552 0.708579 -0.199184
v 0.43241 0.746455 -0.258303
v 0.460792 0.730831 -0.231063
v 0.447289 0.655956 -0.196803
v 0.447397 0.702392 -0.15815
v 0.460337 0.681448 -0.17325
v 0.417303 0.633713 -0.225256
v -0.202195 0.446614 -0.579567
v -0.109851 -0.0516794 0.976283
v -0.271184 0.525759 -0.460079
v -0.122404 0.729951 -0.151266
v -0.194895 0.370921 -0.637938
v 0.079294205 0.302104 0.3092842
v 0.08045161 0.31281233 0.26550674
v -0.224677 -0.442616 0.362277
v -0.084777 0.331134 0.0392602
v 0.132936 0.312061 0.210485
v 0.125628 0.296564 0.306829
v 0.129481 0.307575 0.259519
v 0.135299 0.30832 0.112598
v 0.13572 0.310986 0.159838
v 0 0.228164 0.547798
v -0.324346 0.587714 -0.15672
v 0.0735327 0.221293 0.545706
v 0.0377827 0.232065 0.495188
v 0.0369868 0.226526 0.54726
v 0.0357781 0.218679 0.710249
v 0.07153797 0.21814552 0.6556864
v -0.10018921 -0.020812988 0.9755478
v 0.03565061 0.22395498 0.65688515
v -0.20182 0.742487 -0.402976
v 0.105384 0.203917 0.704755
v 0.106456 0.208743 0.651454
v 0.111325 0.219111 0.491389
v 0.10906255 0.2116065 0.5478802
v 0 0.20702 0.762635
v 0.035033 0.18494 0.809623
v 0.0703592 0.199987 0.759265
v 0.0354469 0.205232 0.761742
v 0.0337403 0.129119 0.889852
v 0.0684286 0.154761 0.849486
v 0 0.160642 0.853891
v 0.0344822 0.159128 0.852718
v 0.10286 0.172311 0.802347
v 0.1134491 0.1158123 0.877594
v 0.101303 0.147713 0.844481
v 0.104202 0.191409 0.755412
v 0 -0.422236 0.0297518
v 0.0290027 -0.401336 0.00260959
v 0.0619855 -0.419454 0.0516405
v 0.032544 -0.433336 0.0684456
v 0.0312142 -0.420036 0.03584
v -0.0406901 0.0790388 -0.244814
v 0.0524989 -0.374486 -0.0268658
v -0.0688023 -0.319918 0.921674
v -0.0643107 0.550463 0.0321785
v 0.0804386 -0.407577 0.025012
v 0.0781392 -0.343402 -0.0680291
v 0.0771327 -0.378765 -0.022981
v 0.101981 -0.43742 0.118873
v 0.0918712 -0.426509 0.0746889
v -0.317986 0.708047 -0.333577
v 0.0162142 -0.396858 0.808469
v 0.032518 -0.377955 0.851217
v 0.015515804 -0.34063148 0.8912163
v 0.014843941 -0.37055206 0.85204315
v -0.18110085 0.78198266 -0.3289957
v 0.0352263 -0.426311 0.757202
v -0.134148 0.794627 -0.38492
v 0.017615318 -0.4279709 0.74472046
v 0.0473693 -0.423079 0.799815
v 0.0641499 -0.454693 0.696538
v 0.0543417 -0.44245 0.745122
v 0.0576974 -0.360469 0.893822
v 0.0495204 -0.395304 0.851292
v -0.138015 -0.443895 0.192281
v -0.282577 0.535883 -0.259681
v 0.08278 0.283223 0.354838
v 0.042785645 0.28435516 0.3562317
v 0.07778168 0.24444771 0.43992996
v -0.179139 -0.436248 -0.106528
v 0.039398193 0.24811363 0.4400978
v 0.11411834 0.23701859 0.4386711
v -0.304357 -0.484216 0.189956
v 0.121652 0.278062 0.352302
v 0 0.337744 0.0495788
v 0.0441574 0.329119 0.0693112
v 0.084777 0.331134 0.0392602
v 0.0448664 0.351036 0.0368917
v 0.0436281 0.336529 0.047541
v -0.0360809 0.22396 0.656319
v -0.294439 0.591849 -0.266039
v 0.033707142 0.32719207 0.101465225
v 0.122579 0.311429 0.0436831
v 0.129137 0.308034 0.0737864
v 0.125569 0.33518 0.0110101
v 0.120968 0.319807 0.0225689
v 0 0.450581 0.0596803
v 0.0541098 0.40816 0.0483714
v 0.116503 0.442256 0.0399308
v 0.0632284 0.496693 0.0522852
v 0.0593708 0.448955 0.0551193
v 0.0954346 0.370179 0.029827
v 0 0.37634 0.0420973
v 0.0488177 0.375217 0.039732
v 0.153438 0.391277 0.0121446
v 0.13765 0.35956 0.0095734
v 0.18104 0.470039 0.00485434
v 0.169159 0.42866 0.0126096
v 0 0.570891 -0.534672
v -0.20034 -0.651356 0.660475
v 0.130136 0.568004 -0.528764
v 0.05705452 0.5055275 -0.56287
v 0.0664738 0.570216 -0.533525
v 0.0536794 0.762368 -0.447664
v 0.113201 0.701726 -0.474505
v -0.325558 -0.615423 0.139592
v 0.051567078 0.7025223 -0.48096466
v 0.199905 0.685497 -0.462496
v 0.174025 0.632377 -0.495223
v 0.150533 0.744043 -0.44196
v 0.161614 0.694175 -0.469576
v 0.199187 0.49892 -0.545668
v 0.232047 0.565216 -0.501918
v 0.188173 0.564066 -0.51907
v -0.0606884 0.60785 0.00104436
v 0.07132149 0.37909698 -0.6473427
v -0.207634 0.937732 -0.29671
v 0.06985378 0.34094143 -0.6649263
v -0.409429 0.752424 -0.202781
v 0.138821 0.452917 -0.589054
v 0.060930252 0.45440674 -0.59407043
v -0.176258 0.119186 -0.482359
v 0.199873 0.404748 -0.612935
v 0.202195 0.446614 -0.579567
v 0.193634 0.339499 -0.652866
v 0.194895 0.370921 -0.637938
v -0.014602661 -0.23332214 0.9599724
v -0.138821 0.452917 -0.589054
v -0.12408447 -0.48316574 0.56018066
v -0.208076 0.764415 -0.241789
v 0.042297363 -0.23371887 0.95869446
v 0.0425527 -0.311463 0.921053
v 0.017657995 -0.30723572 0.9212799
v -0.07980347 -0.009735107 0.9782715
v 0.0802769 -0.277764 0.939515
v 0.0688023 -0.319918 0.921674
v 0.0956803 -0.199455 0.960676
v 0.06472778 -0.20550537 0.964653
v -0.304443 -0.521287 -0.117606
v 0.033426285 -0.27850533 -0.14269829
v 0.04988098 -0.32238007 -0.09428406
v 0.00017855316 -0.32942963 -0.09685135
v -0.22858107 -0.44620126 0.42056125
v 0.04260087 -0.23766804 -0.17288399
v -0.0258744 0.814456 -0.19275
v -0.116503 0.442256 0.0399308
v 0.0816243 -0.264189 -0.144485
v 0.0878074 -0.176513 -0.193941
v 0.0840611 -0.222685 -0.173847
v 0.0796433 -0.304819 -0.108871
v -0.01896 -0.13041115 -0.21420002
v -0.182766 -0.687312 0.135767
v 0.040513992 -0.119781494 -0.21467209
v -0.179633 -0.708233 -0.0350267
v 0.0381981 0.0419961 -0.235526
v 0.0713902 -0.00682142 -0.215572
v -0.109197 0.212143 0.543201
v -0.122579 0.311429 0.0436831
v 0.101087 -0.0620719 -0.200364
v 0.115674 0.055105 -0.187883
v 0.109216 -0.00036684 -0.192884
v 0.0937169 -0.121882 -0.201748
v 0 0.0779149 -0.251636
v 0.0428926 0.103386 -0.257977
v 0.0803711 0.0844567 -0.225271
v 0.0406901 0.0790388 -0.244814
v 0.0470212 0.120443 -0.299626
v 0.0884331 0.12573 -0.258533
v 0 0.114136 -0.282485
v 0.0449537 0.11665 -0.27594
v 0.120922 0.124855 -0.209363
v 0.138478 0.148595 -0.265069
v 0.128964 0.142918 -0.232488
v 0.118034 0.096215 -0.193935
v 0 0.113801 -0.334664
v -0.0357781 0.218679 0.710249
v 0.097999 0.124878 -0.319976
v 0.0492429 0.116377 -0.329956
v 0.0595919 0.101024 -0.449026
v 0.109484196 0.107801974 -0.39656544
v -0.0703592 0.199987 0.759265
v 0.057252645 0.10272759 -0.39975405
v 0.150911 0.126322 -0.356271
v 0.16045 0.112915 -0.441079
v 0.153901 0.116281 -0.399697
v 0.145782 0.140078 -0.308863
v -0.052943066 0.109064355 -0.49461845
v 0.0709982 0.126709 -0.538642
v 0.125551 0.112279 -0.490196
v 0.065189 0.10952 -0.494143
v 0.0790718 0.182988 -0.615599
v 0.1475 0.153854 -0.575332
v 0.06686258 0.15104389 -0.5800314
v -0.04033485 0.10146806 -0.40215278
v 0.194944 0.134806 -0.523346
v 0.219301 0.191387 -0.600189
v 0.210129 0.15949 -0.56385
v 0.176258 0.119186 -0.482359
v -0.069355965 0.21929836 -0.64316845
v -0.11087036 -0.03569603 0.9750519
v 0.154044 0.222564 -0.638941
v 0.0792455 0.219987 -0.642965
v 0.144378 0.302534 -0.665208
v 0.06993866 0.3013773 -0.66884506
v -0.347363 0.598425 -0.244565
v 0.213772 0.26767 -0.647803
v 0.202463 0.304851 -0.656009
v 0.21995 0.228648 -0.628685
v 0.126715 0.537337 0.0111468
v 0.0606884 0.60785 0.00104436
v 0 0.554408 0.0408567
v 0.0643107 0.550463 0.0321785
v 0.191637 0.550233 -0.0477524
v 0.185308 0.513743 -0.0172354
v 0.171165 0.605799 -0.0764289
v 0.209701 0.569968 -0.0807895
v 0.126096 0.69557 -0.127071
v 0.0987466 0.656786 -0.062447
v 0.142824 0.650926 -0.0969906
v 0 0.672219 -0.0228265
v 0.0403517 0.7183 -0.0719016
v 0.0504326 0.666442 -0.034872
v 0.237614 0.630468 -0.469873
v 0.258514 0.602197 -0.445199
v 0.253217 0.578269 -0.474783
v 0.212896 0.714905 -0.428435
v 0.24139714 0.65803814 -0.44247627
v 0.224501 0.676789 -0.452578
v 0.246529 0.67248 -0.397952
v 0.254771 0.635976 -0.4207
v 0.226436 0.912723 -0.26973
v 0.21544 0.938681 -0.279423
v 0.201014 0.943338 -0.25145
v 0.214224 0.916672 -0.246046
v 0.216965 0.931825 -0.261167
v 0.196917 0.927676 -0.311546
v 0.191876 0.948989 -0.288378
v 0.216862 0.918936 -0.303965
v 0.207634 0.937732 -0.29671
v 0.1537 0.943252 -0.269054
v 0.17745 0.953646 -0.260405
v 0.165912 0.939303 -0.292739
v 0.173109 0.951035 -0.277835
v 0.179801 0.930945 -0.23207
v 0.159856 0.939686 -0.239651
v 0.180783 0.946411 -0.244635
v -0.052200317 -0.19195557 0.97003174
v -0.048290253 -0.07800865 1.0038414
v 0.199084 0.77337 -0.281405
v 0.209996 0.761876 -0.268358
v 0.20236635 0.76613426 -0.29026413
v 0.161743 0.793141 -0.342758
v 0.178221 0.788374 -0.325575
v 0.18137693 0.781728 -0.32887363
v -0.329845 0.712932 -0.159268
v -0.128352 0.75368 -0.16956
v -0.21995 0.228648 -0.628685
v 0.16612911 0.8049433 -0.33508188
v 0.18121195 0.79686254 -0.32267356
v 0.202175 0.775482 -0.251997
v 0.203233 0.797472 -0.273932
v 0.199221 0.78193 -0.2764
v 0.18183726 0.80465627 -0.2291036
v 0.151415 0.801648 -0.215482
v 0.18461466 0.7727123 -0.21288443
v 0.192516 0.777938 -0.227759
v 0.174268 0.789156 -0.220565
v -0.205912 0.761992 -0.209879
v -0.0953701 -0.405611 -0.0214782
v -0.215759 0.757673 -0.200462
v -0.244653 -0.641994 0.666514
v -0.086003 0.820458 -0.291304
v 0.14323282 0.79414415 -0.20851564
v -0.331237 -0.488983 0.719836
v 0.12093496 0.8047004 -0.21083403
v -0.227222 0.886884 -0.273083
v -0.13783741 0.88858795 -0.30562687
v 0.18373108 0.76286364 -0.19700623
v -0.10424805 -0.18432617 0.96177673
v -0.01374 -0.0942759 1.03402
v 0.143329 0.804627 -0.337252
v 0.14097261 0.80198073 -0.3419943
v 0.086003 0.820458 -0.291304
v 0.103782654 0.8170824 -0.31074524
v -0.04550171 -0.069309235 1.029438
v -0.141316 -0.607217 -0.0730372
v -0.151415 0.801648 -0.215482
v -0.150533 0.744043 -0.44196
v -0.0735327 0.221293 0.545706
v 0.110271454 0.8256092 -0.30888557
v 0.14758065 0.8124876 -0.33497107
v -0.237857 -0.0169093 0.886885
v 0.062467575 0.82659626 -0.28054905
v -0.225435 0.891324 -0.293612
v 0.085154474 0.82540536 -0.2678666
v 0.0786961 0.822795 -0.269513
v 0.0899479 0.821575 -0.232115
v -0.10286 0.172311 0.802347
v -0.0284729 -0.07678175 0.9927368
v -0.151776 -0.503865 0.416665
v -0.444197 0.711394 -0.263256
v 0.095830455 0.8299446 -0.23301995
v -0.367842 0.597467 -0.17194
v -0.0684286 0.154761 0.849486
v 0.208076 0.764415 -0.241789
v 0.226075 0.759994 -0.240858
v 0.231902 0.754223 -0.26947
v 0.216972 0.759952 -0.252956
v 0.20189 0.765574 -0.22074
v 0.201854 0.770051 -0.234112
v 0.215759 0.757673 -0.200462
v 0.223444 0.760451 -0.217689
v 0.205912 0.761992 -0.209879
v 0.264144 0.760816 -0.243923
v 0.265103 0.760852 -0.220189
v 0.240714 0.760641 -0.229576
v 0.278995 0.751255 -0.279238
v 0.277858 0.727498 -0.319523
v 0.23471737 0.74287033 -0.30633163
v 0.256224 0.744786 -0.293184
v 0.33080867 0.76374245 -0.23771822
v 0.32751274 0.7580104 -0.26737976
v -0.274305 0.331026 -0.617491
v 0.37536 0.738148 -0.30116
v 0.402685 0.758643 -0.236201
v 0.390758 0.753705 -0.27032
v 0.317986 0.708047 -0.333577
v 0.358205 0.712515 -0.324745
v 0.258236 0.693552 -0.356883
v 0.284726 0.698216 -0.343913
v 0.183529 0.754714 -0.188935
v 0.248651 0.737773 -0.18066
v 0.277376 0.753251 -0.197126
v 0.23327 0.750984 -0.191422
v 0.329845 0.712932 -0.159268
v 0.178779 0.718135 -0.16643
v 0.252112 0.713887 -0.166078
v 0.409003 0.736167 -0.174314
v 0.39942 0.710994 -0.155057
v -0.135299 0.30832 0.112598
v 0.409429 0.752424 -0.202781
v 0.31408215 0.7594967 -0.2130537
v -0.062833786 0.79673576 -0.17832565
v 0.0602661 0.797425 -0.177797
v 0.118946075 0.7840576 -0.18578339
v -0.015617371 -0.47612 0.6248779
v 0 0.80352 -0.16013
v 0.0359638 0.781745 -0.13792
v -0.0354469 0.205232 0.761742
v 0.0313039 0.800824 -0.16616
v 0.0771688 0.744134 -0.128582
v 0 0.760454 -0.0953915
v 0.038118362 0.7543335 -0.105545044
v 0.128352 0.75368 -0.16956
v 0.122404 0.729951 -0.151266
v -0.118034 0.096215 -0.193935
v 0.029524751 0.83341205 -0.2889657
v -0.417303 0.633713 -0.225256
v 0.0438017 0.818098 -0.377412
v 0 0.831312 -0.342444
v 0.0352238 0.828719 -0.341387
v 0.09126234 0.81739545 -0.34594536
v -0.0750102 0.301309 -0.668637
v -0.223444 0.760451 -0.217689
v -0.0271444 -0.0763309 1.04139
v 0.134148 0.794627 -0.38492
v 0.134862 0.801108 -0.364702
v 0.0968568 0.789376 -0.411772
v 0.176513 0.760515 -0.410655
v 0.140375 0.776566 -0.412207
v 0 0.800708 -0.414889
v 0.0494105 0.797681 -0.413491
v -0.0697639 -0.0690371 0.990088
v 0.0064246655 0.8317847 -0.24555969
v 0.0037693265 0.82590485 -0.21863556
v -0.265103 0.760852 -0.220189
v -0.104202 0.191409 0.755412
v 0.083382845 0.8193073 -0.23080635
v -0.089710236 -0.04370308 0.99086
v -0.0664738 0.570216 -0.533525
v -0.293784 -0.559568 0.181063
v -0.12704 -0.448099 -0.0735785
v 0.19149554 0.76282406 -0.37643814
v 0.220893 0.723503 -0.390265
v 0.20182 0.742487 -0.402976
v -0.121652 0.278062 0.352302
v -0.154011 0.919177 -0.300925
v 0.229147 0.73046 -0.348619
v 0.217964 0.748268 -0.323878
v 0.238328 0.704586 -0.373617
v 0.19167352 0.8674574 -0.33058524
v 0.20630336 0.8602662 -0.31873822
v -0.0781392 -0.343402 -0.0680291
v -0.0524989 -0.374486 -0.0268658
v 0.225435 0.891324 -0.293612
v 0.202088 0.898609 -0.32219
v 0.216036 0.894273 -0.311279
v 0.221713 0.885753 -0.253374
v -0.0918712 -0.426509 0.0746889
v 0.227222 0.886884 -0.273083
v 0.207473 0.823979 -0.249259
v 0.22053888 0.85140234 -0.2743218
v 0.124072075 0.8923607 -0.28626442
v 0.13784218 0.88864565 -0.30559444
v -0.150911 0.126322 -0.356271
v -0.18463802 0.76276994 -0.1972866
v 0.170407 0.915574 -0.314537
v 0.141278 0.921251 -0.283964
v 0.154011 0.919177 -0.300925
v -0.0803711 0.0844567 -0.225271
v 0.186655 0.907214 -0.322451
v 0.17396188 0.8751526 -0.33068883
v 0.13641308 0.88693786 -0.22273104
v 0.12410327 0.89283335 -0.23227364
v -0.0759743 0.151547 -0.579976
v -0.237614 0.630468 -0.469873
v 0.136706 0.926532 -0.249134
v 0.152825 0.914652 -0.226568
v 0.141818 0.921807 -0.235425
v -0.0403517 0.7183 -0.0719016
v 0.136018 0.925025 -0.266007
v 0.11694315 0.89414513 -0.2662866
v 0.201725 0.863227 -0.234578
v 0.1591084 0.81697637 -0.22032475
v -0.240714 0.760641 -0.229576
v 0.191735 0.902282 -0.228209
v 0.209229 0.892731 -0.238166
v 0.158724 0.882351 -0.220155
v 0.171199 0.908866 -0.224253
v 0.12957898 0.8157197 -0.21657835
v 0.18201256 -0.45606232 0.53596115
v -0.248651 0.737773 -0.18066
v -0.161743 0.793141 -0.342758
v 0.21371174 -0.4500271 0.47937298
v 0.102981 -0.465723 0.632974
v -0.0381981 0.0419961 -0.235526
v 0.143787 -0.462243 0.587914
v 0.12382507 -0.48277283 0.56129456
v 0.17086 -0.474631 0.521789
v -0.1196022 0.784698 -0.1867485
v 0.1413517 -0.46775627 0.57362366
v 0.206663 -0.472505 0.418626
v 0.176881 -0.48852 0.469991
v 0.194975 -0.474631 0.472428
v 0.03914261 -0.45297432 0.68421936
v -0.317802 0.38717 -0.32759
v 0.0705061 -0.461083 0.663389
v -0.115674 0.055105 -0.187883
v -0.0552219 -0.529321 0.415644
v -0.071630955 0.21811357 0.65577793
v -0.0352238 0.828719 -0.341387
v -0.07847011 0.82277775 -0.26911402
v -0.247517 -0.0516572 0.891815
v -0.105384 0.203917 0.704755
v 0.10476112 -0.4684763 0.60933113
v -0.08042693 0.31270933 0.26615334
v 0.046779633 -0.44171047 0.11634064
v 0.05114937 -0.44969797 0.17142868
v 0 -0.441491 0.0941719
v -0.188536 -0.577394 0.174934
v 0.138015 -0.443895 0.192281
v -0.232047 0.565216 -0.501918
v 0.101319 -0.442167 0.150389
v -0.0705061 -0.461083 0.663389
v -0.294318 0.572729 -0.209871
v -0.130136 0.568004 -0.528764
v -0.196177 -0.511769 0.183546
v -0.008687019 -0.45064592 0.16106606
v -0.179801 0.930945 -0.23207
v -0.163536 -0.447685 0.255959
v 0.205661 -0.440923 0.30331
v -0.28283 -0.632563 0.691009
v 0.174785 -0.442414 0.24495
v 0.213095 -0.454425 0.36305
v 0.224677 -0.442616 0.362277
v 0.178344 -0.481123 0.364052
v 0.18889618 -0.45043087 0.2997017
v 0.199389 -0.4673 0.363772
v 0.15595436 -0.44908667 0.25153732
v -0.0161103 -0.370733 0.852319
v 0 -0.501354 0.566258
v 0.045132637 -0.51314735 0.5273819
v 0.0774159 -0.49456 0.56248
v -0.153584 -0.625261 0.914716
v 0.0552219 -0.529321 0.415644
v 0.102374 -0.516827 0.468605
v 0 -0.53078 0.469003
v 0.0529288 -0.526727 0.468796
v 0.12906 -0.497175 0.517019
v 0.151776 -0.503865 0.416665
v 0.144853 -0.503338 0.468859
v -0.033854008 -0.30775452 0.9220295
v 0 -0.522771 0.361177
v 0.046641 -0.500432 0.308431
v 0.101727 -0.509066 0.362546
v 0.0524328 -0.518796 0.361628
v 0.08924484 -0.4925537 0.3083496
v 0.00014770031 -0.46315145 0.21145439
v 0.047694206 -0.46092415 0.2145195
v -0.0173499 -0.340897 0.891348
v -0.0439995 -0.453929 0.682063
v 0.144743 -0.495777 0.363499
v -0.102374 -0.516827 0.468605
v -0.159856 0.939686 -0.239651
v -0.19611931 -0.47371316 0.4718418
v -0.20629597 0.8602469 -0.31874156
v -0.136706 0.926532 -0.249134
v -0.01524961 -0.4053688 0.792778
v -0.239082 0.578957 -0.111996
v -0.17745 0.953646 -0.260405
v 0.11090088 -0.02884674 0.9728546
v -0.216542 0.0481267 0.863247
v -0.176881 -0.48852 0.469991
v -0.34177 0.649107 -0.318477
v 0.16692352 -0.059497833 0.95155716
v 0.213918 -0.078022 0.922841
v -0.375881 0.662505 -0.310821
v -0.28588 0.662049 -0.349089
v -0.18185425 -0.04922104 0.9417267
v -0.343967 0.620068 -0.286887
v -0.460792 0.730831 -0.231063
v 0.2058487 -0.12922668 0.9286194
v -0.206663 -0.472505 0.418626
v -0.208287 -0.52835 0.637223
v 0.24824524 -0.14700317 0.89868546
v -0.084127426 0.819087 -0.22987461
v 0.247517 -0.0516572 0.891815
v 0.248772 -0.0872467 0.896118
v 0.19554901 -0.019575119 0.92287445
v 0.1616745 0.010467529 0.93011475
v -0.471552 0.708579 -0.199184
v 0.225597 0.0165132 0.878354
v 0.237857 -0.0169093 0.886885
v 0.188508 0.055577 0.881861
v 0.216542 0.0481267 0.863247
v -0.05957289 -0.45885417 0.7947445
v -0.145237 -0.635178 0.13052
v 0.14804077 0.07286072 0.896019
v 0.10777283 -0.008773804 0.96492004
v -0.145782 0.140078 -0.308863
v -0.060868263 -0.4640665 0.64969254
v -0.143787 -0.462243 0.587914
v 0.03660965 0.08961487 0.9249573
v 0.00012978911 -0.00315094 0.99115753
v 0.026327133 -0.0017929077 0.9878807
v -0.185474 -0.638484 0.162245
v -0.185308 0.513743 -0.0172354
v -0.102981 -0.465723 0.632974
v 0.064842224 0.086364746 0.92116547
v 0.0973395 0.0863776 0.910036
v -0.000582695 0.08920288 0.92827606
v -0.105712 -0.548895 -0.0268432
v 0.066482544 -0.15557861 0.9742203
v -0.119063 -0.647679 0.702012
v -0.0132272 -0.0889316 1.04223
v 0.010022163 -0.18148804 0.97491074
v 0.09927368 -0.15734863 0.967186
v -0.231902 0.754223 -0.26947
v -0.169159 0.42866 0.0126096
v -0.020751 -0.2422924 -0.17093182
v 0.08383179 -0.07372856 0.9815731
v -0.115559 -0.506404 0.0968639
v 0.013381004 -0.07670689 0.99451256
v -0.157976 -0.694713 0.696986
v -0.210129 0.15949 -0.56385
v -0.171165 0.605799 -0.0764289
v 0.0864529 -0.0640166 0.98579
v 0.0940951 -0.0565412 0.98502
v 0.0847168 -0.033828735 0.9917755
v -0.142824 0.650926 -0.0969906
v 0.0899353 -0.0455513 0.99076843
v -0.380964 -0.432504 -0.0361787
v -0.034505844 -0.07252753 0.9985986
v -0.191637 0.550233 -0.0477524
v -0.1475 0.153854 -0.575332
v -0.138478 0.148595 -0.265069
v -0.028042603 0.8333854 -0.28982103
v -0.271665 0.531425 -0.180446
v -0.447289 0.655956 -0.196803
v 0.042175293 -0.052207947 1.0282936
v 0.07899475 -0.0103302 0.9788513
v -0.128964 0.142918 -0.232488
v -0.0884331 0.12573 -0.258533
v -0.101303 0.147713 0.844481
v 0.02289772 -0.066700935 1.0438952
v -0.368236 -0.614976 0.0306267
v 0.009269714 -0.056713104 1.0404682
v -0.354445 -0.427851 -0.0878125
v 0.04673004 -0.063661575 1.0298538
v -0.209701 0.569968 -0.0807895
v 0.0477856 -0.0718253 0.995571
v 0.0010547638 -0.078538895 1.0097046
v 0.01002121 -0.0725949 1.0015848
v -0.254771 0.635976 -0.4207
v -0.212896 0.714905 -0.428435
v 0.0697639 -0.0690371 0.990088
v -0.21544 0.938681 -0.279423
v -0.0619855 -0.419454 0.0516405
v -0.201014 0.943338 -0.25145
v -0.159167 0.0664178 0.894094
v -0.06755066 0.0861969 0.9208069
v 0.0017757416 -0.0882988 1.0180359
v -0.15335 -0.595644 0.66033
v -0.161614 0.694175 -0.469576
v -0.03229046 -0.0888319 1.0266256
v 0 -0.0809251 1.049
v 0.0132272 -0.0889316 1.04223
v 0.019256592 -0.07780266 1.0455732
v 0.01936102 -0.09348202 1.03177
v 0 -0.0956202 1.03609
v -0.114552 -0.619641 -0.0267392
v -0.342489 -0.483419 0.78141
v -0.047738075 -0.46118212 0.21528053
v -0.318789 -0.39181018 0.30561447
v -0.300161 0.759231 -0.259113
v -0.313121 -0.40468 0.424303
v -0.081199646 -0.059638977 0.9955902
v -0.312495 -0.42258 0.208415
v -0.274846 -0.418754 0.252658
v -0.350284 -0.364453 0.244783
v -0.316601 -0.396416 0.250199
v -0.194817 -0.437402 0.239358
v -0.251544 -0.422435 0.302332
v -0.2099 -0.457622 0.202318
v -0.231211 -0.430966 0.245486
v -0.12906 -0.497175 0.517019
v -0.23935 -0.43199 0.361842
v -0.2843785 -0.41888344 0.42642403
v -0.37536 0.738148 -0.30116
v -0.358205 0.712515 -0.324745
v -0.3355131 -0.38513544 0.42618132
v -0.29309627 -0.41232038 0.5368185
v -0.225399 -0.440193 0.480871
v -0.222989 -0.439421 0.53835
v -0.284726 0.698216 -0.343913
v -0.164011 -0.483033 0.631406
v -0.236564 -0.444228 0.584476
v -0.156119 -0.458526 0.595789
v -0.191143 -0.453861 0.591118
v -0.315111 -0.397679 0.592146
v -0.26979 -0.455493 0.624003
v -0.280089 -0.425608 0.586435
v -0.339519 -0.257182 -0.0802831
v -0.283535 -0.198083 -0.11242
v -0.23546 -0.269794 -0.12322
v -0.300873 -0.335808 -0.11045
v -0.292915 -0.260195 -0.110308
v -0.26898 -0.103901 -0.112945
v -0.224047 -0.163495 -0.142015
v -0.318497 -0.140059 -0.0746981
v -0.274851 -0.146856 -0.114171
v -0.123113 -0.206388 -0.170045
v -0.173106 -0.230478 -0.142628
v -0.172014 -0.141551 -0.170002
v -0.171621 -0.184999 -0.160037
v -0.176383 -0.34915 -0.10631
v -0.119478 -0.295776 -0.113872
v -0.174532 -0.282877 -0.121531
v -0.27150583 0.047603607 -0.04157257
v -0.246831 -0.711912 0.845432
v -0.26603222 -0.028524399 -0.09542847
v -0.307808 -0.00318692 -0.0317095
v -0.27096844 0.0072574615 -0.07151604
v -0.148915 0.00578811 -0.165362
v -0.21775627 -0.07617709 -0.14430428
v -0.199052 0.0623656 -0.105989
v -0.190658 0.0074224 -0.137241
v -0.10692632 0.20834774 0.6526356
v -0.131964 -0.111136 -0.188613
v -0.176218 -0.0952439 -0.168768
v -0.224501 0.676789 -0.452578
v -0.26804 -0.0666021 -0.106124
v -0.26887 -0.396352 0.909752
v -0.214141 -0.334681 0.919903
v -0.263105 -0.289222 0.900577
v -0.30851 -0.340088 0.875405
v -0.266995 -0.336923 0.904292
v -0.104904 -0.328487 0.922781
v -0.164801 -0.284207 0.93026
v -0.149733 -0.3934 0.920339
v -0.15673 -0.332639 0.924128
v -0.182701 -0.527846 -0.109937
v -0.215216 -0.244729 0.920604
v -0.126656 -0.240414 0.945024
v -0.169955 -0.242358 0.935335
v -0.233667 -0.718383 -0.0394682
v -0.111325 0.219111 0.491389
v -0.258195 -0.248301 0.898482
v -0.375987 -0.340814 -0.0337268
v -0.380901 -0.277243 0.032671
v -0.358457 -0.200112 -0.0267162
v -0.367895 -0.263853 -0.0306343
v -0.375596 -0.311145 0.175939
v -0.382253 -0.237542 0.105277
v -0.379176 -0.364086 0.102343
v -0.381399 -0.294389 0.103665
v -0.106684 -0.534636 0.682874
v -0.069956 -0.47422 0.735292
v -0.38559973 -0.20069695 0.17597389
v -0.37968087 -0.16621208 0.11078453
v -0.34406447 -0.11287308 -0.016162872
v -0.035033 0.18494 0.809623
v -0.153438 0.391277 0.0121446
v -0.3721552 -0.29946136 0.33332062
v -0.36624098 -0.32982588 0.28486633
v -0.3518772 -0.35513926 0.41921997
v -0.38321495 -0.1818304 0.32029724
v -0.37879086 -0.25792313 0.32315063
v -0.384792 0.647908 -0.143704
v -0.174785 -0.442414 0.24495
v -0.379525 -0.278609 0.243679
v -0.178779 0.718135 -0.16643
v -0.384425 -0.235652 0.245143
v -0.112805 -0.624088 0.888986
v -0.11368561 0.086364746 0.90371704
v -0.0321871 -0.0691596 -0.222731
v -0.36723375 -0.14163685 0.4568634
v -0.326452 0.645309 -0.138504
v -0.101727 -0.509066 0.362546
v -0.380073 -0.0641595 0.195141
v -0.38533878 -0.11582184 0.27013206
v -0.20235872 0.76614416 -0.2902527
v -0.3801632 -0.07632673 0.26753235
v -0.027103424 0.82387924 -0.21936798
v -0.172796 -0.723594 0.0247169
v -0.38742548 -0.1606195 0.25087023
v -0.3694191 -0.18272448 0.44421387
v -0.125551 0.112279 -0.490196
v -0.202088 0.898609 -0.32219
v -0.357964 -0.0317511 0.0731655
v -0.331012 0.0171674 0.0389716
v -0.336366 -0.0157204 0.0175237
v -0.3621564 -0.06540203 0.061084747
v -0.33863306 -0.0482502 0.00023651123
v -0.37790823 -0.08823657 0.124578476
v -0.214224 0.916672 -0.246046
v -0.363023 -0.0117289 0.147082
v -0.372551 -0.0487428 0.133083
v -0.33033088 -0.33444595 0.83137226
v -0.340911 -0.350598 0.77666
v -0.336842 -0.40362 0.835552
v -0.244434 -0.716483 0.736358
v -0.311718 -0.219243 0.822794
v -0.331546 -0.262105 0.774295
v -0.317327 -0.257308 0.824743
v -0.24088 -0.688682 0.691628
v -0.340676 -0.308781 0.717453
v -0.109216 -0.00036684 -0.192884
v -0.339619 -0.266826 0.718796
v -0.335933 -0.414813 0.716014
v -0.334716 -0.360298 0.654176
v -0.339263 -0.356428 0.715872
v -0.304296 -0.0566442 0.818942
v -0.32909775 -0.10491276 0.77357864
v -0.240548 0.35766 -0.62796
v -0.03249359 0.09069824 0.9245453
v -0.3095932 -0.09942865 0.8202553
v -0.3519168 -0.1002512 0.65644646
v -0.342261 -0.141944 0.72292
v -0.335097 -0.0554519 0.724795
v -0.341372 -0.0985454 0.724072
v -0.328063 -0.182474 0.773912
v -0.216965 0.931825 -0.261167
v -0.3374653 -0.22520596 0.7281914
v -0.284251 -0.173813 0.864211
v -0.309915 -0.178867 0.822052
v -0.156436 -0.650983 0.672896
v -0.277858 0.727498 -0.319523
v -0.3534019 -0.04964876 0.44692993
v -0.3632486 -0.09667349 0.45063782
v -0.205661 -0.440923 0.30331
v -0.13402379 0.80142355 -0.3643608
v -0.063090324 0.82504964 -0.33275032
v -0.253551 -0.622939 0.912658
v -0.07849884 0.2866745 0.3483429
v -0.35681057 -0.1875 0.5940857
v -0.248642 -0.724519 0.790895
v -0.203436 -0.628169 0.923071
v -0.452589 0.744444 -0.206816
v -0.35972977 -0.3188858 0.44104004
v -0.108551025 -0.065506935 0.974638
v -0.3447559 -0.32101703 0.5936279
v -0.33627188 -0.35904175 0.5685253
v -0.18183714 0.8046555 -0.22910342
v -0.0359638 0.781745 -0.13792
v -0.0441574 0.329119 0.0693112
v -0.412958 0.685943 -0.291128
v -0.250535 0.219935 0.200112
v -0.22988 0.247545 0.157829
v -0.26143646 0.1884079 0.11269379
v -0.251096 0.217673 0.158942
v -0.24620199 0.19578934 0.30324554
v -0.224342 0.248556 0.249012
v -0.308326 -0.632734 0.733956
v -0.308658 0.43336 -0.368305
v -0.166122 0.2964 0.255682
v -0.201028 0.279793 0.204606
v -0.2461 -0.678205 0.889508
v -0.197174 0.276415 0.252836
v -0.208445 0.255016 0.0997486
v -0.173937 0.295795 0.151795
v -0.204742 0.274117 0.153286
v -0.238934 0.137098 0.472953
v -0.21318436 0.18054485 0.4236679
v -0.129137 0.308034 0.0737864
v -0.401583 0.612716 -0.19176
v -0.24219227 0.15081882 0.41576767
v -0.14962316 0.22433472 0.4356575
v -0.18259048 0.2057743 0.42956543
v -0.178799 0.187723 0.48375
v -0.0775425 0.260206 -0.661002
v -0.331331 -0.556659 0.842236
v -0.157504 0.266542 0.348704
v -0.19188714 0.26310253 0.3071041
v -0.27313042 0.13567734 0.34223938
v -0.294197 -0.618974 0.884469
v -0.0344822 0.159128 0.852718
v -0.188626 0.112308 0.821548
v -0.217701 0.11212 0.775527
v -0.22511673 0.087905884 0.8074379
v -0.447397 0.702392 -0.15815
v -0.227442 -0.724741 0.0933852
v -0.163968 0.1484 0.789706
v -0.159999 0.0987976 0.865373
v -0.1470871 0.13321114 0.8342438
v -0.169138 0.174847 0.695193
v -0.195015 0.146226 0.738197
v -0.136442 0.179619 0.750387
v -0.166543 0.164739 0.744396
v -0.249108 0.0961373 0.728207
v -0.13572 0.310986 0.159838
v -0.222367 0.12354 0.732548
v -0.276152 -0.679477 0.14116
v -0.23590541 0.13242102 0.52789307
v -0.23327 0.750984 -0.191422
v -0.21326 -0.450303 0.478539
v -0.112515 -0.451919 0.0935688
v -0.05193329 -0.05254364 1.0235672
v -0.22898221 0.13015795 0.6736927
v -0.139858 0.195421 0.647569
v -0.199221 0.78193 -0.2764
v -0.171473 0.178284 0.642915
v -0.202175 0.775482 -0.251997
v -0.17517067 0.18063194 0.54090786
v -0.0521008 -0.23408 -0.173683
v -0.3204403 0.04207611 0.38619995
v -0.3507719 0.009147644 0.28768158
v -0.33743197 -0.006359577 0.44836998
v -0.120968 0.319807 0.0225689
v -0.0878074 -0.176513 -0.193941
v -0.28585196 0.094293594 0.4089737
v -0.0524328 -0.518796 0.361628
v -0.10869968 0.69457245 -0.47912598
v -0.25434303 0.20868301 0.23021889
v -0.351215 0.0204208 0.221415
v -0.217964 0.748268 -0.323878
v -0.308985 -0.0158364 0.772679
v -0.30029 0.0266191 0.725054
v -0.198896 -0.723335 0.85193
v -0.320738 -0.0133772 0.724898
v -0.268509 -0.018423 0.854481
v -0.274888 0.0183198 0.812257
v -0.291897 -0.0177918 0.816142
v -0.267341 0.0573644 0.769829
v -0.24017 0.0457536 0.838346
v -0.256292 0.0501447 0.807253
v -0.2836163 0.06730628 0.66594696
v -0.275748 0.0634772 0.725933
v -0.430349 0.658277 -0.154382
v -0.0804386 -0.407577 0.025012
v -0.181753 0.135303 -0.0848536
v -0.20757 0.117335 -0.0616182
v -0.298292 0.0729821 0.0271766
v -0.265278 0.133372 0.0353559
v -0.270541 0.0874645 -0.00640695
v -0.101981 -0.43742 0.118873
v -0.258116 0.645451 -0.13607
v -0.258648 0.173682 0.0768666
v -0.190293 0.237055 0.0258931
v -0.22977448 0.20320415 0.057353973
v -0.277875 0.55689 -0.190965
v -0.14886475 0.027893066 0.9268799
v -0.129481 0.307575 0.259519
v -0.258514 0.602197 -0.445199
v -0.29221392 0.07074386 0.47031975
v -0.0400356 -0.499329 0.565268
v -0.0774159 -0.49456 0.56248
v -0.32898545 -0.00878334 0.6595402
v -0.3411891 0.044836044 0.18186903
v -0.33595 0.0447295 0.115485
v -0.393743 0.706765 -0.3123
v -0.28835773 0.14984751 0.14562893
v -0.27528596 0.1766262 0.1917839
v -0.192626 0.647576 -0.125774
v -0.191876 0.948989 -0.288378
v -0.31341362 0.079740524 0.082084656
v -0.177314 0.204818 -0.0510199
v -0.167034 0.18223 -0.122798
v -0.149034 0.119255 -0.152767
v -0.168725 0.158519 -0.103729
v -0.159665 0.285267 0.0452783
v -0.167426 0.259011 -0.0241111
v -0.175009 0.248965 0.00116269
v -0.17918 0.290497 -0.0609743
v -0.177164 0.238112 -0.093383
v -0.149721 0.3008 -0.00470029
v -0.168557 0.27236 -0.0447148
v -0.160058 0.168229 -0.195838
v -0.194921 0.221357 -0.173014
v -0.175228 0.201681 -0.146613
v -0.0536794 0.762368 -0.447664
v -0.26422 0.274293 -0.228207
v -0.233098 0.21084 -0.267301
v -0.227725 0.245742 -0.199837
v -0.173263 0.341693 -0.0238379
v -0.225521 0.344757 -0.0845003
v -0.200073 0.314908 -0.0732157
v -0.267222 0.417414 -0.116444
v -0.27622 0.344814 -0.176785
v -0.21453 0.407775 -0.0317089
v -0.249809 0.379204 -0.0978893
v -0.306638 0.268641 -0.338166
v -0.314639 0.343639 -0.292523
v -0.294985 0.306469 -0.259249
v -0.279797 0.207117 -0.366981
v -0.240251 0.15911 -0.387649
v -0.192666 0.159829 -0.308601
v -0.238726 0.181983 -0.331175
v -0.330786 0.26947 -0.445487
v -0.307399 0.208213 -0.46356
v -0.31171 0.235804 -0.406418
v -0.259412 0.1698 -0.542722
v -0.265715 0.160342 -0.469212
v -0.305787 0.218563 -0.547441
v -0.290901 0.186126 -0.509143
v -0.195451 0.128497 -0.407372
v -0.213461 0.12942 -0.465108
v -0.233311 0.142158 -0.432916
v -0.329541 0.345256 -0.410956
v -0.321008 0.352655 -0.511417
v -0.32675 0.280027 -0.535933
v -0.333345 0.309542 -0.480189
v -0.255976 0.429549 -0.563622
v -0.289278 0.358786 -0.584918
v -0.295245 0.436762 -0.484187
v -0.295399 0.395443 -0.540067
v -0.246645 0.312827 -0.640337
v -0.296456 0.295786 -0.60247
f 544 183 714 
f 753 736 739 
f 192 738 737 
f 739 737 738 
f 190 741 740 
f 1621 65 414 
f 736 753 741 
f 742 741 753 
f 745 747 191 
f 744 191 747 
f 746 747 190 
f 741 190 747 
f 748 192 750 
f 737 750 192 
f 191 749 745 
f 750 745 749 
f 752 739 194 
f 738 194 739 
f 507 139 1973 
f 464 675 1702 
f 195 756 755 
f 758 755 756 
f 194 757 752 
f 758 752 757 
f 759 196 762 
f 764 762 196 
f 761 762 195 
f 756 195 762 
f 764 742 753 
f 2134 1844 471 
f 196 763 764 
f 471 1666 2134 
f 769 765 766 
f 198 766 765 
f 768 769 201 
f 767 201 769 
f 771 773 199 
f 770 199 773 
f 772 773 198 
f 766 198 773 
f 200 775 774 
f 777 774 775 
f 199 776 771 
f 777 771 776 
f 201 767 778 
f 780 778 767 
f 779 780 200 
f 775 200 780 
f 783 785 203 
f 781 203 785 
f 503 1940 1944 
f 2065 2042 2104 
f 200 786 779 
f 788 779 786 
f 203 787 783 
f 788 783 787 
f 786 791 204 
f 789 204 791 
f 774 791 200 
f 786 200 791 
f 785 783 792 
f 794 792 783 
f 204 793 786 
f 794 786 793 
f 1682 683 188 
f 1921 1666 471 
f 210 798 797 
f 796 797 798 
f 208 801 800 
f 803 800 801 
f 795 802 796 
f 803 796 802 
f 209 805 804 
f 807 804 805 
f 454 807 208 
f 801 208 807 
f 797 810 210 
f 808 210 810 
f 809 810 209 
f 805 209 810 
f 201 811 768 
f 814 768 811 
f 214 813 812 
f 814 812 813 
f 568 2191 2190 
f 143 2165 2154 
f 778 817 201 
f 811 201 817 
f 123 1878 1877 
f 622 1848 2120 
f 133 1900 1951 
f 1951 1941 502 
f 812 824 214 
f 822 214 824 
f 823 824 833 
f 819 833 824 
f 830 827 192 
f 738 192 827 
f 1716 2103 1630 
f 1630 1349 343 
f 833 829 823 
f 830 823 829 
f 264 456 1712 
f 192 748 830 
f 829 833 842 
f 831 842 833 
f 600 940 254 
f 435 1966 909 
f 1352 343 1349 
f 2022 754 1308 
f 725 119 1717 
f 520 364 705 
f 509 1699 1737 
f 707 169 972 
f 839 848 841 
f 1885 171 1768 
f 1250 650 1506 
f 2187 1372 149 
f 900 842 891 
f 75 1737 1699 
f 831 845 846 
f 720 585 105 
f 1119 149 1372 
f 79 986 427 
f 546 1249 2195 
f 970 2022 1683 
f 846 845 839 
f 849 839 845 
f 223 852 851 
f 854 851 852 
f 203 781 853 
f 854 853 781 
f 845 859 849 
f 857 849 859 
f 852 223 857 
f 856 857 223 
f 820 212 859 
f 858 859 212 
f 26 105 585 
f 1366 1368 997 
f 787 203 853 
f 881 1505 674 
f 212 817 858 
f 853 858 817 
f 225 862 861 
f 864 861 862 
f 1873 1878 481 
f 1995 136 1993 
f 866 868 226 
f 865 226 868 
f 867 868 225 
f 862 225 868 
f 227 870 869 
f 872 869 870 
f 226 907 866 
f 872 866 907 
f 864 874 795 
f 802 795 874 
f 873 874 227 
f 870 227 874 
f 667 986 698 
f 875 229 876 
f 232 231 876 
f 878 876 231 
f 1916 132 1917 
f 882 873 227 
f 356 671 1718 
f 882 876 229 
f 884 869 883 
f 32 64 1655 
f 2189 146 1696 
f 1914 1917 132 
f 888 886 232 
f 231 232 886 
f 883 887 884 
f 888 884 887 
f 841 5 895 
f 233 895 5 
f 693 2036 532 
f 715 648 1372 
f 893 895 883 
f 887 883 895 
f 683 1682 423 
f 1832 2158 1826 
f 685 1690 1506 
f 2197 151 722 
f 1790 1655 64 
f 897 893 883 
f 161 468 1962 
f 1978 1372 648 
f 842 900 17 
f 897 17 900 
f 1383 1742 1304 
f 903 827 826 
f 194 738 903 
f 1769 531 1007 
f 17 907 842 
f 829 842 907 
f 1542 91 175 
f 523 937 1683 
f 906 907 226 
f 111 1991 816 
f 1426 1599 80 
f 182 703 1791 
f 1915 494 1917 
f 194 903 757 
f 226 865 906 
f 903 906 865 
f 910 913 237 
f 3 237 913 
f 1017 913 911 
f 152 690 207 
f 238 915 914 
f 917 914 915 
f 917 910 916 
f 237 916 910 
f 918 239 921 
f 919 921 239 
f 920 921 238 
f 915 238 921 
f 799 207 690 
f 116 1981 2123 
f 239 932 919 
f 31 919 932 
f 19 586 1521 
f 1006 153 836 
f 926 245 928 
f 244 928 245 
f 1935 1933 1929 
f 1977 2026 1967 
f 978 931 926 
f 932 926 931 
f 938 918 243 
f 933 243 918 
f 1871 1870 1868 
f 499 1929 1933 
f 938 936 245 
f 244 245 936 
f 850 1377 638 
f 2120 424 622 
f 2078 134 2079 
f 542 551 2135 
f 640 695 2095 
f 943 941 249 
f 945 946 247 
f 944 247 946 
f 147 1249 1712 
f 2076 2079 134 
f 951 948 949 
f 248 949 948 
f 247 950 945 
f 951 945 950 
f 952 249 954 
f 941 954 249 
f 953 954 248 
f 949 248 954 
f 955 958 244 
f 928 244 958 
f 1393 123 1254 
f 398 1702 2023 
f 130 2064 2063 
f 1632 1320 121 
f 244 936 955 
f 960 955 936 
f 142 2058 2060 
f 950 247 964 
f 963 964 959 
f 960 959 964 
f 252 958 28 
f 944 28 958 
f 2059 2060 2058 
f 520 325 1343 
f 160 1768 171 
f 1009 848 973 
f 255 1009 976 
f 653 506 720 
f 1804 156 2017 
f 971 1018 973 
f 1802 596 1861 
f 141 126 2026 
f 976 931 978 
f 2009 2004 2011 
f 449 1308 100 
f 688 100 1308 
f 976 978 255 
f 977 255 978 
f 2044 444 930 
f 2066 836 153 
f 980 982 257 
f 979 257 982 
f 886 982 231 
f 981 231 982 
f 985 946 983 
f 246 983 946 
f 257 1005 980 
f 985 980 1005 
f 258 987 4 
f 988 4 987 
f 246 943 983 
f 988 983 943 
f 231 981 878 
f 990 878 981 
f 990 987 989 
f 258 989 987 
f 991 260 994 
f 992 994 260 
f 792 994 785 
f 993 785 994 
f 916 237 995 
f 154 1787 1402 
f 260 996 992 
f 995 992 996 
f 1882 485 1892 
f 998 261 1000 
f 237 3 995 
f 1000 995 3 
f 2064 526 2059 
f 2054 2059 526 
f 1887 1892 485 
f 1897 1896 1893 
f 2068 538 2070 
f 1001 2072 1975 
f 28 1005 252 
f 977 252 1005 
f 2085 423 1682 
f 590 185 925 
f 2069 2070 538 
f 1904 120 1905 
f 1894 490 1897 
f 1295 1365 728 
f 5 1009 233 
f 979 233 1009 
f 1877 1254 123 
f 1762 175 901 
f 927 1854 2103 
f 2062 581 836 
f 223 1011 856 
f 1013 856 1011 
f 1018 971 1016 
f 1013 1016 971 
f 998 1015 261 
f 110 1893 1896 
f 851 1015 223 
f 1011 223 1015 
f 911 1016 1017 
f 2100 120 855 
f 681 2018 1301 
f 359 1553 166 
f 617 181 712 
f 2137 1379 711 
f 31 1018 911 
f 1016 911 1018 
f 1019 265 1022 
f 1020 1022 265 
f 1022 1021 991 
f 260 991 1021 
f 1023 1035 1026 
f 1024 1026 1035 
f 1025 1026 265 
f 1020 265 1026 
f 1030 1027 1028 
f 267 1028 1027 
f 1035 1029 1024 
f 1030 1024 1029 
f 1021 1032 260 
f 996 260 1032 
f 1028 267 1032 
f 1031 1032 267 
f 269 1034 1033 
f 1036 1033 1034 
f 1036 1035 1023 
f 1356 157 324 
f 1038 1040 270 
f 1037 270 1040 
f 1039 1040 269 
f 1034 269 1040 
f 1044 1041 1042 
f 271 1042 1041 
f 270 1043 1038 
f 1044 1038 1043 
f 2083 324 157 
f 1029 1035 1046 
f 1042 271 1046 
f 1045 1046 271 
f 1048 1050 273 
f 1047 273 1050 
f 1033 1050 269 
f 1049 269 1050 
f 274 1052 1051 
f 1054 1051 1052 
f 273 1053 1048 
f 1054 1048 1053 
f 1056 1058 275 
f 1055 275 1058 
f 1057 1058 274 
f 1052 274 1058 
f 269 1049 1039 
f 1060 1039 1049 
f 275 1059 1056 
f 1060 1056 1059 
f 1061 1064 275 
f 1059 275 1064 
f 1063 1064 279 
f 1062 279 1064 
f 277 1066 1065 
f 1067 1065 1066 
f 275 1055 1061 
f 1067 1061 1055 
f 278 1069 1068 
f 1071 1068 1069 
f 1070 1071 277 
f 1066 277 1071 
f 279 1062 1072 
f 1074 1072 1062 
f 1073 1074 278 
f 1069 278 1074 
f 1076 1079 281 
f 1075 281 1079 
f 1077 284 1079 
f 1078 1079 284 
f 1081 1083 282 
f 1080 282 1083 
f 281 1082 1076 
f 1083 1076 1082 
f 283 1085 1084 
f 1087 1084 1085 
f 282 1086 1081 
f 1087 1081 1086 
f 284 1077 1088 
f 1090 1088 1077 
f 1090 1085 1089 
f 283 1089 1085 
f 1092 1095 286 
f 1091 286 1095 
f 1095 1093 1094 
f 289 1094 1093 
f 1097 1099 287 
f 1096 287 1099 
f 286 1098 1092 
f 1099 1092 1098 
f 288 1101 1100 
f 1103 1100 1101 
f 287 1102 1097 
f 1103 1097 1102 
f 289 1093 1104 
f 1106 1104 1093 
f 1101 288 1106 
f 1105 1106 288 
f 225 1107 867 
f 1110 867 1107 
f 292 1109 1108 
f 1110 1108 1109 
f 1112 1113 291 
f 1111 291 1113 
f 861 1113 225 
f 1107 225 1113 
f 289 1114 1094 
f 1116 1094 1114 
f 291 1115 1112 
f 1116 1112 1115 
f 1108 1118 292 
f 1117 292 1118 
f 289 1104 1114 
f 1118 1114 1104 
f 821 1862 2062 
f 516 1997 1990 
f 1122 1123 296 
f 1121 296 1123 
f 608 1770 818 
f 295 1125 1124 
f 581 2062 1862 
f 1125 294 1126 
f 1128 1130 287 
f 1102 287 1130 
f 295 1129 1125 
f 1130 1125 1129 
f 296 1121 1131 
f 1132 1131 1121 
f 287 1096 1128 
f 1132 1128 1096 
f 1133 1135 292 
f 1109 292 1135 
f 755 1135 195 
f 1134 195 1135 
f 288 1136 1105 
f 1137 1105 1136 
f 292 1117 1133 
f 1137 1133 1117 
f 295 1138 1129 
f 1139 1129 1138 
f 1136 288 1139 
f 1100 1139 288 
f 195 1134 761 
f 1140 761 1134 
f 295 1124 1138 
f 1140 1138 1124 
f 1143 1122 1141 
f 296 1141 1122 
f 1143 1142 808 
f 210 808 1142 
f 1144 1145 286 
f 1098 286 1145 
f 1141 296 1145 
f 1131 1145 296 
f 291 1146 1115 
f 1147 1115 1146 
f 286 1091 1144 
f 1147 1144 1091 
f 1142 1148 210 
f 798 210 1148 
f 1146 291 1148 
f 1111 1148 291 
f 300 1150 1149 
f 1152 1149 1150 
f 214 822 1151 
f 1152 1151 822 
f 1153 1155 281 
f 1082 281 1155 
f 1150 300 1155 
f 1154 1155 300 
f 301 1157 1156 
f 1158 1156 1157 
f 281 1075 1153 
f 1158 1153 1075 
f 1151 1160 214 
f 813 214 1160 
f 1157 301 1160 
f 1159 1160 301 
f 198 1161 772 
f 1164 772 1161 
f 1164 1162 1163 
f 303 1163 1162 
f 1165 1166 301 
f 1159 301 1166 
f 765 1166 198 
f 1161 198 1166 
f 284 1167 1078 
f 1168 1078 1167 
f 301 1156 1165 
f 1168 1165 1156 
f 1162 1170 303 
f 1169 303 1170 
f 1167 284 1170 
f 1088 1170 284 
f 305 1172 1171 
f 1174 1171 1172 
f 191 744 1173 
f 1174 1173 744 
f 1175 1177 282 
f 1086 282 1177 
f 1176 1177 305 
f 1172 305 1177 
f 300 1178 1154 
f 1179 1154 1178 
f 282 1080 1175 
f 1179 1175 1080 
f 1173 1180 191 
f 749 191 1180 
f 1149 1180 300 
f 1178 300 1180 
f 1181 1184 303 
f 1163 303 1184 
f 1183 1184 307 
f 1182 307 1184 
f 283 1185 1089 
f 1186 1089 1185 
f 303 1169 1181 
f 1186 1181 1169 
f 305 1187 1176 
f 1188 1176 1187 
f 283 1084 1185 
f 1188 1185 1084 
f 307 1182 1189 
f 1190 1189 1182 
f 1171 1190 305 
f 1187 305 1190 
f 1192 1194 309 
f 1191 309 1194 
f 1072 1194 279 
f 1193 279 1194 
f 1195 310 1198 
f 1196 1198 310 
f 1192 309 1198 
f 1197 1198 309 
f 1202 1199 1200 
f 311 1200 1199 
f 310 1201 1196 
f 1202 1196 1201 
f 1203 1205 270 
f 1043 270 1205 
f 1200 311 1205 
f 1204 1205 311 
f 279 1193 1063 
f 1206 1063 1193 
f 270 1037 1203 
f 1206 1203 1037 
f 1208 1211 313 
f 1207 313 1211 
f 1210 1211 316 
f 1209 316 1211 
f 314 1213 1212 
f 1215 1212 1213 
f 313 1214 1208 
f 1215 1208 1214 
f 315 1217 1216 
f 1219 1216 1217 
f 1219 1213 1218 
f 314 1218 1213 
f 1209 1222 316 
f 1220 316 1222 
f 1221 1222 315 
f 1217 315 1222 
f 1223 1225 310 
f 1201 310 1225 
f 1212 1225 314 
f 1224 314 1225 
f 318 1227 1226 
f 1228 1226 1227 
f 1228 1223 1195 
f 310 1195 1223 
f 1230 1232 319 
f 1229 319 1232 
f 1231 1232 318 
f 1227 318 1232 
f 314 1224 1218 
f 1234 1218 1224 
f 319 1233 1230 
f 1234 1230 1233 
f 1236 1238 321 
f 1235 321 1238 
f 1237 319 1238 
f 1229 1238 319 
f 322 1240 1239 
f 1242 1239 1240 
f 321 1241 1236 
f 1242 1236 1241 
f 315 1243 1221 
f 1245 1221 1243 
f 1240 322 1245 
f 1244 1245 322 
f 319 1237 1233 
f 1246 1233 1237 
f 1246 1243 1216 
f 315 1216 1243 
f 837 662 1720 
f 119 725 2087 
f 326 1332 327 
f 69 327 1332 
f 1853 586 470 
f 470 1886 1947 
f 1706 1253 69 
f 709 1720 662 
f 238 1256 920 
f 1258 920 1256 
f 1252 1257 1253 
f 1258 1253 1257 
f 327 1260 326 
f 1259 326 1260 
f 914 1260 238 
f 1256 238 1260 
f 1265 1261 1269 
f 328 1269 1261 
f 330 1264 1263 
f 1265 1263 1264 
f 1267 1269 329 
f 1266 329 1269 
f 541 536 2094 
f 1304 1750 1305 
f 959 1274 963 
f 1272 963 1274 
f 1272 1267 1271 
f 329 1271 1267 
f 1263 1274 330 
f 1273 330 1274 
f 638 1742 850 
f 1770 608 1455 
f 1278 1275 1276 
f 332 1276 1275 
f 329 1266 1277 
f 1278 1277 1266 
f 1280 1282 333 
f 1279 333 1282 
f 1276 332 1282 
f 1281 1282 332 
f 1285 953 1283 
f 248 1283 953 
f 333 1284 1280 
f 1285 1280 1284 
f 1271 329 1286 
f 1277 1286 329 
f 948 1286 248 
f 1283 248 1286 
f 877 1288 1287 
f 1291 1287 1288 
f 337 1290 1289 
f 1291 1289 1290 
f 1293 68 1391 
f 942 1608 611 
f 1288 877 68 
f 974 129 242 
f 1298 1183 1296 
f 307 1296 1183 
f 1298 1293 1297 
f 1391 1297 1293 
f 1289 1300 337 
f 1299 337 1300 
f 1296 307 1300 
f 1189 1300 307 
f 1302 1305 1758 
f 538 2077 2069 
f 1304 1305 341 
f 1303 341 1305 
f 340 1307 1309 
f 436 2161 351 
f 1309 1302 1758 
f 1883 1878 123 
f 1310 1312 294 
f 1126 294 1312 
f 1307 340 1312 
f 1311 1312 340 
f 341 1303 1313 
f 1314 1313 1303 
f 294 1123 1310 
f 1314 1310 1123 
f 2144 1820 161 
f 379 1321 1318 
f 122 1947 1886 
f 1318 1317 1252 
f 1319 1321 330 
f 1264 330 1321 
f 145 27 2168 
f 518 2026 126 
f 636 638 1377 
f 1790 1826 2177 
f 1322 1319 1273 
f 330 1273 1319 
f 1317 1324 1252 
f 1257 1252 1324 
f 933 1324 243 
f 1322 243 1324 
f 345 1326 1325 
f 1329 1325 1326 
f 346 1328 1327 
f 1329 1327 1328 
f 186 1384 1851 
f 1698 132 1606 
f 2122 1909 550 
f 1326 345 1332 
f 267 1333 1031 
f 1334 1031 1333 
f 398 970 669 
f 1334 326 1259 
f 1335 346 1336 
f 1327 1336 346 
f 1027 1336 267 
f 1333 267 1336 
f 1341 1337 1338 
f 348 1338 1337 
f 349 1340 1339 
f 1341 1339 1340 
f 1342 1344 346 
f 1328 346 1344 
f 1338 348 1344 
f 1343 1344 348 
f 271 1345 1045 
f 1346 1045 1345 
f 1346 1342 1335 
f 346 1335 1342 
f 349 1339 1347 
f 1348 1347 1339 
f 1041 1348 271 
f 1345 271 1348 
f 1353 1349 1357 
f 351 1357 1349 
f 354 1352 1351 
f 1353 1351 1352 
f 1355 1357 352 
f 1354 352 1357 
f 668 173 256 
f 1287 67 984 
f 353 1359 1358 
f 1361 1358 1359 
f 352 1360 1355 
f 1361 1355 1360 
f 1351 1364 354 
f 1362 354 1364 
f 1363 1364 353 
f 1359 353 1364 
f 187 2088 1535 
f 1367 1847 2145 
f 1366 358 1368 
f 357 1368 358 
f 1370 1371 354 
f 1352 354 1371 
f 997 1371 1366 
f 1627 1704 2078 
f 1374 1073 1373 
f 278 1373 1073 
f 354 1362 1370 
f 1374 1370 1362 
f 358 1376 357 
f 1375 357 1376 
f 278 1068 1373 
f 1376 1373 1068 
f 1381 1377 850 
f 962 596 1812 
f 1388 1806 1381 
f 1004 122 1714 
f 1383 1304 1382 
f 341 1382 1304 
f 460 1812 596 
f 1850 901 2132 
f 209 1385 809 
f 1386 809 1385 
f 1382 341 1386 
f 1313 1386 341 
f 2061 1449 649 
f 114 649 1449 
f 804 1388 209 
f 1385 209 1388 
f 1390 1392 362 
f 1956 2033 2030 
f 1686 61 435 
f 68 1392 1391 
f 658 1849 1760 
f 2028 587 2024 
f 1394 1390 1810 
f 362 1810 1390 
f 1397 1399 199 
f 776 199 1399 
f 1398 1399 58 
f 1394 58 1399 
f 1400 1297 1391 
f 2095 1810 640 
f 199 770 1397 
f 1400 1397 770 
f 122 1886 1888 
f 1401 365 1403 
f 1889 1888 1886 
f 147 456 2193 
f 366 1406 1405 
f 367 1405 1406 
f 367 1403 365 
f 2172 146 2181 
f 1409 1411 204 
f 793 204 1411 
f 1410 1411 366 
f 1406 366 1411 
f 58 1403 1398 
f 1412 1398 1403 
f 204 789 1409 
f 1412 1409 789 
f 1414 1416 368 
f 1413 368 1416 
f 1405 1416 366 
f 1415 366 1416 
f 1418 1420 369 
f 1417 369 1420 
f 1419 1420 368 
f 1414 368 1420 
f 265 1421 1025 
f 1423 1025 1421 
f 1423 1418 1422 
f 369 1422 1418 
f 366 1415 1410 
f 1424 1410 1415 
f 1424 1421 1019 
f 265 1019 1421 
f 1444 1432 1425 
f 1428 1425 1432 
f 369 1417 1427 
f 1428 1427 1417 
f 372 1430 1429 
f 1432 1429 1430 
f 2192 2179 2189 
f 2187 149 2188 
f 1433 1435 273 
f 1053 273 1435 
f 1434 1435 372 
f 1430 372 1435 
f 1427 1436 369 
f 1422 369 1436 
f 273 1047 1433 
f 1436 1433 1047 
f 1438 1440 465 
f 1437 465 1440 
f 1429 1440 372 
f 1439 372 1440 
f 375 1442 1441 
f 1443 1441 1442 
f 1706 234 2133 
f 465 1443 1438 
f 1445 1447 274 
f 1057 274 1447 
f 1446 1447 375 
f 1442 375 1447 
f 372 1439 1434 
f 1448 1434 1439 
f 274 1051 1445 
f 1448 1445 1051 
f 1452 1449 377 
f 1660 1606 644 
f 1451 375 1452 
f 1441 1452 375 
f 1453 1454 357 
f 1368 357 1454 
f 396 644 1606 
f 148 1127 1538 
f 277 1456 1070 
f 1457 1070 1456 
f 357 1375 1453 
f 1457 1453 1375 
f 1446 375 1458 
f 1451 1458 375 
f 1065 1458 277 
f 1456 277 1458 
f 1462 1340 1459 
f 349 1459 1340 
f 1461 1462 380 
f 1460 380 1462 
f 1464 1204 1463 
f 311 1463 1204 
f 1459 349 1464 
f 1347 1464 349 
f 1465 1466 313 
f 1214 313 1466 
f 1199 1466 311 
f 1463 311 1466 
f 1603 1468 1467 
f 1469 1467 1468 
f 313 1207 1465 
f 1469 1465 1207 
f 380 1460 1470 
f 1472 1470 1460 
f 1472 1468 1471 
f 1603 1471 1468 
f 1363 353 1475 
f 1473 1475 353 
f 1191 1475 309 
f 1474 309 1475 
f 1477 1478 382 
f 1476 382 1478 
f 1358 1478 353 
f 1473 353 1478 
f 309 1474 1197 
f 1480 1197 1474 
f 382 1479 1477 
f 1480 1477 1479 
f 384 1482 1481 
f 1485 1481 1482 
f 387 1484 1483 
f 1485 1483 1484 
f 1487 1489 385 
f 1486 385 1489 
f 1488 1489 384 
f 1482 384 1489 
f 386 1491 1490 
f 1493 1490 1491 
f 385 1492 1487 
f 1493 1487 1492 
f 1483 1496 387 
f 1494 387 1496 
f 1491 386 1496 
f 1495 1496 386 
f 947 155 1861 
f 1498 1852 109 
f 392 1500 1499 
f 1501 1499 1500 
f 1503 1504 390 
f 1502 390 1504 
f 614 594 324 
f 1764 1767 218 
f 2148 2150 556 
f 356 181 837 
f 1509 1503 1508 
f 390 1508 1503 
f 1499 1512 392 
f 1510 392 1512 
f 2150 2149 2121 
f 1512 391 1511 
f 1513 1674 1517 
f 1514 1517 1674 
f 1516 1517 1515 
f 2114 2118 547 
f 1680 86 1525 
f 395 1525 86 
f 1514 1674 1680 
f 180 1626 898 
f 1523 1525 1595 
f 344 374 62 
f 2052 2051 2050 
f 1925 499 1938 
f 2108 547 2118 
f 1369 674 505 
f 1528 1523 1595 
f 648 715 1825 
f 1856 108 106 
f 1505 188 683 
f 1502 1532 390 
f 1531 390 1532 
f 2008 2020 518 
f 1533 400 1534 
f 730 106 108 
f 1700 1539 1918 
f 904 1753 1876 
f 904 1763 1550 
f 2166 2171 560 
f 1540 1534 400 
f 1531 1541 390 
f 1508 390 1541 
f 183 1550 1763 
f 442 689 838 
f 516 1989 1994 
f 1546 1543 403 
f 1546 1545 1533 
f 400 1533 1545 
f 1933 1938 499 
f 1628 395 1547 
f 735 2006 1851 
f 1629 60 1867 
f 843 174 844 
f 88 169 1637 
f 86 1552 395 
f 1547 395 1552 
f 2115 113 2116 
f 2169 560 2171 
f 1248 713 2031 
f 256 844 174 
f 1555 1558 392 
f 1500 392 1558 
f 407 1557 1556 
f 1558 1556 1557 
f 1515 1559 1516 
f 1560 1516 1559 
f 392 1510 1555 
f 1560 1555 1510 
f 406 1562 1561 
f 1563 1561 1562 
f 1528 1563 1515 
f 1559 1515 1563 
f 1556 1566 407 
f 1564 407 1566 
f 1565 1566 406 
f 1562 406 1566 
f 1567 1570 407 
f 1557 407 1570 
f 1568 410 1570 
f 1569 1570 410 
f 2156 143 2157 
f 529 2039 2038 
f 407 1564 1567 
f 1572 1567 1564 
f 1574 1576 321 
f 1241 321 1576 
f 1575 1576 1571 
f 1572 1571 1576 
f 318 1577 1231 
f 1578 1231 1577 
f 321 1235 1574 
f 1578 1574 1235 
f 1568 1580 410 
f 1579 410 1580 
f 1226 1580 318 
f 1577 318 1580 
f 1581 412 1584 
f 1582 1584 412 
f 1561 1584 406 
f 1583 406 1584 
f 1587 1210 1585 
f 316 1585 1210 
f 1587 1582 1586 
f 412 1586 1582 
f 322 1588 1244 
f 1589 1244 1588 
f 1589 1585 1220 
f 316 1220 1585 
f 1591 1575 1592 
f 1571 1592 1575 
f 322 1239 1588 
f 1591 1588 1239 
f 406 1583 1565 
f 1592 1565 1583 
f 2154 2157 143 
f 2152 2157 556 
f 1979 168 844 
f 1525 87 1594 
f 966 1781 1829 
f 2127 1968 670 
f 415 1598 1597 
f 1600 1597 1598 
f 1600 1594 87 
f 2196 2195 2193 
f 806 1774 19 
f 586 19 1774 
f 1602 1603 415 
f 1598 415 1603 
f 1605 1586 1604 
f 412 1604 1586 
f 1603 1467 1601 
f 1605 1601 1467 
f 685 1593 1690 
f 253 1771 164 
f 1604 412 1595 
f 1581 1595 412 
f 1612 1611 1607 
f 716 2018 251 
f 1609 419 1611 
f 1610 1611 419 
f 649 114 896 
f 178 221 2093 
f 121 1906 1907 
f 1607 1543 1612 
f 418 1616 89 
f 1617 89 1616 
f 1612 399 1617 
f 1532 1617 399 
f 1618 1620 352 
f 1360 352 1620 
f 1619 1620 418 
f 1616 418 1620 
f 419 1609 1621 
f 1622 1621 1609 
f 352 1354 1618 
f 1622 1618 1354 
f 147 2193 2195 
f 1625 87 1628 
f 1507 637 935 
f 1773 183 1755 
f 2194 568 2196 
f 151 2197 2005 
f 825 844 168 
f 1623 1823 1498 
f 176 890 694 
f 1248 2031 60 
f 1573 2005 2197 
f 504 60 2031 
f 1607 66 1624 
f 1379 182 453 
f 681 251 2018 
f 99 1760 1849 
f 418 1633 1619 
f 1635 1619 1633 
f 382 1476 1634 
f 1635 1634 1476 
f 1786 585 506 
f 1801 81 2006 
f 89 1633 418 
f 122 1948 1947 
f 1638 1639 410 
f 1569 410 1639 
f 1501 1639 1504 
f 1633 1504 1639 
f 1634 1640 382 
f 1479 382 1640 
f 1579 1640 410 
f 1638 410 1640 
f 908 158 1992 
f 1992 880 2027 
f 391 1509 426 
f 1642 426 1509 
f 384 1645 1488 
f 1647 1488 1645 
f 1641 1646 1642 
f 1647 1642 1646 
f 425 1652 1648 
f 1650 1648 1652 
f 384 1481 1645 
f 1650 1645 1481 
f 426 1652 391 
f 1511 391 1652 
f 1651 1652 425 
f 153 1006 2048 
f 1643 121 59 
f 695 640 59 
f 1540 1654 401 
f 428 401 1654 
f 385 1657 1492 
f 1659 1492 1657 
f 1653 1658 1654 
f 1659 1654 1658 
f 1641 1662 1646 
f 1661 1646 1662 
f 385 1486 1657 
f 1661 1657 1486 
f 401 428 1541 
f 1662 1541 428 
f 578 2027 880 
f 1814 156 104 
f 81 1281 240 
f 1352 1371 343 
f 404 1552 430 
f 1664 430 1552 
f 386 1667 1495 
f 1669 1495 1667 
f 1663 1668 1664 
f 1669 1664 1668 
f 1672 1671 1653 
f 1658 1653 1671 
f 1667 386 1671 
f 1490 1671 386 
f 1545 404 1672 
f 430 1672 404 
f 968 625 242 
f 1907 59 121 
f 1651 425 1513 
f 1673 1513 425 
f 934 649 722 
f 1368 1454 266 
f 387 1676 1484 
f 1677 1484 1676 
f 425 1648 1673 
f 1677 1673 1648 
f 1663 1678 1668 
f 1679 1668 1678 
f 387 1494 1676 
f 1679 1676 1494 
f 1613 266 1454 
f 1613 2061 934 
f 1680 1678 1663 
f 92 343 1371 
f 1681 1684 196 
f 763 196 1684 
f 1497 1529 1934 
f 463 151 1251 
f 1691 1687 1705 
f 1685 1705 1687 
f 1687 1681 759 
f 196 759 1681 
f 1689 1691 433 
f 1688 433 1691 
f 163 1767 2141 
f 2015 2016 136 
f 434 1684 1692 
f 1694 1692 1684 
f 1694 1689 1693 
f 433 1693 1689 
f 340 1695 1311 
f 1697 1311 1695 
f 1705 1685 438 
f 1697 438 1685 
f 2185 2184 2182 
f 176 694 464 
f 1309 1695 340 
f 150 2182 2184 
f 149 1119 2186 
f 1875 1874 1872 
f 74 1596 1695 
f 437 1695 1596 
f 1392 621 640 
f 1993 136 2016 
f 2080 539 2118 
f 687 2186 1119 
f 1301 1880 681 
f 1290 337 1707 
f 1709 1707 1718 
f 1708 1718 1707 
f 439 1707 1711 
f 1713 1711 1707 
f 337 1299 1707 
f 1713 1707 1299 
f 1544 860 665 
f 96 1749 1708 
f 1729 1708 439 
f 1707 439 1708 
f 1701 236 2023 
f 162 524 1759 
f 1909 2125 550 
f 1909 116 2125 
f 1723 746 1721 
f 190 1721 746 
f 1729 439 1723 
f 1711 1723 439 
f 1725 434 1724 
f 128 1934 1529 
f 1721 190 1725 
f 740 1725 190 
f 1728 1726 1727 
f 443 1727 1726 
f 434 1692 1724 
f 1728 1724 1692 
f 704 957 1836 
f 1941 1942 503 
f 1727 443 1729 
f 898 1865 180 
f 445 1732 1731 
f 1997 516 1999 
f 2180 564 2181 
f 1733 437 1732 
f 446 1736 1735 
f 1738 1735 1736 
f 1737 1738 445 
f 1732 445 1738 
f 1739 1741 433 
f 1693 433 1741 
f 1740 1741 446 
f 1736 446 1741 
f 437 1733 1705 
f 1688 1705 1733 
f 433 1688 1739 
f 1828 1316 254 
f 1746 1743 1744 
f 448 1744 1743 
f 446 1735 1745 
f 1746 1745 1735 
f 2124 550 2125 
f 630 1396 1953 
f 1744 448 1749 
f 1748 1749 448 
f 1973 1971 2020 
f 96 1729 443 
f 1749 96 1747 
f 1544 665 1526 
f 1745 1752 446 
f 1740 446 1752 
f 1726 1752 443 
f 1967 2020 1971 
f 135 2074 1965 
f 2085 522 1520 
f 1865 251 14 
f 840 417 652 
f 2091 660 1008 
f 692 173 1756 
f 1809 533 2170 
f 1396 630 642 
f 132 1698 1914 
f 2116 2114 2112 
f 840 697 171 
f 1356 704 157 
f 681 14 251 
f 133 1898 1900 
f 1766 455 1765 
f 2162 2164 560 
f 1330 1426 328 
f 103 454 1765 
f 161 1014 2144 
f 1998 1914 1698 
f 208 1772 454 
f 1981 116 1982 
f 2106 177 1972 
f 622 1644 877 
f 429 663 112 
f 1751 1714 1791 
f 800 1775 208 
f 1772 208 1775 
f 1778 1777 1766 
f 455 1766 1777 
f 229 875 1775 
f 1778 1775 875 
f 2160 2148 2155 
f 2143 2142 2139 
f 364 642 630 
f 1779 1780 450 
f 1782 1783 258 
f 989 258 1783 
f 1777 1783 455 
f 1779 455 1783 
f 1784 1785 249 
f 965 984 67 
f 258 4 1782 
f 1785 1782 4 
f 1719 956 167 
f 1780 1788 457 
f 1784 249 1788 
f 952 1788 249 
f 1261 77 751 
f 145 2170 533 
f 1789 1780 457 
f 2049 2064 2046 
f 2142 2146 2140 
f 469 170 1526 
f 1793 1801 1795 
f 1794 1795 1801 
f 529 2043 2047 
f 894 221 101 
f 132 2121 2149 
f 457 459 1831 
f 1284 333 1800 
f 1799 1800 333 
f 1788 1800 457 
f 2049 2047 2043 
f 2053 2057 118 
f 2039 529 2052 
f 333 1279 1799 
f 1793 1799 1279 
f 1388 1803 1806 
f 137 2133 130 
f 1805 734 1530 
f 596 1802 460 
f 999 205 154 
f 373 1455 608 
f 1387 1807 1388 
f 1803 1388 1807 
f 1262 397 605 
f 1759 397 162 
f 454 103 1807 
f 1811 1807 103 
f 2034 667 731 
f 885 1294 638 
f 1885 1301 2018 
f 670 605 397 
f 160 171 697 
f 1818 451 1821 
f 467 1817 466 
f 1818 466 1817 
f 1980 1983 1988 
f 1330 751 1700 
f 1761 1821 451 
f 1548 1834 619 
f 1675 1614 6 
f 1839 466 1821 
f 1318 613 2025 
f 1839 1821 1819 
f 1875 1873 1869 
f 466 107 467 
f 678 6 1614 
f 879 617 1969 
f 1830 1831 459 
f 1636 790 2025 
f 1787 154 205 
f 1830 1819 1831 
f 1549 724 1497 
f 1007 689 128 
f 459 1795 1830 
f 1527 174 1637 
f 1830 1837 1835 
f 1984 133 1951 
f 2010 138 2011 
f 1795 1794 1837 
f 1819 1830 1839 
f 1636 137 2063 
f 1835 1839 1830 
f 2014 2012 2009 
f 1843 1813 1841 
f 462 1841 1813 
f 230 675 1776 
f 1255 628 521 
f 474 1846 467 
f 1817 467 1846 
f 1841 462 1846 
f 1811 1846 462 
f 472 474 107 
f 573 1936 1975 
f 2099 929 2156 
f 467 107 474 
f 899 1776 675 
f 1703 117 838 
f 2174 2173 2172 
f 474 472 1852 
f 1858 1839 1835 
f 126 2014 518 
f 476 466 1839 
f 179 584 1833 
f 1858 1856 1857 
f 475 1857 1856 
f 628 1255 1408 
f 1980 1982 1983 
f 146 2172 2173 
f 2057 2054 2042 
f 475 1860 1857 
f 1859 1857 1860 
f 476 107 466 
f 1649 2126 2087 
f 1859 472 107 
f 442 136 1938 
f 477 1864 1881 
f 2170 145 2171 
f 1864 481 1866 
f 1878 1866 481 
f 478 1869 1868 
f 1871 1868 1869 
f 1870 1871 477 
f 1864 477 1871 
f 1872 479 1875 
f 1873 1875 479 
f 1874 1875 478 
f 1869 478 1875 
f 1120 871 968 
f 1792 702 453 
f 479 1877 1873 
f 1878 1873 1877 
f 1797 728 1824 
f 1866 1878 1882 
f 193 1712 1249 
f 1881 1882 484 
f 482 1884 1883 
f 1878 1883 1884 
f 27 145 1797 
f 651 1824 728 
f 1887 1889 483 
f 1886 483 1889 
f 1888 1889 482 
f 1884 482 1889 
f 484 1882 1890 
f 1892 1890 1882 
f 483 1891 1887 
f 1892 1887 1891 
f 1894 1897 486 
f 1893 486 1897 
f 1897 1895 1896 
f 489 1896 1895 
f 1899 1901 487 
f 1898 487 1901 
f 486 1900 1894 
f 1901 1894 1900 
f 488 1903 1902 
f 1905 1902 1903 
f 487 1904 1899 
f 1905 1899 1904 
f 1895 1908 489 
f 1906 489 1908 
f 1907 1908 488 
f 1903 488 1908 
f 2097 2105 507 
f 139 507 2105 
f 1912 1913 493 
f 1911 493 1913 
f 492 1915 1914 
f 1917 1914 1915 
f 1913 1916 1911 
f 1917 1911 1916 
f 1915 1920 487 
f 1904 487 1920 
f 1919 1920 492 
f 1915 492 1920 
f 493 1911 133 
f 1922 133 1911 
f 487 1898 1915 
f 1922 1915 1898 
f 495 1924 1923 
f 1927 1923 1924 
f 1926 1927 498 
f 1925 498 1927 
f 1929 1931 496 
f 1928 496 1931 
f 1930 1931 495 
f 1924 495 1931 
f 1933 1935 497 
f 128 497 1935 
f 496 1934 1929 
f 1935 1929 1934 
f 498 1925 136 
f 1938 136 1925 
f 497 442 1933 
f 1938 1933 442 
f 500 1940 1939 
f 1942 1939 1940 
f 486 1893 1941 
f 1942 1941 1893 
f 1944 1946 501 
f 1943 501 1946 
f 1945 1946 500 
f 1940 500 1946 
f 608 1331 373 
f 508 1949 1976 
f 501 1949 1944 
f 1950 1944 1949 
f 1941 1951 486 
f 1900 486 1951 
f 2192 2190 2191 
f 2007 2004 2016 
f 1954 1956 2030 
f 220 1320 592 
f 1955 477 1956 
f 1881 1956 477 
f 832 169 217 
f 58 639 1401 
f 2030 1958 1954 
f 967 167 956 
f 1961 1963 501 
f 1949 501 1963 
f 1976 1963 1957 
f 1958 1957 1963 
f 1742 638 1294 
f 477 1955 1870 
f 501 1943 1961 
f 1955 1961 1943 
f 1973 2020 507 
f 2019 507 2020 
f 74 1791 1596 
f 75 1699 1743 
f 1971 1973 508 
f 1970 508 1973 
f 1715 373 1331 
f 1949 508 1950 
f 80 328 1426 
f 360 6 1380 
f 1976 1971 508 
f 1524 2000 923 
f 1977 1967 1957 
f 703 1596 1791 
f 88 217 169 
f 360 24 1808 
f 493 1984 1912 
f 1982 1912 1984 
f 511 1981 1980 
f 1982 1980 1981 
f 502 1983 1951 
f 1984 1951 1983 
f 133 1984 493 
f 692 256 173 
f 127 923 2000 
f 2151 131 2055 
f 1950 1985 502 
f 1983 502 1985 
f 1980 1988 511 
f 1987 511 1988 
f 508 1970 1985 
f 1988 1985 1970 
f 498 1989 1926 
f 1920 1919 1904 
f 515 1991 1990 
f 1989 1990 1991 
f 1994 1995 513 
f 1993 513 1995 
f 136 1995 498 
f 1989 498 1995 
f 514 1997 126 
f 1999 126 1997 
f 513 2014 1994 
f 1999 1994 2014 
f 1990 2002 515 
f 2000 515 2002 
f 2001 2002 514 
f 1997 514 2002 
f 2004 2007 517 
f 2003 517 2007 
f 2184 672 150 
f 119 2087 2126 
f 518 2009 2008 
f 2011 2008 2009 
f 2011 2004 2010 
f 517 2010 2004 
f 2012 2014 513 
f 1331 608 939 
f 1337 71 642 
f 2009 518 2014 
f 519 2007 2015 
f 2016 2015 2007 
f 513 1993 2012 
f 2016 2012 1993 
f 1012 1902 2100 
f 1323 1631 975 
f 480 552 1365 
f 138 2019 2020 
f 2017 1350 1853 
f 2026 1977 141 
f 1527 694 890 
f 594 975 1631 
f 76 642 71 
f 2014 126 1999 
f 605 670 1968 
f 673 675 464 
f 2020 2008 138 
f 167 1754 1719 
f 1995 1994 1989 
f 116 1909 1912 
f 484 2033 1881 
f 1956 1881 2033 
f 847 1597 1395 
f 2165 143 115 
f 514 2032 2001 
f 2033 2001 2032 
f 1890 2033 484 
f 2146 2123 1981 
f 449 1538 1127 
f 1760 217 658 
f 126 141 514 
f 2032 514 141 
f 1958 2030 141 
f 1962 188 161 
f 586 1853 1350 
f 150 637 2182 
f 2038 2041 2143 
f 2142 2143 2041 
f 2040 2041 528 
f 2039 528 2041 
f 526 2043 2042 
f 2104 2042 2043 
f 2143 2104 2038 
f 671 965 1709 
f 2047 2049 527 
f 2046 527 2049 
f 2064 2049 526 
f 2043 526 2049 
f 2052 2050 2039 
f 528 2039 2050 
f 527 2051 2047 
f 2052 2047 2051 
f 2057 2053 2054 
f 530 2054 2053 
f 2101 2057 2065 
f 111 816 1923 
f 61 1686 1413 
f 1848 622 984 
f 2059 2054 2060 
f 530 2060 2054 
f 924 2109 383 
f 1908 1895 1903 
f 2063 2064 2058 
f 2059 2058 2064 
f 184 525 587 
f 2042 2065 2057 
f 678 1380 6 
f 1946 1944 1940 
f 534 2068 113 
f 2070 113 2068 
f 537 2070 2069 
f 67 1709 965 
f 1892 1891 1890 
f 2073 2075 535 
f 2074 2075 534 
f 2068 534 2075 
f 536 2077 2076 
f 2079 2076 2077 
f 2079 2073 2078 
f 535 2078 2073 
f 2080 537 2082 
f 2069 2082 537 
f 2089 2082 536 
f 2077 536 2082 
f 652 417 1270 
f 118 539 2084 
f 2053 2084 530 
f 541 530 2084 
f 877 984 622 
f 2160 2159 2158 
f 662 714 709 
f 2089 2084 539 
f 2094 2092 540 
f 2090 540 2092 
f 2076 2092 536 
f 957 63 590 
f 530 541 2060 
f 2094 2060 541 
f 784 1861 596 
f 1247 2193 456 
f 542 2096 2098 
f 2056 166 1553 
f 507 2019 2097 
f 2098 2097 2019 
f 2096 2101 2065 
f 2112 547 2113 
f 2135 2101 542 
f 2096 542 2101 
f 592 1389 220 
f 1946 1945 1943 
f 2104 2096 2065 
f 902 587 525 
f 218 163 1880 
f 1895 1897 490 
f 2105 2097 543 
f 922 220 1389 
f 2010 517 2110 
f 2107 2110 517 
f 2138 2110 551 
f 2108 551 2110 
f 2113 2111 2112 
f 545 2112 2111 
f 517 2003 2107 
f 2113 2107 2003 
f 537 2114 2070 
f 2116 2070 2114 
f 545 2115 2112 
f 2116 2112 2115 
f 551 2108 2117 
f 2118 2117 2108 
f 2080 2118 537 
f 2114 537 2118 
f 1909 2122 1913 
f 1916 1913 2122 
f 2121 2122 549 
f 550 549 2122 
f 2125 2123 2124 
f 548 2124 2123 
f 543 2096 2104 
f 525 336 1930 
f 528 2130 2040 
f 2128 2040 2130 
f 2124 548 2128 
f 2040 2128 548 
f 549 550 2129 
f 2130 2129 550 
f 2050 2130 528 
f 335 15 2072 
f 2135 2117 539 
f 473 709 714 
f 554 560 2164 
f 538 2068 2073 
f 1937 790 142 
f 2163 144 2164 
f 539 118 2135 
f 573 15 1936 
f 2138 2098 138 
f 2019 138 2098 
f 1012 2095 695 
f 2058 142 790 
f 2075 2073 2068 
f 1908 1907 1906 
f 99 1719 1754 
f 122 1888 1798 
f 543 2139 2105 
f 1899 1905 490 
f 511 1987 2140 
f 2139 2140 1987 
f 1380 678 969 
f 394 969 678 
f 2104 2143 543 
f 2139 543 2143 
f 548 2146 2040 
f 2142 2040 2146 
f 1792 1798 1888 
f 70 1343 325 
f 2140 2146 511 
f 1981 511 2146 
f 2123 2146 548 
f 129 1930 336 
f 2150 2121 2147 
f 549 2147 2121 
f 2149 2150 555 
f 2148 555 2150 
f 2152 2153 553 
f 2151 553 2153 
f 2147 549 2153 
f 2129 2153 549 
f 554 2155 2154 
f 2157 2154 2155 
f 2157 2152 2156 
f 553 2156 2152 
f 2158 555 2160 
f 2148 2160 555 
f 2159 2160 554 
f 2155 554 2160 
f 2164 2159 554 
f 1323 1868 371 
f 559 2163 2162 
f 2164 2162 2163 
f 2166 2167 557 
f 2165 557 2167 
f 125 371 1868 
f 2154 2167 554 
f 558 2169 2168 
f 2171 2168 2169 
f 2171 2166 2170 
f 557 2170 2166 
f 2162 2174 559 
f 2172 559 2174 
f 2173 2174 558 
f 2169 558 2174 
f 2175 2178 559 
f 2163 559 2178 
f 2177 2178 563 
f 2176 563 2178 
f 561 2180 2179 
f 2181 2179 2180 
f 559 2172 2175 
f 2181 2175 2172 
f 2183 2185 562 
f 2182 562 2185 
f 2184 2185 561 
f 2180 561 2185 
f 563 2176 2186 
f 2188 2186 2176 
f 562 2187 2183 
f 2188 2183 2187 
f 2190 2192 565 
f 2189 565 2192 
f 2179 2192 561 
f 2191 561 2192 
f 2194 2196 566 
f 2193 566 2196 
f 565 2195 2190 
f 2196 2190 2195 
f 2198 1573 567 
f 2197 567 1573 
f 566 2005 2194 
f 1573 2194 2005 
f 561 2191 2184 
f 672 2184 2191 
f 567 935 2198 
f 672 2198 935 
f 1936 799 569 
f 690 569 799 
f 15 572 799 
f 207 799 572 
f 1975 1404 570 
f 947 570 1404 
f 569 235 1936 
f 1404 1936 235 
f 571 2072 1402 
f 1001 1402 2072 
f 570 999 1975 
f 1001 1975 999 
f 572 15 634 
f 335 634 15 
f 2072 571 335 
f 2083 335 571 
f 2027 1910 574 
f 1006 574 1910 
f 2109 577 1910 
f 2048 1910 577 
f 880 1992 575 
f 1996 575 1992 
f 574 908 2027 
f 1992 2027 908 
f 576 383 405 
f 104 405 383 
f 575 1814 880 
f 104 880 1814 
f 577 2109 102 
f 924 102 2109 
f 383 576 924 
f 782 924 576 
f 579 930 923 
f 1524 923 930 
f 515 2000 1862 
f 1524 1862 2000 
f 574 444 908 
f 2044 908 444 
f 930 579 2044 
f 1722 2044 579 
f 580 2062 2066 
f 836 2066 2062 
f 574 1006 444 
f 836 444 1006 
f 1862 821 515 
f 1991 515 821 
f 2062 580 821 
f 816 821 580 
f 26 213 582 
f 336 582 213 
f 1764 818 1770 
f 383 578 104 
f 576 720 782 
f 105 782 720 
f 582 1964 26 
f 105 26 1964 
f 583 506 1804 
f 653 1804 506 
f 720 576 653 
f 405 653 576 
f 880 104 578 
f 506 1948 1786 
f 782 159 924 
f 583 1947 506 
f 1774 806 483 
f 1891 483 806 
f 923 806 579 
f 19 579 806 
f 583 1853 1947 
f 470 1947 1853 
f 483 1886 1774 
f 470 1774 1886 
f 1350 2017 575 
f 1814 575 2017 
f 583 1804 1853 
f 2017 1853 1804 
f 579 19 1722 
f 1521 1722 19 
f 575 1996 1350 
f 1521 1350 1996 
f 525 1930 902 
f 495 902 1930 
f 525 184 336 
f 582 336 184 
f 222 863 580 
f 816 580 863 
f 902 495 863 
f 1923 863 495 
f 577 2028 2048 
f 2024 2048 2028 
f 580 2066 222 
f 2024 222 2066 
f 184 1734 582 
f 1964 582 1734 
f 1734 2028 102 
f 577 102 2028 
f 500 185 1945 
f 63 1945 185 
f 589 371 957 
f 63 957 371 
f 925 1822 588 
f 1838 588 1822 
f 1939 1822 500 
f 185 500 1822 
f 572 1836 207 
f 510 207 1836 
f 588 432 925 
f 510 925 432 
f 957 704 589 
f 1356 589 704 
f 1836 572 704 
f 634 704 572 
f 1320 1632 1932 
f 591 1932 1632 
f 489 1906 220 
f 1320 220 1906 
f 729 723 569 
f 235 569 723 
f 1932 591 723 
f 1536 723 591 
f 588 1389 432 
f 666 432 1389 
f 569 690 729 
f 666 729 690 
f 1896 489 922 
f 220 922 489 
f 1389 588 922 
f 1838 922 588 
f 478 975 1874 
f 1717 1874 975 
f 593 725 1710 
f 1717 1710 725 
f 1631 1323 589 
f 371 589 1323 
f 1868 1323 478 
f 975 478 1323 
f 571 614 2083 
f 324 2083 614 
f 589 1356 1631 
f 324 1631 1356 
f 1710 1796 593 
f 1787 593 1796 
f 1402 1796 571 
f 614 571 1796 
f 460 461 595 
f 1519 595 461 
f 1632 461 591 
f 1802 591 461 
f 962 1812 593 
f 725 593 1812 
f 595 2087 460 
f 1812 460 2087 
f 570 784 999 
f 205 999 784 
f 593 1787 962 
f 205 962 1787 
f 591 1802 1536 
f 1861 1536 1802 
f 570 947 784 
f 1861 784 947 
f 2045 546 565 
f 2195 565 546 
f 1249 546 599 
f 1003 599 546 
f 558 940 2173 
f 1696 2173 940 
f 565 2189 2045 
f 1696 2045 2189 
f 254 905 597 
f 27 597 905 
f 940 558 905 
f 2168 905 558 
f 598 1316 2131 
f 1828 2131 1316 
f 1828 254 524 
f 597 524 254 
f 1003 363 599 
f 94 599 363 
f 719 363 598 
f 1316 598 363 
f 1014 601 2127 
f 1968 2127 601 
f 2144 2127 604 
f 670 604 2127 
f 491 1959 602 
f 2119 602 1959 
f 1968 601 1959 
f 262 1959 601 
f 1262 1553 603 
f 359 603 1553 
f 602 2056 491 
f 1553 491 2056 
f 604 670 1759 
f 397 1759 670 
f 603 646 1262 
f 397 1262 646 
f 373 1715 603 
f 646 603 1715 
f 1331 598 1715 
f 2131 1715 598 
f 606 1770 440 
f 1455 440 1770 
f 603 359 373 
f 1455 373 359 
f 818 1764 607 
f 218 607 1764 
f 1767 1764 606 
f 1770 606 1764 
f 939 719 1331 
f 598 1331 719 
f 607 1768 818 
f 939 818 1768 
f 942 2037 606 
f 1767 606 2037 
f 2141 2037 610 
f 1551 610 2037 
f 1829 1608 602 
f 2056 602 1608 
f 606 440 942 
f 1608 942 440 
f 1781 966 609 
f 2071 609 966 
f 602 2119 1829 
f 966 1829 2119 
f 610 1551 253 
f 1771 253 1551 
f 609 2029 1781 
f 1771 1781 2029 
f 1551 611 1771 
f 234 693 612 
f 2043 529 2104 
f 930 581 1524 
f 409 2081 527 
f 2051 527 2081 
f 1590 2081 612 
f 1781 1771 611 
f 613 1706 137 
f 2133 137 1706 
f 527 2046 409 
f 2133 409 2046 
f 234 1706 69 
f 394 678 1518 
f 939 1768 719 
f 1959 491 1968 
f 615 1539 90 
f 751 90 1539 
f 1306 1683 937 
f 328 1261 751 
f 1918 1407 540 
f 1010 422 1251 
f 1937 1407 615 
f 1539 615 1407 
f 1918 1704 1700 
f 616 1700 1704 
f 540 2090 1918 
f 668 669 970 
f 751 1330 328 
f 1896 922 110 
f 1700 616 1330 
f 1426 1330 616 
f 616 1431 1426 
f 1599 1426 1431 
f 1599 1952 1275 
f 332 1275 1952 
f 2078 535 1627 
f 1548 1627 535 
f 1704 1627 616 
f 1431 616 1627 
f 618 1554 135 
f 1834 135 1554 
f 1834 1548 2075 
f 535 2075 1548 
f 1952 2067 332 
f 1281 332 2067 
f 1554 618 2067 
f 240 2067 618 
f 620 1848 965 
f 984 965 1848 
f 1901 1899 1894 
f 984 877 1287 
f 2120 1649 595 
f 2087 595 1649 
f 2126 1649 620 
f 1848 620 1649 
f 424 1643 1644 
f 621 1644 1643 
f 424 2120 1519 
f 595 1519 2120 
f 490 1894 1899 
f 1845 1270 148 
f 1644 621 68 
f 2056 1608 166 
f 1750 623 1730 
f 124 1730 623 
f 1969 712 2102 
f 1305 1730 1758 
f 1786 968 213 
f 242 213 968 
f 623 974 124 
f 242 124 974 
f 871 1120 624 
f 1004 624 1120 
f 968 1786 1120 
f 1948 1120 1786 
f 890 398 669 
f 123 1393 1883 
f 624 74 871 
f 1758 871 74 
f 160 719 1768 
f 573 2072 15 
f 2025 379 1318 
f 1863 712 181 
f 2063 2058 1636 
f 790 1636 2058 
f 137 1636 613 
f 2025 613 1636 
f 790 1937 389 
f 615 389 1937 
f 1292 1413 1686 
f 587 2028 184 
f 73 1395 1597 
f 518 1967 2026 
f 389 615 379 
f 90 379 615 
f 627 1255 325 
f 521 325 1255 
f 345 1325 2036 
f 521 2036 1325 
f 2156 553 2099 
f 1408 2099 553 
f 929 2099 627 
f 1255 627 2099 
f 612 532 1590 
f 2055 1590 532 
f 553 2151 1408 
f 2055 1408 2151 
f 1332 345 693 
f 2036 693 345 
f 168 828 825 
f 532 612 693 
f 629 1396 76 
f 642 76 1396 
f 642 364 1337 
f 348 1337 364 
f 2170 557 1809 
f 1953 1809 557 
f 629 533 1396 
f 1809 1396 533 
f 115 929 705 
f 627 705 929 
f 557 2165 1953 
f 115 1953 2165 
f 364 520 348 
f 1343 348 520 
f 705 627 520 
f 325 520 627 
f 631 1716 343 
f 1630 343 1716 
f 1630 436 1349 
f 351 1349 436 
f 1712 632 264 
f 927 264 632 
f 456 264 631 
f 1716 631 264 
f 633 2103 1538 
f 1854 1538 2103 
f 632 835 927 
f 1854 927 835 
f 1985 1950 508 
f 2097 2098 2096 
f 2161 436 633 
f 2103 633 436 
f 997 266 422 
f 635 422 266 
f 523 1683 2022 
f 1757 834 512 
f 566 1010 2005 
f 1251 2005 1010 
f 422 635 1251 
f 463 1251 635 
f 631 1378 456 
f 1247 456 1378 
f 2193 1247 566 
f 1010 566 1247 
f 441 512 834 
f 92 1371 997 
f 1378 631 92 
f 343 92 631 
f 556 2155 2148 
f 1377 1497 636 
f 1127 148 1270 
f 1535 1629 727 
f 885 1497 496 
f 1934 496 1497 
f 1903 490 1905 
f 73 1625 1395 
f 1742 1294 623 
f 974 623 1294 
f 496 1928 885 
f 1294 885 1928 
f 1867 727 1629 
f 1383 850 1742 
f 490 1903 1895 
f 623 1750 1742 
f 1927 1924 1925 
f 68 621 1392 
f 640 362 1392 
f 1906 121 1320 
f 488 695 1907 
f 59 1907 695 
f 59 621 1643 
f 499 1925 1924 
f 2095 1012 639 
f 2100 639 1012 
f 1902 1012 488 
f 695 488 1012 
f 1840 1824 1816 
f 362 640 1810 
f 110 1838 1939 
f 1810 2095 639 
f 909 1401 639 
f 1822 1939 1838 
f 1966 365 1401 
f 905 254 940 
f 492 889 1919 
f 855 1919 889 
f 639 2100 909 
f 855 909 2100 
f 815 1998 641 
f 1698 641 1998 
f 1914 1998 492 
f 889 492 1998 
f 435 365 1966 
f 2179 2181 146 
f 641 1686 815 
f 435 815 1686 
f 1660 1292 641 
f 1686 641 1292 
f 584 368 1292 
f 1413 1292 368 
f 1606 2149 396 
f 555 396 2149 
f 641 1698 1660 
f 1606 1660 1698 
f 1832 1826 1833 
f 643 1833 1826 
f 555 2158 396 
f 1832 396 2158 
f 1419 368 179 
f 584 179 368 
f 1833 643 179 
f 344 179 643 
f 643 64 344 
f 374 344 64 
f 117 2003 519 
f 374 1444 1425 
f 563 1655 2177 
f 1790 2177 1655 
f 1826 1790 643 
f 64 643 1790 
f 32 687 645 
f 1119 645 687 
f 2186 687 563 
f 1655 563 687 
f 146 2189 2179 
f 2176 564 2188 
f 645 140 32 
f 1444 32 140 
f 1978 1437 645 
f 140 645 1437 
f 1614 1518 678 
f 634 157 704 
f 562 715 2187 
f 1372 2187 715 
f 645 1119 1978 
f 1372 1978 1119 
f 1825 1815 647 
f 637 647 1815 
f 2182 1815 562 
f 715 562 1815 
f 1665 1443 465 
f 969 699 2093 
f 647 626 1825 
f 1665 1825 626 
f 114 1449 647 
f 626 647 1449 
f 2081 409 612 
f 377 1449 2061 
f 896 1507 567 
f 935 567 1507 
f 637 1507 647 
f 114 647 1507 
f 635 934 463 
f 722 463 934 
f 567 2197 896 
f 722 896 2197 
f 2061 1613 377 
f 1454 377 1613 
f 934 635 1613 
f 266 1613 635 
f 1295 1461 1365 
f 380 1365 1461 
f 1295 728 76 
f 629 76 728 
f 552 480 650 
f 1670 650 480 
f 380 1470 1365 
f 480 1365 1470 
f 604 1816 2144 
f 1820 2144 1816 
f 650 468 552 
f 1820 552 468 
f 1824 1840 597 
f 524 597 1840 
f 1759 1840 604 
f 1816 604 1840 
f 728 1797 629 
f 533 629 1797 
f 1797 1824 27 
f 597 27 1824 
f 1249 599 193 
f 2134 193 599 
f 1712 193 632 
f 1666 632 193 
f 652 471 697 
f 1844 697 471 
f 599 94 2134 
f 1844 2134 94 
f 835 632 1921 
f 1666 1921 632 
f 1845 1921 652 
f 471 652 1921 
f 654 1849 1986 
f 2013 1986 1849 
f 657 892 1847 
f 2013 1847 892 
f 1760 99 655 
f 1754 655 99 
f 1719 99 654 
f 1849 654 99 
f 656 2145 88 
f 217 88 2145 
f 655 832 1760 
f 217 1760 832 
f 1847 1367 657 
f 828 657 1367 
f 825 1367 656 
f 2145 656 1367 
f 659 1008 24 
f 1972 24 1008 
f 163 218 1767 
f 1985 1988 1983 
f 684 172 1593 
f 2091 221 660 
f 1008 659 2091 
f 2093 2091 659 
f 112 173 429 
f 661 429 173 
f 79 1593 172 
f 718 735 2088 
f 1988 1970 1987 
f 2174 2162 2169 
f 429 661 1306 
f 1683 1306 661 
f 1955 1943 1870 
f 699 664 961 
f 2034 961 667 
f 1537 667 961 
f 1656 1690 427 
f 189 253 760 
f 125 1870 1943 
f 1292 1660 584 
f 63 371 1945 
f 2033 1890 2001 
f 427 1690 79 
f 1879 681 1880 
f 1537 986 667 
f 2012 2016 2004 
f 986 79 912 
f 172 912 79 
f 1683 661 970 
f 668 970 661 
f 441 696 216 
f 970 398 2022 
f 782 105 159 
f 1876 711 1379 
f 119 1872 1874 
f 173 668 661 
f 2107 2113 547 
f 625 968 871 
f 2136 2137 219 
f 585 1786 26 
f 111 1923 1926 
f 734 727 1855 
f 890 176 398 
f 1522 398 176 
f 1702 1522 464 
f 176 464 1522 
f 731 698 97 
f 547 2108 2107 
f 1960 1872 1315 
f 1884 485 1878 
f 2041 2038 2039 
f 118 2101 2135 
f 912 172 216 
f 899 216 172 
f 1643 424 121 
f 1753 509 711 
f 1763 1755 183 
f 78 97 698 
f 127 2001 1890 
f 1776 899 172 
f 676 6 1808 
f 360 1808 6 
f 24 360 659 
f 1380 659 360 
f 1614 1675 677 
f 1626 677 1675 
f 898 1675 676 
f 6 676 1675 
f 1656 664 1518 
f 394 1518 664 
f 677 1520 1614 
f 1518 1614 1520 
f 659 1380 2093 
f 969 2093 1380 
f 664 699 394 
f 969 394 699 
f 2018 716 679 
f 177 679 716 
f 251 676 716 
f 1808 716 676 
f 1301 1885 607 
f 1768 607 1885 
f 171 1885 679 
f 2018 679 1885 
f 610 1879 2141 
f 1880 2141 1879 
f 607 218 1301 
f 1880 1301 218 
f 14 189 680 
f 760 680 189 
f 253 189 610 
f 1879 610 189 
f 676 251 898 
f 1865 898 251 
f 847 1593 2035 
f 1865 14 680 
f 1520 677 2085 
f 423 2085 677 
f 522 2085 682 
f 1682 682 2085 
f 1120 1948 1004 
f 432 152 510 
f 677 1626 423 
f 505 423 1626 
f 609 674 2029 
f 1369 2029 674 
f 1369 505 760 
f 680 760 505 
f 881 262 1505 
f 601 1505 262 
f 609 2071 674 
f 881 674 2071 
f 188 1962 1682 
f 682 1682 1962 
f 188 1505 1014 
f 601 1014 1505 
f 1275 80 1599 
f 1593 79 1690 
f 1649 2120 1848 
f 1815 1825 715 
f 1506 1690 682 
f 522 682 1690 
f 164 760 253 
f 1952 1599 619 
f 1866 1881 1864 
f 1250 468 650 
f 1250 1506 1962 
f 682 1962 1506 
f 2035 224 415 
f 1602 415 224 
f 1670 224 650 
f 365 435 61 
f 1593 847 684 
f 1395 684 847 
f 415 1597 2035 
f 847 2035 1597 
f 236 1701 419 
f 1610 419 1701 
f 1827 1701 2023 
f 127 1891 923 
f 633 100 2161 
f 414 2161 100 
f 419 1621 236 
f 414 236 1621 
f 1308 449 686 
f 1127 686 449 
f 1538 449 633 
f 100 633 449 
f 754 2022 398 
f 325 521 70 
f 686 523 1308 
f 2022 1308 523 
f 2183 2188 564 
f 469 97 170 
f 754 398 2023 
f 912 216 696 
f 1625 1624 1974 
f 421 1974 1624 
f 684 1395 1974 
f 2086 1883 1393 
f 2082 2069 2077 
f 2007 519 2003 
f 1827 421 66 
f 1624 66 421 
f 1549 1813 1823 
f 1702 230 1827 
f 1631 324 594 
f 685 2035 1593 
f 1974 1776 684 
f 2086 1755 702 
f 452 702 1755 
f 1843 1823 1813 
f 2066 153 2024 
f 1270 1845 652 
f 686 1127 937 
f 1270 937 1127 
f 171 679 840 
f 417 840 679 
f 697 840 652 
f 2048 2024 153 
f 937 2106 1306 
f 1972 1306 2106 
f 177 2106 679 
f 417 679 2106 
f 1926 1989 111 
f 523 686 937 
f 2198 672 568 
f 2084 2089 541 
f 660 665 112 
f 1756 112 665 
f 2147 556 2150 
f 131 2151 2129 
f 101 691 894 
f 120 2100 1902 
f 221 894 660 
f 665 660 894 
f 657 1544 892 
f 1526 892 1544 
f 691 469 894 
f 1526 894 469 
f 692 1756 1979 
f 860 1979 1756 
f 657 828 1544 
f 860 1544 828 
f 174 1527 669 
f 890 669 1527 
f 1849 658 2013 
f 2145 658 217 
f 2153 2129 2151 
f 2153 2152 2147 
f 669 668 174 
f 256 174 668 
f 656 843 825 
f 844 825 843 
f 692 1979 256 
f 844 256 1979 
f 694 1527 707 
f 1637 707 1527 
f 656 88 843 
f 1637 843 88 
f 673 512 216 
f 441 216 512 
f 1325 70 521 
f 997 422 92 
f 77 379 90 
f 1847 2013 658 
f 464 743 673 
f 512 673 743 
f 1757 972 655 
f 832 655 972 
f 743 694 972 
f 707 972 694 
f 696 441 967 
f 834 967 441 
f 655 1754 1757 
f 834 1757 1754 
f 1820 1816 552 
f 468 161 1820 
f 101 2034 691 
f 731 691 2034 
f 986 696 339 
f 1378 92 422 
f 651 552 1816 
f 1840 1759 524 
f 654 78 1719 
f 956 1719 78 
f 696 967 339 
f 956 339 967 
f 691 731 469 
f 97 469 731 
f 654 1986 78 
f 97 78 1986 
f 1294 1928 974 
f 1755 2086 1393 
f 702 482 2086 
f 1883 2086 482 
f 1755 1763 452 
f 700 452 1763 
f 1393 1773 1755 
f 638 636 885 
f 1519 121 424 
f 701 453 182 
f 452 700 453 
f 1379 453 700 
f 1792 1888 702 
f 482 702 1888 
f 453 701 1792 
f 1798 1792 701 
f 701 1791 1798 
f 1714 1798 1791 
f 624 1004 1751 
f 1714 1751 1004 
f 216 899 673 
f 1757 512 972 
f 1964 159 105 
f 1791 701 182 
f 2098 2138 542 
f 219 711 509 
f 675 673 899 
f 1869 481 1871 
f 1751 74 624 
f 551 542 2138 
f 724 1529 1497 
f 2071 165 881 
f 1814 2017 156 
f 1709 1718 671 
f 965 671 620 
f 2030 2032 141 
f 1822 925 185 
f 1718 1863 356 
f 688 2023 236 
f 651 1365 552 
f 837 706 356 
f 671 356 706 
f 181 356 1863 
f 224 2035 650 
f 620 671 2126 
f 733 2126 671 
f 706 1315 671 
f 733 671 1315 
f 1720 1960 706 
f 1315 706 1960 
f 1960 2021 1872 
f 479 1872 2021 
f 662 837 708 
f 743 972 512 
f 587 902 222 
f 706 837 1720 
f 1393 473 1773 
f 714 1773 473 
f 714 662 544 
f 708 544 662 
f 2021 1254 479 
f 1877 479 1254 
f 1254 473 1393 
f 129 974 1928 
f 2137 2136 703 
f 1596 703 2136 
f 445 1731 219 
f 2136 219 1731 
f 700 1876 1379 
f 213 26 1786 
f 703 182 2137 
f 1379 2137 182 
f 1753 904 710 
f 1550 710 904 
f 1763 904 700 
f 1876 700 904 
f 509 1737 219 
f 445 219 1737 
f 710 1699 1753 
f 509 1753 1699 
f 710 1969 1699 
f 2102 1699 1969 
f 1743 2102 448 
f 331 448 2102 
f 617 879 708 
f 544 708 879 
f 1550 879 710 
f 1969 710 879 
f 1306 1972 663 
f 1497 885 636 
f 708 837 617 
f 181 617 837 
f 331 1863 448 
f 1748 448 1863 
f 705 630 115 
f 1008 663 1972 
f 680 505 180 
f 1769 713 263 
f 178 699 2034 
f 427 1537 664 
f 1248 1450 713 
f 2117 2118 539 
f 600 1316 1003 
f 119 1315 1872 
f 961 664 1537 
f 1450 1268 263 
f 688 754 2023 
f 1542 2111 1703 
f 531 1769 717 
f 1573 2198 2194 
f 713 1769 1007 
f 1750 1304 1742 
f 721 91 263 
f 1998 815 889 
f 838 531 1703 
f 717 1703 531 
f 689 442 497 
f 2178 2175 2176 
f 2015 442 519 
f 838 519 442 
f 2110 2138 2010 
f 108 1837 730 
f 497 128 689 
f 2092 2094 536 
f 1838 110 922 
f 1384 2088 735 
f 2031 1007 128 
f 806 923 1891 
f 663 429 1306 
f 935 150 672 
f 717 1769 91 
f 263 91 1769 
f 2191 568 672 
f 1954 1958 1961 
f 1268 2132 263 
f 2002 1990 1997 
f 901 1850 534 
f 2074 534 1850 
f 1965 1850 2132 
f 1963 1961 1958 
f 545 175 2115 
f 1762 2115 175 
f 901 534 1762 
f 113 1762 534 
f 91 1542 717 
f 1703 717 1542 
f 2111 1542 545 
f 175 545 1542 
f 2006 735 1801 
f 1794 1801 735 
f 663 1008 660 
f 2110 2107 2108 
f 618 1851 240 
f 2006 240 1851 
f 2003 117 2113 
f 2047 2052 529 
f 139 1987 1970 
f 186 1965 2132 
f 135 1965 618 
f 1851 618 1965 
f 735 1851 1384 
f 1014 161 188 
f 2132 1268 186 
f 1384 186 1268 
f 1855 1530 734 
f 1615 734 106 
f 144 2158 2159 
f 461 1632 1519 
f 1407 1937 540 
f 2084 2053 118 
f 1813 1549 1806 
f 1497 1806 1549 
f 128 1529 2031 
f 724 2031 1529 
f 142 540 1937 
f 1986 170 97 
f 937 1270 417 
f 536 541 2089 
f 1626 180 505 
f 743 464 694 
f 726 1867 504 
f 60 504 1867 
f 1450 1248 1629 
f 60 1629 1248 
f 760 164 1369 
f 1855 727 1867 
f 732 1867 726 
f 1974 1395 1625 
f 1629 1535 2088 
f 625 1758 124 
f 2029 1369 164 
f 423 505 683 
f 1815 2182 637 
f 619 1431 1548 
f 2127 2144 1014 
f 2088 1268 1629 
f 1268 2088 1384 
f 138 2010 2138 
f 68 877 1644 
f 1829 611 1608 
f 730 718 187 
f 2088 187 718 
f 1730 124 1758 
f 1730 1305 1750 
f 578 383 2109 
f 1837 1794 718 
f 2128 2130 2124 
f 1610 1701 66 
f 1497 1377 1806 
f 524 162 1828 
f 2067 240 1281 
f 735 718 1794 
f 435 889 815 
f 1823 1843 1842 
f 2167 2166 554 
f 724 1549 1823 
f 564 2176 2175 
f 109 732 1498 
f 1852 1498 1842 
f 689 531 838 
f 1407 1918 1539 
f 726 1498 732 
f 1911 494 1922 
f 1836 590 510 
f 1823 1623 724 
f 2168 2171 145 
f 1498 726 1623 
f 504 1623 726 
f 1443 1665 626 
f 363 1003 1316 
f 187 1535 730 
f 1615 730 1535 
f 1927 1926 1923 
f 1915 1922 494 
f 2046 130 2133 
f 2091 2093 221 
f 475 1805 1860 
f 1530 1860 1805 
f 732 109 1855 
f 1530 1855 109 
f 550 2124 2130 
f 106 730 1615 
f 106 1805 1856 
f 475 1856 1805 
f 465 648 1665 
f 1773 714 183 
f 100 688 414 
f 739 736 737 
f 741 742 740 
f 94 160 1844 
f 2161 414 65 
f 236 414 688 
f 747 746 744 
f 10 744 746 
f 736 741 745 
f 747 745 741 
f 16 748 749 
f 750 749 748 
f 745 750 736 
f 737 736 750 
f 230 1702 675 
f 1776 1974 230 
f 197 753 752 
f 739 752 753 
f 18 755 757 
f 758 757 755 
f 752 758 197 
f 756 197 758 
f 762 761 759 
f 13 759 761 
f 197 756 764 
f 762 764 756 
f 763 742 764 
f 697 1844 160 
f 193 2134 1666 
f 753 197 764 
f 1 765 768 
f 769 768 765 
f 767 769 202 
f 766 202 769 
f 12 770 772 
f 773 772 770 
f 202 766 771 
f 773 771 766 
f 774 777 11 
f 776 11 777 
f 771 777 202 
f 775 202 777 
f 787 778 779 
f 780 779 778 
f 202 775 767 
f 780 767 775 
f 7 781 993 
f 785 993 781 
f 1931 1930 1928 
f 129 1928 1930 
f 779 788 787 
f 835 148 1854 
f 783 788 206 
f 786 206 788 
f 11 789 774 
f 791 774 789 
f 2178 2177 2163 
f 144 2163 2177 
f 792 794 23 
f 793 23 794 
f 786 794 206 
f 783 206 794 
f 2 795 798 
f 796 798 795 
f 211 797 796 
f 1882 1881 1866 
f 800 803 802 
f 2082 2089 2080 
f 796 803 211 
f 801 211 803 
f 1971 1957 1967 
f 177 1808 24 
f 211 801 805 
f 807 805 801 
f 20 808 809 
f 810 809 808 
f 810 797 805 
f 211 805 797 
f 768 814 1 
f 813 1 814 
f 812 814 215 
f 811 215 814 
f 787 817 778 
f 2167 2154 2165 
f 215 811 212 
f 817 212 811 
f 405 156 653 
f 503 502 1941 
f 212 820 215 
f 819 215 820 
f 16 822 823 
f 824 823 822 
f 215 819 812 
f 824 812 819 
f 436 1630 2103 
f 1825 1665 648 
f 829 826 830 
f 827 830 826 
f 16 823 748 
f 830 748 823 
f 147 1712 456 
f 2130 2050 2129 
f 1804 653 156 
f 833 819 831 
f 131 2129 2050 
f 1944 1950 503 
f 688 1308 754 
f 1437 1978 465 
f 630 705 364 
f 502 503 1950 
f 832 972 169 
f 5 841 848 
f 891 846 841 
f 839 841 846 
f 648 465 1978 
f 1874 1717 119 
f 685 1506 650 
f 846 891 842 
f 1537 427 986 
f 845 831 819 
f 842 831 846 
f 120 1904 1919 
f 849 30 839 
f 848 839 30 
f 1990 1989 516 
f 147 2195 1249 
f 851 854 7 
f 781 7 854 
f 853 854 858 
f 852 858 854 
f 857 856 849 
f 30 849 856 
f 859 858 857 
f 852 857 858 
f 819 820 845 
f 859 845 820 
f 266 997 1368 
f 125 1945 371 
f 1538 1854 148 
f 853 817 787 
f 2149 1606 132 
f 683 674 1505 
f 861 864 2 
f 795 2 864 
f 481 1869 1873 
f 862 228 864 
f 18 865 867 
f 868 867 865 
f 228 862 866 
f 868 866 862 
f 869 872 17 
f 907 17 872 
f 866 872 228 
f 870 228 872 
f 539 2080 2089 
f 874 873 802 
f 228 870 864 
f 874 864 870 
f 876 878 875 
f 8 875 878 
f 999 154 1001 
f 1863 1718 1748 
f 873 882 802 
f 229 802 882 
f 876 882 232 
f 227 232 882 
f 17 883 869 
f 2173 1696 146 
f 232 227 884 
f 869 884 227 
f 887 29 888 
f 886 888 29 
f 884 888 232 
f 1402 1001 154 
f 628 532 2036 
f 72 1670 1470 
f 891 841 893 
f 895 893 841 
f 29 887 233 
f 895 233 887 
f 1833 644 1832 
f 144 1826 2158 
f 546 2045 1003 
f 883 17 897 
f 396 1832 644 
f 463 722 151 
f 1901 1900 1898 
f 1250 1962 468 
f 893 897 891 
f 900 891 897 
f 421 230 1974 
f 827 903 738 
f 906 903 826 
f 689 1007 531 
f 1867 732 1855 
f 721 175 91 
f 826 829 906 
f 907 906 829 
f 600 1003 2045 
f 821 816 1991 
f 1796 1710 614 
f 2136 1731 1596 
f 18 757 865 
f 903 865 757 
f 594 614 1710 
f 1911 1917 494 
f 913 1017 3 
f 162 646 2131 
f 241 911 910 
f 913 910 911 
f 22 914 916 
f 917 916 914 
f 915 241 917 
f 910 917 241 
f 21 918 920 
f 921 920 918 
f 921 919 915 
f 241 915 919 
f 499 1924 1929 
f 940 600 1696 
f 919 31 241 
f 911 241 31 
f 978 926 9 
f 928 9 926 
f 723 729 1932 
f 1350 1521 586 
f 1935 1934 128 
f 931 31 932 
f 926 932 245 
f 239 245 932 
f 21 933 918 
f 125 1868 1870 
f 245 239 938 
f 918 938 239 
f 938 243 936 
f 33 936 243 
f 1644 622 424 
f 592 1932 729 
f 2115 1762 113 
f 249 4 943 
f 941 943 250 
f 246 250 943 
f 28 944 946 
f 485 1882 1878 
f 250 246 945 
f 946 945 246 
f 948 951 25 
f 950 25 951 
f 945 951 250 
f 949 250 951 
f 1284 952 953 
f 954 953 952 
f 954 941 949 
f 250 949 941 
f 9 928 252 
f 958 252 928 
f 1921 1845 835 
f 1827 2023 1702 
f 959 960 33 
f 936 33 960 
f 148 835 1845 
f 440 166 1608 
f 25 950 963 
f 964 963 950 
f 955 960 247 
f 964 247 960 
f 235 155 1404 
f 1704 1918 134 
f 247 944 955 
f 958 955 944 
f 848 1009 5 
f 585 720 506 
f 1722 158 2044 
f 973 976 1009 
f 30 971 848 
f 973 848 971 
f 976 973 1018 
f 1850 1965 2074 
f 1018 31 976 
f 931 976 31 
f 1431 619 1599 
f 1656 522 1690 
f 9 977 978 
f 925 510 590 
f 908 2044 158 
f 581 930 444 
f 29 979 886 
f 982 886 979 
f 982 980 981 
f 259 981 980 
f 946 985 28 
f 1005 28 985 
f 980 985 259 
f 983 259 985 
f 889 435 855 
f 943 4 988 
f 259 983 987 
f 988 987 983 
f 878 990 8 
f 989 8 990 
f 981 259 990 
f 987 990 259 
f 23 991 792 
f 994 792 991 
f 994 992 993 
f 2141 1880 163 
f 22 916 996 
f 995 996 916 
f 2096 543 2097 
f 1796 1402 1787 
f 998 1000 3 
f 1715 2131 646 
f 992 995 261 
f 1000 261 995 
f 993 1002 7 
f 261 7 1002 
f 993 992 1002 
f 261 1002 992 
f 947 1404 155 
f 573 1975 2072 
f 568 2194 2198 
f 1005 257 977 
f 233 979 29 
f 1902 1905 120 
f 560 2169 2162 
f 712 1863 331 
f 480 1470 1670 
f 651 728 1365 
f 257 979 255 
f 1009 255 979 
f 252 977 9 
f 444 836 581 
f 255 977 257 
f 721 901 175 
f 856 1013 30 
f 971 30 1013 
f 1016 1013 1011 
f 1389 592 666 
f 7 261 851 
f 1015 851 261 
f 729 666 592 
f 1015 998 1011 
f 1919 855 120 
f 998 3 1017 
f 998 1017 1011 
f 1016 1011 1017 
f 1931 1929 1924 
f 1913 1912 1909 
f 1262 605 1553 
f 491 1553 605 
f 23 1019 991 
f 1022 991 1019 
f 1020 268 1022 
f 1021 1022 268 
f 35 1023 1025 
f 1026 1025 1023 
f 1026 1024 1020 
f 268 1020 1024 
f 1029 34 1030 
f 1027 1030 34 
f 1024 1030 268 
f 1028 268 1030 
f 1032 1031 996 
f 22 996 1031 
f 268 1028 1021 
f 1032 1021 1028 
f 1033 1036 35 
f 1023 35 1036 
f 1035 1036 272 
f 1034 272 1036 
f 37 1037 1039 
f 1040 1039 1037 
f 272 1034 1038 
f 1040 1038 1034 
f 1043 36 1044 
f 1041 1044 36 
f 1038 1044 272 
f 1042 272 1044 
f 1046 1045 1029 
f 34 1029 1045 
f 272 1042 1035 
f 1046 1035 1042 
f 35 1047 1033 
f 1050 1033 1047 
f 276 1049 1048 
f 1050 1048 1049 
f 1051 1054 40 
f 1053 40 1054 
f 1048 1054 276 
f 1052 276 1054 
f 41 1055 1057 
f 1058 1057 1055 
f 276 1052 1056 
f 1058 1056 1052 
f 1039 1060 37 
f 1059 37 1060 
f 1056 1060 276 
f 1049 276 1060 
f 37 1059 1063 
f 1064 1063 1059 
f 280 1062 1061 
f 1064 1061 1062 
f 1065 1067 41 
f 1055 41 1067 
f 1061 1067 280 
f 1066 280 1067 
f 1071 1070 1068 
f 42 1068 1070 
f 280 1066 1069 
f 1071 1069 1066 
f 38 1072 1073 
f 1074 1073 1072 
f 1074 1062 1069 
f 280 1069 1062 
f 1079 1078 1075 
f 43 1075 1078 
f 285 1077 1076 
f 1079 1076 1077 
f 1080 1083 48 
f 1082 48 1083 
f 285 1076 1081 
f 1083 1081 1076 
f 1084 1087 45 
f 1086 45 1087 
f 285 1081 1085 
f 1087 1085 1081 
f 1088 1090 46 
f 1089 46 1090 
f 285 1085 1077 
f 1090 1077 1085 
f 1091 1095 44 
f 1094 44 1095 
f 290 1093 1092 
f 1095 1092 1093 
f 1099 1098 1096 
f 50 1096 1098 
f 290 1092 1097 
f 1099 1097 1092 
f 1100 1103 47 
f 1102 47 1103 
f 1097 1103 290 
f 1101 290 1103 
f 1104 1106 49 
f 1105 49 1106 
f 290 1101 1093 
f 1106 1093 1101 
f 18 867 1109 
f 1110 1109 867 
f 1107 293 1110 
f 1108 1110 293 
f 1113 861 1111 
f 2 1111 861 
f 293 1107 1112 
f 1113 1112 1107 
f 1094 1116 44 
f 1115 44 1116 
f 1112 1116 293 
f 1114 293 1116 
f 1117 1118 49 
f 1104 49 1118 
f 293 1114 1108 
f 1118 1108 1114 
f 20 1123 1122 
f 1539 1700 751 
f 297 1121 294 
f 1123 294 1121 
f 13 1124 1126 
f 1125 1126 1124 
f 294 1125 297 
f 129 336 213 
f 1102 1130 47 
f 1129 47 1130 
f 297 1125 1128 
f 1130 1128 1125 
f 1131 1132 50 
f 1096 50 1132 
f 1128 1132 297 
f 1121 297 1132 
f 18 1109 755 
f 1135 755 1109 
f 298 1134 1133 
f 1135 1133 1134 
f 1105 1137 49 
f 1117 49 1137 
f 1133 1137 298 
f 1136 298 1137 
f 1129 1139 47 
f 1100 47 1139 
f 298 1136 1138 
f 1139 1138 1136 
f 13 761 1124 
f 1140 1124 761 
f 1138 1140 298 
f 1134 298 1140 
f 20 1122 808 
f 1143 808 1122 
f 1142 1143 299 
f 1141 299 1143 
f 1098 1145 50 
f 1131 50 1145 
f 299 1141 1144 
f 1145 1144 1141 
f 1115 1147 44 
f 1091 44 1147 
f 1144 1147 299 
f 1146 299 1147 
f 1148 1111 798 
f 2 798 1111 
f 1148 1142 1146 
f 299 1146 1142 
f 16 1149 822 
f 1152 822 1149 
f 1151 1152 302 
f 1150 302 1152 
f 1082 1155 48 
f 1154 48 1155 
f 302 1150 1153 
f 1155 1153 1150 
f 1156 1158 43 
f 1075 43 1158 
f 1153 1158 302 
f 1157 302 1158 
f 1160 1159 813 
f 1 813 1159 
f 302 1157 1151 
f 1160 1151 1157 
f 772 1164 12 
f 1163 12 1164 
f 1161 304 1164 
f 1162 1164 304 
f 1159 1166 1 
f 765 1 1166 
f 1166 1165 1161 
f 304 1161 1165 
f 1078 1168 43 
f 1156 43 1168 
f 1165 1168 304 
f 1167 304 1168 
f 1169 1170 46 
f 1088 46 1170 
f 304 1167 1162 
f 1170 1162 1167 
f 1171 1174 10 
f 744 10 1174 
f 1173 1174 306 
f 1172 306 1174 
f 1086 1177 45 
f 1176 45 1177 
f 306 1172 1175 
f 1177 1175 1172 
f 1154 1179 48 
f 1080 48 1179 
f 1175 1179 306 
f 1178 306 1179 
f 16 749 1149 
f 1180 1149 749 
f 306 1178 1173 
f 1180 1173 1178 
f 12 1163 1183 
f 1184 1183 1163 
f 308 1182 1181 
f 1184 1181 1182 
f 1089 1186 46 
f 1169 46 1186 
f 1181 1186 308 
f 1185 308 1186 
f 1176 1188 45 
f 1084 45 1188 
f 308 1185 1187 
f 1188 1187 1185 
f 10 1189 1171 
f 1190 1171 1189 
f 1187 1190 308 
f 1182 308 1190 
f 38 1191 1072 
f 1194 1072 1191 
f 312 1193 1192 
f 1194 1192 1193 
f 51 1195 1197 
f 1198 1197 1195 
f 312 1192 1196 
f 1198 1196 1192 
f 1201 53 1202 
f 1199 1202 53 
f 312 1196 1200 
f 1202 1200 1196 
f 1205 1204 1043 
f 36 1043 1204 
f 312 1200 1203 
f 1205 1203 1200 
f 1063 1206 37 
f 1037 37 1206 
f 1203 1206 312 
f 1193 312 1206 
f 52 1207 1210 
f 1211 1210 1207 
f 1211 1208 1209 
f 317 1209 1208 
f 1212 1215 53 
f 1214 53 1215 
f 1208 1215 317 
f 1213 317 1215 
f 1216 1219 57 
f 1218 57 1219 
f 1217 317 1219 
f 1213 1219 317 
f 1222 1221 1220 
f 56 1220 1221 
f 317 1217 1209 
f 1222 1209 1217 
f 1225 1212 1201 
f 53 1201 1212 
f 320 1224 1223 
f 1225 1223 1224 
f 51 1226 1195 
f 1228 1195 1226 
f 1227 320 1228 
f 1223 1228 320 
f 1232 1231 1229 
f 54 1229 1231 
f 320 1227 1230 
f 1232 1230 1227 
f 1218 1234 57 
f 1233 57 1234 
f 1230 1234 320 
f 1224 320 1234 
f 1238 1229 1235 
f 54 1235 1229 
f 323 1237 1236 
f 1238 1236 1237 
f 1239 1242 55 
f 1241 55 1242 
f 1236 1242 323 
f 1240 323 1242 
f 1221 1245 56 
f 1244 56 1245 
f 323 1240 1243 
f 1245 1243 1240 
f 1233 1246 57 
f 1216 57 1246 
f 1243 1246 323 
f 1237 323 1246 
f 843 1637 174 
f 1812 2087 725 
f 127 1890 1891 
f 2038 2104 529 
f 613 1252 1706 
f 1253 1706 1252 
f 327 69 1253 
f 1774 470 586 
f 920 1258 21 
f 1257 21 1258 
f 1253 1258 327 
f 1256 327 1258 
f 22 1259 914 
f 1260 914 1259 
f 135 2075 2074 
f 1260 327 1256 
f 1264 77 1265 
f 1261 1265 77 
f 1263 1265 1267 
f 1269 1267 1265 
f 1269 328 1266 
f 80 1266 328 
f 262 881 165 
f 2092 2076 2090 
f 963 1272 25 
f 1271 25 1272 
f 1274 1267 1272 
f 1791 74 1751 
f 33 1273 959 
f 1274 959 1273 
f 1267 1274 1263 
f 716 1808 177 
f 1266 80 1278 
f 1275 1278 80 
f 1277 1278 334 
f 1276 334 1278 
f 1282 1281 1279 
f 81 1279 1281 
f 334 1276 1280 
f 1282 1280 1276 
f 1956 1954 1955 
f 953 1285 1284 
f 1280 1285 334 
f 1283 334 1285 
f 25 1271 948 
f 1286 948 1271 
f 1286 1277 1283 
f 334 1283 1277 
f 1287 1291 67 
f 1290 67 1291 
f 1289 1291 338 
f 1288 338 1291 
f 213 242 129 
f 2119 165 966 
f 338 1288 1293 
f 68 1293 1288 
f 1297 12 1298 
f 1183 1298 12 
f 1293 1298 338 
f 1296 338 1298 
f 1300 1189 1299 
f 10 1299 1189 
f 338 1296 1289 
f 1300 1289 1296 
f 644 584 1660 
f 2041 2040 2142 
f 1305 1302 1303 
f 342 1303 1302 
f 65 351 2161 
f 1758 74 1309 
f 1307 342 1309 
f 1302 1309 342 
f 1312 1311 1126 
f 13 1126 1311 
f 342 1307 1310 
f 1312 1310 1307 
f 1313 1314 20 
f 1123 20 1314 
f 1303 342 1314 
f 1310 1314 342 
f 178 2034 101 
f 1252 613 1318 
f 1317 1318 1319 
f 1321 1319 1318 
f 1321 379 1264 
f 77 1264 379 
f 2081 1590 2051 
f 905 2168 27 
f 243 1322 33 
f 1273 33 1322 
f 144 2177 1826 
f 131 2051 1590 
f 21 1257 933 
f 1324 933 1257 
f 1319 1322 1317 
f 1324 1317 1322 
f 1328 70 1329 
f 1325 1329 70 
f 1326 347 1329 
f 1327 1329 347 
f 2083 157 335 
f 664 1656 427 
f 347 1326 326 
f 1332 326 1326 
f 1031 1334 22 
f 1259 22 1334 
f 326 1334 347 
f 1333 347 1334 
f 34 1335 1027 
f 1336 1027 1335 
f 347 1333 1327 
f 1336 1327 1333 
f 1340 71 1341 
f 1337 1341 71 
f 1339 1341 350 
f 1338 350 1341 
f 1344 1343 1328 
f 70 1328 1343 
f 350 1338 1342 
f 1344 1342 1338 
f 1045 1346 34 
f 1335 34 1346 
f 1345 350 1346 
f 1342 1346 350 
f 36 1347 1041 
f 1348 1041 1347 
f 1348 1339 1345 
f 350 1345 1339 
f 165 2119 262 
f 1353 1352 1349 
f 1351 1353 355 
f 1357 355 1353 
f 65 1354 351 
f 1357 351 1354 
f 355 1357 1355 
f 1675 898 1626 
f 1358 1361 39 
f 1360 39 1361 
f 1355 1361 355 
f 1359 355 1361 
f 38 1362 1363 
f 1364 1363 1362 
f 355 1359 1351 
f 1364 1351 1359 
f 1805 106 734 
f 207 510 152 
f 264 927 1716 
f 658 2145 1847 
f 134 2078 1704 
f 1959 262 2119 
f 1370 358 1371 
f 1366 1371 358 
f 38 1073 1362 
f 1374 1362 1073 
f 1374 1373 1370 
f 358 1370 1373 
f 1375 1376 42 
f 1068 42 1376 
f 1373 1376 358 
f 2103 1716 927 
f 1957 1971 1976 
f 1377 1381 1806 
f 1798 1714 122 
f 850 361 1381 
f 721 2132 901 
f 331 2102 712 
f 361 850 1382 
f 1383 1382 850 
f 20 809 1313 
f 1386 1313 809 
f 1385 361 1386 
f 1382 1386 361 
f 807 1387 804 
f 1388 804 1387 
f 1388 1381 1385 
f 361 1385 1381 
f 2071 966 165 
f 2032 2030 2033 
f 102 159 1734 
f 1392 1390 1391 
f 1754 167 834 
f 1810 58 1394 
f 222 2024 587 
f 1964 1734 159 
f 11 776 1398 
f 1399 1398 776 
f 1390 1394 1397 
f 1399 1397 1394 
f 770 12 1400 
f 1297 1400 12 
f 1397 1400 1390 
f 1391 1390 1400 
f 1403 58 1401 
f 967 834 167 
f 1889 1887 1884 
f 485 1884 1887 
f 1405 367 61 
f 365 61 367 
f 1996 158 1521 
f 1722 1521 158 
f 23 793 1410 
f 1411 1410 793 
f 367 1406 1409 
f 1411 1409 1406 
f 1398 1412 11 
f 789 11 1412 
f 1409 1412 367 
f 1403 367 1412 
f 1413 1416 61 
f 1405 61 1416 
f 370 1415 1414 
f 1416 1414 1415 
f 1420 1419 1417 
f 62 1417 1419 
f 370 1414 1418 
f 1420 1418 1414 
f 35 1025 1422 
f 1423 1422 1025 
f 1421 370 1423 
f 1418 1423 370 
f 1410 1424 23 
f 1019 23 1424 
f 1421 1424 370 
f 1415 370 1424 
f 1425 1428 62 
f 1417 62 1428 
f 1427 1428 1430 
f 1432 1430 1428 
f 1429 1432 140 
f 1444 140 1432 
f 2122 2121 1916 
f 2186 2188 149 
f 1435 1434 1053 
f 40 1053 1434 
f 1433 1430 1435 
f 132 1916 2121 
f 35 1422 1047 
f 1436 1047 1422 
f 1436 1427 1433 
f 1430 1433 1427 
f 1440 1429 1437 
f 140 1437 1429 
f 376 1439 1438 
f 1440 1438 1439 
f 1441 1443 626 
f 409 2133 234 
f 1438 1443 376 
f 1442 376 1443 
f 41 1057 1446 
f 1447 1446 1057 
f 376 1442 1445 
f 1447 1445 1442 
f 1434 1448 40 
f 1051 40 1448 
f 1445 1448 376 
f 1439 376 1448 
f 1452 1441 1449 
f 626 1449 1441 
f 1451 1452 378 
f 377 378 1452 
f 863 222 902 
f 121 1519 1632 
f 378 377 1453 
f 1454 1453 377 
f 1070 1457 42 
f 1375 42 1457 
f 1453 1457 378 
f 1456 378 1457 
f 41 1446 1065 
f 1458 1065 1446 
f 1458 1451 1456 
f 378 1456 1451 
f 1462 1461 1340 
f 71 1340 1461 
f 381 1460 1459 
f 1462 1459 1460 
f 1347 36 1464 
f 1204 1464 36 
f 381 1459 1463 
f 1464 1463 1459 
f 53 1214 1199 
f 1466 1199 1214 
f 381 1463 1465 
f 1466 1465 1463 
f 1467 1469 52 
f 1207 52 1469 
f 381 1465 1468 
f 1469 1468 1465 
f 1470 1472 72 
f 1471 72 1472 
f 381 1468 1460 
f 1472 1460 1468 
f 38 1363 1191 
f 1475 1191 1363 
f 1475 1473 1474 
f 1477 1474 1473 
f 39 1476 1358 
f 1478 1358 1476 
f 1478 1477 1473 
f 1898 133 1922 
f 1197 1480 51 
f 1479 51 1480 
f 2099 1408 1255 
f 1474 1477 1480 
f 1485 1484 1481 
f 85 1481 1484 
f 1483 1485 388 
f 1482 388 1485 
f 1489 1488 1486 
f 83 1486 1488 
f 388 1482 1487 
f 1489 1487 1482 
f 1490 1493 84 
f 1492 84 1493 
f 1487 1493 388 
f 1491 388 1493 
f 1496 1495 1494 
f 82 1494 1495 
f 388 1491 1483 
f 1496 1483 1491 
f 1536 1861 155 
f 1500 1569 1501 
f 1499 1501 393 
f 1504 393 1501 
f 24 1972 177 
f 89 1502 1504 
f 393 1504 1503 
f 102 924 159 
f 172 684 1776 
f 685 650 2035 
f 391 393 1509 
f 1503 1509 393 
f 93 1510 1511 
f 1512 1511 1510 
f 1512 1499 391 
f 393 391 1499 
f 93 1513 1516 
f 1517 1516 1513 
f 1517 1514 1515 
f 1523 1515 1514 
f 1590 2055 131 
f 76 71 1295 
f 1514 1680 1523 
f 1525 1523 1680 
f 1425 62 374 
f 87 1525 395 
f 64 32 374 
f 131 2050 2051 
f 683 505 674 
f 1247 1378 1010 
f 1515 1523 1528 
f 1444 374 32 
f 89 1532 1502 
f 1965 186 1851 
f 399 402 1532 
f 1531 1532 402 
f 399 1543 1534 
f 1533 1534 1543 
f 399 1534 402 
f 1967 518 2020 
f 718 730 1837 
f 711 1876 1753 
f 1534 1540 402 
f 401 402 1540 
f 540 142 2094 
f 224 1670 1602 
f 402 401 1531 
f 1541 1531 401 
f 1953 115 630 
f 1533 1543 1546 
f 403 404 1546 
f 1545 1546 404 
f 395 1628 87 
f 263 713 1450 
f 1547 404 1628 
f 403 1628 404 
f 1461 1295 71 
f 707 1637 169 
f 564 2180 2183 
f 1552 404 1547 
f 1007 2031 713 
f 961 2034 699 
f 2070 2116 113 
f 2185 2183 2180 
f 1569 1500 1557 
f 1558 1557 1500 
f 408 1556 1555 
f 1558 1555 1556 
f 93 1516 1510 
f 1560 1510 1516 
f 1555 1560 408 
f 1559 408 1560 
f 1561 1563 1528 
f 422 1010 1378 
f 1562 408 1563 
f 1559 1563 408 
f 95 1564 1565 
f 1566 1565 1564 
f 408 1562 1556 
f 1566 1556 1562 
f 1570 1569 1557 
f 205 784 962 
f 411 1568 1567 
f 1570 1567 1568 
f 1571 1572 95 
f 1564 95 1572 
f 411 1567 1572 
f 1970 1973 139 
f 55 1241 1575 
f 1576 1575 1241 
f 411 1572 1574 
f 1576 1574 1572 
f 1231 1578 54 
f 1235 54 1578 
f 1574 1578 411 
f 1577 411 1578 
f 51 1579 1226 
f 1580 1226 1579 
f 411 1577 1568 
f 1580 1568 1577 
f 1528 1581 1561 
f 1584 1561 1581 
f 1584 1582 1583 
f 413 1583 1582 
f 1586 52 1587 
f 1210 1587 52 
f 1585 413 1587 
f 1582 1587 413 
f 1244 1589 56 
f 1220 56 1589 
f 413 1585 1588 
f 1589 1588 1585 
f 1575 1591 55 
f 1239 55 1591 
f 413 1588 1592 
f 1591 1592 1588 
f 1571 95 1592 
f 1565 1592 95 
f 2155 556 2157 
f 1583 413 1592 
f 1720 709 1960 
f 556 2147 2152 
f 416 1595 1594 
f 1525 1594 1595 
f 1597 1600 73 
f 87 73 1600 
f 416 1594 1598 
f 1600 1598 1594 
f 72 1471 1602 
f 1603 1602 1471 
f 416 1598 1601 
f 1603 1601 1598 
f 1605 1467 1586 
f 52 1586 1467 
f 416 1601 1604 
f 1605 1604 1601 
f 1528 1595 1581 
f 611 1829 1781 
f 2029 164 1771 
f 416 1604 1595 
f 1611 1610 1607 
f 66 1607 1610 
f 420 1609 1612 
f 1611 1612 1609 
f 1612 1543 399 
f 2111 2113 117 
f 2140 2139 2142 
f 1507 896 114 
f 1535 727 1615 
f 1532 89 1617 
f 420 1612 1616 
f 1617 1616 1612 
f 39 1360 1619 
f 1620 1619 1360 
f 420 1616 1618 
f 1620 1618 1616 
f 1621 1622 65 
f 1354 65 1622 
f 1618 1622 420 
f 1609 420 1622 
f 73 87 1625 
f 150 935 637 
f 1625 1628 1624 
f 403 1624 1628 
f 2021 1960 709 
f 2190 2196 568 
f 560 554 2166 
f 698 731 667 
f 1629 1268 1450 
f 2002 2001 2000 
f 1842 1498 1823 
f 1543 1607 403 
f 1827 66 1701 
f 339 698 986 
f 1624 403 1607 
f 461 460 1802 
f 1619 1635 39 
f 1476 39 1635 
f 1634 1635 1633 
f 170 1986 892 
f 1633 89 1504 
f 734 1615 727 
f 2013 892 1986 
f 240 2006 81 
f 596 962 784 
f 1639 1501 1569 
f 506 1947 1948 
f 1639 1638 1633 
f 51 1479 1579 
f 1640 1579 1479 
f 1633 1638 1634 
f 1640 1634 1638 
f 1509 1508 1642 
f 1641 1642 1508 
f 1910 2027 2109 
f 1996 1992 158 
f 1488 1647 83 
f 1646 83 1647 
f 1642 1647 426 
f 1645 426 1647 
f 1648 1650 85 
f 1481 85 1650 
f 1652 426 1650 
f 1645 1650 426 
f 93 1511 1651 
f 1652 1651 1511 
f 578 2109 2027 
f 1910 2048 1006 
f 400 1653 1540 
f 1654 1540 1653 
f 621 59 640 
f 605 1968 491 
f 1492 1659 84 
f 1658 84 1659 
f 1654 1659 428 
f 1657 428 1659 
f 1646 1661 83 
f 1486 83 1661 
f 1657 1661 428 
f 1662 428 1661 
f 1541 1662 1508 
f 1641 1508 1662 
f 405 104 156 
f 799 1936 15 
f 86 1663 1552 
f 1664 1552 1663 
f 2067 1952 1554 
f 1734 184 2028 
f 1668 82 1669 
f 1495 1669 82 
f 1664 1669 430 
f 1667 430 1669 
f 1658 1671 84 
f 1490 84 1671 
f 1672 430 1671 
f 1667 1671 430 
f 400 1545 1653 
f 1672 1653 1545 
f 124 242 625 
f 619 1554 1952 
f 93 1651 1513 
f 896 722 649 
f 431 1674 1673 
f 1513 1673 1674 
f 1484 1677 85 
f 1648 85 1677 
f 1673 1677 431 
f 1676 431 1677 
f 1668 1679 82 
f 1494 82 1679 
f 1678 431 1679 
f 1676 1679 431 
f 649 934 2061 
f 1663 86 1680 
f 1674 431 1680 
f 1678 1680 431 
f 742 763 434 
f 1684 434 763 
f 2005 1251 151 
f 2037 942 1551 
f 1687 759 1685 
f 13 1685 759 
f 611 1551 942 
f 1687 1691 1681 
f 1688 1691 1705 
f 1860 1530 109 
f 1689 1681 1691 
f 2037 2141 1767 
f 1692 1694 98 
f 1693 98 1694 
f 1684 1681 1694 
f 1689 1694 1681 
f 1685 13 1697 
f 1311 1697 13 
f 2077 538 2079 
f 1695 438 1697 
f 1695 1309 74 
f 2102 1743 1699 
f 452 453 702 
f 651 1816 1824 
f 711 219 2137 
f 437 1596 1731 
f 1695 437 438 
f 2175 2181 564 
f 421 1827 230 
f 1655 687 32 
f 2073 2079 538 
f 1705 438 437 
f 67 1290 1709 
f 1707 1709 1290 
f 1536 155 723 
f 2045 1696 600 
f 1711 1713 10 
f 1299 10 1713 
f 235 723 155 
f 879 1550 544 
f 828 168 860 
f 1708 1729 96 
f 183 544 1550 
f 1756 665 860 
f 1718 1708 1748 
f 1749 1748 1708 
f 2123 2125 116 
f 696 986 912 
f 10 746 1711 
f 1723 1711 746 
f 1721 1727 1723 
f 1729 1723 1727 
f 740 742 1725 
f 434 1725 742 
f 1725 1724 1721 
f 1727 1721 1724 
f 1692 98 1728 
f 1726 1728 98 
f 1724 1728 1727 
f 1893 110 1942 
f 680 180 1865 
f 590 1836 957 
f 1939 1942 110 
f 1940 503 1942 
f 1732 437 1731 
f 1864 1871 481 
f 447 1733 1732 
f 1994 1999 516 
f 75 1735 1737 
f 1738 1737 1735 
f 1732 1738 447 
f 1736 447 1738 
f 98 1693 1740 
f 1741 1740 1693 
f 447 1736 1739 
f 1741 1739 1736 
f 600 254 1316 
f 1932 592 1320 
f 1739 1688 447 
f 1733 447 1688 
f 75 1743 1735 
f 1746 1735 1743 
f 1745 1746 1747 
f 1744 1747 1746 
f 1809 1953 1396 
f 929 115 143 
f 1522 1702 398 
f 1749 1747 1744 
f 894 1526 665 
f 1979 860 168 
f 2090 134 1918 
f 443 1747 96 
f 98 1740 1726 
f 1752 1726 1740 
f 1747 443 1745 
f 1752 1745 443 
f 1656 1520 522 
f 78 698 956 
f 134 2090 2076 
f 721 263 2132 
f 112 1756 173 
f 450 1789 1761 
f 1991 111 1989 
f 451 450 1761 
f 136 442 2015 
f 451 103 1765 
f 451 1765 450 
f 2106 937 417 
f 117 1703 2111 
f 450 1765 455 
f 1772 1766 1765 
f 2159 2164 144 
f 2126 733 119 
f 1627 1548 1431 
f 1772 1765 454 
f 2117 2135 551 
f 1912 1982 116 
f 141 1977 1957 
f 127 2000 2001 
f 690 152 666 
f 802 229 800 
f 1775 800 229 
f 432 666 152 
f 660 112 663 
f 875 8 1778 
f 1777 1778 8 
f 1772 1775 1766 
f 1778 1766 1775 
f 455 1779 450 
f 339 956 698 
f 458 1780 1779 
f 122 1004 1948 
f 8 989 1777 
f 1783 1777 989 
f 458 1779 1782 
f 1783 1782 1779 
f 1785 4 249 
f 909 855 435 
f 458 1782 1784 
f 1785 1784 1782 
f 1284 1788 952 
f 1957 1958 141 
f 458 1784 1780 
f 1788 1780 1784 
f 363 719 94 
f 1780 1789 450 
f 130 2046 2064 
f 90 751 77 
f 892 1526 170 
f 440 1455 166 
f 1799 1793 459 
f 1795 459 1793 
f 160 94 719 
f 1831 1789 457 
f 459 457 1799 
f 178 101 221 
f 1788 1284 1800 
f 1401 909 1966 
f 1800 1799 457 
f 863 1923 816 
f 1279 81 1793 
f 1801 1793 81 
f 185 590 63 
f 2101 118 2057 
f 639 58 1810 
f 234 612 409 
f 1813 1806 1803 
f 2031 724 504 
f 807 454 1387 
f 1807 1387 454 
f 1623 504 724 
f 72 1602 1670 
f 646 162 397 
f 1315 119 733 
f 1807 1811 1803 
f 462 1803 1811 
f 2131 1828 162 
f 359 166 1455 
f 1803 462 1813 
f 547 2112 2114 
f 451 1818 103 
f 1817 103 1818 
f 1821 466 1818 
f 1963 1976 1949 
f 1789 1819 1761 
f 1821 1761 1819 
f 1554 619 1834 
f 2075 135 1834 
f 818 939 608 
f 62 1419 344 
f 533 1797 145 
f 178 2093 699 
f 712 1969 617 
f 189 14 1879 
f 1862 1524 581 
f 871 1758 625 
f 1789 1831 1819 
f 389 2025 790 
f 1987 139 2139 
f 2105 2139 139 
f 125 1943 1945 
f 693 234 69 
f 2004 2009 2012 
f 2060 2094 142 
f 108 1835 1837 
f 2008 2011 138 
f 709 473 2021 
f 1837 1830 1795 
f 179 344 1419 
f 634 335 157 
f 1254 2021 473 
f 130 2063 137 
f 2036 521 628 
f 1961 1955 1954 
f 1842 1843 474 
f 1841 474 1843 
f 1846 1811 1817 
f 103 1817 1811 
f 143 2156 929 
f 1846 474 1841 
f 1367 825 828 
f 681 1879 14 
f 532 628 2055 
f 1408 2055 628 
f 109 1852 472 
f 519 838 117 
f 1852 1842 474 
f 1404 1975 1936 
f 644 1833 584 
f 379 2025 389 
f 975 594 1717 
f 1839 1858 476 
f 1856 1858 108 
f 1835 108 1858 
f 1984 1983 1982 
f 1857 476 1858 
f 472 1859 109 
f 1860 109 1859 
f 1857 1859 476 
f 526 2042 2054 
f 1520 1656 1518 
f 69 1332 693 
f 1710 1717 594 
f 107 476 1859 
