v 0.309469 -0.921392 0.450065
v -0.246077 0.582705 0.060732
v 0.324808 -0.919437 0.426008
v 0.326318 -0.962311 0.486252
v -0.281894 -0.982499 0.0586274
v 0.31358 -0.96947 0.51198
v 0.282044 -0.963641 0.507701
v -0.485513 -0.661363 0.305646
v 0.243132 -0.930071 0.0118518
v -0.2036314 -0.9194206 -0.1368742
v -0.165062 -0.917829 -0.173768
v 0.5245447 -0.84633636 -0.1469574
v 0.190673 -0.970283 0.571536
v 0.0641173 -0.671515 0.701181
v 0.129295 -0.963049 0.557488
v -0.146155 -0.961498 -0.234851
v -0.118244 -0.984391 -0.290257
v 0.0947305 -0.937937 0.53392
v 0.376785 -0.973999 -0.185883
v 0.859274 -0.829771 0.29683
v -0.956401 0.390143 0.23455
v 0.02383995 -0.9686075 0.5979686
v -0.4702797 -0.9718274 0.55423164
v 0.0245651 -0.961123 0.580437
v -0.0175506 -0.965747 0.600896
v -0.44921637 -0.9708016 0.50271416
v -0.711825 0.807927 -0.460992
v 0.0033340454 -0.9802978 -0.29410362
v -0.635902 -0.0997185 -0.186679
v 0.00821174 -0.123117 0.586351
v -0.142958 -0.294335 -0.421313
v 0.084877014 -0.81674194 -0.35780144
v -0.648665 0.677943 -0.181025
v -0.941215 0.0346416 0.26422
v -0.23020267 -0.9216513 -0.04730606
v -0.63357735 0.5927634 0.2567482
v 0.7860303 -0.19324875 0.23095703
v -0.191034 -0.919759 -0.173762
v 0.0743487 0.917639 -0.338387
v -0.22198725 -0.96776164 0.48040962
v -0.224261 -0.971162 0.509133
v -0.534693 -0.806132 0.00172445
v -0.204997 -0.944314 0.443334
v -0.182328 -0.927852 0.434441
v -0.187594 -0.935725 0.462421
v -0.170614 -0.935 0.482843
v -0.171538 -0.946092 -0.220764
v -0.175546 -0.968913 -0.24051
v -0.127216 -0.916937 0.472633
v -0.132758 -0.960651 0.5672
v -0.104255676 -0.9206109 0.5130501
v 0.537228 -0.715895 -0.265985
v -0.108141 -0.958831 0.573587
v -0.157069 -0.978449 -0.257242
v -0.0796128 -0.955815 0.575954
v 0.379026 -0.43182 0.721133
v -0.377347 0.195763 0.347902
v -0.577583 0.341467 0.481909
v 0.739878 -0.546785 0.40931
v 0.682199 -0.0817063 0.411555
v 0.0246209 -0.925293 0.540962
v -0.3663025 -0.9705597 0.4677887
v -0.497217 0.395084 0.405847
v -0.34743 -0.706311 0.522565
v 0.1019094 -0.909744 0.49103868
v -0.315904 -0.965152 0.132104
v 0.151079 -0.920321 0.499084
v 0.289728 -0.932396 0.46912
v -0.332036 -0.971328 0.108595
v -0.316865 -0.982208 0.0852078
v 0.19443512 -0.91745806 0.48403168
v 0.246647 -0.909298 0.45125
v -0.31026173 -0.98385197 0.0665493
v -0.717591 -0.51248 -0.0500961
v 0.279448 -0.909561 0.446362
v -0.91812 -0.0874408 0.172692
v -0.470006 0.36701 0.37919
v 0.0634024 -0.914889 0.516748
v 0.472238 -0.823744 0.560534
v -0.46845 -0.554056 -0.133955
v 0.852352 -0.482488 0.259241
v -0.64312 0.817616 -0.573398
v -0.365523 0.107899 0.404786
v -0.707213 0.474669 -0.291519
v 0.696869 -0.682374 -0.0698127
v -0.976121 0.139426 0.549597
v -0.169202 -0.924296 -0.198247
v -0.181835 -0.981416 -0.264758
v 0.90708 -0.744134 0.343094
v -0.688621 0.473574 -0.319149
v -0.51362705 -0.96962476 0.583168
v 0.00929823 -0.966198 -0.314075
v 0.040549 0.149865 0.457922
v -0.679363 0.704862 -0.203793
v -0.531226 -0.841609 0.347236
v -0.583384 0.496195 -0.0324438
v -0.0479754 0.916093 -0.169601
v -0.266653 0.827034 -0.0281486
v -0.933968 0.375725 0.191352
v -0.414724 0.201508 0.420736
v 0.09603739 -0.91453385 -0.14867592
v -0.302959 -0.982911 0.0440865
v -0.373241 0.284996 0.160505
v -0.234188 -0.965865 0.239863
v -0.249328 -0.923069 -0.0643103
v -0.137141 -0.793575 0.635569
v -0.24237 -0.966195 0.196664
v 0.737412 -0.839902 -0.0267435
v -0.258214 -0.964962 0.173565
v 0.168845 -0.925987 -0.16899
v 0.28886795 -0.9741766 0.08479309
v -0.4393 -0.741297 0.436034
v -0.30034 -0.961442 0.153632
v -0.217559 -0.931272 -0.18369
v -0.195691 -0.935553 -0.204
v -0.197336 -0.958721 -0.225433
v -0.706347 -0.560276 0.0165686
v 0.521221 0.0698141 0.455707
v -0.578313 0.528529 0.47571
v -0.426237 -0.496822 0.533375
v 0.40119553 -0.9669266 0.06113434
v 0.61039734 -0.7553406 0.48947144
v 0.563522 -0.676195 0.566494
v -0.547593 -0.966315 0.586191
v 0.808687 -0.491206 0.286517
v -0.559398 -0.812523 0.457455
v 0.628119 -0.426405 -0.23066
v -0.0872589 -0.79441 0.659462
v -0.469635 -0.458453 -0.207287
v 0.521519 -0.35483 0.650086
v -0.640174 -0.930698 0.429615
v 0.487428 -0.902346 -0.113696
v -0.359376 0.265415 0.144795
v 0.7617264 -0.20705223 0.35499573
v 0.542495 -0.352084 0.631936
v 0.3757553 -0.96455526 0.28668213
v -0.425613 -0.735727 0.456352
v 0.614622 -0.603906 0.546287
v -0.374374 0.163496 0.354407
v 0.496442 0.130022 0.429036
v -0.348135 -0.978005 0.0805053
v -0.27858353 -0.17134857 -0.26877594
v -0.300749 -0.979067 0.0183356
v -0.508379 0.450981 0.423843
v -0.2379322 -0.92130774 -0.10647297
v -0.224185 -0.920925 -0.137897
v -0.221337 -0.954041 -0.206742
v -0.366363 -0.954319 0.587619
v -0.220258 -0.971945 -0.232038
v -0.57096314 0.7313547 -0.729579
v -0.200749 -0.976064 -0.248277
v 0.966787 -0.517846 0.122542
v -0.1631589 -0.982993 -0.27820873
v 0.63555 -0.511414 -0.211293
v -0.0706841 -0.574138 0.616979
v -0.423559 -0.519186 0.517652
v -0.568677 -0.95344 0.589007
v -0.539975 -0.971482 0.559133
v 0.887025 -0.762408 0.348431
v -0.31438 -0.972293 -0.044554
v -0.317469 -0.974576 -0.0659954
v 0.699122 -0.475282 0.479529
v -0.0552369 -0.892358 0.7088
v -0.246774 0.843263 -0.0435889
v -0.269411 -0.930491 -0.0561308
v -0.9411 0.355191 0.207344
v -0.255199 -0.928883 -0.0382704
v -0.49308777 -0.010192871 0.5106201
v 0.606004 -0.241715 0.57292
v -0.212046 -0.923065 -0.0018381
v -0.595755 -0.83871 0.00263724
v -0.270587 -0.927302 -0.0831293
v -0.256298 -0.924409 -0.107462
v -0.253985 -0.929467 -0.135316
v -0.236001 -0.930157 -0.162028
v -0.257079 0.538993 0.0419991
v 0.853587 -0.499236 0.303167
v -0.0595473 -0.254727 0.708807
v -0.122887 -0.93137 0.204776
v -0.239055 -0.947029 -0.184081
v -0.838226 0.534441 0.419825
v 0.745313 -0.351349 -0.0980622
v -0.565843 -0.968871 0.566285
v -0.5637388 0.5836773 0.31830597
v -0.578682 -0.922909 0.311829
v -0.86748123 0.5621233 0.2740631
v -0.290759 -0.941405 0.571488
v -0.218662 -0.976687 0.112565
v -0.21716309 -0.96606445 0.087890625
v 0.140534 -0.98031 -0.253028
v 0.831021 -0.526267 0.336321
v -0.23997 -0.980138 0.0950934
v -0.4691887 -0.9729793 0.4178543
v 0.39126277 -0.968901 0.36986732
v -0.38411522 -0.977952 0.08602142
v -0.3595487 0.26334012 0.21051598
v -0.317379 -0.980641 0.000184045
v -0.678658 0.582418 0.0857971
v -0.497348 -0.105461 0.564722
v -0.274763 -0.940436 -0.112418
v -0.148059 -0.937665 0.134492
v -0.25695 -0.947427 -0.16283
v -0.971783 0.274972 0.2358
v -0.242489 -0.962156 -0.200102
v 0.64685726 0.070014656 0.060913086
v -0.224771 -0.981596 -0.257665
v -0.900127 -0.00826123 0.235746
v -0.20607 -0.982989 -0.274029
v 0.588147 -0.905228 0.382442
v 0.601138 -0.910775 0.362898
v -0.447342 -0.505633 0.522423
v -0.447225 -0.528794 0.506313
v -0.447499 -0.552636 0.49201
v -0.4774208 0.2110548 0.48768616
v 0.7101898 -0.2829647 0.4688263
v 0.6835327 -0.4544754 -0.14984894
v 0.868883 -0.713973 0.39672
v -0.78134155 0.5700749 0.10072327
v -0.2357316 -0.049844265 -0.24162483
v -0.76562643 0.580287 0.3419342
v -0.68756294 0.58474827 0.11577225
v -0.64451426 0.6496339 -0.14052963
v -0.56512356 0.58713335 0.28331184
v 0.798474 -0.354579 0.297866
v -0.35657072 -0.98249817 -0.006760597
v -0.88928 -0.026057 0.130544
v -0.569717 -0.92553 0.268458
v -0.289707 -0.901933 0.56246
v -0.295283 -0.963794 -0.115742
v -0.295027 -0.972268 -0.145845
v -0.257589 -0.974091 -0.207133
v -0.887086 0.484805 0.108251
v -0.533798 0.485152 0.453834
v -0.010316849 0.22355509 0.0747776
v 0.00250728 0.648416 -0.0905953
v -0.433732 -0.770388 -0.0841412
v -0.6019697 0.6209221 -0.5733261
v -0.51669 0.324147 0.458748
v -0.579547 0.567052 0.0543122
v -0.652805 0.69016 -0.199624
v -0.470679 -0.489684 0.535383
v -0.595334 0.272839 0.541549
v -0.763524 0.638224 -0.325223
v -0.53487 0.585147 0.190285
v 0.952806 -0.558702 0.32255
v -0.115081 -0.368489 0.688552
v 0.06556797 0.24878597 0.121788025
v -0.661469 0.272244 0.635973
v -0.585346 -0.968726 0.546544
v -0.431718 -0.7258 0.225563
v 0.006636858 0.23318338 0.10456562
v -0.466399 0.253387 0.461427
v -0.13467026 -0.92612505 0.10575867
v -0.35151672 -0.0074424744 -0.21821594
v -0.5903755 0.6641 -0.6277853
v -0.401169 -0.594253 0.492823
v 0.647646 -0.699097 0.488675
v 0.634794 -0.695748 0.505277
v -0.785865 0.850677 -0.586824
v -0.09593201 -0.7109089 0.55081177
v 0.971682 -0.517868 0.246011
v -0.34081 0.248953 0.128225
v -0.3762436 -0.9706688 0.13349915
v 0.11645889 0.24523592 0.036151886
v 0.917942 -0.475842 0.159582
v -0.0236913 -0.733225 0.636243
v -0.654881 0.494613 -0.411455
v -0.624546 -0.982637 -0.0612244
v -0.5652857 0.5879087 0.20569515
v -0.648418 0.76615 -0.406209
v -0.301613 -0.979762 -0.174636
v 0.80718756 -0.3978758 0.2721176
v -0.27763 -0.976896 -0.192928
v -0.8101959 0.57225895 0.33302307
v -0.25151062 -0.9793453 -0.23241425
v -0.64016 0.765995 -0.43015
v -0.661241 0.779085 -0.425004
v -0.403895 0.330164 0.2497
v -0.2771225 -0.98100305 -0.22523117
v 0.432792 -0.548033 0.675761
v -0.23822784 -0.98364437 -0.2790413
v -0.770455 0.508765 0.510946
v 0.554069 -0.812339 -0.182131
v -0.859058 0.288312 0.658404
v -0.78282607 0.5862813 0.2455666
v 0.872217 -0.503351 0.315588
v -0.471232 -0.51648 0.515706
v 0.48764 -0.620904 0.63316
v 0.3572 0.258456 0.27746
v -0.471279 -0.541404 0.501164
v -0.585461 -0.877192 -0.0619431
v -0.5859909 -0.97192895 0.5071182
v -0.563897 0.510596 0.481567
v -0.5625763 -0.97252464 0.52622986
v -0.07700348 0.20556402 0.24222565
v 0.635008 -0.719603 0.487711
v -0.0841727 0.19879 0.258424
v -0.444248 -0.740868 0.299095
v -0.3821479 0.28723526 0.27722454
v -0.651701 0.0435697 0.621811
v 0.09118217 0.85202885 -0.3115263
v 0.607359 -0.173217 0.549434
v 0.47925 -0.535138 0.648943
v -0.481105 0.393041 0.386286
v 0.575917 -0.366082 0.601368
v -0.9127846 -0.10136795 0.28390503
v -0.233832 -0.3023 -0.293317
v -0.538098 -0.934188 0.615329
v -0.212825 -0.280428 -0.299206
v 0.733512 -0.68259 0.421647
v -0.7659378 0.582613 0.15682983
v -0.3201151 0.020217896 0.48576355
v -0.821606 -0.0450674 0.405636
v 0.485765 -0.782302 0.551956
v -0.535327 -0.645678 0.301078
v -0.071982 -0.911596 0.713458
v 0.261047 0.173712 0.455086
v -0.698866 0.585458 0.0663745
v -0.705426 0.584113 0.0933543
v -0.67286 0.581945 0.0565269
v 0.16528702 0.25553608 0.045360565
v -0.330003 -0.979988 -0.0823096
v -0.319329 -0.977738 -0.107697
v -0.843857 -0.454254 0.116819
v -0.130912 0.918412 -0.0975336
v -0.648899 0.576312 0.02159
v -0.915309 -0.299692 0.128401
v -0.920888 -0.283072 0.107881
v 0.966233 -0.721615 0.255999
v 0.233698 -0.919374 0.476099
v -0.237293 -0.98396 -0.339881
v 0.464206 -0.231993 -0.297246
v -0.48021698 -0.5584793 0.48757935
v -0.546127 -0.857207 0.583297
v 0.34196854 -0.96683496 0.32397938
v -0.925171 -0.211243 0.143399
v -0.527883 -0.669311 0.0658791
v -0.25670075 0.16884232 0.352623
v 0.46994 -0.772433 0.572768
v -0.810491 0.579618 0.260424
v 0.431678 -0.771109 0.599071
v -0.603271 -0.9569 0.553865
v -0.0238973 0.849463 -0.196346
v -0.473076 0.541457 0.276594
v 0.48556137 0.20844984 0.11899948
v -0.751594 -0.558203 0.136363
v -0.484771 0.368823 0.400634
v -0.6746722 0.855629 -0.5960349
v 0.87898 -0.481767 0.123149
v 0.202578 -0.117879 0.601033
v -0.967517 0.0802514 0.148864
v -0.175759 0.675048 -0.0265247
v 0.721048 -0.129441 0.383646
v -0.695251 0.616887 -0.030393
v -0.712875 -0.93403 0.0843521
v -0.553961 0.330124 0.476464
v -0.318572 -0.98079 -0.150119
v -0.33393097 -0.98269576 -0.18314362
v -0.567855 -0.841378 0.551345
v -0.569889 -0.887261 0.2298
v -0.300854 -0.981837 -0.204389
v 0.0815202 -0.0671741 -0.277446
v -0.3075258 -0.98386747 -0.27944067
v -0.591879 0.869608 -0.728737
v 0.105075 -0.817706 0.634037
v -0.17898083 -0.98454666 -0.33483505
v -0.649319 -0.844475 0.10569
v -0.251034 -0.978004 -0.36355
v -0.332464 0.757899 0.0422308
v -0.519449 0.0686334 0.491253
v -0.420769 0.687779 -0.0396168
v -0.93712044 0.31504488 0.115859985
v -0.494943 -0.528971 0.50843
v -0.770132 0.57679 -0.0838376
v -0.2461853 0.73404217 0.011016846
v -0.931273 -0.268989 0.184468
v -0.47333717 -0.5805969 0.46096802
v -0.298791 0.164536 0.356064
v -0.159046 0.1265 0.381699
v -0.607298 -0.965566 0.530975
v 0.3457489 -0.5154114 0.7255249
v -0.08779144 0.1851654 0.29034424
v -0.670916 0.000405395 0.524106
v -0.643966 0.428172 -0.148763
v -0.5212765 -0.9776659 0.3391571
v -0.176516 0.11425 0.399088
v 0.054994583 0.91468334 -0.2942257
v 0.865264 -0.47867 0.139277
v -0.516742 -0.762095 0.101961
v -0.01411 0.664721 -0.170244
v -0.32670975 -0.9711044 0.5100155
v 0.00150909 0.654564 -0.153703
v -0.493454 0.570337 0.216169
v -0.513305 0.577354 0.228008
v -0.495887 0.568855 0.240753
v -0.49546146 -0.983646 0.18761444
v 0.2458868 0.15299225 0.47476196
v -0.4705627 -0.9809072 0.18501663
v -0.779869 0.0322581 -0.0325198
v -0.637022 0.517051 -0.450456
v -0.47942162 -0.98353 0.13451004
v -0.411052 -0.949717 -0.141853
v -0.4431305 -0.98209167 0.08854675
v -0.54723 -0.837855 0.568585
v 0.564958 -0.956575 0.0509781
v 0.575195 -0.652951 0.566814
v -0.667662 0.584881 0.029691
v -0.928313 -0.200373 0.168591
v -0.931882 -0.189449 0.1875
v -0.37275314 -0.98354447 -0.06059265
v -0.707734 -0.953314 0.129254
v 0.1515789 -0.9125819 -0.12679577
v -0.43995333 0.28968972 0.4106679
v -0.432927 0.299581 0.388327
v -0.526011 0.217809 0.529664
v -0.37089157 -0.98418874 -0.14838696
v -0.429032 0.395844 0.0622436
v 0.528765 -0.330071 0.637821
v 0.555552 -0.470708 0.594826
v 0.562822 0.0926758 0.406019
v -0.128105 -0.766444 0.585016
v -0.88312 -0.344738 0.295877
v 0.731358 -0.0929478 -0.00074296
v 0.7814264 -0.22047424 0.014282227
v 0.28295 -0.960234 -0.272154
v 0.13038635 0.2193985 0.39250183
v 0.5645237 0.15608025 0.11952019
v 0.5738125 0.13542747 0.32239914
v -0.278312 -0.983952 -0.313029
v -0.437341 -0.741768 0.277419
v -0.517991 -0.51628 0.514678
v -0.477607 0.539563 0.322427
v -0.479447 -0.461272 0.553951
v -0.40173 -0.564123 0.507985
v -0.49575806 -0.57203674 0.4670868
v -0.493799 0.554018 0.346123
v -0.4793434 -0.59708405 0.43399048
v -0.514241 0.55433 0.391847
v -0.45207 -0.927789 0.620182
v -0.507923 0.536588 0.405579
v -0.184481 -0.92193 -0.0157144
v -0.883833 0.428027 0.110886
v -0.979299 0.137078 0.473627
v -0.627231 -0.951431 0.513147
v -0.607569 -0.968629 0.505776
v 0.74554825 -0.18691826 -0.045398712
v -0.888155 -0.383867 0.148562
v -0.608406 -0.971936 0.458185
v -0.5967598 -0.9736736 0.4337082
v 0.559455 0.0661877 -0.080616
v 0.629275 -0.387977 0.566649
v -0.896985 -0.00200593 0.14267
v 0.0310551 0.95483 -0.283522
v 0.0178098 0.977467 -0.283715
v 0.020588 0.959701 -0.261877
v -0.817043 -0.493769 0.222281
v 0.862979 -0.474069 0.162416
v -0.515122 -0.983508 0.237959
v -0.457536 -0.708336 0.197429
v 0.506957 -0.63711 0.620685
v -0.48955917 -0.6978111 0.15614319
v -0.46975136 0.3057108 0.43131447
v -0.779117 0.0576806 -0.0414007
v -0.522858 -0.812666 0.393708
v 0.17952 -0.103962 0.584631
v 0.340724 0.0515175 0.520646
v -0.962013 0.0976679 0.406116
v 0.70549583 -0.049621582 0.008544922
v -0.554318 -0.822483 -0.00505895
v 0.878792 -0.482179 0.275997
v -0.577061 -0.969257 -0.0973995
v -0.403973 0.676443 0.0968593
v -0.41404724 0.71125793 0.053344727
v 0.939525 -0.528351 0.315167
v -0.604731 0.833968 -0.660382
v 0.37469482 -0.48602295 0.7142792
v 0.97232926 -0.7195407 0.18440509
v -0.3362863 -0.9843652 -0.26373482
v -0.63295 0.452607 -0.221228
v -0.71664 0.768492 -0.336334
v 0.0238645 -0.944536 0.562094
v -0.539859 -0.504384 0.520458
v -0.569949 -0.864708 -0.057572
v -0.738026 0.827732 -0.498374
v -0.724635 0.838016 -0.521463
v -0.934068 0.0244011 0.185824
v -0.540096 -0.525402 0.502949
v -0.952765 0.05657 0.13919
v -0.197292 -0.942994 0.41391
v -0.75902 0.785074 -0.42272
v 0.33953476 -0.55711174 0.72162247
v -0.62670183 0.614851 -0.11260605
v -0.751923 0.835955 -0.51997
v -0.765756 0.842567 -0.541022
v -0.662104 0.589282 0.339534
v 0.441514 -0.225216 -0.301533
v 0.603544 0.0992074 0.347686
v -0.747652 0.742733 -0.304632
v 0.335495 -0.90731525 0.60048676
v -0.729128 0.742766 -0.283467
v -0.413158 0.374931 0.139493
v -0.690315 0.768778 -0.344064
v 0.55578 -0.893976 0.434255
v -0.606659 0.544994 -0.0300758
v -0.354864 0.215334 0.280709
v 0.299301 -0.157628 0.657106
v -0.314423 0.804307 -0.0347631
v 0.07536435 0.25502107 0.18596888
v -0.41545868 -0.9832397 0.045036316
v -0.0254304 0.900011 -0.288132
v -0.723587 0.756081 -0.309562
v -0.697288 0.760073 -0.316767
v -0.16580725 0.07872009 0.43865967
v 0.197622 -0.12527 0.629663
v 0.342369 -0.100252 -0.251652
v 0.32961 -0.808922 0.641015
v -0.851044 0.340959 0.631934
v -0.8236284 0.38217163 0.6210327
v -0.356549 -0.983216 -0.174031
v -0.057495117 0.84571075 -0.16999817
v -0.652445 -0.291219 -0.207865
v -0.059776306 0.16315842 0.3705902
v -0.366114 -0.982922 -0.198377
v -0.349515 -0.983901 -0.218632
v 0.299509 -0.953701 0.487789
v -0.14377117 0.1820736 0.020751953
v 0.335074 -0.966333 -0.143965
v -0.539992 -0.808134 0.436768
v 0.902694 -0.676145 0.385625
v -0.79878235 0.5593977 0.083496094
v -0.742608 0.577415 0.0590629
v -0.16835 -0.0781109 0.552113
v -0.234106 -0.37566 -0.277551
v -0.935774 -0.241586 0.201778
v -0.7446766 0.5781884 0.08190155
v 0.453429 -0.835676 0.573528
v -0.5185623 -0.5401459 0.4967041
v -0.527737 -0.584206 0.439666
v 0.424823 -0.411656 0.708526
v -0.961795 0.417191 0.239303
v -0.633456 -0.961695 0.460719
v -0.624302 -0.968386 0.435488
v -0.117893 -0.701777 0.518432
v -0.5656452 -0.9787837 0.24903679
v -0.163638 0.901633 -0.105721
v -0.731829 0.777789 -0.580626
v -0.546875 -0.98179376 0.20921135
v 0.5241165 -0.1966629 0.6158867
v -0.89084625 -0.058704376 0.2857666
v -0.635952 0.89844 -0.741764
v -0.234464 0.169819 -0.0719966
v -0.420939 0.359742 0.254204
v -0.45435524 -0.9838435 0.054786682
v 0.0912846 -0.475501 0.750922
v 0.966361 -0.52577 0.273221
v 0.912085 -0.471717 0.192608
v 0.976869 -0.55023 0.277708
v -0.731923 0.701088 -0.200588
v 0.729887 -0.179304 -0.0660606
v 0.859111 -0.489215 0.28448
v -0.118796 -0.969913 -0.241254
v -0.14989471 -0.13110352 -0.28148842
v -0.540635 -0.0627664 -0.214139
v 0.416603 -0.869295 0.589901
v -0.89710236 -0.038166523 0.16714478
v -0.924673 0.415385 0.176501
v -0.939795 0.455476 0.181943
v -0.928646 0.441639 0.168923
v -0.3869481 -0.98413944 -0.12562943
v -0.388271 -0.979479 -0.177853
v -0.97971344 0.20041656 0.16837311
v 0.710056 -0.449982 0.469249
v -0.19094515 -0.19367218 -0.28615475
v -0.564079 -0.942064 -0.0963583
v -0.33968 -0.974503 -0.317396
v -0.295454 -0.981199 -0.339917
v -0.545365 -0.666776 0.142542
v -0.561205 -0.510954 0.507487
v -0.886384 0.508927 0.112739
v -0.561969 -0.531336 0.489046
v 0.05221367 0.88463926 -0.27527332
v -0.0497374 -0.213512 0.684794
v -0.555801 -0.574909 0.441932
v -0.21627069 0.20558405 0.25136757
v -0.27747345 0.82938004 -0.051626205
v -0.0062332153 0.2211852 0.28723907
v 0.9223024 -0.78354454 0.2740364
v -0.641084 -0.953773 0.440009
v -0.615878 -0.970954 0.408877
v 0.121357 0.251302 0.313945
v -0.600235 -0.97235966 0.365448
v 0.9825287 -0.5795908 0.28012848
v -0.583859 -0.974144 0.323665
v 0.95792 -0.612145 0.330965
v 0.0903235 -0.873247 0.657696
v -0.86455536 -0.42251587 0.10174942
v 0.611713 -0.532829 0.550519
v -0.49044037 0.2804966 0.46829987
v -0.730895 0.731363 -0.261818
v -0.741112 0.7177 -0.244891
v -0.302614 -0.980538 0.109446
v -0.374386 0.755729 -0.0401744
v -0.879864 -0.0514495 0.307197
v -0.751485 0.890303 -0.640415
v -0.701403 0.687403 -0.159333
v -0.745684 0.888258 -0.615705
v -0.704014 0.749925 -0.289757
v -0.771152 0.681862 -0.234155
v -0.170423 0.781406 -0.199393
v -0.697001 0.642733 -0.0767424
v -0.413652 -0.983809 -0.124937
v -0.384775 -0.970725 -0.202017
v -0.598744 0.63527 -0.209884
v -0.373808 -0.975086 -0.221223
v -0.6184654 0.63336754 -0.16345978
v -0.360839 -0.980632 -0.246646
v -0.9675207 0.28315258 0.20459366
v 0.477464 -0.9636 0.366764
v -0.865197 -0.420319 0.227009
v -0.75920963 0.5706253 0.38523865
v -0.35012 -0.958676 -0.298911
v -0.25556 -0.929234 -0.361053
v -0.5845947 -0.47036743 0.5341797
v -0.508833 -0.660515 -0.00851565
v -0.233351 -0.880717 -0.356656
v -0.111462 -0.756828 -0.324839
v -0.54511 -0.591926 0.418399
v -0.0968051 -0.959987 -0.232514
v -0.589567 -0.837319 0.428511
v -0.58603 0.492643 -0.0598438
v 0.461171 -0.961128 -0.0498217
v -0.586901 -0.969228 0.26162
v 0.90468 -0.479406 0.265622
v -0.145556 0.9132 -0.130446
v -0.630205 0.532847 -0.472807
v -0.56782913 -0.98092484 0.2167244
v -0.10848236 -0.35300303 0.7001915
v -0.1379776 -0.42044067 -0.4427185
v 0.56433105 -0.6985245 -0.24120331
v -0.340923 0.735114 0.0629254
v -0.435144 -0.944416 -0.136135
v 0.341538 -0.487667 0.730893
v 0.785013 -0.766769 -0.0554461
v -0.700969 0.890509 -0.625861
v 0.538409 -0.96413 0.0562894
v -0.285168 0.684972 0.0393926
v -0.306001 0.554044 0.0888141
v -0.39751816 0.24365759 0.37200356
v -0.0244359 0.958257 -0.192105
v -0.388104 0.177981 0.373855
v -0.709365 0.629604 -0.0545642
v -0.45261574 -0.98554146 -0.098202705
v -0.22334415 0.21619916 0.08081436
v -0.612986 0.576047 -0.0856419
v -0.604813 0.57831 -0.109149
v 0.922165 -0.770178 0.296211
v -0.012672424 0.2139492 0.041755676
v 0.552544 -0.0178779 0.503017
v 0.402775 -0.837241 0.585096
v -0.900234 -0.32713 0.127106
v -0.120235 0.930474 -0.128774
v -0.585589 0.688434 -0.617157
v -0.58639145 -0.5482178 0.4635315
v -0.627163 0.567714 -0.0261021
v -0.463545 -0.146805 0.570336
v -0.573048 -0.583118 0.41947
v 0.637789 -0.727388 -0.113086
v -0.538744 -0.60450745 0.3970337
v -0.458015 0.537716 0.209721
v 0.906333 -0.481268 0.128285
v -0.95014 0.365016 0.277231
v 0.4118271 0.22396469 0.3387909
v -0.0443211 -0.417879 0.729047
v -0.0836761 -0.388531 0.72139
v 0.800278 -0.872504 0.0759651
v -0.945802 0.515295 0.212792
v 0.578616 -0.739098 0.517068
v -0.941878 0.505993 0.187112
v -0.724944 0.635957 -0.0766523
v 0.579718 -0.920994 0.36151
v -0.7832184 0.5442314 0.4433136
v -0.606968 -0.485103 0.513032
v 0.002571106 0.21193367 0.32603455
v -0.510768 0.58515 0.177511
v -0.06254578 0.8839989 -0.2574234
v -0.582428 -0.517468 0.494093
v -0.66282296 0.76174355 -0.3590088
v -0.581549 -0.534895 0.478712
v -0.583729 -0.565208 0.442044
v -0.889548 -0.386149 0.175064
v -0.600225 -0.573827 0.418462
v -0.0335807 -0.930641 0.543474
v -0.292796 0.815105 -0.0297557
v -0.615665 0.21976 0.618399
v -0.566321 -0.614933 0.353781
v -0.618997 0.105367 0.64784
v -0.491644 -0.899425 0.622631
v -0.52277374 -0.66108704 0.26348877
v -0.475511 -0.830282 0.306167
v -0.58153296 -0.8651943 0.5554333
v 0.59505844 -0.9244232 0.34375
v -0.865645 -0.410499 0.268103
v 0.590184 -0.938695 0.314397
v -0.418286 -0.715834 0.461838
v -0.60380554 -0.97920746 0.18922997
v -0.766314 0.772576 -0.402677
v -0.75159 0.77305 -0.380193
v -0.29239535 0.23035598 0.043880463
v -0.604595 0.553046 0.450644
v -0.21396995 0.21586531 0.19480038
v -0.174535 0.200294 0.213394
v -0.376557 0.283437 0.130536
v -0.25608826 -0.9713038 0.049591064
v -0.08362159 -0.19839156 -0.35840058
v -0.597562 0.582373 -0.134476
v 0.785939 -0.531438 0.345135
v -0.131588 -0.749268 -0.304816
v -0.623002 0.804872 -0.586649
v -0.764741 0.8197 -0.501046
v -0.20585918 0.21415326 0.16289711
v -0.12171936 0.7363968 -0.10072327
v -0.168447 0.202 0.181161
v -0.431241 -0.67449 0.439102
v 0.667346 -0.619837 0.508583
v 0.348469 -0.333944 0.725638
v -0.270046 -0.914388 -0.351753
v -0.598103 0.554101 -0.0955548
v -0.515252 0.0929525 0.50642
v -0.033317566 0.18115234 0.35325623
v 0.0646447 0.765528 -0.212154
v 0.6871071 -0.37754822 0.49939346
v -0.6504946 0.7799263 -0.45814514
v 0.50015 -0.132787 0.60061
v -0.55892146 0.58709425 0.1751144
v -0.60307884 -0.5215454 0.48312378
v 0.319079 -0.156556 0.64935
v 0.08571243 0.24393797 0.31028366
v -0.623249 0.828382 -0.758072
v -0.610651 -0.555946 0.440109
v -0.588904 -0.589895 0.396368
v -0.577259 -0.60369 0.374841
v 0.24679947 0.20061493 0.42816544
v -0.679239 0.62656 -0.0571093
v -0.56466675 -0.63739777 0.3058777
v -0.83696 0.141082 0.652905
v 0.17681 -0.120434 0.61054
v -0.710844 0.73886 -0.265003
v -0.5555153 -0.65052795 0.27604675
v -0.5691414 -0.6638317 0.20576096
v 0.566749 -0.528536 0.574509
v -0.57346916 -0.98429173 0.08872986
v 0.393416 -0.774904 0.621145
v 0.43619156 -0.96766496 -0.046396255
v -0.62503 -0.438433 0.535434
v -0.614765 -0.462829 0.526161
v -0.495319 0.561775 0.315847
v -0.766604 0.872752 -0.596978
v -0.6405182 -0.49983597 0.4865036
v 0.387572 -0.811487 0.596715
v 0.0407363 0.740729 -0.17658
v -0.36932 0.704421 0.0820861
v -0.678648 -0.874966 0.116031
v -0.615847 -0.580566 0.39367
v -0.578564 0.851161 -0.747506
v -0.579156 -0.618681 0.337275
v -0.708492 0.77803 -0.363839
v -0.54401094 -0.6639023 0.24002838
v -0.603352 0.344633 0.513393
v -0.213212 -0.932992 0.0276774
v -0.635082 -0.882702 0.170015
v 0.964869 -0.665547 0.30917
v 0.934616 -0.487456 0.132375
v 0.930578 -0.477304 0.218771
v 0.618782 -0.653905 0.534888
v -0.0261726 -0.946957 0.570633
v -0.457145 0.130263 0.469456
v -0.618246 0.163692 0.651774
v -0.891505 -0.340045 0.273879
v 0.0776826 -0.018642 0.570983
v -0.978001 0.0783314 0.210885
v -0.391533 0.213778 0.373782
v -0.985903 0.105329 0.212683
v -0.124923706 -0.37196732 0.667984
v -0.919401 -0.295265 0.19527
v -0.903773 -0.319434 0.201701
v -0.0593134 -0.974382 -0.242265
v -0.969183 0.264772 0.171382
v -0.660594 -0.946232 0.187767
v 0.636052 -0.750412 -0.0889957
v -0.279581 0.514948 -0.02613
v 0.327196 -0.63185 0.714635
v -0.416148 -0.78747 -0.094726
v -0.899989 -0.334817 0.157013
v 0.571754 -0.395773 0.606445
v -0.482267 -0.984749 -0.101266
v -0.872419 -0.0269319 0.315878
v -0.794054 -0.071734 0.443464
v -0.269739 0.68641 0.0192066
v -0.96707916 0.27398682 0.3397522
v 0.465722 -0.967533 0.0408643
v -0.144675 -0.186589 -0.294351
v -0.0736928 -0.178506 0.60464
v 0.8080368 -0.8501015 0.32409668
v -0.639189 0.614911 -0.0910775
v -0.710195 0.666502 -0.121096
v -0.788195 0.828955 -0.546249
v -0.631339 -0.47652 0.508825
v -0.655064 0.458979 -0.274755
v 0.164815 -0.922312 0.235453
v -0.620022 -0.536295 0.46031
v -0.448152 -0.688545 0.394823
v -0.273412 0.518805 0.0370101
v 0.122641 -0.969854 0.604806
v -0.626974 -0.563688 0.415973
v -0.602927 -0.596095 0.372814
v -0.93812 0.311017 0.505109
v -0.590221 -0.60902 0.353497
v -0.8965311 -0.365108 0.18459511
v -0.127309 -0.530073 -0.414226
v -0.698675 -0.913557 0.0438982
v 0.47527 0.144085 0.427286
v -0.739181 0.640178 -0.0989025
v -0.856347 0.31546 0.00352371
v 0.0399902 -0.662924 0.691256
v -0.407024 0.47711 0.144615
v 0.42238808 0.23976135 0.23932457
v 0.58353 -0.308161 0.58789
v -0.09324551 0.2096385 0.19091797
v -0.07727432 0.21005216 0.22019196
v 0.20133781 0.25425243 0.026939392
v 0.841016 -0.850421 0.274002
v 0.50795746 -0.79328156 0.53668976
v -0.408333 0.0386184 0.473116
v -0.895539 0.501731 0.410178
v -0.110154 0.936453 -0.154344
v -0.688978 0.528297 -0.550692
v -0.384997 0.146732 0.373528
v -0.208618 0.862398 -0.130254
v -0.100628 0.937711 -0.177591
v -0.48909 -0.348588 -0.256476
v -0.97529 0.0703447 0.257476
v -0.12464 -0.769656 -0.309217
v 0.226196 -0.970173 0.188771
v -0.5943117 0.7689438 -0.60409546
v -0.603838 0.628163 -0.187266
v -0.687438 0.910158 -0.668903
v 0.232409 -0.972514 0.139176
v -0.72294 0.260209 0.68362
v 0.394166 -0.248308 0.691787
v -0.641147 -0.454297 0.518406
v -0.62761545 0.24632072 0.61125183
v 0.589482 0.118341 0.33477
v -0.2521585 0.2278 0.108985424
v -0.973082 0.190569 0.524802
v -0.511798 -0.778384 0.129846
v -0.656617 -0.505569 0.472033
v -0.625364 0.205476 0.641522
v -0.645561 -0.525964 0.45633
v -0.636211 -0.545748 0.437452
v 0.13786507 0.25697708 0.0740242
v -0.942843 0.329149 0.195142
v -0.651608 -0.552041 0.413996
v -0.900088 -0.0124712 0.204207
v -0.898097 0.124524 0.639474
v -0.0603353 0.618474 -0.0471748
v -0.922261 0.208718 0.609151
v 0.949636 -0.489846 0.15737
v -0.686057 -0.935995 0.00191988
v -0.388565 0.748822 -0.0124103
v -0.88912964 0.33370972 0.5990906
v -0.614393 -0.603005 0.349252
v -0.0952553 -0.935781 -0.217952
v -0.100844 0.199503 0.237008
v -0.11092663 0.18925953 0.26228142
v -0.683114 -0.879196 0.0864421
v 0.271372 -0.18062 0.696114
v -0.800454 0.76917 -0.489891
v 0.248122 -0.176836 0.701271
v -0.453499 0.502757 0.247819
v -0.733016 -0.39215 0.501008
v -0.516422 -0.24407 -0.257793
v -0.630435 -0.97647 0.184506
v 0.554215 -0.868867 0.475022
v -0.502278 -0.749834 0.129227
v 0.482768 -0.378499 0.673433
v 0.961344 -0.539427 0.297364
v -0.366392 0.679178 -0.0901086
v 0.883026 -0.803745 0.306752
v 0.3993683 -0.8949127 0.59187126
v 0.593444 -0.651979 0.550559
v -0.136233 -0.759328 0.557671
v -0.583135 0.718432 -0.620597
v 0.863468 -0.533262 0.350864
v 0.904142 -0.470071 0.215042
v -0.448147 0.363116 0.0280612
v 0.42569238 0.23978019 0.13386154
v 0.322682 -0.952054 0.36333
v 0.437751 -0.896461 -0.250845
v -0.88003254 -0.38525915 0.2698593
v 0.61818314 0.07021904 0.36830902
v 0.303712 -0.398445 0.735975
v -0.652054 -0.430954 0.527288
v -0.592847 -0.973927 0.238171
v -0.280555 0.809712 -0.00621149
v -0.0969123 -0.977195 -0.251004
v -0.645293 -0.568871 0.388454
v -0.62893 -0.58744 0.367487
v -0.468975 0.570304 0.180602
v 0.09711456 0.23426867 0.3508911
v -0.623186 -0.610906 0.325945
v 0.057186127 0.18582153 0.4180298
v -0.772324 0.560278 0.409297
v -0.61131096 -0.63220215 0.28414917
v -0.931958 0.346344 0.340518
v -0.650441 0.329582 -0.0864047
v -0.5946884 -0.6480293 0.24967194
v 0.5629425 -0.280365 0.60676575
v -0.408184 0.728487 -0.0156024
v -0.65433884 -0.97725344 0.15342712
v 0.708715 -0.458902 -0.127231
v 0.996505 -0.59812 0.227609
v -0.610043 0.762095 -0.534616
v -0.0175796 -0.917015 0.529658
v -0.866853 0.536528 0.382636
v -0.458186 -0.829834 -0.0836277
v 0.549335 -0.69978 0.563075
v -0.877632 0.268968 0.651233
v 0.560863 -0.919115 0.383708
v -0.558671 0.531783 0.464592
v 0.581362 0.112347 0.359335
v 0.55079 -0.938875 0.00717484
v 0.0615136 0.696567 -0.21252
v -0.474504 0.560321 0.202423
v 0.0845008 0.74219 -0.213887
v -0.133421 0.20158905 0.14995956
v 0.489359 -0.761435 0.566799
v -0.52301025 -0.63578796 0.33251953
v 0.14300919 -0.46168518 0.77117157
v 0.0593362 -0.0547113 -0.271464
v 0.502197 -0.869469 -0.136828
v 0.647936 -0.640252 0.521085
v 0.412654 0.133677 0.458213
v -0.5545416 0.10643101 0.53419447
v -0.538479 0.127122 0.536207
v -0.669233 -0.485705 0.484339
v 0.564382 -0.422856 0.609079
v -0.670449 -0.516307 0.450406
v -0.660504 -0.534913 0.433361
v 0.11978006 0.26072276 0.1396904
v -0.902893 -0.118009 0.325635
v -0.677953 -0.518366 -0.0717055
v -0.63923645 -0.60324097 0.3277588
v -0.606773 -0.623268 0.309706
v 0.16913605 -0.12749743 0.63608265
v -0.543017 0.170651 0.548413
v 0.229697 0.268092 0.0746256
v -0.778241 -0.487318 -0.0109166
v 0.20407844 0.27322197 0.19462776
v -0.119672 -0.92348 -0.204911
v -0.877722 0.38401 0.573158
v -0.5735626 -0.65831995 0.13330078
v -0.397338 0.326872 0.16046
v 0.607615 -0.0968926 0.498967
v -0.575912 0.753358 -0.681946
v -0.670366 -0.963268 0.169621
v -0.120957 -0.427824 0.631338
v -0.1585083 0.1580658 0.31461334
v -0.14236355 0.1551857 0.32357788
v -0.1354742 0.13977051 0.36327362
v -0.127057 0.885849 -0.199283
v -0.506039 -0.728635 0.109023
v 0.24777892 -0.97457564 0.16784024
v 0.820617 -0.483821 0.259267
v 0.492521 -0.904522 -0.0930771
v -0.634287 0.825673 -0.599548
v -0.67259026 0.59319067 0.23236847
v -0.946719 0.492803 0.330167
v -0.304241 -0.32354 -0.255429
v 0.5788269 -0.95366526 0.2821045
v -0.174847 -0.131425 -0.274877
v -0.658197 -0.310745 0.575964
v -0.0382904 -0.0420457 -0.266539
v -0.9287214 -0.14914536 0.14900589
v -0.289181 -0.802829 -0.165198
v -0.304389 -0.794963 -0.138136
v 0.0853529 0.12757874 0.49258423
v 0.07131767 0.25365466 0.21927261
v -0.27458438 0.23337205 0.13277149
v 0.6182709 -0.95874596 0.21713257
v -0.695766 0.900753 -0.644897
v -0.49874496 0.25624466 0.48921204
v 0.213147 -0.958977 0.613147
v 0.642941 -0.957809 0.147544
v -0.400806 0.158017 0.393937
v 0.6635361 -0.944973 0.11126709
v -0.6573515 0.5930402 0.30599022
v -0.732486 0.586363 0.331759
v -0.680583 -0.497746 0.465285
v -0.587949 0.216698 0.575198
v -0.286501 -0.960229 0.174886
v -0.60048676 -0.5311432 -0.12579346
v 0.76761436 -0.78050995 -0.05602455
v -0.7525196 0.5899765 0.2139206
v -0.096289635 -0.2766099 0.68971443
v 0.707034 -0.011922 0.0755061
v -0.395916 0.278553 0.33348083
v -0.654891 -0.579121 0.35755
v -0.87659 0.36244 0.592836
v -0.619037 -0.646194 0.223211
v -0.599596 0.726273 -0.472887
v -0.609826 0.746699 -0.490822
v -0.608901 -0.65287 0.191446
v -0.48246813 -0.83670235 0.22642136
v -0.897582 0.0114512 0.292371
v 0.69576 -0.298712 -0.179648
v -0.207093 -0.859624 0.645903
v 0.921135 -0.792617 0.243517
v -0.270282 -0.899731 0.582617
v 0.449676 0.213971 0.0421227
v -0.698816 0.0397545 0.656335
v -0.933078 -0.141033 0.22813
v -0.61901104 0.7497721 -0.451828
v -0.499577 0.569751 0.261717
v 0.6347389 -0.34443283 0.55896187
v -0.292932 -0.925417 -0.343221
v -0.7358 0.562875 -0.295615
v 0.45952 -0.0507639 0.55925
v -0.93500805 -0.17023972 0.20742929
v -0.656107 0.173294 0.687932
v -0.68497086 -0.46296692 0.49385834
v -0.611519 0.732624 -0.420303
v -0.689115 -0.481354 0.476348
v -0.701929 -0.48694 0.460258
v 0.950954 -0.691521 0.320361
v -0.6905365 -0.5142784 0.43643188
v -0.191977 -0.596386 -0.230458
v -0.78982 0.733203 -0.380713
v 0.050099373 0.2034378 0.38294983
v 0.483884 0.0881369 0.466804
v 0.551338 -0.4474 0.611271
v 0.609833 -0.407454 0.57999
v 0.227067 0.2619071 0.045368195
v -0.849568 0.472679 0.0567971
v -0.642485 -0.641157 0.194562
v -0.477566 0.418913 0.371633
v -0.10444641 -0.9221115 0.4040985
v -0.24491 -0.971707 0.466185
v -0.24170399 -0.97179246 0.42208672
v -0.461728 0.418263 0.309188
v 0.506527 0.19611 0.264342
v -0.566566 -0.649397 0.0764806
v -0.651519 0.0837951 -0.0954906
v 0.663311 -0.00897131 0.385184
v -0.452582 -0.628004 -0.106451
v -0.6590538 -0.98147726 0.10975647
v 0.307623 -0.914411 0.404358
v -0.842855 0.167154 0.662537
v -0.62072754 -0.9856893 0.04178238
v -0.656943 0.67306 -0.161054
v -0.52423096 -0.56490326 0.4676361
v 0.717904 -0.473486 0.456524
v -0.876923 0.295485 0.638902
v -0.34342098 -0.9818607 -0.10676956
v -0.926105 0.392549 0.178944
v 0.412802 -0.903633 -0.261475
v 0.9126754 -0.8054018 0.21051025
v -0.708776 -0.511918 0.420908
v 0.507627 -0.333403 0.653799
v -0.985374 0.128887 0.342009
v -0.77545166 -0.33468628 0.49545288
v -0.168929 -0.0105052 -0.223494
v -0.759808 0.624484 -0.107337
v -0.751838 0.812675 -0.476532
v -0.66656685 -0.5791397 0.34284973
v -0.873183 0.342149 0.611456
v 0.414509 -0.694766 0.649779
v -0.7525916 -0.5044594 -0.011657715
v 0.5241699 -0.775198 0.5312996
v -0.09008789 0.70131683 -0.08746338
v -0.64712524 -0.62462807 0.26875305
v -0.19522476 -0.97016907 0.12849426
v -0.369075 0.259747 0.283099
v -0.3132553 0.20248795 0.28003693
v 0.318608 -0.663 0.704098
v 0.809707 -0.557869 0.362811
v 0.50592804 0.1901617 0.076999664
v 0.0810442 -0.781364 0.65801
v -0.5438843 -0.64836884 0.037467957
v 0.513437 -0.821667 0.534659
v -0.165204 0.140326 0.354774
v -0.4045925 -0.3998413 -0.23058319
v -0.431083 -0.745482 0.21264
v -0.96627 0.128123 0.128197
v -0.683731 -0.97242 0.140554
v 0.230398 -0.166032 0.695821
v 0.98345375 -0.5417156 0.24954224
v -0.890648 0.528522 0.368101
v 0.06391001 -0.16125965 -0.3540783
v -0.111191 -0.791095 0.646934
v -0.76613617 -0.2768116 0.5163727
v -0.142223 -0.946563 0.206749
v -0.5005493 0.6094208 0.013061523
v -0.93271 0.390049 0.446178
v -0.688206 0.583961 -0.5991
v -0.231866 -0.962607 -0.375123
v -0.500794 0.221631 0.508043
v -0.784864 0.572802 0.357466
v 0.1355269 0.259892 0.27622986
v -0.0405655 -0.91674 0.51493
v -0.706103 -0.468554 0.474772
v 0.06747627 0.84415054 -0.27032852
v -0.87623096 -0.4071033 0.13250303
v -0.692749 -0.53440726 0.402359
v -0.133903 0.582115 -0.0646193
v -0.7032471 -0.34352493 0.54022217
v -0.685787 -0.576962 0.321455
v -0.69216156 -0.59428406 0.2834015
v -0.662796 -0.60813904 0.29440308
v -0.62122726 0.5599518 -0.5129242
v 0.18594742 0.26408672 0.075935364
v -0.664582 -0.621027 0.2547
v 0.54213 -0.403393 0.636317
v -0.85130596 0.5655689 0.19488525
v -0.6313885 0.76966107 -0.48157406
v -0.209616 -0.946959 0.0590765
v -0.0175537 0.105869 -0.146558
v -0.9318 -0.207285 0.277661
v -0.63206 0.566214 0.0272669
v 0.965595 -0.499037 0.181244
v -0.81503296 0.5593567 0.3777771
v -0.409836 -0.951686 0.605462
v -0.571927 -0.633577 0.0106338
v -0.693246 -0.975685 0.103932
v -0.433186 -0.61506 0.450626
v 0.380269 -0.3834 0.713413
v -0.252737 0.81634 -0.000257579
v 0.126236 0.132634 0.49371
v -0.444972 0.351948 0.331441
v -0.711404 0.0584261 0.677042
v -0.720767 -0.489699 0.439212
v 0.13443089 -0.16652584 -0.3670044
v -0.7061348 -0.53671265 0.3815918
v 0.0863723 -0.134605 0.637825
v -0.469152 0.526066 0.298188
v -0.762621 0.0670443 -0.0537681
v -0.673434 0.755999 -0.327074
v -0.4055996 0.30436897 0.3186512
v -0.6539 -0.632403 0.227236
v -0.673962 -0.625172 0.2046
v 0.38549805 0.23019361 0.3486786
v -0.131728 -0.592158 0.51706
v -0.431676 0.21433 0.440432
v 0.192846 -0.818004 0.636657
v -0.493972 -0.696365 -0.0281062
v -0.539375 0.0788355 0.506402
v 0.39998 0.246564 0.264652
v 0.41025734 0.23835468 0.2877426
v -0.880081 0.0879933 0.0142767
v -0.312356 0.776816 0.0265815
v -0.07798767 0.2026062 0.05834198
v -0.661893 0.496988 0.530415
v -0.71118355 0.5690613 0.4094391
v -0.636585 0.461072 0.541759
v 0.451838 -0.900377 0.574543
v -0.959888 0.0534074 0.276133
v -0.72858 -0.521806 -0.00799748
v -0.706739 -0.137622 0.532167
v 0.15764236 0.21606064 0.40559387
v -0.5907688 0.12238693 0.59516525
v -0.991104 0.221454 0.254817
v -0.68443847 0.017765045 0.6005192
v 0.492309 0.110178 0.44831
v -0.235366 -0.926036 -0.0189371
v -0.0493871 -0.982611 -0.266544
v -0.323773 0.498434 -0.0250794
v -0.31986284 0.48750913 0.022954464
v -0.46982 -0.625738 -0.0931643
v -0.673843 0.0079049 0.55265
v -0.371764 0.497386 -0.0301566
v -0.464206 0.348529 0.00505392
v 0.552687 -0.932488 0.358896
v 0.62503433 -0.94384 0.057250977
v 0.226769 -0.977993 -0.226138
v -0.618613 0.764169 -0.510452
v 0.260556 -0.0756133 -0.258644
v -0.721263 -0.518783 0.395794
v -0.0263373 0.741068 -0.232961
v 0.22297478 0.27149534 0.25112152
v -0.70443726 -0.5454407 0.3644104
v -0.218713 -0.971594 0.255068
v -0.950652 0.0634591 0.433271
v -0.700627 -0.561034 0.329967
v -0.703683 -0.573664 0.300947
v -0.725123 -0.395519 -0.152687
v -0.688325 -0.608006 0.257709
v -0.680827 -0.617189 0.232559
v -0.693312 -0.612124 0.184535
v -0.606436 0.43074 0.520155
v 0.49776 -0.825675 -0.223481
v 0.176598 -0.0724043 0.586227
v 0.692054 -0.0642986 0.388362
v -0.5942545 -0.6575341 0.17358303
v 0.256399 -0.971533 -0.265739
v 0.54138184 -0.95502377 0.3128357
v -0.262044 0.104308 0.419391
v -0.683517 -0.98107 0.0438646
v -0.678977 -0.980465 0.00449098
v -0.45601 0.388096 0.0227635
v -0.727938 0.861642 -0.56665
v -0.663461 -0.982334 -0.0183767
v -0.755699 0.85702 -0.559358
v -0.742985 0.0618956 0.676864
v -0.727856 0.0394824 0.657489
v -0.289865 -0.628029 0.547926
v 0.0677388 -0.601787 -0.447095
v -0.715863 0.0246707 0.636923
v -0.0909988 0.94449 -0.131726
v -0.0731224 0.957708 -0.15333
v -0.420884 0.48701 0.16695
v -0.170951 0.199196 0.103581
v -0.153106 0.194835 0.0808953
v -0.708853 0.0154192 0.614048
v -0.120256 0.669606 -0.17356
v -0.333934 0.791251 -0.0380259
v -0.8093 0.443737 0.57204
v -0.5731797 -0.84503937 0.38253784
v -0.757075 -0.451606 0.435346
v 0.15085459 0.25113678 0.32958603
v -0.746377 -0.476492 0.425315
v -0.733667 -0.498929 0.411514
v 0.151414 0.243193 0.352808
v -0.49398255 -0.984725 0.11407471
v 0.53487396 0.17829633 0.25930786
v -0.731414 -0.524648 0.370356
v 0.102689 0.777589 -0.286466
v -0.746913 -0.0615827 0.487655
v -0.462903 0.532536 0.245501
v 0.374777 -0.776553 0.634901
v -0.72578 -0.559671 0.28618
v 0.12704 -0.920305 0.647274
v -0.705282 -0.595054 0.259036
v -0.70262 -0.60223 0.238035
v 0.96221924 -0.63983154 0.3197937
v -0.430672 0.682055 0.0820665
v -0.599702 0.511915 -0.330781
v -0.608503 0.856761 -0.678864
v -0.0112867 -0.839617 0.685328
v -0.44125 -0.695929 0.416121
v 0.7595825 -0.35714245 -0.06326294
v 0.302807 0.189307 0.440165
v -0.707926 -0.969355 0.0419408
v -0.689349 -0.979058 0.0252168
v -0.728993 0.0156806 0.618976
v 0.6306534 -0.5715065 -0.21350479
v -0.704693 0.00825598 0.58831
v -0.536576 0.608406 0.0829316
v 0.630824 -0.187717 0.537012
v 0.337414 0.23663 0.363952
v -0.470964 -0.0501133 0.535321
v 0.388958 -0.918775 0.591114
v 0.597864 -0.325995 0.576291
v -0.549304 -0.828372 0.387741
v -0.462661 0.390971 0.343038
v 0.276645 -0.817322 0.648809
v -0.744983 -0.505953 0.384605
v -0.870535 0.543944 0.355068
v -0.7198715 -0.55303 0.31488037
v -0.517049 -0.676204 0.156769
v 0.0743786 0.858383 -0.287468
v -0.731773 0.145604 -0.0832171
v -0.874695 -0.0766841 0.349582
v -0.714906 -0.579915 0.272243
v -0.697785 -0.962244 0.0105059
v -0.355526 -0.299163 0.580685
v -0.697437 -0.607815 0.212291
v -0.049894 0.700846 -0.200599
v -0.861641 -0.0237563 0.344126
v -0.658402 -0.195458 -0.193017
v -0.178886 0.626967 -0.144492
v 0.476631 -0.796716 -0.263745
v -0.641254 -0.614908 0.0424126
v -0.476405 0.555587 0.228941
v 0.970293 -0.50642 0.22359
v -0.617735 -0.620435 0.0244552
v 0.6924332 -0.9133072 0.032287598
v -0.742243 0.580499 0.034283
v 0.830682 -0.847439 0.299586
v -0.561585 0.384404 0.46379
v -0.756807 0.0403746 0.652046
v -0.741727 0.0246444 0.634256
v -0.603033 0.744051 -0.516502
v -0.728669 0.0076827 0.597095
v -0.71461916 -0.011993289 0.5225942
v -0.379235 -0.528087 0.53869
v -0.183935 0.0545127 -0.190808
v 0.8300183 -0.8650217 0.23596191
v -0.722634 0.598381 0.00224681
v -0.49560547 -0.9833079 0.2761917
v -0.721504 0.59114 0.024986
v 0.6225624 -0.9467354 0.26657104
v -0.567014 -0.618188 -0.0269708
v 0.7709198 -0.19974136 0.32991028
v 0.14898872 0.25670052 0.30535126
v -0.767112 -0.461189 0.41251
v -0.756955 -0.484695 0.399994
v 0.68349457 -0.640152 0.48143005
v -0.738224 -0.5329094 0.33576965
v 0.506842 -0.264251 0.640639
v -0.68831 -0.912741 0.0188987
v -0.71981 -0.58559 0.246062
v -0.716797 -0.590591 0.219937
v 0.424812 -0.0304451 -0.208051
v -0.152906 0.838325 -0.0641599
v 0.743528 -0.0950745 0.0235067
v -0.690495 -0.615759 0.153036
v -0.677164 -0.622504 0.13245
v -0.6731899 -0.6201477 0.106918335
v -0.665442 -0.608591 0.0584778
v -0.18945 -0.965655 0.332476
v -0.947963 0.510714 0.286711
v -0.46902 -0.65683 0.334798
v -0.42262 -0.645396 0.455899
v 0.899397 -0.536141 0.34758
v -0.581062 0.558165 0.433648
v 0.0638952 0.109209 -0.163892
v -0.770998 0.0259954 0.623013
v -0.19186401 0.18831658 0.2788086
v -0.749862 0.0123497 0.609514
v -0.72682 -0.00192862 0.567072
v 0.04343319 0.84483147 -0.24683571
v -0.790118 0.58255 0.202334
v 0.254887 -0.956793 0.507735
v -0.440393 -0.456797 0.564783
v -0.616993 0.555519 0.0105503
v -0.411322 -0.731669 0.475116
v -0.565512 0.0475151 0.492842
v -0.632074 0.668962 -0.725813
v -0.776221 -0.436512 0.422283
v -0.636155 0.64121 -0.70853
v -0.300988 0.178819 0.329591
v -0.776751 -0.468528 0.388483
v -0.7473202 0.5406952 0.46635437
v 0.64302444 -0.5932236 -0.1993866
v 0.633257 -0.213883 0.54636
v -0.755418 -0.512235 0.353604
v -0.55942833 -0.97715443 0.30360556
v -0.13185883 -0.5075741 0.5510082
v 0.0506783 -0.968761 -0.219892
v -0.751679 -0.52582 0.32509
v -0.742616 -0.539592 0.29941
v -0.742163 -0.548881 0.272912
v -0.73229 -0.565621 0.258602
v 0.164527 -0.818302 0.636352
v 0.467946 0.188802 0.351666
v 0.514501 -0.594281 0.610567
v -0.458354 0.0647294 0.459237
v 0.799702 -0.825291 0.369
v -0.782011 0.0459849 0.641558
v -0.203664 -0.842448 0.629772
v -0.752704 -0.000556831 0.58288
v -0.734124 -0.0108059 0.5378
v 0.331382 -0.942823 0.382467
v -0.504918 0.493678 0.406405
v 0.330418 -0.928599 0.400061
v -0.508188 -0.856204 0.600029
v 0.326846 0.172856 -0.106675
v -0.04409027 -0.92145467 -0.019485474
v -0.459794 -0.648342 -0.094463
v -0.520977 0.535078 0.428776
v -0.788183 -0.413265 0.432345
v 0.4249401 -0.9670509 0.40290833
v -0.448576 -0.574014 0.475292
v -0.784904 -0.445397 0.399868
v -0.792901 -0.452041 0.3777
v -0.49099 0.554552 -0.0078543
v -0.493668 0.53949 0.377721
v -0.16556 0.877772 -0.0536434
v 0.08483505 -0.9176936 0.5164175
v 0.0769612 0.725302 -0.195077
v -0.767386 -0.490443 0.373539
v -0.772045 -0.506914 0.325443
v -0.76768494 -0.5189171 0.30187988
v 0.04395473 0.24783987 0.20515871
v -0.587093 0.718309 -0.547315
v -0.176773 -0.103799 -0.271803
v -0.735875 -0.569617 0.226777
v -0.273654 0.70692 0.0363883
v -0.591847 0.691668 -0.381625
v -0.72987175 -0.58104587 0.15194893
v -0.18244171 0.15498352 0.3344574
v -0.71306 -0.59679 0.13842
v -0.765363 -0.0994937 0.478733
v -0.6887455 -0.60094833 0.07369995
v 0.25090313 -0.9758093 0.10573292
v -0.776571 0.00558079 0.597022
v -0.754915 -0.00948818 0.553914
v -0.636455 0.586651 -0.0483628
v -0.740585 -0.0412453 0.495835
v -0.0317125 0.680917 -0.186865
v -0.589518 0.73677 -0.567022
v -0.796279 -0.42359 0.41039
v 0.31832314 0.22782898 0.38467407
v -0.0673198 -0.940924 0.711303
v -0.520103 -0.684978 0.0784787
v -0.778086 -0.491805 0.34733
v -0.891857 -0.35349 0.111037
v -0.63947 0.70042 -0.241437
v -0.872014 0.205658 0.660468
v -0.158909 0.574994 -0.0690103
v -0.759611 -0.53356 0.274029
v -0.6788845 0.5544739 0.44960022
v -0.7518225 -0.5463848 0.24984741
v -0.22467422 0.170887 0.334877
v -0.74188 -0.56365 0.197281
v -0.620497 0.597043 -0.0983113
v -0.7152593 -0.58887726 0.19344687
v -0.592749 0.520613 -0.0457588
v 0.681798 -0.149394 0.45579
v -0.69763374 -0.60761905 0.12265015
v -0.850486 0.192384 0.672783
v -0.422831 0.461865 0.160278
v 0.486906 -0.735678 0.599373
v -0.142376 -0.949095 0.541306
v -0.42803764 -0.43945312 0.57424355
v 0.80750895 -0.37674713 0.07953262
v 0.18845749 0.21315002 0.41256714
v -0.802813 0.0538887 0.630755
v -0.79299 0.0356761 0.622822
v -0.588487 -0.926907 0.249148
v 0.18315125 0.23088455 0.38438416
v -0.806369 0.00379566 0.580144
v -0.417012 -0.461977 0.562064
v -0.596651 0.741516 -0.541813
v -0.765728 0.570602 0.0717116
v -0.757077 -0.0153934 0.525949
v 0.26986408 0.2718091 0.095069885
v -0.758437 -0.0251423 0.501129
v -0.700086 0.605087 -0.00460804
v -0.761651 -0.043356 0.479087
v 0.0478774 0.0847893 -0.182943
v 0.905437 -0.741169 0.0184829
v -0.834906 -0.400205 0.384739
v 0.27049732 0.26521397 0.057353973
v -0.802885 -0.432456 0.388479
v -0.80786514 -0.43959808 0.3659668
v 0.128464 -0.399953 -0.46602
v 0.0174031 0.852473 -0.228886
v -0.593441 -0.88946533 0.55304337
v 0.78422546 -0.3048439 0.3372116
v -0.785914 -0.472514 0.364094
v -0.459054 0.552573 0.188739
v 0.5241123 0.18863496 0.17052388
v 0.999706 -0.603424 0.170281
v -0.7897816 -0.4957142 0.30187988
v -0.4916 0.616663 0.129502
v -0.481843 0.556902 0.256802
v -0.136862 -0.448235 0.58697
v -0.95631 0.496854 0.232308
v 0.428758 -0.464823 0.691525
v -0.73749924 -0.5704689 0.114845276
v -0.534962 0.595243 0.135276
v 0.744275 -0.248134 -0.0979358
v 0.265415 -0.969226 0.527886
v 0.25385284 -0.9704274 0.5500679
v 0.26296234 0.189991 0.43995667
v 0.7043152 -0.25133896 0.4753723
v 0.796677 -0.349985 0.0477656
v 0.48397827 -0.33732605 0.6655884
v -0.813789 0.0367444 0.615254
v 0.463749 -0.341934 0.673594
v -0.24264526 0.5557556 -0.0774765
v -0.7797828 -0.006524563 0.56643486
v -0.77946 -0.0235318 0.488044
v -0.739605 0.84934 -0.541096
v 0.042168 -0.953791 0.666451
v -0.45999956 0.49021864 -0.010743618
v -0.375334 -0.208325 -0.261659
v -0.137937 -0.933045 0.710777
v -0.515789 0.609376 0.123281
v -0.801203 -0.454416 0.355756
v -0.513942 -0.806641 0.537986
v -0.208014 0.59951 -0.12121
v -0.794904 -0.473507 0.340298
v -0.180008 0.60744 -0.126454
v -0.794198 -0.51329 0.249691
v -0.285214 -0.86261 0.553972
v 0.0854942 0.838063 -0.351684
v -0.8331604 0.5586777 0.3574524
v -0.7553258 -0.5490862 0.21452522
v -0.933155 0.351684 0.181476
v -0.719049 0.351498 0.648306
v -0.65614605 0.74276733 -0.31837463
v -0.948435 0.336593 0.278714
v -0.6566124 -0.6269121 0.10260773
v -0.685468 0.2707 0.659046
v -0.97156143 0.0833931 0.31599426
v -0.6083431 0.09597397 0.6183014
v -0.876495 0.419572 0.0917328
v -0.829271 0.057466 0.628504
v -0.822938 0.0187897 0.598139
v -0.645538 0.606141 -0.675671
v -0.0352434 -0.548781 0.687867
v -0.778746 -0.0171552 0.512357
v -0.15823 -0.857682 0.676082
v -0.922681 0.308496 0.0719563
v -0.58196 0.741733 -0.638654
v 0.614287 -0.398739 -0.241083
v 0.844122 -0.479089 0.141202
v 0.366895 -0.167321 -0.289335
v -0.6200409 -0.03429413 -0.16445541
v -0.8275223 -0.43058205 0.33103943
v -0.767973 0.187913 -0.0762421
v -0.810676 -0.454327 0.332669
v -0.674445 0.600772 -0.0118958
v -0.6635 0.624806 -0.671595
v -0.453141 -0.720458 0.35092
v 0.595085 0.0926884 0.371967
v -0.7936395 -0.5215218 0.21116066
v -0.7698593 -0.5367222 0.22329712
v 0.513749 -0.94062 0.398451
v 0.532751 -0.933689 0.379107
v -0.538682 0.549062 0.431107
v 0.290716 -0.94363 -0.152155
v 0.793866 -0.713657 -0.059832
v 0.6375122 -0.5539017 0.53536224
v -0.67084885 0.8927326 -0.65130615
v 0.610416 0.102963 0.321444
v 0.868851 -0.743188 0.381945
v -0.491897 -0.827657 0.327756
v 0.47802544 0.2058258 0.29470062
v 0.625852 -0.060095 0.466363
v -0.404097 0.503785 0.151954
v -0.839282 0.0356816 0.611532
v 0.940099 -0.48177 0.186313
v -0.83162 0.00988322 0.5787
v 0.4311 -0.200903 -0.291081
v -0.142768 -0.750543 0.532671
v -0.02696991 0.64650726 -0.1457367
v -0.148706 0.189818 0.0521778
v 0.760062 -0.827791 0.39804
v 0.8013725 -0.33835554 0.2683487
v -0.280738 0.59797 -0.114191
v -0.6492462 0.85025406 -0.6148529
v -0.623326 0.835793 -0.630106
v -0.707097 0.868895 -0.589878
v -0.657237 0.836162 -0.584951
v -0.319844 -0.66267 -0.133474
v 0.36164856 -0.3084259 0.7202606
v 0.80604 -0.428255 0.27851
v -0.79651165 -0.015013695 0.5058937
v -0.758519 0.758026 -0.354642
v -0.818632 -0.453443 0.306972
v 0.488251 -0.96304804 0.17384028
v -0.0670938 -0.13842 0.591694
v -0.96267 0.0760866 0.446516
v -0.742757 0.89396 -0.663686
v -0.716075 0.90821 -0.665232
v 0.16712 -0.970247 0.588508
v -0.484581 -0.811311 0.347459
v -0.780515 -0.531457 0.184204
v -0.803485 -0.51031 0.226263
v -0.672366 0.778431 -0.39949
v -0.825457 0.180118 0.680367
v -0.34237 0.247301 0.190191
v 0.629594 -0.103982 0.486539
v -0.314588 0.24022 0.113922
v -0.817401 0.15532 0.667257
v 0.686644 -0.816517 -0.0560887
v -0.207383 0.1529 -0.0743894
v -0.085333 -0.240405 0.673282
v -0.853388 0.0511361 0.624224
v -0.8401575 0.0013823509 0.53896713
v 0.4276123 -0.49321532 -0.3635254
v -0.817682 0.237757 0.698348
v -0.845403 0.239161 0.68383
v -0.802216 -0.0177983 0.476484
v -0.784453 0.558175 0.0526293
v -0.591576 0.564273 -0.417706
v 0.31238937 -0.96680987 0.3097782
v 0.337379 -0.947272 -0.272348
v -0.822532 0.294506 0.679254
v 0.584164 -0.471732 0.578696
v -0.149059 -0.968143 0.587183
v -0.827352 0.267203 0.688464
v -0.585427 0.70343 -0.530988
v -0.157844 0.854983 -0.0512049
v -0.820845 0.314378 0.669561
v -0.0500704 -0.625326 0.625806
v -0.19225693 -0.96641016 0.62538147
v -0.80627656 -0.5098083 0.16512299
v -0.803936 0.335397 0.663818
v 0.489804 -0.682554 0.627447
v -0.488891 0.41869 0.394868
v 0.22999573 0.24680519 0.35482407
v -0.802035 -0.495632 0.270349
v 0.199226 0.24974 0.344379
v 0.4543457 -0.4248047 -0.34015656
v -0.10722351 -0.55867386 0.56658936
v 0.57525635 -0.96300364 0.2453003
v -0.955879 0.30814 0.281416
v -0.582913 0.676814 -0.498454
v 0.35507 -0.970503 -0.118036
v -0.869399 0.0370136 0.60577
v -0.848123 0.0204177 0.590302
v -0.85136 0.0102046 0.56537
v -0.601191 -0.870173 0.380387
v -0.81277657 -0.0020222664 0.55500793
v -0.972265 0.0884921 0.499402
v -0.887795 0.404281 0.102731
v 0.950725 -0.758362 0.226139
v -0.971199 0.0678394 0.188255
v 0.437792 -0.970488 0.0302929
v -0.92889 -0.177452 0.147385
v -0.821809 -0.00812361 0.496971
v -0.608206 -0.0683595 -0.192116
v 0.210852 -0.940709 -0.17526
v 0.294768 -0.199605 0.698881
v -0.896469 -0.0175935 0.17899
v -0.723265 0.374747 0.637603
v -0.728043 0.396227 0.625881
v -0.275418 -0.939732 -0.356456
v 0.142167 -0.92504 -0.171981
v 0.685802 -0.346635 -0.191814
v 0.66759 -0.339329 -0.209035
v -0.682725 0.0603426 0.674027
v 0.599824 -0.111633 0.519499
v 0.04935074 -0.91679573 0.42486572
v 0.7565267 -0.120536804 0.030158997
v -0.63171 -0.618831 0.300374
v -0.797648 0.0187366 0.607632
v 0.16156769 -0.84741974 -0.3261032
v -0.642889 0.695224 -0.717758
v 0.5955124 -0.96623546 0.1926384
v 0.886854 -0.474974 0.147745
v 0.20416832 -0.911393 -0.12097645
v -0.757067 0.827258 -0.618037
v -0.66922 -0.62966 0.175138
v 0.357306 -0.0850058 0.608873
v -0.71971226 0.5811939 0.3654251
v 0.596113 -0.0726462 0.494889
v -0.875498 0.0612847 0.625121
v 0.830422 -0.566212 0.376395
v 0.832949 -0.545298 0.358573
v -0.741214 0.38571 -0.0652244
v -0.873981 0.0208537 0.577084
v -0.673817 0.821196 -0.535694
v 0.530693 0.0291555 0.478096
v -0.236977 -0.876529 0.613997
v 0.311025 -0.70799 -0.372693
v -0.827455 -0.00484368 0.461279
v 0.026927948 0.17846489 0.41226196
v -0.0654528 -0.966805 0.66304
v 0.244105 -0.311292 -0.422128
v -0.396747 0.541505 -0.0489728
v -0.514854 -0.876535 0.274959
v 0.39925 0.202884 0.392043
v -0.586055 0.766411 -0.631447
v 0.6196904 -0.9340973 0.029006958
v 0.193012 -0.161624 0.696528
v 0.125604 -0.968163 -0.207942
v -0.52791 -0.216035 -0.250241
v 0.0991676 -0.972082 -0.217161
v 0.607563 -0.96495676 0.14024353
v -0.553153 -0.835502 -0.0297557
v -0.573129 -0.849977 -0.0370177
v -0.131239 -0.34436 0.657602
v 0.6222191 -0.9566803 0.09824371
v -0.208835 -0.976867 0.234946
v -0.457824 0.585153 0.16243
v -0.150284 -0.422939 0.581697
v 0.518133 -0.859813 -0.116121
v -0.895168 0.0542654 0.607758
v -0.287135 -0.959412 -0.0167868
v 0.640392 -0.455427 0.541747
v -0.665226 0.635803 -0.0873733
v 0.121084 -0.326834 -0.466036
v -0.9420519 0.2906475 0.42770767
v -0.5836469 0.53470325 -0.24034882
v -0.822328 -0.00860231 0.431181
v 0.955779 -0.733767 0.279373
v -0.103677 -0.913945 0.481139
v -0.5234957 0.512146 0.43829155
v -0.450562 0.424643 0.255673
v -0.894726 0.276615 0.626871
v -0.647787 0.468031 -0.302782
v -0.093647 0.679626 -0.059181
v -0.117881 -0.947024 0.550447
v -0.478315 0.164461 0.501071
v -0.642941 -0.597697 -0.0132028
v -0.75779724 0.5540085 0.43473816
v -0.194724 -0.947796 0.668875
v -0.0690089 -0.983821 -0.287736
v -0.594871 0.459095 0.509054
v -0.763084 0.568729 0.0436955
v -0.712883 -0.43969727 0.49051666
v -0.500843 -0.622623 0.374981
v 0.365955 -0.59554 0.699432
v -0.24173355 -0.70087814 -0.11706638
v 0.124994 -0.914181 -0.149836
v 0.054426193 0.23041487 0.031799316
v 0.889725 -0.470226 0.174743
v -0.0674111 0.908324 -0.247418
v 0.248717 -0.974283 0.192377
v 0.094463 -0.32215 -0.470078
v -0.595518 0.724271 -0.499217
v -0.020442009 -0.9688343 0.63528156
v -0.895719 0.0365389 0.586913
v -0.232579 -0.848538 0.601631
v -0.116387 -0.966128 -0.347749
v -0.443696 0.69565 0.00750104
v 0.623179 -0.464709 0.553322
v -0.874533 0.0118497 0.54868
v -0.479745 0.548015 0.299896
v 0.0140448 0.666347 -0.170756
v -0.872859 0.00655371 0.520989
v -0.871756 0.00531377 0.494142
v -0.742376 0.674605 -0.162661
v 0.229915 -0.112128 0.596201
v 0.542397 -0.632009 0.592859
v -0.458947 0.393453 0.32041
v -0.72576904 -0.4515381 0.4711609
v -0.499082 -0.808679 0.175456
v -0.648865 -0.117548 -0.181882
v -0.191049 -0.082056 -0.264031
v -0.437649 0.137675 0.451896
v -0.804747 0.193918 0.693047
v -0.806207 0.216186 0.700079
v -0.49892426 -0.8853097 -0.09901047
v -0.789465 0.233203 0.703872
v 0.734939 -0.831879 0.408185
v 0.295171 -0.972453 0.0100741
v 0.215025 -0.965569 0.162629
v 0.304286 -0.975631 0.0319813
v 0.759086 -0.391795 -0.0575348
v -0.796486 0.259374 0.700033
v -0.0921592 -0.928668 0.716437
v -0.00323009 -0.954093 0.681292
v -0.799433 0.309956 0.679503
v 0.894988 -0.502814 0.313063
v 0.23415375 0.110946655 0.5146637
v 0.617615 -0.918879 0.00326345
v 0.237825 -0.833937 0.625038
v 0.0188789 0.652833 -0.112508
v 0.45470428 -0.96177864 0.194664
v -0.03873825 -0.965178 0.67280006
v -0.360719 0.480895 -0.0135352
v -0.385309 0.479037 -0.0134732
v -0.911352 0.0521282 0.591782
v 0.446352 -0.181582 -0.279587
v 0.46339846 -0.16440964 -0.2724161
v -0.951329 0.470361 0.343513
v 0.0958358 -0.926039 0.656699
v -0.649379 0.586467 -0.0195371
v -0.62918 0.559435 0.43734
v -0.794027 0.385969 0.63179
v 0.600761 -0.883237 0.396393
v -0.721351 -0.479934 -0.0885931
v 0.81414413 -0.4328462 0.16186905
v 0.815118 -0.442281 0.175921
v -0.0952036 -0.898585 0.71531
v 0.560758 -0.498643 0.582157
v -0.9324 0.187391 0.0694038
v -0.998431 0.168599 0.303965
v 0.57442 -0.0194703 0.492342
v -0.712034 0.845998 -0.54591
v 0.154101 -0.914371 -0.149835
v -0.383475 0.519184 -0.0416596
v -0.66829515 0.030313969 0.6168785
v -0.408458 0.518745 -0.0349097
v -0.613017 0.66184 -0.219606
v 0.541033 0.0620336 0.449315
v -0.443832 0.336753 0.355584
v -0.457528 0.346305 0.373124
v -0.467708 0.341016 0.396705
v -0.579527 0.588119 -0.214681
v -0.0358737 -0.570555 0.674511
v -0.88388 -0.0276258 0.103044
v -0.515714 0.397801 0.424926
v -0.841771 0.00288205 0.437801
v 0.253493 -0.977812 -0.235883
v 0.149667 -0.968373 0.607672
v -0.663442 0.606314 -0.0380255
v -0.8571129 0.005425334 0.45834732
v -0.0548667 -0.350647 0.74442
v -0.949479 0.0745955 0.405339
v -0.6976843 0.5900178 0.1670227
v 0.830426 -0.755491 0.406908
v 0.213305 -0.923348 -0.16122
v -0.0462843 -0.0706453 -0.273529
v 0.224472 -0.915262 -0.143736
v -0.917766 0.0432288 0.572321
v -0.146624 -0.467655 -0.427515
v -0.959735 0.446175 0.246539
v -0.0776749 -0.158346 0.595275
v -0.900659 0.0249537 0.557693
v -0.589643 0.666358 -0.69786
v -0.895857 0.0154888 0.530196
v -0.97244 0.0631134 0.231675
v -0.959809 0.0447835 0.227425
v -0.894254 0.0127546 0.504016
v -0.892095 0.0140109 0.47777
v -0.236678 0.224254 0.150701
v -0.885413 0.0166331 0.449329
v -0.589256 0.412593 0.503686
v -0.863177 0.0129899 0.429219
v 0.93744946 -0.77399886 0.24788666
v -0.709272 0.707021 -0.199158
v -0.396709 0.49697 -0.0265757
v 0.646355 -0.153198 0.503007
v -0.53075 -0.791644 0.110589
v -0.436207 0.636808 0.124286
v -0.69550693 -0.0037066936 0.5352144
v -0.0823293 -0.285728 -0.454124
v -0.506531 0.597652 0.149119
v -0.803709 0.533448 0.451118
v 0.0165081 -0.911401 0.496492
v -0.7763519 0.528595 0.47711182
v -0.115003705 -0.9674761 0.62844086
v 0.434212 0.216855 0.320807
v -0.162286 -0.966691 0.633397
v 0.6962261 -0.9217758 0.26937866
v 0.264311 0.275741 0.22513
v 0.507827 0.0882592 0.45293
v -0.59267426 -0.6417389 0.06997681
v 0.306661 -0.960559 -0.157829
v -0.721278 0.60806 -0.0198298
v -0.618311 0.555647 -0.0100046
v -0.07917118 -0.46157074 0.6793518
v -0.0326733 0.663602 -0.0613978
v 0.408827 0.214146 0.366078
v 0.177293 -0.914915 -0.15265
v -0.932836 -0.212582 0.191927
v 0.965684 -0.588282 0.31626
v 0.831677 -0.537231 0.0412254
v 0.116139 -0.97997 -0.261256
v 0.0971344 -0.979518 -0.244988
v -0.75141907 -0.22102356 0.5245056
v 0.0001680851 -0.05876541 -0.2685299
v -0.754475 -0.325793 0.513614
v -0.492867 0.563893 0.284352
v -0.431019 -0.757384 0.261386
v -0.03134203 -0.09806442 -0.28220654
v 0.73386955 -0.061667442 0.24977112
v -0.602634 0.762221 -0.563018
v -0.6371002 0.58840656 0.17625427
v 0.537922 0.102443 0.417179
v -0.454043 0.667034 0.0868319
v 0.344989 -0.602962 0.715213
v 0.704522 -0.660427 -0.0756737
v -0.879174 0.551398 0.312501
v -0.503103 0.422174 0.41564
v -0.712203 0.523519 -0.502761
v -0.218923 -0.971032 0.377817
v -0.0936273 -0.513863 0.615681
v 0.681216 0.014486 0.0431307
v -0.914247 0.0256992 0.535093
v -0.688706 -0.117451 0.531627
v -0.914708 0.0231627 0.513725
v -0.11530018 -0.92853445 0.2519226
v 0.841504 -0.846354 0.0760128
v -0.489266 0.216214 -0.0559578
v -0.673626 0.450921 -0.249811
v -0.63585 -0.210276 -0.206314
v -0.400947 0.439378 0.0735703
v -0.27768707 -0.96050084 0.19891739
v 0.14773522 -0.92185783 0.21690342
v -0.812486 -0.494214 0.244161
v 0.164276 -0.923562 0.167613
v -0.459711 0.15778 0.480425
v 0.7118149 -0.23181152 0.4593048
v 0.48765564 -0.40510178 0.6709595
v 0.951053 -0.761689 0.177822
v -0.341564 0.244563 0.0913425
v -0.0426958 -0.867798 0.703312
v 0.252944 -0.9112156 -0.08321357
v -0.347234 -0.0149148 0.518382
v -0.460332 -0.830394 0.281913
v -0.481684 -0.849798 0.286188
v 0.197832 -0.913785 -0.146054
v -0.642301 -0.466918 -0.167843
v 0.229786 -0.959686 -0.182985
v 0.264826 -0.960718 0.302477
v 0.389938 -0.115084 -0.268589
v 0.495645 -0.967865 0.0366805
v 0.43859 -0.92045 0.575984
v 0.946421 -0.636349 0.343654
v -0.938052 0.0554998 0.560446
v -0.208231 0.71094 -0.178397
v -0.925555 0.0373658 0.548267
v -0.193749 0.687509 -0.174342
v -0.928751 -0.254632 0.141904
v -0.3694687 -0.61172485 0.5182648
v -0.930691 0.0353627 0.524693
v -0.794581 0.141425 0.678058
v -0.914908 0.0230646 0.488204
v -0.911295 0.0321951 0.433054
v -0.405724 0.220296 0.399934
v -0.553323 -0.809281 0.483666
v -0.485544 -0.79955 0.532651
v -0.783608 0.20837 0.70031
v -0.867767 0.0177324 0.401443
v -0.58958566 0.65135956 -0.2675171
v 0.805607 -0.459252 0.274623
v 0.374506 -0.972698 -0.209381
v -0.3635521 0.08885193 0.42567444
v -0.772992 0.300225 0.686876
v -0.37997 -0.55592 0.524985
v 0.248991 -0.974865 -0.203065
v 0.252851 -0.920053 -0.142065
v -0.859877 -0.377815 0.34707
v 0.98590183 -0.67352486 0.23017883
v 0.24077606 -0.9355531 -0.16484356
v -0.584283 0.188566 0.584493
v -0.802951 0.405068 0.612591
v 0.174283 -0.923138 0.118148
v -0.42824 0.708482 0.0329162
v 0.258074 -0.919982 0.350319
v -0.554837 0.413486 0.472735
v -0.11988497 -0.9261388 0.13602066
v 0.257203 -0.933166 0.328922
v 0.921862 -0.506007 0.304312
v -0.783947 0.455241 0.573151
v 0.2573738 -0.95021504 0.61051226
v 0.222291 -0.924159 0.0300816
v -0.42947 0.181755 0.441503
v -0.799106 0.488751 0.526622
v -0.915438 -0.29251 0.079922
v -0.768494 0.625889 -0.134068
v 0.8131758 -0.42473578 0.1943245
v 0.20297 -0.205064 -0.405076
v 0.520304 -0.471073 0.63787
v 0.994117 -0.561715 0.166005
v 0.340157 -0.965382 0.350782
v 0.495224 -0.9433117 0.44648743
v 0.21349525 -0.9100301 0.45593834
v 0.489627 -0.809393 0.54746
v -0.03043747 -0.92100906 0.37631226
v 0.360721 -0.920733 0.595452
v -0.934111 0.0357139 0.500687
v -0.913155 0.0259486 0.460956
v 0.355509 -0.975277 -0.169151
v -0.520052 0.618497 0.100547
v -0.46978188 0.5112152 0.3241501
v -0.0771599 0.023615 -0.218692
v -0.36328077 -0.9668561 0.16313744
v -0.195379 -0.747282 -0.136487
v -0.60705 -0.109679 -0.205889
v -0.617757 -0.0930518 -0.197227
v -0.573141 -0.829587 0.523669
v 0.043289185 0.2198658 0.34396362
v 0.223476 -0.916619 0.00272369
v -0.5271 0.553393 0.411895
v -0.628553 0.751286 -0.413946
v -0.302249 0.639073 0.055533
v 0.21489716 -0.9135537 -0.017166138
v -0.167734 -0.772997 -0.254218
v -0.726265 0.713475 -0.22101
v -0.911708 -0.310953 0.102926
v 0.52645 -0.945462 0.355087
v -0.438786 0.474349 -0.00701891
v -0.30581284 -0.14781952 -0.25998497
v -0.11567688 -0.6681671 0.5237732
v -0.143896 -0.984623 -0.300609
v -0.886325 -0.34837 0.0850689
v 0.345174 -0.937995 0.421761
v -0.81757355 0.5425415 0.42085266
v 0.91238 -0.520225 0.326901
v -0.800402 0.542524 0.0404874
v 0.60980606 0.11281204 0.08872986
v -0.93554 0.0385069 0.473899
v -0.910259 0.0406603 0.406055
v 0.131547 -0.599065 -0.436255
v -0.890719 0.0307909 0.391155
v 0.580521 -0.244843 0.587634
v 0.540132 -0.891318 0.471649
v 0.303981 0.271641 0.110836
v 0.2714672 -0.9721341 0.25193024
v 0.152004 -0.958871 -0.294417
v 0.600249 -0.964216 0.11676
v -0.148325 -0.372396 0.615016
v -0.591635 0.459045 -0.120566
v 0.3221054 -0.96695566 0.22088242
v -0.299239 0.532254 0.0731386
v 0.829831 -0.807766 0.364258
v -0.277296 0.535704 0.0574396
v -0.635805 0.584825 0.357295
v -0.71487427 -0.36577034 0.5263672
v -0.680363 0.578364 -0.620206
v -0.664937 -0.589457 0.002786
v 0.263755 -0.937211 -0.0056626
v -0.6177902 0.58189774 0.12979126
v 0.274703 -0.971624 0.0311883
v 0.407685 0.15478 0.440527
v 0.246721 -0.959919 0.0457313
v 0.577277 -0.79182 -0.178618
v 0.238275 -0.966598 0.0736327
v -0.589623 -0.909869 0.569636
v -0.257751 0.606564 0.0730929
v 0.23571 -0.970483 0.0967729
v 0.222739 -0.965945 0.114389
v 0.313912 -0.932145 -0.0976934
v -0.934501 0.309327 0.0969477
v 0.310758 -0.938517 -0.133
v 0.434519 -0.966891 -0.130462
v -0.92291 -0.290783 0.147519
v 0.67509 0.0123722 0.0217023
v -0.618096 0.4376 -0.150089
v 0.800213 -0.843814 0.343661
v 0.0427049 0.672241 -0.168088
v -0.9421005 0.3211403 0.32888794
v -0.65954 0.86562 -0.732596
v 0.26938438 -0.9703059 0.27724457
v -0.259367 0.714698 -0.157069
v 0.504923 -0.61239 0.621101
v -0.693215 0.696111 -0.178404
v -0.45831 -0.432937 -0.221158
v 0.808565 -0.472867 0.0727093
v -0.5922208 0.3135376 -0.07757664
v -0.149774 -0.74159 0.506531
v -0.1053772 -0.96724486 0.6529503
v -0.655162 0.242357 -0.0960014
v 0.20485 -0.948491 0.109933
v -0.543473 -0.665179 0.115564
v -0.910959 0.0453403 0.379607
v -0.510897 -0.276833 -0.258282
v -0.5943985 -0.44846153 0.5446205
v 0.308017 0.275231 0.194807
v -0.944754 0.0751053 0.37695
v -0.0860714 -0.781433 0.634256
v -0.189691 -0.263513 -0.302925
v -0.249151 -0.0990038 -0.255718
v -0.779235 0.183469 0.693668
v -0.599411 -0.615646 0.33198
v 0.688797 -0.894013 0.349239
v 0.0816242 -0.966141 0.575077
v -0.06254 -0.919898 -0.189936
v 0.631882 -0.482315 0.54151
v 0.409267 -0.94585 -0.238857
v -0.406869 0.44467 0.116304
v -0.585023 -0.945922 0.267544
v -0.772854 0.350327 0.659418
v 0.804328 -0.860621 0.303216
v 0.671078 -0.224766 0.514204
v -0.778136 0.406213 0.620045
v -0.688646 0.485412 0.547824
v -0.786253 0.423866 0.602983
v -0.772901 0.579806 -0.108311
v 0.590215 -0.215288 0.577389
v -0.77693 0.601036 -0.14653
v -0.348238 -0.966024 0.138429
v 0.309496 -0.937838 -0.0685314
v -0.660124 0.889176 -0.735579
v 0.8498882 -0.47176713 0.18511772
v -0.603096 0.578271 0.103093
v -0.611836 -0.282121 -0.223074
v -0.633599 -0.271922 -0.213836
v -0.596422 -0.984638 -0.0523327
v -0.559356 -0.266121 -0.233418
v -0.590035 0.611461 -0.199729
v 0.834976 -0.474188 0.162011
v -0.136122 -0.976511 -0.342871
v -0.201843 -0.958509 0.648705
v -0.254367 0.629223 0.054253
v 0.206889 -0.95756 0.135279
v 0.201291 -0.954424 0.186862
v -0.931824 0.0508376 0.419132
v -0.35604 0.243764 0.0596792
v 0.80009174 -0.2507248 0.074668884
v -0.306531 0.227355 0.212581
v -0.929459 0.0577232 0.392567
v 0.78096 -0.196189 0.0375477
v 0.38845062 -0.63575745 0.6721649
v -0.914805 0.0449242 0.35445
v -0.9127941 0.03368759 0.31828308
v 0.0291324 0.827918 -0.227908
v 0.816518 -0.862431 0.278943
v -0.873305 0.528891 0.106959
v -0.413443 0.170427 0.417198
v 0.74246216 -0.32711792 -0.11206055
v -0.53273 0.193052 0.540679
v -0.823443 0.351068 0.644141
v -0.458745 0.364645 0.353923
v 0.644435 -0.0659606 0.448601
v -0.11154631 0.20378065 0.12295914
v -0.590097 0.704138 -0.454924
v 0.712382 -0.177295 -0.0893581
v -0.729401 0.499583 -0.362917
v -0.157828 -0.349072 0.600817
v -0.484156 0.236033 0.484632
v -0.129079 -0.928824 0.315511
v -0.89951 -0.34052 0.183091
v -0.10074055 -0.92549896 0.33718872
v -0.853247 -0.391838 0.329154
v 0.190016 -0.929984 0.103071
v -0.630181 0.799415 -0.560833
v -0.579953 0.544606 0.458549
v -0.991259 0.115864 0.237052
v 0.644231 -0.667001 -0.164127
v 0.450471 -0.951562 0.537954
v 0.52479 -0.518555 0.611116
v 0.4412346 -0.9608562 0.5199356
v -0.51589 0.562559 0.368539
v -0.606011 -0.849404 0.450749
v 0.137869 -0.921205 0.175264
v -0.584338 -0.827505 0.453476
v -0.9789963 0.22899246 0.35897827
v 0.390289 -0.96524 -0.226544
v -0.887587 -0.379968 0.120978
v -0.942707 0.522932 0.239626
v -0.93334794 0.0551548 0.33933258
v -0.936054 0.361264 0.453709
v 0.47788 -0.956396 0.436506
v -0.954591 0.505452 0.259484
v 0.507393 -0.665368 0.615497
v 0.487131 -0.95736 0.3941
v -0.947864 0.330977 0.226853
v -0.954751 0.375803 0.255048
v 0.506675 -0.950218 0.374514
v -0.581192 -0.931783 0.582826
v -0.255211 -0.948342 0.599725
v -0.25595 0.522207 -0.00933506
v -0.278725 0.509235 0.0084277
v -0.763807 0.793525 -0.449604
v 0.291363 -0.97021 0.531681
v 0.53923035 -0.9605932 0.2952881
v -0.11569214 -0.6106262 0.532074
v 0.360815 -0.119925 -0.266068
v 0.56004333 -0.9688215 0.20792389
v -0.593131 0.686861 -0.740028
v 0.312657 -0.948606 -0.27693
v 0.373541 -0.753783 0.653871
v -0.953014 0.262304 0.117362
v -0.92024994 -0.22232199 0.11896515
v -0.258231 0.710304 0.0138139
v 0.344599 -0.957609 0.375378
v 0.331481 0.264554 0.0855937
v 0.29979 0.267363 0.07866
v -0.659303 0.526987 -0.544941
v -0.746368 -0.409998 -0.116432
v -0.323937 0.794659 -0.0189679
v -0.0150792 0.936205 -0.209727
v -0.603921 -0.912622 0.349978
v 0.286858 -0.91319 0.386468
v -0.42673 0.438344 0.0281179
v 0.185109 -0.931134 0.229039
v 0.22985387 0.27286148 0.115428925
v 0.192888 -0.942295 0.210915
v -0.92971 0.0587682 0.366728
v 0.901302 -0.490297 0.291028
v 0.597209 -0.43882 0.583095
v -0.432243 0.66123 0.103841
v 0.860653 -0.827923 0.0659824
v -0.607421 0.540038 -0.424189
v -0.987286 0.237403 0.307011
v -0.461685 -0.676278 0.310496
v -0.933583 0.492004 0.358413
v -0.114437 -0.918131 0.45299
v -0.11289978 0.7617874 -0.11722565
v 0.07177067 0.24497557 0.07570839
v 0.625467 0.0119722 0.418541
v -0.132334 -0.788325 -0.305394
v -0.188389 0.659949 -0.00322945
v -0.453436 -0.905717 0.617909
v -0.94646645 0.07097435 0.35268402
v 0.6734085 -0.2505188 0.52005005
v -0.0937986 -0.409879 0.700899
v -0.889805 -0.387367 0.196737
v -0.938316 0.0414986 0.292506
v -0.652028 0.298937 -0.0887321
v -0.29872 -0.300823 0.574461
v 0.320866 -0.968749 0.566021
v -0.935275 0.528768 0.267225
v -0.641194 -0.347894 -0.21469
v 0.632633 -0.530821 0.539144
v -0.728405 -0.26483 0.542602
v -0.8255081 -0.45218658 0.27736664
v -0.0386313 0.8815 -0.27697
v -0.6508335 0.15219092 -0.09547479
v -0.63623047 -0.37582397 0.5654907
v 0.406067 -0.959644 0.561608
v -0.837218 0.134257 -0.0342616
v 0.429728 -0.956237 0.55085
v -0.836501 0.104954 -0.0248595
v -0.457354 -0.810141 0.301149
v -0.619988 0.575345 -0.0657926
v -0.424854 0.120238 0.433665
v -0.860804 0.528645 0.409361
v -0.41271973 0.677475 -0.052459717
v 0.678147 -0.868862 0.384885
v -0.017517 -0.562492 0.694559
v 0.687693 -0.848235 0.401129
v -0.1276722 -0.537693 0.5422201
v 0.650769 -0.680812 0.498634
v -0.8463898 0.5453758 0.38508606
v -0.946027 0.0475554 0.514253
v 0.6788635 -0.5610733 0.50574493
v -0.956374 0.0608994 0.303494
v 0.492564 -0.737707 -0.306943
v -0.485765 -0.63659 0.355233
v -0.762479 0.225465 0.702191
v -0.767919 0.251527 0.701644
v -0.772671 0.276315 0.696076
v -0.300161 -0.887856 -0.314821
v 0.502108 -0.95878 0.349962
v -0.919145 0.124876 0.624279
v -0.14201 -0.489508 0.54656
v 0.173579 -0.935711 0.635174
v 0.55355835 -0.97157365 0.16668129
v 0.39262 -0.756685 0.635037
v -0.240574 0.56035 0.0438045
v -0.203712 -0.765145 -0.150978
v -0.793308 -0.0443033 0.442413
v -0.00282307 0.91736 -0.226002
v -0.773657 0.470984 0.55991
v 0.179663 -0.24729 -0.43245
v -0.773243 0.4866 0.541225
v -0.812987 0.0725245 0.640075
v 0.186943 -0.922316 0.278571
v 0.7970867 -0.24017906 0.20474243
v 0.9838332 -0.6884223 0.19747162
v -0.592779 0.521755 -0.0196589
v -0.232665 -0.931935 0.633932
v -0.27198172 -0.52796936 -0.18493271
v -0.21578503 0.21713042 0.13564587
v -0.915771 0.0697657 0.603881
v -0.806562 -0.264803 -0.0989177
v -0.898644 0.0769348 0.622704
v 0.449013 0.186625 0.371498
v -0.68183 0.774647 -0.371628
v 0.0893862 -0.957552 0.649562
v -0.00989293 -0.616626 0.682291
v -0.920458 0.284096 0.0586198
v -0.252159 -0.433479 -0.225474
v 0.382063 -0.661706 0.676003
v -0.9115143 0.3551941 0.109375
v 0.59506226 -0.9590988 0.08264923
v -0.24273682 0.8227234 -0.1350708
v -0.818797 0.0440617 -0.00928215
v -0.82124 0.0186974 0.00264306
v 0.485277 -0.966406 0.063358
v 0.4653101 -0.96310806 0.08774567
v -0.216148 -0.974847 0.333039
v -0.204975 -0.969179 0.355743
v 0.16661 -0.91992 0.295614
v 0.70751 -0.830524 0.413679
v -0.435185 -0.783397 0.269101
v -0.943989 0.0506773 0.535914
v 0.7984257 -0.27923918 0.05102539
v -0.527171 -0.674225 0.18684
v -0.456403 -0.607114 0.431841
v -0.841737 0.00371152 0.41086
v -0.258703 0.124577 0.405591
v -0.423851 -0.545009 0.505283
v 0.185898 -0.926213 0.251332
v 0.106543 -0.966515 0.627622
v 0.0775813 -0.967977 0.624752
v -0.5703361 -0.8195337 0.49650955
v -0.75917 0.461988 0.573439
v -0.973321 0.264434 0.196477
v 0.111103 -0.968683 0.578818
v -0.935579 0.350374 0.478068
v -0.440891 0.429557 0.225285
v -0.7257509 0.55516815 0.4421692
v 0.333196 -0.95271 -0.111405
v -0.505913 -0.792533 0.478894
v 0.466149 -0.880808 0.570252
v 0.720361 -0.0344073 0.250057
v -0.276705 -0.310022 -0.264681
v 0.363497 -0.967325 0.363855
v 0.533644 -0.863056 0.517138
v -0.424022 -0.569603 0.48941
v -0.973516 0.152309 0.139035
v 0.347911 -0.946513 0.397202
v 0.247525 -0.969415 0.257683
v -0.23575 -0.965354 0.594138
v -0.434173 -0.966198 0.592046
v -0.361135 0.205854 0.306913
v 0.070916176 -0.91060144 0.49144238
v 0.612288 -0.133784 0.524651
v 0.493003 0.147114 0.412059
v -0.583348 0.682151 -0.434675
v -0.616977 -0.934629 0.34927
v 0.764175 -0.282719 -0.0656464
v -0.90901184 0.54362345 0.2122078
v 0.343424 -0.969732 0.505718
v 0.363999 -0.956185 0.41623
v -0.00827665 0.72077 -0.224672
v 0.245085 -0.941715 0.308536
v -0.0194597 0.700322 -0.205851
v 0.238307 -0.923483 0.329218
v -0.9235 -0.252774 0.116805
v 0.491864 -0.774982 -0.275494
v -0.62885845 0.3036213 -0.08643174
v 0.7088928 -0.5993805 0.46038818
v -0.449501 -0.825253 0.259853
v 0.171954 -0.927085 0.211981
v 0.317362 0.260798 0.0552338
v 0.24659061 -0.91292334 0.3765831
v 0.905834 -0.555546 0.029486
v 0.831783 -0.477368 0.232178
v 0.605897 -0.627313 0.547432
v 0.154177 0.231499 0.378385
v 0.244162 -0.958761 0.283336
v -0.305256 0.617732 0.0721093
v 0.12073517 0.23218727 0.36748886
v 0.30631 -0.971138 -0.255789
v -0.0320679 0.67861 -0.0792759
v 0.75966 -0.518566 0.380315
v -0.97685 0.265567 0.305383
v 0.23936462 -0.9621465 0.60112953
v -0.240573 -0.268655 -0.290848
v 0.0737227 -0.956251 -0.204711
v 0.709871 -0.0524361 0.346728
v -0.774299 -0.138618 -0.117495
v -0.40187073 -0.9657383 0.58177567
v -0.613165 0.272802 0.56482
v 0.597059 0.0100272 0.452451
v -0.732671 0.303835 -0.0767613
v -0.703926 0.32261 -0.0809991
v -0.71910095 -0.25987244 -0.1802597
v -0.782362 0.700203 -0.305455
v -0.735185 -0.0472168 -0.110149
v -0.742652 -0.0271269 -0.0968326
v 0.940033 -0.540774 0.055868
v -0.75352573 0.2979164 -0.07099533
v -0.3774538 0.25970674 0.30854034
v -0.732976 0.332961 -0.0708477
v -0.606925 0.26959 -0.0879608
v -0.305016 -0.276065 -0.269209
v -0.241654 -0.457532 -0.227076
v 0.77 -0.838746 0.375146
v 0.295675 -0.969991 0.556378
v 0.39446688 -0.97316474 -0.068157196
v 0.40633965 -0.9717059 -0.16500473
v -0.623575 -0.0559829 -0.173222
v -0.5986786 -0.037160873 -0.18053818
v -0.657865 -0.042031 -0.150462
v -0.150723 -0.926504 0.38203
v -0.604582 0.397711 0.519563
v -0.892551 -0.104672 0.0733534
v -0.83981323 0.1675415 -0.038146973
v 0.377494 -0.961019 0.572509
v 0.410368 -0.965202 0.535738
v -0.578669 -0.00484437 0.504532
v -0.745929 0.0896959 0.6922
v 0.221669 -0.973172 -0.202237
v 0.199026 -0.975651 -0.215651
v -0.620732 0.603122 -0.666029
v 0.1481781 -0.9771495 -0.22453117
v -0.594216 -0.88657 0.352165
v -0.76520157 0.6732788 -0.20028687
v -0.773084 0.128363 0.690945
v -0.0613397 0.67965 -0.182757
v -0.042079 0.662198 -0.167961
v -0.5749 0.483308 0.496826
v -0.08508682 0.65485 -0.1612091
v -0.142739 -0.303645 0.625984
v -0.839195 0.521455 0.0593612
v 0.192675 -0.924674 -0.166087
v 0.185841 -0.943944 -0.179705
v -0.615909 -0.941784 0.541683
v -0.755245 0.17213 0.700872
v 0.14597225 -0.92072713 0.14209557
v -0.958761 0.0894412 0.359553
v -0.514406 -0.883611 0.614149
v 0.425422 -0.967163 0.485085
v -0.758144 0.19925 0.699365
v -0.12808 -0.919494 0.497884
v 0.45759392 -0.9621985 0.46823502
v 0.44669485 -0.9650112 0.43633652
v -0.562871 0.0674085 0.50524
v -0.747102 0.291091 0.685702
v 0.468639 -0.962092 0.413671
v -0.743958 0.338188 0.662813
v 0.550882 -0.556583 0.585913
v 0.927661 -0.492986 0.279335
v -0.261439 -0.888038 -0.346893
v -0.76397705 0.39309692 0.6317291
v -0.759926 0.422472 0.609233
v -0.434821 0.370919 0.281694
v -0.446185 -0.78636 0.293846
v 0.64943 -0.178885 0.515388
v -0.6437 0.873337 -0.748165
v -0.93244326 0.3220768 0.37956333
v 0.5248375 -0.9676807 0.2587242
v 0.77970123 -0.30216217 -0.026473999
v 0.791853 -0.27707 0.012344
v -0.642039 -0.485283 -0.148938
v -0.150176 -0.407685 -0.434697
v -0.352344 0.701163 -0.0973913
v -0.760761 0.157018 -0.0754232
v -0.664409 0.469842 -0.318171
v 0.539783 0.168353 0.29469
v 0.10179138 0.073272705 -0.1897831
v 0.74282837 -0.85458374 0.37646484
v -0.698958 0.479464 -0.343669
v -0.153778 -0.77006 -0.275439
v 0.7908611 -0.24639511 0.025398254
v -0.734563 0.80754 -0.454551
v 0.551545 -0.736594 -0.251403
v -0.592364 0.476495 -0.162637
v 0.19447327 -0.91899395 0.3091812
v -0.63616323 0.7877201 -0.52163315
v 0.778182 -0.849763 0.352212
v 0.909038 -0.630142 0.383565
v -0.917065 -0.263151 0.0870114
v 0.659384 0.0407005 0.329962
v -0.715405 0.485251 -0.320392
v 0.0546764 -0.289081 -0.469873
v 0.0668855 -0.316914 -0.476004
v -0.75179 0.725046 -0.2749
v -0.878578 0.0862308 0.638101
v 0.0498491 -0.958878 0.572474
v -0.495549 -0.503865 0.524381
v 0.783159 -0.871076 0.303628
v -0.363977 0.26245 0.113207
v 0.512052 -0.968295 0.0603443
v 0.663899 -0.654526 -0.147467
v 0.793436 -0.301467 0.0250538
v 0.793131 -0.872458 0.283515
v -0.431596 -0.0722844 -0.238148
v -0.254733 0.524856 0.0198168
v -0.23356 0.535511 0.00602937
v -0.217885 0.559203 0.0243191
v -0.132299 -0.929966 0.283644
v -0.181938 0.562319 -0.0096011
v -0.18933 0.569763 0.0124548
v -0.617114 0.574054 0.0780681
v -0.621095 -0.96699 0.485094
v 0.385051 -0.9674 0.543476
v -0.238147 0.833487 -0.0190396
v 0.61933136 -0.20956612 -0.20676804
v 0.110030174 0.2555952 0.09967041
v 0.416883 -0.966638 0.511136
v -0.752703 0.571071 -0.225999
v 0.40481567 -0.34848022 0.69595337
v 0.567144 0.130579 0.346599
v -0.602971 0.661978 -0.245196
v 0.530501 0.159702 0.345003
v 0.243929 0.276059 0.158084
v 0.596712 -0.912575 -0.00982229
v -0.2548437 0.22603369 0.18711472
v -0.151276 -0.788763 -0.290428
v 0.21660995 0.25678062 0.32409286
v -0.919642 -0.129661 0.121512
v 0.528348 -0.741558 -0.26894
v 0.822707 -0.829382 0.344249
v -0.952818 0.286406 0.133813
v 0.1706543 -0.9175854 0.3658142
v -0.944564 0.286475 0.106759
v -0.445235 -0.886206 0.610213
v -0.583943 0.570329 -0.390738
v -0.196443 -0.970131 0.526348
v -0.971206 0.281691 0.282609
v 0.197243 -0.117124 -0.276848
v 0.459136 -0.964674 0.390366
v -0.937011 0.297479 0.527861
v 0.4872284 -0.9645746 0.3374176
v 0.912821 -0.714911 0.360449
v -0.164656 0.643813 -0.156581
v -0.970425 0.164612 0.558926
v 0.36596 -0.962022 0.389965
v -0.965744 0.14459 0.573572
v 0.511528 -0.96618044 0.2934265
v 0.193229 -0.924048 0.0765471
v 0.750249 -0.675451 -0.0469946
v -0.863225 0.0401594 0.0320115
v -0.20457458 0.78791046 -0.018829346
v -0.19247437 0.8043823 -0.18333435
v -0.00217247 0.82654667 -0.206213
v 0.164758 -0.918924 0.0938721
v -0.914993 -0.148454 0.0971181
v -0.660932 0.902818 -0.67526
v -0.623512 0.69908047 -0.27330923
v 0.354675 -0.95579 0.44225
v -0.18558502 -0.8241844 -0.32621765
v -0.900107 0.383675 0.113203
v -0.5425205 -0.9005046 0.6070404
v 0.014884949 0.75683975 -0.26117325
v -0.602193 -0.379225 -0.221237
v 0.3307495 0.24203682 0.0050964355
v 0.645151 -0.427719 0.547414
v -0.9135666 -0.079805374 0.15843964
v -0.0246459 0.704523 -0.115086
v -0.20147038 -0.9604013 0.49567413
v 0.691942 -0.674824 0.443187
v 0.10582733 -0.94934845 -0.1953392
v -0.735023 0.61946 -0.0579761
v -0.943488 0.120625 0.0831753
v -0.664671 0.827461 -0.560999
v -0.744395 0.785492 -0.404938
v -0.431098 -0.711207 0.44103
v -0.49982452 0.022930145 -0.19755936
v -0.642234 0.476794 -0.326494
v 0.0610081 -0.138329 -0.298715
v 0.6720629 -0.7176981 -0.076236725
v 0.5815649 0.14453745 0.15415573
v 0.00908795 -0.939448 -0.204923
v -0.73498344 0.5895395 0.18255615
v -0.43139267 0.3879738 0.2526493
v -0.18156976 -0.9697632 0.5555173
v 0.296896 -0.965231 0.585582
v -0.274371 -0.769761 -0.12447
v -0.18091583 0.8120346 -0.039245605
v -0.263385 -0.752157 -0.117865
v -0.630543 -0.299964 -0.21895
v 0.52171 -0.967913 0.167541
v 0.541889 -0.971793 0.140407
v -0.149054 -0.398915 0.599219
v -0.31263 -0.589918 -0.159435
v -0.30961 -0.561891 -0.173247
v -0.606042 0.88226 -0.713565
v -0.746751 0.51068 -0.280352
v -0.0701703 -0.413214 0.718494
v 0.00128843 -0.966448 0.652822
v -0.6228218 0.56752396 -0.5426636
v -0.22319 -0.962229 0.454181
v -0.574912 -0.836672 -0.0132131
v -0.00935138 0.962411 -0.215911
v 0.653594 -0.503189 -0.193189
v 0.110271 -0.924206 -0.175828
v -0.74991 0.116315 0.69898
v -0.752896 0.144134 0.70158
v -0.724238 0.491473 -0.344508
v -0.732512 0.188498 0.703193
v 0.23555 -0.912097 -0.118464
v -0.735543 0.216357 0.698603
v -0.740884 0.243162 0.695696
v 0.33345032 -0.9346211 0.60129595
v -0.71116 0.234923 0.687693
v -0.359725 -0.9759378 0.3622322
v -0.270031 0.552357 -0.0791234
v 0.800846 -0.875165 0.259725
v 0.779642 -0.234481 -0.00145061
v -0.747042 0.267922 0.693113
v -0.667918 0.486431 -0.390957
v -0.745733 0.314449 0.675493
v 0.45832026 0.22580868 0.19089508
v -0.27393 0.190252 0.315334
v -0.7464905 0.3687744 0.64601135
v 0.972959 -0.512484 0.152283
v -0.255305 -0.790828 -0.159395
v -0.437931 -0.759394 0.455266
v -0.733772 0.416895 0.613028
v -0.740091 0.436531 0.598328
v -0.954256 0.20813 0.565083
v -0.6606178 0.20715714 0.6758251
v 0.703032 -0.354409 -0.171999
v 0.652801 -0.872977 0.381806
v -0.0132947 -0.911023 0.504464
v -0.183506 -0.951322 0.357323
v 0.156165 -0.921829 0.193204
v -0.55290985 -0.527359 -0.15433502
v 0.271796 -0.945064 0.488808
v 0.846084 -0.761095 0.389502
v -0.585486 0.728607 -0.592461
v 0.799926 -0.411302 0.0431122
v 0.797503 -0.379465 0.0339041
v 0.457173 -0.966695 0.34447
v 0.632598 -0.290937 0.565621
v -0.051166534 -0.9608793 0.58655167
v -0.899733 0.534966 0.160968
v 0.224534 -0.954999 0.26213
v -0.695742 0.504063 -0.491082
v -0.3742447 -0.8945236 0.58927536
v -0.89844894 -0.083459854 0.10211182
v -0.203966 0.646126 0.0230949
v 0.822277 -0.468469 0.138729
v 0.63996 -0.480514 -0.208034
v -0.43890202 -0.8657608 -0.11105442
v 0.283937 -0.924657 0.36156
v 0.0833609 0.712264 -0.213078
v 0.228762 -0.9669 0.236292
v 0.340229 -0.288049 0.728097
v -0.570405 -0.832502 0.407687
v -0.120083 0.688775 -0.0614684
v 0.7952328 -0.45105743 0.034721375
v -0.710136 -0.937597 0.0562562
v 0.0745599 -0.975804 -0.231063
v -0.4243889 -0.4558792 -0.20131683
v -0.594347 0.689116 -0.354601
v -0.359536 0.469676 0.0786293
v 0.561593 -0.739253 0.528729
v -0.485982 -0.607 -0.0807289
v 0.10416412 -0.9221805 0.25938225
v -0.723043 0.58189 0.0746038
v -0.168953 -0.933771 0.372107
v -0.0449405 -0.968614 0.619286
v -0.479916 -0.639256 -0.0777279
v 0.203951 -0.962545 -0.18918
v 0.0602542 -0.963302 0.646765
v -0.0311117 -0.0160257 -0.253072
v 0.470386 -0.962511 -0.0275162
v 0.189485 -0.965677 0.541723
v 0.274466 -0.156865 0.669247
v -0.32757 0.181054 0.314898
v 0.799332 -0.468044 0.0492639
v -0.165455 -0.935879 0.349963
v 0.0685572 -0.942616 0.665059
v 0.254814 -0.97339 0.232389
v -0.58669 0.537422 -0.326535
v -0.51559 -0.71359 0.0397453
v -0.19532776 0.14268112 0.36237335
v -0.224034 0.849217 -0.0352794
v 0.6496124 0.06659269 0.28330994
v 0.549219 -0.0589346 0.518446
v 0.12058568 0.24391651 0.33961487
v 0.9625969 -0.74096966 0.16981506
v 0.306212 0.255148 0.0297561
v 0.0473298 -0.938037 0.548494
v -0.661024 -0.519497 -0.0891195
v -0.376873 -0.702894 0.506119
v -0.14044964 -0.21925622 -0.32404232
v -0.159765 -0.374782 0.589235
v -0.0597913 -0.324077 0.738956
v 0.224847 -0.94061 0.28608
v 0.8937721 -0.82292724 0.18433762
v 0.265391 -0.947559 0.321239
v 0.275217 -0.938315 0.339377
v -0.968568 0.21859 0.409691
v 0.0939895 -0.969711 0.601727
v -0.715686 0.651409 -0.0967423
v -0.77497864 0.64582825 -0.18658447
v -0.8333664 -0.47057152 0.13932419
v -0.604505 -0.821252 0.102459
v 0.0828316 -0.930582 -0.187737
v -0.866334 0.178987 0.655469
v -0.930112 -0.18623 0.260019
v -0.9348297 0.28503704 0.08068085
v 0.770174 -0.882112 0.289744
v 0.629155 -0.139084 0.510126
v 0.34417725 -0.97308064 -0.03656006
v -0.884537 0.456179 0.109266
v 0.063748 0.695025 -0.165273
v -0.868044 0.472328 0.0853913
v 0.177313 0.241328 0.362091
v 0.378962 -0.691843 0.680048
v -0.611169 -0.822229 0.0731435
v 0.209639 -0.957735 -0.290206
v 0.513661 -0.0288445 0.520714
v 0.523863 -0.0528351 0.526052
v 0.701055 -0.32722 -0.17714
v -0.0656781 0.968118 -0.173005
v -0.19919 0.828144 -0.169466
v -0.50417 -0.451997 0.560193
v 0.915782 -0.535988 0.0468142
v -0.6027298 0.5624542 -0.45173645
v -0.666307 0.494386 -0.428948
v -0.684287 0.816748 -0.5092
v -0.615688 -0.853149 -0.00724243
v -0.0894375 -0.955036 0.70229
v -0.624566 0.3811 -0.0795759
v -0.621317 0.347267 -0.0809135
v -0.542828 0.461646 0.467412
v 0.366299 -0.974564 -0.143823
v -0.0874776 -0.965622 0.675198
v -0.0661558 -0.961022 0.689755
v -0.576291 -0.938909 0.290195
v -0.045581818 0.8930664 -0.17946625
v 0.753992 -0.895259 0.271642
v -0.248861 0.687746 -0.160963
v 0.777707 -0.885281 0.265338
v 0.87350416 -0.834013 0.24726868
v -0.624966 -0.327265 -0.221854
v -0.747782 -0.195718 -0.158343
v 0.79443836 -0.2996235 0.2976761
v 0.309779 -0.94401 0.604009
v 0.470505 -0.967499 0.317532
v -0.121378 -0.206685 -0.325126
v 0.32923 -0.959961 0.590506
v 0.347473 -0.966201 0.570931
v 0.100127 -0.273569 -0.45287
v 0.358936 -0.969473 0.548867
v -0.574244 0.369686 -0.0644978
v 0.105167 -0.0793375 -0.279351
v 0.3694191 -0.9699751 0.5232849
v 0.14644623 -0.27955627 -0.44678307
v -0.726739 0.105312 0.700925
v 0.368801 -0.969786 0.498342
v 0.395866 -0.96894 0.490319
v 0.41615 -0.967322 0.429391
v -0.336907 -0.981574 -0.291445
v -0.532091 -0.790984 0.0280169
v -0.708335 0.204757 0.697753
v -0.856443 0.312573 0.646301
v 0.326184 -0.71207 0.694476
v -0.604831 0.729074 -0.44609
v 0.316202 -0.740375 0.688837
v 0.67007446 -0.43723297 -0.17044067
v 0.524292 -0.703523 0.580695
v -0.853169 0.00468637 0.38284
v 0.309475 -0.691251 0.699774
v 0.161493 -0.959321 0.628139
v -0.11309 -0.315989 -0.453831
v -0.103904 -0.339468 -0.462379
v -0.125118 -0.93242 0.525912
v -0.612276 -0.899073 0.370462
v -0.114265 -0.409405 -0.458523
v 0.5326996 -0.24615479 0.6246567
v -0.15657 -0.96587 0.559577
v 0.72507095 -0.5791416 0.43990326
v -0.12264252 -0.49101257 -0.43871307
v -0.16234 0.58043 0.00105834
v -0.11216 -0.785846 -0.31831
v 0.739918 -0.125117 0.337096
v -0.122601 0.86306 -0.215331
v -0.464452 0.625895 0.128831
v -0.503351 0.623836 0.112698
v 0.6856384 -0.39871216 -0.16809082
v -0.722705 0.483672 0.553255
v -0.71676636 0.45385742 0.58154297
v -0.0834774 -0.35503 -0.47144
v -0.101498 -0.370145 -0.465944
v -0.0974873 -0.397385 -0.467264
v 0.427124 -0.82199 0.576764
v 0.427801 -0.820655 -0.286341
v -0.098862 -0.423276 -0.465871
v -0.104438 -0.449129 -0.461349
v -0.108333 -0.475996 -0.453403
v 0.7315521 -0.05237198 0.06668472
v -0.109354 -0.546761 -0.421379
v -0.0968761 -0.811072 -0.329941
v -0.9332945 -0.19175372 0.21396741
v -0.119467 -0.830294 -0.336114
v -0.923202 -0.19316 0.120779
v -0.4643097 -0.75805664 0.17616272
v -0.115755 -0.851284 -0.347509
v -0.721699 0.0812799 0.691151
v -0.178783 0.665162 -0.167208
v 0.546372 -0.953076 0.0310772
v -0.105847 -0.920199 -0.354212
v -0.0986939 0.861358 -0.234004
v -0.5922165 0.076086044 0.55197716
v -0.75117 0.698677 -0.22054
v -0.07380295 0.81256866 -0.24791336
v 0.669672 0.00447398 0.363113
v 0.650784 0.0166199 0.380102
v -0.747209 0.685972 -0.19041
v -0.755736 0.620584 -0.304461
v 0.520063 0.133175 0.40454
v -0.92331797 -0.28599894 0.24424696
v -0.10549927 0.7222786 -0.20499802
v -0.647211 0.251655 0.63269
v -0.07383 -0.929625 -0.209808
v 0.04016 0.952884 -0.326712
v -0.0985527 -0.0941085 -0.283637
v -0.127097 0.603989 -0.108564
v -0.670639 0.423605 -0.1423
v -0.442463 0.490548 0.206555
v -0.339328 -0.42116 -0.225603
v 0.58966 -0.58134 0.567166
v 0.76967335 -0.16466713 0.29149628
v 0.840923 -0.472063 0.207185
v -0.0842637 -0.468764 -0.469934
v -0.0875814 -0.495832 -0.460954
v -0.0899845 -0.5208 -0.44964
v -0.0920438 -0.543004 -0.437604
v -0.08482361 -0.57896805 -0.42427826
v -0.912641 0.426667 0.153002
v 0.44376 -0.687846 0.644415
v -0.07867432 -0.7303648 -0.3561554
v -0.00322997 -0.932141 0.550711
v 0.572352 0.104058 0.382876
v -0.0949367 -0.841712 -0.343309
v -0.0984349 -0.871902 -0.352479
v -0.221131 0.772746 -0.00330078
v 0.484901 -0.146221 -0.262829
v 0.33644 -0.583995 0.722781
v -0.0715098 0.843182 -0.252786
v 0.322122 -0.602798 0.727348
v -0.0311752 0.856119 -0.280457
v -0.612927 0.349982 0.533164
v 0.663762 -0.0739269 0.430067
v -0.18504 0.130618 0.376024
v 0.2349 -0.854232 -0.304941
v -0.212557 0.86111 -0.0489883
v -0.277143 0.623381 -0.129244
v -0.473149 0.0863475 0.465743
v -0.7432 0.586485 0.00999985
v -0.152352 -0.288045 0.603506
v -0.07075691 -0.10619354 -0.28671336
v 0.629344 -0.619739 0.537198
v -0.089229584 -0.316288 -0.46314812
v -0.545103 -0.818551 0.54087
v -0.073294 -0.380015 -0.476649
v -0.0753102 -0.412102 -0.47605
v -0.0795388 -0.440576 -0.474857
v -0.106155396 0.8360672 -0.12783813
v 0.732823 -0.355707 -0.123669
v -0.085059 -0.611329 -0.409811
v -0.9676666 0.21016693 0.13463593
v -0.8193512 0.46889114 0.010017395
v -0.0748163 -0.689858 -0.38045
v -0.636622 0.087008 0.659708
v -0.094301224 -0.69589233 -0.36302185
v -0.743471 -0.403623 0.485341
v 0.060551 0.171127 0.440213
v -0.09099007 -0.779948 -0.3323927
v -0.0701593 -0.827954 -0.338553
v -0.329061 0.614376 0.0829263
v 0.982534 -0.524924 0.222117
v -0.910355 -0.315942 0.176228
v -0.0744972 -0.922554 -0.349757
v -0.924065 -0.293457 0.168679
v 0.187056 0.178396 0.454271
v 0.58349 -0.705051 -0.220433
v -0.490878 0.575672 0.191426
v 0.7795687 -0.20487595 0.304039
v 0.187839 0.019213 -0.237807
v -0.928516 0.417437 0.434237
v -0.33429 0.573465 0.107989
v -0.0560206 0.821727 -0.258743
v -0.609796 -0.161179 -0.204435
v -0.59666 0.711292 -0.752965
v -0.0760217 -0.259043 -0.443079
v -0.07924461 0.776937 -0.23666692
v -0.04566288 0.76945305 -0.24282646
v 0.303872 -0.966922 -0.0176039
v -0.593048 0.493258 -0.207148
v -0.0740195 -0.0755878 -0.27772
v 0.573825 -0.92641 -0.00148717
v 0.487283 -0.057883 0.552865
v -0.20465088 0.6418762 -0.1521225
v -0.331763 -0.964436 0.254169
v -0.761738 -0.543897 0.109767
v -0.0611885 -0.307189 -0.466937
v -0.71856 -0.0893095 0.50494
v -0.727703 -0.0632651 0.497728
v -0.704779 -0.911335 0.0948469
v -0.0613898 -0.352634 -0.477772
v 0.714458 -0.335662 -0.158907
v -0.043925285 -0.37283826 -0.48193705
v 0.75390244 -0.90750885 0.13492966
v -0.42509 0.516319 0.171748
v -0.0610059 -0.487745 -0.474343
v -0.0658876 -0.515833 -0.4655
v -0.0709177 -0.540393 -0.452601
v -0.609698 0.672671 -0.733426
v -0.06331372 -0.57940674 -0.43891144
v -0.487581 0.461682 0.386867
v -0.0640483 -0.631473 -0.416123
v -0.381119 -0.583037 0.513446
v -0.719253 0.385943 -0.0721112
v -0.06375122 -0.66412354 -0.40159607
v -0.0628031 -0.71147 -0.37611
v -0.053604126 -0.7423248 -0.36769104
v -0.06921387 -0.798759 -0.3383932
v -0.0455615 -0.844534 -0.340738
v -0.460965 -0.579327 -0.1152
v -0.0705692 -0.858138 -0.347465
v -0.707471 0.0968717 0.699714
v -0.0708403 -0.888945 -0.351765
v 0.534881 -0.0769209 0.534085
v -0.05164 0.800347 -0.25434
v -0.706216 0.118558 0.705586
v -0.728933 0.131648 0.706323
v -0.06771088 0.7488365 -0.22719574
v -0.730573 0.160054 0.706798
v -0.706395 0.175608 0.704679
v 0.7978039 -0.4100399 0.31041718
v 0.278175 -0.959372 0.000698748
v -0.249258 0.215155 0.241293
v -0.3307495 0.7283325 -0.108688354
v 0.2438 -0.738696 0.704285
v -0.342657 0.2256 0.251423
v 0.289894 -0.832299 0.630342
v 0.23002625 -0.9151926 0.3541565
v -0.7398491 0.5823765 0.11968231
v -0.922217 0.013344 0.215358
v -0.479053 -0.94897 -0.129927
v -0.567187 -0.654633 0.102878
v 0.7657852 -0.18600464 0.0036468506
v -0.0541411 -0.331567 -0.474874
v 0.011394501 -0.9165201 -0.16454697
v 0.279401 -0.666029 0.714853
v 0.268056 -0.584978 0.744746
v -0.051579952 -0.4301914 -0.48135486
v -0.0570636 -0.458691 -0.479618
v 0.2652607 0.07155228 0.5345974
v -0.053012 -0.560914 -0.452342
v -0.044468403 -0.6146393 -0.43365097
v -0.857707 0.38489 0.591071
v 0.733627 -0.383048 -0.105022
v -0.0535196 -0.694415 -0.391301
v 0.379936 -0.309328 0.70871
v 0.252357 -0.710746 0.708039
v 0.705929 -0.277439 -0.159915
v -0.0458313 -0.906262 -0.346301
v -0.0454978 0.838437 -0.2682
v 0.556341 -0.620883 -0.272397
v 0.0494268 -0.628398 0.715494
v -0.533116 -0.888647 0.271971
v 0.370147 -0.968301 0.468186
v -0.052711487 -0.5415077 0.67071533
v -0.271883 -0.94474 0.583617
v -0.32589722 -0.9656534 0.277359
v -0.610368 -0.956016 0.332317
v -0.716385 0.32728 0.658336
v -0.196126 -0.697062 -0.137962
v -0.577809 -0.626961 -0.00825572
v -0.714024 0.429771 0.600449
v -0.0369079 -0.345416 -0.479884
v 0.565316 -0.196588 0.587514
v -0.0927029 -0.971762 -0.3333
v -0.032949 -0.475808 -0.479604
v -0.61012745 0.6149616 -0.64167786
v -0.0332836 -0.507153 -0.473177
v -0.0450489 -0.536966 -0.464966
v -0.036082 -0.581659 -0.449492
v -0.422533 0.436656 0.155534
v 0.964247 -0.733157 0.229526
v 0.7308254 -0.04289627 0.09930229
v -0.576245 0.581424 0.0992245
v -0.191715 -0.772571 -0.205513
v -0.895228 0.0321499 0.364475
v -0.921385 -0.0924282 0.222077
v -0.701281 -0.914315 0.0702315
v 0.630211 -0.416579 0.564158
v -0.029556274 -0.7562256 -0.37475586
v 0.20949554 -0.89229393 0.62112427
v -0.111169 0.778954 -0.226377
v -0.0218836 -0.861416 -0.339313
v 0.983323 -0.522262 0.181089
v -0.0456302 -0.874869 -0.347375
v -0.582713 0.304799 0.511075
v -0.022285461 -0.8926296 -0.3423252
v -0.342925 0.532171 0.109213
v 0.611232 -0.198918 0.557172
v -0.0365456 0.814576 -0.267164
v -0.0283497 0.790805 -0.260616
v -0.027248383 -0.60184574 0.6677723
v -0.919014 0.453959 0.144999
v 0.670491 -0.886582 0.367731
v -0.626058 -0.116231 -0.195118
v -0.721268 0.692422 -0.175767
v -0.736477 0.663515 -0.135626
v 0.466461 -0.636189 0.643429
v -0.0335768 -0.293264 -0.467687
v -0.0349358 -0.320101 -0.474947
v 0.934697 -0.633279 0.022743
v -0.0154545 -0.361742 -0.483128
v -0.266381 -0.818224 0.536064
v -0.915144 0.398313 0.158883
v 0.71909 -0.381882 -0.13384
v 0.56345 -0.224161 0.59844
v 0.6692505 -0.2803955 0.5279541
v -0.0272759 -0.559169 -0.461993
v 0.468298 0.112513 0.45968
v -0.037136078 -0.6621094 -0.41706848
v -0.30643654 -0.9654131 0.28487396
v 0.0879209 0.724939 -0.234993
v -0.03236389 -0.7139282 -0.39309692
v 0.857642 -0.759878 -0.0177452
v 0.695313 -0.451015 0.491729
v -0.04388666 -0.8111007 -0.343009
v -0.0202006 -0.83184 -0.339343
v 0.000968342 -0.848419 -0.335931
v -0.899997 0.440459 0.129565
v -0.441705 0.514525 0.196664
v -0.00391522 0.892121 -0.306593
v -0.0173148 0.873787 -0.293352
v -0.5741405 0.61666584 -0.37871552
v -0.0225479 0.830763 -0.280586
v -0.0192943 0.764551 -0.249689
v 0.67474735 -0.058280945 -0.08232117
v 0.167639 0.00519191 -0.253751
v 0.664206 -0.0662814 -0.105936
v 0.14004135 -0.17583466 0.70993805
v -0.6339588 0.66888046 -0.1890297
v -0.7331333 0.7993469 -0.604126
v -0.587667 -0.966074 0.288903
v -0.592902 -0.946861 0.310432
v -0.23306 -0.620916 -0.146832
v -0.152476 0.200323 0.1556
v -0.535223 -0.787066 0.0834584
v -0.611219 0.558616 0.0332848
v -0.0132377 -0.334522 -0.481871
v -0.0194422 -0.389811 -0.480366
v 0.63852 -0.0858981 0.468227
v 0.00295688 -0.407313 -0.47709
v -0.211559 0.868106 -0.0703689
v -0.02002716 -0.42038536 -0.47963834
v -0.476791 -0.724851 0.157996
v 0.61805725 -0.9356384 0.3056488
v -0.623562 -0.835518 0.122083
v -0.0947494 -0.983041 -0.276241
v -0.183506 -0.702753 -0.170984
v 0.462852 -0.922492 -0.175924
v -0.254342 -0.538312 -0.182895
v -0.248376 -0.519516 -0.194585
v 0.929556 -0.633218 0.365532
v -0.0162286 -0.635805 -0.436525
v -0.00947635 -0.663872 -0.427777
v -0.687543 -0.244026 0.558822
v -0.014032 -0.716564 -0.399674
v -0.605115 0.400588 -0.0762778
v -0.607369 0.453213 -0.170699
v -0.984134 0.153897 0.359168
v -0.48913956 -0.44229126 -0.21988678
v -0.161486 0.859259 -0.184513
v -0.0105495 -0.783876 -0.36753
v -0.0155546 -0.807118 -0.352852
v -0.339075 0.506945 0.0952106
v 0.706469 -0.128815 0.408104
v 0.76417875 -0.83639336 -0.0139427185
v -0.0200508 -0.94421 -0.212985
v -0.988644 0.213393 0.333377
v -0.591947 0.556871 -0.122822
v 0.231575 -0.964226 -0.280816
v -0.0930998 0.948642 -0.158597
v -0.00843351 0.847623 -0.29492
v -0.976785 0.178137 0.149472
v 0.402088 -0.651155 0.663092
v -0.0132111 0.80635 -0.276273
v 0.039414 0.692808 -0.20726
v -0.00326043 0.782756 -0.268362
v 0.053929 0.684317 -0.191136
v 0.695117 -0.0394108 0.363849
v 0.544373 -0.756602 0.526987
v -0.220951 -0.565949 -0.188994
v -0.212638 -0.24935 -0.292939
v -0.077768326 -0.9153328 0.47332764
v -0.0649652 -0.916264 0.514387
v -0.71149 -0.114342 0.517943
v -0.244311 -0.59967 -0.15609
v -0.668624 -0.968495 -0.0432409
v -0.0114155 -0.307965 -0.477069
v -0.693466 -0.0917662 0.516361
v -0.701793 -0.0651029 0.503663
v -0.713861 -0.0348166 0.500729
v 0.00992884 -0.378819 -0.482969
v 0.7514801 -0.90444183 0.23602295
v -0.0827104 0.702245 -0.196127
v 0.0124361 -0.534279 -0.470349
v -0.0012321472 -0.55643463 -0.46687508
v -0.12820435 0.8287964 -0.21914673
v -0.1026001 0.81996155 -0.2348175
v 0.0032453537 -0.59690857 -0.45253754
v -0.018814087 -0.60809326 -0.44331932
v -0.00414198 -0.692296 -0.415382
v 0.0014247894 -0.74154663 -0.3935089
v 0.019699097 -0.7862549 -0.37392426
v 0.589645 -0.26778 -0.246695
v 0.00504122 -0.823737 -0.346879
v -0.497424 -0.972982 -0.124324
v 0.018884 -0.859768 -0.329685
v 0.00303329 -0.877958 -0.334798
v -0.23270416 -0.14952087 -0.2718277
v 0.7603226 -0.4822197 0.38858032
v 0.6558914 -0.39850616 -0.2026062
v 0.230614 -0.977405 -0.255136
v 0.648701 -0.557351 -0.198045
v -0.619366 -0.872461 0.461419
v 0.00546304 0.865217 -0.309601
v 0.000972318 0.82202 -0.292561
v 0.0108279 0.797806 -0.28613
v -0.696469 0.0794852 0.690649
v 0.0205592 0.775637 -0.277725
v -0.791385 0.112582 0.675593
v -0.705688 0.146237 0.707657
v -0.360347 -0.964907 0.218804
v 0.158035 -0.920938 0.265029
v 0.316493 -0.974186 0.0544542
v -0.684071 -0.959796 -0.0183743
v -0.6790695 0.5345726 0.48737335
v -0.822366 0.156439 -0.0449812
v 0.150954 -0.387488 0.761019
v 0.813633 -0.458003 0.241116
v 0.0104155 -0.322958 -0.481913
v -0.31417084 0.090530396 0.43217468
v 0.413993 -0.0808292 0.600276
v 0.349412 -0.836749 0.60048
v 0.372614 -0.836062 0.591795
v 0.00884162 -0.34929 -0.485289
v -0.366625 -0.677637 0.515515
v 0.23412 -0.212491 0.726587
v 0.296708 -0.0305116 0.552187
v -0.726454 -0.435825 -0.124291
v -0.833598 0.326661 0.654376
v -0.00555491 -0.464029 -0.480589
v 0.231678 -0.762993 0.693785
v 0.301149 -0.650077 0.716602
v -0.646347 0.0175148 0.538959
v -0.003643036 -0.49649048 -0.4765377
v 0.297934 -0.595184 0.736843
v 0.025716782 -0.5578613 -0.46488
v 0.014276 -0.577412 -0.462151
v -0.220783 -0.0929354 -0.259817
v 0.014545 -0.644911 -0.439555
v 0.0178491 -0.675273 -0.428834
v 0.0130391 -0.716298 -0.408029
v 0.314814 -0.162033 -0.300263
v 0.363488 0.0165985 -0.221264
v 0.61551666 0.04007256 0.4093628
v 0.680676 -0.756802 0.426389
v 0.0323825 -0.817019 -0.355951
v 0.219027 -0.418151 0.765021
v 0.20305 -0.433796 0.771351
v -0.662807 -0.858192 0.115741
v 0.0187748 0.884044 -0.324783
v 0.0151466 0.838388 -0.309076
v -0.772679 -0.306054 0.506697
v 0.769877 -0.265852 -0.0423788
v 0.140232 -0.933494 -0.305765
v 0.298651 -0.945378 0.351114
v 0.315573 -0.962569 0.33769
v -0.289838 -0.610112 -0.147601
v -0.3477012 -0.34093094 -0.2503481
v -0.93081045 0.37737274 0.48330688
v -0.5987 0.488994 -0.234732
v -0.14535 -0.823057 -0.328916
v -0.40607 0.35043 0.150797
v -0.3521102 -0.83018374 -0.12663725
v -0.893086 0.538854 0.335552
v -0.138839 -0.844549 -0.345845
v -0.116592 -0.181631 -0.30035
v 0.9972205 -0.5985241 0.14916992
v 0.50788 -0.954931 0.00819392
v 0.0244238 -0.398621 -0.478777
v 0.027711 -0.423305 -0.475292
v -0.956685 0.0820216 0.119799
v -0.588354 0.530226 -0.110287
v -0.652258 0.48492 -0.369907
v 0.0182079 -0.484343 -0.477821
v -0.3444872 0.2354765 0.033031464
v 0.80591726 -0.3079548 0.108169556
v 0.0279358 -0.512614 -0.472138
v 0.0376678 -0.535405 -0.466396
v -0.87369 -0.347811 0.317305
v 0.0306518 -0.593945 -0.456485
v -0.339817 0.486461 -0.0125502
v -0.201145 -0.98103 0.210367
v 0.0242005 -0.617718 -0.448976
v 0.0437247 -0.63484 -0.444411
v 0.0227829 -0.696934 -0.418344
v 0.891024 -0.669641 -0.02355
v -0.577839 0.618515 -0.260721
v 0.875503 -0.731257 -0.0184092
v -0.844935 -0.411305 0.317364
v 0.883838 -0.751156 0.00115954
v 0.80397063 -0.26658106 0.14474869
v 0.032138824 -0.79737854 -0.36923218
v 0.932206 -0.7745 0.111064
v -0.216724 -0.973229 0.280579
v -0.249246 -0.968939 0.290208
v 0.0243357 -0.839515 -0.338556
v -0.09405899 0.61894226 -0.120277405
v 0.0301527 -0.880437 -0.3267
v -0.318724 -0.120855 -0.254729
v 0.528921 -0.426404 0.643254
v 0.043521 0.876342 -0.342905
v -0.439736 0.243242 0.43929
v 0.0289891 0.85605 -0.32633
v 0.949329 -0.621391 0.0416
v -0.439981 -0.762311 0.285274
v 0.638367 -0.907133 -0.00381278
v -0.921117 0.0165766 0.249426
v 0.382239 -0.974061 -0.12184
v -0.57907104 -0.5246506 -0.14704895
v -0.443311 0.33267 0.0170134
v 0.44908 -0.783553 0.578988
v -0.407893 0.114183 0.415814
v 0.1665802 0.004348755 0.5693054
v -0.285781 -0.899279 -0.336004
v -0.6129863 0.70759964 -0.32871628
v -0.552968 0.14747626 0.55106425
v 0.36977386 -0.96545553 0.12005615
v 0.726029 -0.715386 0.428726
v -0.76882 0.101034 0.687463
v 0.706433 -0.692529 0.423534
v 0.0345929 -0.382602 -0.481718
v 0.700229 -0.716335 0.424557
v -0.468606 0.409659 0.352786
v 0.0504391 -0.517495 -0.467975
v 0.319749 -0.477622 0.740651
v 0.987267 -0.530497 0.202327
v 0.169345 -0.373249 0.759438
v -0.702927 0.387164 0.624133
v 0.0416546 -0.660596 -0.434571
v 0.0442158 -0.712519 -0.411902
v -0.193127 0.87097 -0.0519166
v -0.285437 0.825258 -0.0701003
v 0.016706467 -0.74931335 -0.39234924
v -0.0761969 -0.887552 0.713683
v 0.0292481 0.940811 -0.269102
v 0.577189 -0.720924 0.530204
v 0.444375 -0.369159 0.692012
v 0.355587 -0.971076 -0.233633
v -0.51412463 0.5769701 0.25411606
v -0.149858 0.11352 0.403607
v 0.399105 -0.972591 -0.100135
v 0.0366421 -0.312814 -0.47818
v 0.18039525 0.27068484 0.15569115
v 0.031957626 -0.3579669 -0.48423278
v -0.263509 -0.661205 -0.127383
v 0.0457532 -0.400534 -0.475167
v 0.0563387 -0.42479 -0.471828
v 0.022289276 -0.45300436 -0.47872353
v 0.0447297 -0.467066 -0.475223
v 0.382364 -0.95334 -0.251419
v 0.0480755 -0.49462 -0.472181
v 0.0473672 -0.556874 -0.45859
v -0.924441 0.414093 0.461853
v -0.822703 -0.28722 0.453333
v -0.47104645 0.3738551 0.007194519
v 0.0483346 -0.60952 -0.450615
v -0.056697845 0.66202736 -0.048366547
v -0.221632 0.686767 -0.168782
v -0.436018 -0.834875 -0.097412
v -0.700044 -0.272727 0.555349
v 0.0499227 -0.835099 -0.339967
v -0.149997 0.666279 -0.170445
v -0.132391 0.642444 -0.154326
v -0.912769 -0.147698 0.321091
v 0.0403085 -0.856199 -0.326345
v -0.714413 -0.241269 0.551188
v 0.045559 -0.908302 -0.322565
v -0.652641 0.417852 -0.123539
v 0.66934 -0.625842 -0.152233
v 0.0580673 -0.372787 -0.477595
v -0.597723 0.455709 -0.14546
v -0.778351 0.846916 -0.56243
v -0.6389699 0.27144527 0.6074753
v 0.0614598 -0.535496 -0.458976
v 0.0544827 -0.582733 -0.452567
v 0.06642151 -0.6236448 -0.44226074
v 0.6961365 -0.57458496 0.48464966
v 0.0868517 -0.632447 -0.431663
v 0.0988401 0.804902 -0.288366
v 0.0849623 -0.656117 -0.422734
v 0.0585553 0.777046 -0.304011
v 0.546069 -0.279449 0.622277
v 0.0639737 -0.66955 -0.423993
v -0.858355 0.447112 0.0664954
v -0.465044 -0.619649 0.406947
v -0.455212 -0.644845 0.394191
v -0.914968 -0.124818 0.300551
v -0.87052 0.440922 0.090872
v -0.264717 -0.854559 0.56197
v 0.7275238 -0.058944702 0.2833557
v 0.06604576 -0.76374817 -0.3874817
v -0.382306 -0.8771 -0.134722
v 0.0758881 -0.834117 -0.34194
v -0.692081 -0.0130259 0.509051
v 0.0661354 -0.852362 -0.325047
v 0.0569469 -0.878815 -0.3203
v -0.76842 0.860682 -0.575597
v 0.296663 -0.124692 0.622582
v -0.452795 -0.962047 -0.139077
v 0.354398 -0.150529 0.643207
v 0.332775 -0.138746 0.637683
v -0.635469 -0.242232 -0.208648
v -0.661272 -0.229137 -0.193994
v -0.0668795 0.608175 -0.0720527
v 0.0725833 -0.401608 -0.469012
v 0.161425 -0.783172 0.672045
v 0.427435 -0.322766 0.679082
v 0.07294464 -0.47414398 -0.46872234
v 0.10543823 -0.47598267 -0.46065903
v 0.0743679 -0.508586 -0.461776
v 0.0708516 -0.559381 -0.449163
v 0.71863365 -0.09489441 0.36532593
v 0.0804928 -0.584297 -0.444911
v -0.512846 0.579634 0.203582
v 0.06742954 -0.69161415 -0.4174404
v -0.687126 0.10287 0.699139
v 0.077206 -0.718056 -0.412618
v 0.086815834 -0.7429924 -0.40211105
v -0.680455 0.16007 0.702678
v -0.681621 0.190282 0.695767
v 0.0728434 -0.791738 -0.372345
v 0.374694 -0.189628 0.663426
v 0.346383 -0.185523 0.668146
v -0.684275 0.218388 0.685102
v -0.677599 -0.32228 0.561428
v 0.357996 -0.208915 0.684392
v 0.0880823 -0.848708 -0.327821
v 0.357131 -0.171005 0.654108
v 0.36247 -0.816164 0.608539
v 0.0873729 -0.873723 -0.31631
v 0.06586796 0.816988 -0.33593798
v 0.0749789 -0.903323 -0.317625
v 0.291904 -0.0521718 0.558528
v 0.315716 -0.0434791 0.553292
v 0.324919 -0.974804 -0.179491
v 0.0892297 -0.376013 -0.468718
v 0.314961 -0.0175305 0.545126
v 0.104359 -0.406656 -0.466361
v -0.43272 0.495284 0.185769
v 0.206895 0.0670601 0.545147
v 0.456446 -0.858949 0.577215
v 0.221236 0.027943 0.561743
v 0.201732 0.0418262 0.557182
v 0.30199 -0.623744 0.729388
v 0.278332 -0.617097 0.741052
v -0.523714 0.427008 0.434256
v 0.2865448 0.09516144 0.5138092
v 0.260508 -0.759056 0.696935
v -0.685168 0.66599 -0.122534
v 0.0865724 -0.535952 -0.447961
v 0.890928 -0.741102 0.364144
v 0.862551 -0.712449 -0.0344332
v 0.890083 -0.700645 -0.0183278
v 0.0511678 -0.171192 -0.373447
v -0.687224 0.507522 0.523668
v -0.568407 -0.867791 0.209686
v -0.466896 -0.604854 -0.101861
v -0.71034 -0.525597 -0.028287
v -0.468136 0.462463 0.00153287
v 0.407141 -0.717023 0.646322
v -0.63084984 0.06031418 0.6182785
v 0.11621857 -0.90551853 -0.3126335
v -0.584143 0.779018 -0.771401
v 0.0777988 -0.346533 -0.474148
v -0.688365 0.418879 0.599863
v 0.07398987 -0.4444542 -0.470129
v 0.109945 -0.438316 -0.464722
v 0.0953966 -0.769151 -0.384687
v 0.10734749 -0.50882816 -0.45090437
v -0.605373 0.637254 -0.696287
v 0.0967471 -0.56308 -0.44085
v -0.916477 -0.178156 0.0988978
v -0.262302 0.558841 0.0588884
v 0.883065 -0.5162 0.331785
v 0.105097 -0.59045 -0.438723
v -0.919738 0.482691 0.142941
v 0.582983 -0.859302 0.43799
v 0.0864103 -0.608474 -0.440183
v 0.109281 -0.644358 -0.424297
v 0.101745605 -0.6694107 -0.41633606
v -0.5779 0.650616 -0.439332
v 0.111506 -0.718471 -0.407743
v -0.206309 -0.782462 0.544379
v 0.117322 -0.748264 -0.39447
v 0.104773 -0.794613 -0.371837
v 0.101461 -0.836094 -0.342594
v 0.109606 -0.854483 -0.323062
v -0.0150889 0.631854 -0.0978842
v -0.581565 0.540073 -0.212423
v -0.906517 0.3298042 0.065021515
v 0.71444744 -0.014101863 0.15631056
v 0.11319733 -0.2985916 -0.4587059
v 0.0543906 -0.197811 -0.412842
v 0.117722 -0.378706 -0.467374
v -0.104076 0.656405 -0.0185766
v 0.960176 -0.64824 0.0553059
v -0.506136 -0.677162 0.205793
v 0.424844 0.161924 0.420415
v 0.115216 -0.540817 -0.441772
v 0.5003319 0.18309498 0.035346985
v 0.124214 -0.569556 -0.436017
v -0.918011 0.0162791 0.157199
v 0.123638 -0.772963 -0.379779
v 0.0885333 0.830654 -0.288322
v 0.130484 -0.83954 -0.339655
v -0.5148039 0.30002594 0.47657776
v 0.117117 -0.880242 -0.312341
v -0.41395187 -0.9287919 0.60828066
v -0.066274 -0.235113 0.690322
v 0.716877 -0.87535095 -0.007774353
v 0.71062064 -0.89603424 0.014518738
v 0.123413 -0.0640384 -0.274604
v -0.672159 0.80427 -0.493566
v 0.118357 -0.949094 0.647944
v -0.912681 -0.234265 0.0934647
v 0.55023956 -0.7917099 -0.2193451
v 0.628359 -0.0354123 0.447936
v 0.729272 -0.0380447 0.142658
v 0.497533 0.158872 0.389273
v 0.105898 -0.350738 -0.467972
v 0.341746 -0.111214 0.626073
v 0.135701 -0.354702 -0.465569
v 0.129746 -0.421904 -0.463749
v 0.134884 -0.446839 -0.457743
v 0.141447 -0.471242 -0.448924
v -0.476092 0.109438 0.479441
v 0.443538 0.172339 0.39668
v 0.0814821 -0.0957756 -0.286805
v 0.10987 -0.618019 -0.434576
v 0.613511 -0.780318 -0.0869438
v -0.603003 0.6280079 -0.6192169
v 0.483524 -0.112086 0.596758
v 0.7191429 -0.559124 0.45448303
v -0.520721 0.171272 0.536925
v 0.138331 -0.630688 -0.430555
v 0.131383 -0.660585 -0.417843
v -0.138595 0.126523 0.389076
v 0.917474 -0.754958 0.320191
v -0.121421 0.13514 0.3827
v 0.14696884 -0.7277374 -0.396801
v 0.545943 -0.596056 -0.274262
v -0.0835696 -0.718003 0.567615
v -0.8759117 -0.03032118 0.076942444
v -0.716748 0.885859 -0.610068
v -0.686589 -0.545486 -0.0267767
v 0.14908218 -0.79998016 -0.36780167
v 0.134348 -0.859998 -0.317389
v 0.731058 -0.583851 -0.0773336
v 0.16991496 0.26514673 0.1011734
v -0.5877228 -0.21950912 -0.22289371
v 0.13102 -0.0386768 -0.272322
v 0.2267108 0.27428997 0.22639275
v 0.739907 -0.593094 -0.0455937
v 0.28238642 0.2764883 0.14890194
v -0.586087 -0.146781 -0.210912
v -0.572361 -0.0223758 -0.189801
v 0.609211 -0.629593 -0.221299
v 0.2615223 0.25571632 0.33309937
v 0.369607 0.234452 0.0100787
v -0.727106 -0.538603 0.0133244
v 0.34483528 0.2500019 0.033432007
v 0.624721 0.0826833 0.334905
v 0.259881 -0.149731 -0.296568
v 0.145354 -0.328575 -0.464406
v 0.14246 -0.383819 -0.463505
v -0.183333 -0.229759 -0.295057
v -0.673423 -0.265638 0.565758
v 0.753951 -0.27555 -0.0899009
v -0.8842354 0.017034173 0.34294128
v -0.928674 -0.268531 0.262537
v -0.66752243 -0.24555874 0.5660095
v -0.275205 -0.879618 0.565031
v 0.14622 -0.546526 -0.435297
v -0.209928 -0.834956 0.610574
v -0.699281 -0.216598 0.556725
v -0.500802 -0.468886 -0.20427
v 0.12699127 -0.6897888 -0.4081478
v 0.149056 -0.77859 -0.37569
v -0.812943 0.421301 0.59205
v 0.16514587 -0.8638762 -0.31103706
v 0.143584 -0.884733 -0.310449
v -0.447855 0.489314 0.228778
v -0.466825 -0.810951 0.550589
v -0.612897 0.551503 -0.463191
v -0.562409 -0.072879 -0.213549
v -0.675523 -0.0678014 0.512571
v 0.146433 -0.0634024 -0.273137
v -0.578116 0.00847969 -0.175104
v -0.68423 -0.0410197 0.501244
v -0.666197 -0.018966 0.504087
v -0.678349 0.515801 -0.528253
v -0.65348315 0.5222149 -0.5155716
v 0.42799 -0.715957 0.636817
v 0.155202 -0.311474 -0.457796
v 0.16197968 -0.34800756 -0.46289968
v 0.707775 -0.775833 0.430961
v 0.147809 -0.407606 -0.462514
v 0.152761 -0.430025 -0.458283
v 0.167802 -0.476063 -0.442027
v -0.235308 -0.662368 -0.12672
v -0.22143 -0.642666 -0.139361
v 0.160442 -0.520729 -0.438524
v 0.732529 -0.748815 0.435004
v -0.201351 0.621189 -0.138775
v 0.619542 -0.754802 -0.115416
v -0.577352 0.753485 -0.765503
v 0.710341 -0.668908 -0.0576505
v -0.45447922 -0.9804512 0.2681389
v 0.7243347 -0.36301804 0.45803833
v 0.792992 -0.324671 0.0390026
v 0.159788 -0.650074 -0.419181
v -0.696691 0.376964 -0.0770538
v 0.154219 -0.679791 -0.407203
v -0.682405 0.129929 0.703226
v -0.197717 0.558225 -0.0574045
v -0.745316 0.504529 -0.253832
v 0.744261 -0.593704 0.39563
v 0.731747 -0.618358 0.410374
v 0.166352 -0.734561 -0.389836
v 0.144464 -0.753821 -0.386678
v 0.154774 -0.230404 0.742502
v 0.158274 -0.832858 -0.342512
v -0.102224 -0.249075 0.657197
v -0.113812 -0.945062 0.71116
v 0.16816711 -0.9112606 -0.3072014
v -0.641969 -0.528625 -0.0938274
v 0.146766 0.0231358 0.559784
v -0.0923945 0.60009 -0.0777698
v -0.153687 0.777768 -0.090925
v 0.287903 -0.0751169 0.57292
v 0.174476 -0.766325 0.691268
v 0.159903 -0.745692 0.703978
v 0.167478 -0.328705 -0.460734
v -0.884744 0.163615 0.645436
v 0.16505 -0.393156 -0.456976
v 0.166391 -0.41454 -0.45554
v 0.159599 -0.452461 -0.449833
v 0.0627016 -0.134286 0.62048
v 0.222547 -0.376563 0.75679
v 0.209265 -0.347636 0.757778
v 0.281223 -0.642347 0.729467
v 0.151133 -0.578101 -0.431663
v 0.5156 -0.692085 -0.306549
v -0.253442 -0.899847 0.60476
v -0.110141 -0.525327 -0.432628
v 0.2001648 -0.7750168 -0.37440777
v 0.75725746 -0.10064316 0.1951294
v 0.263602 -0.833176 0.628983
v -0.463238 -0.69686 0.220359
v 0.262365 -0.800804 0.666411
v 0.252279 -0.85025 0.61258
v 0.497614 -0.468371 0.657095
v 0.264424 -0.872047 0.607521
v -0.0871547 -0.808968 0.677023
v 0.250514 -0.89412 0.612171
v 0.169017 -0.936608 -0.302759
v -0.476256 0.428625 0.00644477
v 0.183453 -0.963272 -0.288368
v -0.713987 0.446702 -0.177996
v -0.691758 0.448645 -0.227886
v -0.691723 0.431581 -0.161739
v 0.0467889 0.687208 -0.139641
v 0.158211 -0.0878889 -0.278105
v 0.177129 -0.305434 -0.450828
v 0.8034668 -0.7812176 0.41205597
v -0.836476 0.496027 0.0454492
v 0.17598 -0.432863 -0.449167
v 0.78430057 -0.16223407 0.12323952
v 0.83983 -0.836726 0.0507963
v 0.185783 -0.456306 -0.442782
v 0.176893 -0.500148 -0.436896
v -0.421975 0.353025 0.0698257
v 0.18481445 -0.5260658 -0.42814636
v -0.584945 0.506055 -0.125126
v 0.924411 -0.725168 0.0367506
v 0.17685318 -0.555254 -0.42486668
v 0.931207 -0.744125 0.0595778
v 0.15628052 -0.60418224 -0.4324665
v -0.79663 0.750373 -0.430062
v -0.103217 -0.458238 0.637748
v 0.16427612 -0.6291275 -0.42604828
v 0.788077 -0.372156 0.00916827
v 0.183169 -0.661403 -0.40822
v 0.187848 -0.714163 -0.389784
v 0.17081 -0.761701 -0.380098
v -0.812223 -0.0850997 0.42907
v -0.808051 -0.0579783 0.424973
v -0.480395 -0.69164 0.200625
v 0.167681 -0.813107 -0.359367
v 0.186239 -0.826449 -0.341316
v 0.514749 -0.732446 0.570716
v 0.755913 -0.876159 0.0313067
v -0.477843 -0.799619 0.185806
v -0.306186 -0.636939 -0.137461
v -0.4849 0.587192 0.168509
v 0.795192 -0.863375 0.0468572
v 0.72546387 -0.8777466 0.3543396
v -0.514504 0.119537 0.520212
v -0.854693 0.0722051 0.637296
v 0.0362098 0.920818 -0.270566
v 0.8030453 -0.24797726 0.11153221
v 0.989129 -0.560112 0.143564
v -0.616974 -0.56882 -0.0643658
v -0.149383 -0.488082 -0.413851
v -0.430775 0.416764 0.0461429
v 0.337698 -0.0527593 0.56656
v 0.33968 -0.0313482 0.546464
v -0.621302 -0.440016 -0.197717
v 0.353827 0.0285205 0.52321
v 0.204347 -0.315102 -0.444675
v 0.190445 -0.331793 -0.454891
v 0.16453552 -0.36869812 -0.45939064
v 0.189276 -0.407072 -0.446417
v 0.202846 -0.43497 -0.44201
v 0.195609 -0.480603 -0.437654
v 0.213632 -0.55117 -0.41951
v -0.533999 -0.818929 -0.0233212
v 0.27566 -0.2081 0.712573
v 0.182667 -0.612125 -0.426132
v -0.34113 0.250146 0.159774
v 0.184047 -0.688095 -0.39903
v -0.89593065 -0.35161686 0.23254013
v 0.295155 -0.250261 0.724254
v 0.208928 -0.694889 -0.389721
v 0.193063 -0.740981 -0.37989
v 0.00526875 0.107199 -0.15422
v -0.027404 -0.957024 0.685973
v -0.893117 -0.0515275 0.115587
v -0.447944 -0.717786 0.30957
v 0.17582703 -0.8878336 -0.30589962
v 0.22199059 -0.94118166 -0.29697943
v 0.516076 -0.841853 -0.175282
v -0.958521 0.296323 0.310212
v -0.6447754 0.038642883 -0.12243652
v -0.550262 0.18474 -0.084917
v -0.64956 0.0613025 -0.106062
v -0.902466 -0.0716907 0.126277
v -0.429569 0.259245 0.417751
v -0.940511 0.28930378 0.44870758
v 0.89885 -0.765481 0.331791
v -0.236388 -0.350368 -0.278432
v 0.615679 -0.705901 -0.172563
v -0.58593 0.50274 -0.152536
v -0.37253952 -0.035690308 -0.22886276
v -0.856814 0.0982076 0.64724
v 0.201183 -0.355856 -0.451442
v 0.224148 -0.125344 0.624416
v 0.356487 -0.950253 0.59125
v -0.0223901 -0.208553 0.699489
v 0.59069824 -0.41056824 -0.2598877
v 0.204128 -0.504683 -0.429314
v 0.208745 -0.528063 -0.420722
v -0.93456 0.368676 0.429289
v 0.563275 -0.345649 0.614072
v -0.52002 0.626363 0.0765928
v 0.206443 -0.619256 -0.417684
v -0.699206 0.29194 0.660716
v -0.230192 -0.810476 0.557841
v 0.208249 -0.644745 -0.409054
v -0.5872756 0.67215633 -0.5745621
v -0.672727 -0.222921 0.562549
v -0.68008 -0.195174 0.56041
v 0.213434 -0.71855 -0.378848
v 0.222903 -0.745949 -0.372715
v -0.6835294 -0.1683693 0.5540695
v 0.21195984 -0.81500626 -0.34932327
v 0.672533 -0.591208 0.510325
v -0.723426 -0.458973 -0.107226
v -0.665412 -0.0947147 0.53039
v 0.207147 -0.859753 -0.303543
v 0.222455 -0.881061 -0.297301
v 0.24806976 -0.91874504 -0.2958908
v -0.0803366 -0.769849 0.608599
v -0.496361 0.452733 0.000534309
v 0.976402 -0.511012 0.203109
v 0.293914 -0.196987 -0.368317
v -0.220249 -0.978681 0.196532
v 0.21982 -0.301798 -0.431888
v 0.953944 -0.715888 0.302735
v 0.210851 -0.336533 -0.447793
v 0.312089 -0.193286 0.687789
v 0.214224 -0.382987 -0.441749
v 0.683668 -0.606383 0.493175
v -0.625409 0.571523 -0.574091
v -0.453963 0.0884619 0.451131
v -0.5841991 0.6875944 -0.54109955
v 0.225175 -0.485241 -0.431851
v 0.39587402 0.06782532 0.4981079
v 0.373568 0.0857654 0.493799
v -0.117268 -0.981225 -0.263772
v 0.262538 -0.339784 0.754508
v 0.230524 -0.30755 0.754489
v 0.221158 -0.574743 -0.421845
v 0.270689 -0.549624 0.737092
v 0.103732 0.792486 -0.312445
v 0.195381 -0.568557 -0.422629
v 0.201719 -0.593718 -0.422323
v 0.227981 -0.600519 -0.418798
v 0.208266 -0.670386 -0.39949
v 0.23190308 -0.6811218 -0.39363098
v -0.351418 -0.981686 0.0494835
v 0.600358 -0.556778 0.55821
v -0.495889 0.378 -0.0181544
v 0.795929 -0.80404 0.396801
v 0.595134 -0.684915 -0.20604
v -0.413546 0.426565 0.0983204
v -0.395221 0.449773 0.0969964
v 0.218917 -0.798681 -0.36145
v 0.0986387 0.766091 -0.25806
v 0.761014 -0.671189 0.424016
v 0.216327 -0.842965 -0.315977
v 0.653988 -0.232314 0.535693
v -0.587409 0.527109 0.00319409
v -0.0901974 -0.493135 0.635744
v 0.80328965 -0.8839843 0.19054985
v 0.191465 -0.677736 0.715905
v -0.562679 -0.214556 -0.226851
v 0.8003216 -0.3870697 0.3010254
v -0.092909336 -0.926751 0.21033955
v 0.817577 -0.456818 0.157463
v 0.152508 -0.841906 0.627657
v 0.367576 -0.235927 0.698976
v 0.31430054 -0.22415161 0.70422363
v 0.78223324 -0.16491318 0.18328857
v 0.23333 -0.284408 -0.422125
v -0.175546 0.177048 0.290395
v 0.638339 -0.40172 -0.221138
v 0.3205744 -0.09648895 0.6081486
v 0.235399 -0.330156 0.758092
v 0.20978 -0.317784 0.755905
v -0.83895874 0.559536 0.13830566
v 0.22812653 -0.40600622 -0.43637085
v -0.03729248 -0.67388916 0.6388855
v 0.196357 -0.245977 0.741142
v 0.21807861 -0.4614563 -0.43772697
v 0.228968 -0.536115 -0.413804
v 0.232932 -0.627217 -0.410743
v 0.7740364 -0.1379242 0.098342896
v 0.233953 -0.65468 -0.401873
v 0.503089 -0.721506 0.593484
v 0.215487 -0.645858 0.732482
v -0.139493 0.59413 -0.000580785
v 0.431303 -0.935281 -0.223214
v -0.239115 -0.971574 -0.218299
v -0.3196497 0.23644364 0.062203407
v 0.244324 -0.719941 -0.37448
v -0.580074 0.760929 -0.656755
v 0.235753 -0.774509 -0.369123
v 0.24475098 -0.87872124 -0.29351902
v -0.188893 -0.839643 0.644436
v -0.62659836 0.47528076 -0.29325867
v -0.81064 0.326436 -0.0323667
v 0.220414 -0.969801 0.554067
v 0.21731281 0.18239594 -0.09283447
v -0.487852 0.481166 -0.00304858
v -0.9503479 0.22119951 0.101882935
v 0.23900604 -0.260952 -0.41598892
v -0.122346 -0.053317 -0.267655
v 0.226578 -0.327183 -0.435824
v 0.225292 -0.353893 -0.439859
v 0.242625 -0.374697 -0.429667
v -0.657113 0.473045 0.547268
v 0.26682663 -0.38651276 -0.42189598
v -0.24565125 0.5368118 -0.047782898
v -0.787142 -0.285745 0.496532
v -0.132117 -0.93845 0.228588
v 0.281026 -0.92592 -0.137835
v -0.28376555 0.23371994 0.098192215
v 0.832192 -0.777189 -0.0269978
v -0.595341 0.649051 -0.671257
v 0.234954 -0.51232 -0.419227
v 0.913058 -0.75644 0.0407455
v -0.151362 -0.957216 0.231246
v -0.9978246 0.14459288 0.27612114
v -0.6242676 0.8652954 -0.66464233
v 0.237832 -0.555926 -0.414061
v 0.247146 -0.579757 -0.415437
v -0.933879 0.394349 0.420138
v 0.76194 -0.55052185 -0.012825012
v 0.254564 -0.605597 -0.408843
v 0.251966 -0.693735 -0.384569
v -0.871325 -0.368368 0.30126
v -0.508835 -0.430071 0.572119
v -0.257375 0.221766 0.216193
v 0.858462 -0.770087 0.37162
v 0.845212 -0.811886 0.343732
v 0.253897 -0.748567 -0.365977
v -0.310789 -0.983316 -0.309159
v 0.247069 -0.799334 -0.355223
v 0.548285 -0.102467 0.547812
v -0.578171 0.780849 -0.675673
v -0.465043 0.189173 0.482641
v 0.456206 -0.920334 0.565193
v -0.188676 -0.922481 0.0133815
v -0.821913 0.29985 -0.0294978
v 0.742376 -0.78173 0.434992
v -0.58788323 0.22020805 -0.087949306
v -0.585041 0.443338 -0.0649699
v 0.262489 -0.287453 -0.41285
v 0.8013228 -0.2316214 0.11438069
v 0.24943542 -0.4395752 -0.43275452
v 0.693462 0.00380454 0.0587059
v 0.25643 -0.488324 -0.424299
v 0.252711 -0.535277 -0.408089
v 0.86376953 -0.8002739 0.025878906
v 0.352303 -0.753356 0.670237
v -0.224879 0.806722 -0.160435
v -0.657734 0.80346 -0.517181
v 0.257213 -0.667505 -0.391407
v -0.930302 -0.270772 0.156784
v -0.925274 -0.275788 0.133118
v -0.615282 0.422356 -0.108242
v -0.0601089 0.191765 0.303021
v -0.421728 0.399802 0.0869389
v -0.06085205 0.20049286 0.28125
v -0.234276 0.849978 -0.115058
v -0.27372742 0.82372665 -0.102321625
v -0.232272 0.858507 -0.0841633
v 0.266753 -0.775807 -0.358945
v -0.15743256 0.698246 -0.055656433
v -0.59856415 0.60196686 -0.5069351
v 0.253634 -0.820139 -0.336678
v 0.256494 -0.8378 -0.316355
v 0.00204218 0.69572 -0.114303
v 0.044955254 -0.9690654 0.62047195
v -0.197076 0.724783 -0.0497947
v -0.141442 0.862675 -0.199661
v 0.0650444 0.24973097 0.25085258
v 0.26063895 0.2774042 0.19064045
v 0.594934 -0.946504 0.0447877
v -0.5456524 0.28140962 -0.06963444
v -0.71802 0.726884 -0.242899
v 0.268017 0.0160972 -0.240422
v 0.292106 0.275007 0.224851
v 0.6547241 -0.9055786 0.34687805
v -0.855645 0.508323 0.45043
v 0.35159302 -0.786911 -0.33406067
v 0.35998404 0.2585795 0.0849781
v -0.65816116 -0.6334152 0.15660858
v -0.917008 0.410842 0.489437
v -0.023854 -0.948498 -0.334368
v 0.322932 0.273038 0.165801
v 0.3488922 0.267534 0.15823364
v 0.268504 -0.25891 -0.407145
v -0.818203 -0.48016357 0.07639313
v -0.652727 -0.204473 0.564455
v -0.650159 -0.231529 0.570667
v -0.608527 -0.132831 -0.203292
v -0.658821 -0.176248 0.56026
v 0.272643 -0.319517 -0.413442
v -0.647315 -0.13457 0.552568
v 0.252463 -0.344063 -0.424878
v -0.66493225 -0.1251812 0.5441971
v 0.576617 -0.10605 0.533297
v 0.28753 -0.395439 -0.417934
v -0.650723 -0.0658208 0.522598
v -0.659603 -0.0446017 0.509302
v 0.275683 -0.419093 -0.423802
v -0.751197 0.868099 -0.576678
v 0.270099 -0.513064 -0.413998
v -0.0429735 -0.961428 -0.226822
v -0.117144 0.808115 -0.121858
v 0.569951 -0.721636 -0.236397
v -0.635662 0.576111 -0.632132
v 0.271712 -0.583114 -0.40636
v 0.26225 -0.63499 -0.396022
v -0.25455 0.647543 0.0325776
v 0.249958 -0.23556 -0.404776
v 0.275121 -0.682081 -0.378547
v 0.270839 -0.706504 -0.373507
v -0.900597 -0.00279314 0.16459
v 0.269609 -0.72836 -0.366596
v 0.277712 -0.82423 -0.324604
v 0.6333275 -0.6411972 -0.19416809
v -0.457336 -0.679544 0.332747
v -0.394633 -0.931339 0.603709
v 0.245579 -0.531528 0.738352
v 0.223805 -0.544884 0.743607
v -0.8426666 0.28845978 0.6703644
v -0.626884 -0.931706 -0.0710371
v -0.49778 0.527869 -0.00556744
v 0.462393 -0.850306 -0.261911
v -0.901056 -0.137763 0.0706289
v -0.93631 0.400888 0.195822
v 0.271502 -0.91455 -0.0966032
v 0.17533875 -0.9643526 -0.19554901
v 0.696938 -0.0893046 0.397486
v 0.301153 -0.324625 -0.405314
v 0.586141 -0.732472 -0.217125
v 0.2853 -0.347044 -0.414861
v 0.300217 -0.371492 -0.414034
v 0.795229 -0.472751 0.305347
v 0.179489 -0.397005 0.765738
v 0.194078 -0.373686 0.759389
v 0.274761 -0.465796 -0.425434
v 0.193077 -0.62578 0.738911
v 0.288302 -0.490083 -0.418534
v 0.284272 -0.564664 -0.401829
v -0.484585 -0.582485 -0.0988944
v 0.262961 -0.559513 -0.406623
v 0.154236 0.0928093 0.525717
v 0.7114563 -0.41687012 0.472229
v -0.346893 0.673231 -0.104488
v 0.280475 -0.606187 -0.396113
v 0.282186 -0.656077 -0.379599
v -0.379016 0.453977 0.0763649
v 0.293675 -0.696317 -0.374221
v 0.288248 -0.748379 -0.359393
v 0.275248 -0.802066 -0.343849
v 0.347371 -0.257286 0.71504
v -0.5620861 -0.82037354 0.4279251
v 0.288157 -0.857379 -0.296803
v 0.374679 -0.162703 0.645653
v 0.951539 -0.502351 0.263805
v 0.30543518 -0.8848915 -0.28577995
v 0.334821 -0.773269 0.666411
v 0.317147 -0.118585 0.624097
v -0.33146524 -0.9837582 -0.2368908
v 0.281887 -0.907045 -0.288846
v -0.346668 0.471814 0.0402979
v 0.285066 -0.935289 -0.288461
v -0.507573 -0.826407 0.349521
v -0.60498047 0.15078163 0.6326523
v -0.55819 -0.321817 -0.23756
v 0.955738 -0.500303 0.134791
v -0.8770294 0.514328 0.4176941
v -0.794223 0.770714 -0.457125
v 0.932665 -0.723212 0.329569
v 0.304689 -0.0191652 -0.238392
v 0.28449726 -0.03754306 -0.24256456
v 0.366014 -0.643008 0.685564
v 0.290126 -0.751572 0.695907
v 0.00234294 0.644614 -0.132582
v -0.751877 -0.378384 0.493285
v -0.48274994 0.6604996 0.032489777
v 0.304155 -0.814516 0.647404
v 0.290819 -0.443216 -0.422705
v 0.276946 -0.849437 0.613531
v 0.290929 -0.870727 0.604418
v -0.37406468 -0.97505474 0.32996368
v 0.284448 -0.539514 -0.402252
v 0.533889 -0.37852 0.644165
v -0.198707 -0.724186 -0.12953
v 0.305955 -0.603957 -0.388211
v -0.648157 0.447225 0.55834
v -0.620076 0.452528 -0.195728
v -0.608313 0.469251 -0.215926
v 0.292713 -0.628136 -0.38154
v -0.599524 0.472691 -0.189369
v 0.292274 -0.720012 -0.369689
v 0.296742 -0.779202 -0.346602
v 0.297563 -0.833846 -0.309334
v 0.333472 0.155702 0.469847
v 0.307855 -0.917397 -0.284183
v -0.968681 0.200102 0.434539
v 0.17156982 -0.8853302 0.63253784
v 0.310779 -0.0406141 -0.241736
v 0.5299225 -0.5767822 0.5983925
v 0.7683716 -0.23897266 -0.030303955
v 0.8370819 -0.8183632 0.018859863
v -0.421855 -0.886213 0.600428
v 0.313222 -0.349196 -0.404884
v -0.458094 0.420866 0.282588
v 0.304912 -0.467509 -0.418272
v -0.2601576 0.22628808 0.07261658
v 0.789999 -0.4244849 0.006439209
v 0.317851 -0.490173 -0.408729
v 0.301698 -0.513484 -0.406866
v -0.350704 0.611419 0.0977734
v 0.808786 -0.53977 0.345709
v 0.30494 -0.559774 -0.39515
v -0.608615 0.654075 -0.71947
v -0.972341 0.173803 0.42869
v 0.295068 -0.583023 -0.39759
v 0.749999 -0.727088 0.435406
v 0.723694 -0.808187 0.426133
v 0.72068405 -0.48632812 -0.120033264
v 0.217259 -0.746275 0.709489
v -0.569262 0.20055 0.561446
v 0.233083 -0.401151 0.756062
v 0.315302 -0.652579 -0.371361
v -0.746212 0.445023 -0.0785873
v 0.296254 -0.674537 -0.374759
v 0.621821 -0.318504 0.566876
v 0.231717 0.006499 0.565837
v -0.413218 0.247249 0.399749
v 0.319867 -0.759488 -0.353682
v 0.324362 -0.826452 -0.309455
v 0.315919 -0.852759 -0.297441
v 0.744325 -0.0658104 0.128934
v 0.8207798 -0.8689804 0.1133728
v -0.881679 -0.0678763 0.323568
v -0.556874 -0.355116 -0.236382
v 0.9607544 -0.6699295 0.06465149
v -0.342789 0.239432 0.220051
v 0.302824 -0.0622677 -0.248791
v 0.2878151 -0.078308105 -0.25407505
v -0.294393 0.147215 0.380399
v -0.0215469 -0.658431 0.661846
v 0.32698 -0.327687 -0.395499
v 0.793999 -0.400306 0.0172024
v 0.326146 -0.371741 -0.403212
v -0.939843 0.431474 0.195069
v 0.315495 -0.39315 -0.412942
v -0.252141 -0.375595 -0.256987
v 0.330005 -0.418739 -0.408393
v -0.120871 -0.321974 0.671197
v 0.303586 -0.418277 -0.418561
v 0.319469 -0.442212 -0.415298
v 0.71060944 -0.87096405 0.37436676
v -0.226807 -0.0247426 -0.23332
v 0.000623703 0.22866356 0.2674446
v -0.629212 0.772814 -0.742724
v 0.35544014 -0.55633545 -0.37662792
v 0.31988525 -0.5808325 -0.39146042
v -0.402591 -0.976608 -0.150508
v -0.318545 0.241607 0.145256
v -0.694183 0.510479 -0.512793
v 0.314927 -0.685547 -0.373661
v -0.14364 -0.904246 0.709939
v 0.319638 -0.730985 -0.366258
v -0.112675 0.151202 -0.0702107
v 0.7218094 -0.4369316 -0.107917786
v 0.866289 -0.683668 0.405691
v -0.6335106 -0.26623106 0.5886097
v -0.53354 -0.85409 0.329039
v 0.691126 -0.130547 0.432315
v -0.58316 0.56506 -0.174632
v 0.409172 -0.562319 0.689507
v -0.280077 0.623526 0.0643607
v 0.333004 -0.92752 -0.279576
v -0.450485 0.271661 0.434972
v 0.82282 -0.862163 0.0883242
v 0.35308027 0.25469398 0.054574966
v -0.41033727 -0.70162964 -0.110458374
v -0.209945 0.702519 -0.0327027
v -0.1298647 -0.6242752 0.511467
v 0.592975 -0.744685 -0.198177
v 0.340769 -0.305859 -0.38823
v 0.617011 -0.00382638 0.439428
v -0.639133 -0.156121 0.558265
v -0.425625 -0.750578 0.235128
v 0.551142 -0.324632 0.624216
v 0.34482384 -0.4893093 -0.3968048
v 0.330006 -0.511873 -0.396175
v -0.63733 -0.0841849 0.537433
v 0.34148216 -0.53248405 -0.3835039
v -0.704306 -0.456837 -0.129709
v -0.642986 -0.0256517 0.508098
v 0.58021 -0.336186 0.594259
v -0.774892 0.578045 -0.133025
v 0.3370819 -0.60321426 -0.38157272
v -0.39203358 -0.96782935 0.20430183
v -0.441197 -0.810247 0.542362
v -0.436801 -0.798208 0.522927
v 0.33047485 -0.6251583 -0.3740921
v 0.35098267 -0.6704216 -0.3647995
v -0.664429 0.601531 -0.658155
v 0.245062 -0.449599 0.748872
v -0.758556 0.598 -0.0632097
v 0.75567627 -0.31417084 0.39892578
v 0.351705 -0.935738 -0.274162
v -0.78113556 0.13986015 -0.06658745
v 0.240409 -0.42523 0.753022
v 0.13393 -0.158226 0.690337
v -0.347401 0.558204 0.116645
v -0.414277 -0.65625 -0.123084
v -0.895159 -0.0355719 0.241899
v 0.062514395 0.93368125 -0.31888115
v 0.662806 -0.542724 0.51724
v 0.442519 -0.0691628 0.583154
v 0.74504566 -0.112745285 0.30438614
v 0.42539978 -0.13226318 0.6242981
v 0.350912 -0.330622 -0.383932
v 0.55319977 0.15705204 0.081977844
v 0.276436 0.0467774 0.543822
v 0.34292603 -0.36394978 -0.3934021
v 0.291966 -0.275709 0.73698
v 0.34136963 -0.39744186 -0.39853287
v -0.663516 -0.54921 -0.0465908
v 0.343068 -0.441624 -0.399579
v 0.716023 -0.590386 -0.10335
v 0.23134613 -0.042001724 0.5707464
v 0.224864 -0.441862 0.762477
v 0.24614716 0.027259827 0.55793
v 0.282604 -0.959378 -0.167036
v 0.1460948 -0.30793953 0.75350183
v -0.07839966 -0.92365265 0.52615356
v -0.41615295 -0.6841316 0.46273804
v 0.583199 -0.818281 -0.0818391
v -0.252483 0.750597 0.0282714
v -0.253647 -0.969382 0.553241
v 0.35220337 -0.65237904 -0.36301804
v 0.0250167 0.812463 -0.304324
v 0.169327 -0.864484 0.629465
v 0.179591 -0.840223 0.623038
v 0.12372291 -0.81995773 -0.35891247
v 0.189794 -0.701841 0.720406
v -0.135798 -0.977181 -0.253102
v 0.44135 -0.279233 0.66038
v 0.35131073 -0.72304153 -0.3615589
v 0.182891 -0.525753 0.750667
v 0.34350586 -0.75845337 -0.35053253
v -0.0184387 0.638824 -0.070761
v 0.346763 -0.8208 -0.310245
v 0.175751 -0.723988 0.716777
v -0.491295 0.401477 -0.00618374
v 0.346751 -0.844939 -0.300989
v 0.359649 -0.448032 0.724965
v 0.34514236 -0.8867798 -0.2841053
v 0.357113 -0.911913 -0.276675
v -0.232945 -0.540715 -0.191839
v 0.600638 -0.748084 -0.176909
v 0.593621 -0.771106 -0.168476
v 0.294937 -0.565568 0.734278
v -0.408843 -0.629551 -0.133601
v -0.410878 -0.758714 -0.0946439
v 0.255962 -0.681119 0.712015
v 0.280916 -0.696175 0.705025
v 0.33854675 -0.029664993 -0.23461056
v 0.299484 -0.720684 0.699321
v 0.271965 -0.73058 0.705742
v 0.626915 -0.687795 -0.168442
v -0.355418 -0.802414 -0.116749
v -0.363703 -0.772967 -0.112682
v 0.36512 -0.309114 -0.378445
v 0.361424 -0.353823 -0.38175
v -0.96546936 0.17645264 0.12086487
v 0.356509 -0.466192 -0.389561
v -0.573994 0.729024 -0.755412
v -0.120826 -0.928233 0.16422
v -0.290596 0.505208 0.0322128
v -0.24049377 0.58351135 -0.10731506
v -0.156478 -0.772903 0.575526
v 0.357136 -0.511388 -0.388148
v 0.701479 -0.381643 -0.159947
v -0.62723 0.438282 0.541795
v 0.885367 -0.629115 0.397719
v 0.368335 -0.580836 -0.374278
v 0.160359 -0.509852 0.757135
v -0.158447 -0.923206 0.703957
v -0.969131 0.104711 0.138116
v 0.77307224 -0.14598846 0.2208252
v -0.830925 0.524329 0.446381
v -0.87285 0.237576 0.663107
v 0.216363 -0.968987 0.586574
v -0.174646 -0.959193 0.307425
v 0.362378 -0.868337 -0.291356
v 0.017829895 -0.2942009 -0.47442627
v -0.44085 0.391417 0.0392129
v 0.7786255 -0.41944885 -0.020187378
v -0.552962 -0.411688 -0.223725
v 0.785093 -0.395515 -0.00617019
v -0.448691 0.544758 -0.0301119
v 0.778607 -0.370547 -0.0157871
v 0.379748 -0.286887 -0.374793
v 0.375279 -0.334274 -0.374578
v 0.701998 -0.149546 -0.0987011
v 0.583447 -0.504264 0.565322
v 0.39016724 -0.38579285 -0.37547302
v -0.0480677 0.977814 -0.187234
v 0.0289017 -0.956708 -0.212289
v 0.353765 -0.416182 -0.392377
v 0.027758 -0.97529 -0.233381
v 0.36725 -0.441125 -0.380967
v 0.782326 -0.347474 -0.000713123
v 0.301653 -0.911375 0.428519
v 0.371108 -0.48876 -0.386276
v 0.540435 -0.496072 0.602476
v 0.595806 -0.931887 0.0136964
v -0.0193856 0.908795 -0.20712
v 0.36938 -0.533715 -0.380063
v -0.990584 0.231033 0.280954
v -0.574677 0.137332 0.569042
v 0.382324 -0.556829 -0.373529
v 0.36839294 -0.62932825 -0.3609047
v -0.497435 0.329683 0.438419
v -0.903419 0.469181 0.125538
v 0.33439255 -0.7047734 -0.36956215
v 0.910018 -0.676397 -0.00552305
v -0.448717 0.226586 0.455039
v 0.371595 -0.766111 -0.337963
v 0.379159 -0.787998 -0.325367
v 0.366859 -0.824647 -0.305441
v 0.376574 -0.845472 -0.298284
v -0.690073 0.492898 -0.436572
v 0.374583 -0.888192 -0.280803
v -0.56689453 -0.4452095 -0.20812607
v -0.403985 -0.605014 -0.140338
v 0.322102 -0.378391 0.730404
v 0.50051117 -0.52828217 0.6355896
v -0.275751 0.774202 -0.134501
v -0.005115509 0.17755127 -0.05101013
v -0.114109 0.201064 0.213509
v 0.17542076 -0.062238693 -0.26991892
v -0.276372 -0.340365 -0.261287
v 0.031139374 0.24397421 0.17032623
v -0.127186 0.194544 0.235239
v -0.138845 0.186134 0.259397
v -0.149088 0.174793 0.282682
v 0.606932 -0.428978 -0.250768
v 0.644399 -0.505679 0.532672
v -0.711099 0.549011 -0.513497
v -0.356016 0.251043 0.240857
v -0.515772 0.146444 0.529903
v 0.390238 -0.312869 -0.371265
v -0.715681 0.543456 -0.490307
v 0.152758 -0.132938 0.650337
v -0.311715 -0.964504 0.261022
v 0.397619 -0.489325 -0.377431
v 0.383881 -0.511689 -0.383481
v -0.230212 0.856145 -0.0580839
v 0.395671 -0.53382 -0.37703
v -0.801477 -0.464359 -0.0124799
v 0.135781 0.226483 -0.0336062
v -0.586722 -0.834209 0.498892
v 0.378702 -0.605436 -0.366125
v -0.621736 -0.352877 0.58099
v 0.5373435 -0.9233365 0.404644
v -0.594553 -0.826333 0.128691
v -0.0800168 -0.588465 0.591851
v 0.946586 -0.514059 0.290098
v 0.379485 -0.681854 -0.358063
v 0.379528 -0.715509 -0.353604
v -0.12618256 -0.92417383 0.07513428
v 0.388407 -0.74335 -0.338891
v 0.38412 -0.807457 -0.310486
v -0.401886 -0.66625595 0.48129272
v 0.389584 -0.865796 -0.288513
v 0.386211 -0.908617 -0.270143
v -0.634617 -0.328075 0.583265
v -0.457119 0.515106 -0.0195173
v -0.637225 -0.296797 0.587948
v -0.430135 -0.741656 -0.0873711
v 0.00494149 -0.0988209 -0.280807
v 0.0391952 -0.919132 -0.179125
v 0.43785 -0.246741 0.654285
v -0.0986754 -0.171826 0.590146
v 0.571231 -0.94379 0.0237039
v -0.729186 0.489243 -0.271356
v -0.62489 -0.214382 0.576944
v -0.632722 -0.244369 0.583761
v -0.3269 -0.539737 -0.187516
v -0.631311 -0.183799 0.564291
v 0.400606 -0.33882 -0.365688
v 0.360846 -0.473762 0.721471
v -0.621713 -0.129554 0.559124
v -0.443534 0.537267 0.183094
v -0.61782074 -0.09616661 0.5500107
v -0.64335823 0.21699524 0.6547394
v 0.379809 -0.414779 -0.379212
v -0.62397 -0.0584433 0.528013
v -0.640072 -0.0456218 0.516625
v 0.399806 -0.438141 -0.367779
v -0.624206 -0.00909999 0.505939
v 0.38381 -0.46537 -0.376777
v 0.276381 -0.515991 0.736655
v 0.296597 0.0065112 -0.237988
v 0.717555 -0.407359 -0.119567
v 0.415857 -0.530975 -0.369665
v -0.09608 -0.125222 -0.288052
v -0.527207 -0.876594 0.294099
v 0.511023 -0.234638 0.632426
v -0.576403 0.58442 -0.246767
v 0.404062 -0.607112 -0.359397
v 0.236041 -0.664194 0.723954
v 0.412572 -0.63088 -0.349074
v 0.400741 -0.659101 -0.351063
v 0.396916 -0.767006 -0.328468
v 0.436401 -0.119777 0.618666
v 0.387596 -0.825676 -0.300812
v 0.404969 -0.839749 -0.292685
v 0.223795 -0.620435 0.745062
v 0.401128 -0.885274 -0.275574
v 0.588996 0.0324234 0.444594
v -0.40293598 -0.57418823 -0.1531372
v 0.332031 -0.201003 0.685309
v -0.492841 -0.37577 -0.251462
v -0.7521744 -0.29632568 0.5237274
v -0.389387 -0.848279 -0.118265
v -0.41355 -0.842116 -0.109302
v 0.238723 -0.965184 0.528237
v -0.0748894 0.861412 -0.154558
v 0.229779 -0.488176 0.750489
v -0.400237 0.190284 0.3977
v 0.189482 -0.937182 0.127908
v 0.262892 -0.6354 0.737839
v 0.4072113 -0.36696243 -0.36418915
v 0.403774 -0.41094 -0.369465
v 0.15781 -0.535793 0.745814
v 0.177142 -0.548931 0.746677
v 0.411816 -0.4676 -0.365795
v -0.14969 -0.87837 0.695194
v -0.0755566 -0.277605 0.709812
v 0.40815 -0.512197 -0.375018
v 0.21992111 -0.833168 -0.32603455
v 0.169119 -0.665621 0.713432
v -0.147685 -0.247933 -0.36444
v 0.411303 -0.555256 -0.366088
v 0.428079 -0.608933 -0.349988
v 0.186783 -0.473333 0.770934
v 0.163261 -0.483996 0.769109
v -0.533294 0.321123 0.472812
v 0.167465 -0.46169 0.773942
v 0.25704956 -0.9695957 0.5719414
v 0.16850376 -0.9177389 0.06073761
v 0.601425 -0.51239 0.553077
v 0.42609 -0.673219 -0.346449
v 0.342651 -0.73291 0.686426
v 0.405332 -0.692985 -0.351216
v 0.307206 -0.140112 0.636777
v 0.410093 -0.723099 -0.34113
v 0.411753 -0.746608 -0.329769
v 0.4038 -0.78863 -0.313239
v 0.294775 -0.372283 0.738323
v 0.311658 -0.424725 0.740761
v 0.406112 -0.811574 -0.298791
v 0.651136 -0.529936 -0.196968
v 0.415531 -0.862758 -0.281533
v -0.409886 -0.731254 -0.100303
v 0.290004 -0.441643 0.745258
v 0.45359278 -0.9518347 -0.1379757
v 0.29831 -0.494194 0.741508
v -0.740489 0.535942 -0.35063
v 0.2919178 0.028666973 -0.23489428
v 0.66761 -0.520193 -0.179696
v 0.297245 -0.53676 0.73247
v 0.637829 0.0578454 0.350039
v -0.17832 -0.927886 0.686982
v -0.23385048 0.66166496 -0.15739346
v -0.06074047 -0.9226346 0.032356262
v -0.340004 -0.471877 -0.213276
v 0.295759 -0.224982 0.711627
v -0.682816 0.556506 -0.597248
v -0.347083 -0.500323 -0.205113
v 0.207834 -0.396408 0.76253
v -0.115955 0.923156 -0.173257
v 0.90342 -0.697682 0.378837
v -0.164553 0.097042 0.41974
v -0.411142 0.372525 0.172535
v 0.52266 -0.648241 0.60364
v 0.6314657 0.09396982 0.105270386
v 0.4416809 -0.35664368 -0.3463745
v 0.788353 -0.301164 -0.000245535
v -0.53212166 0.28541565 0.4971161
v -0.0501441 -0.249278 -0.444545
v 0.418616 -0.393478 -0.361889
v -0.69409 -0.410358 0.518097
v -0.976617 0.125099 0.446782
v -0.139522 0.755101 -0.0977494
v 0.469019 -0.668486 0.642615
v 0.522867 -0.674677 0.59575
v 0.43442535 -0.5385742 -0.3594284
v 0.41285706 -0.5835571 -0.36154938
v -0.131512 0.782095 -0.109041
v 0.665668 -0.546897 -0.181115
v -0.855925 0.216777 0.675796
v -0.120124 -0.947164 -0.224884
v 0.69625854 -0.52420044 -0.15185547
v 0.9455185 -0.7321186 0.079330444
v -0.2764 -0.637 -0.135265
v -0.918008 -0.0929284 0.250277
v 0.433238 -0.702739 -0.344277
v 0.42241 -0.76472 -0.31591
v 0.43053 -0.789313 -0.294151
v 0.39440727 -0.2663455 -0.36311436
v 0.427571 -0.843302 -0.28297
v 0.5131531 -0.44924545 0.6486206
v -0.92425 -0.115537 0.259151
v -0.389194 -0.549623 -0.169133
v 0.727954 -0.331264 -0.13907
v -0.38254166 -0.79883957 -0.10717583
v 0.689349 -0.219759 0.489281
v -0.608265 -0.308333 -0.225321
v 0.435948 -0.594631 0.662049
v 0.5705261 -0.9647269 0.08956909
v -0.340968 -0.784264 -0.119761
v -0.785697 0.754177 -0.404037
v -0.85494995 0.5597782 0.16798401
v 0.44274902 -0.4830017 0.6809387
v -0.521904 0.372212 0.435604
v -0.771252 0.876219 -0.630266
v 0.424014 -0.419821 -0.357307
v 0.044795 0.945218 -0.300941
v 0.54351 -0.737106 0.540201
v 0.429232 -0.446964 -0.353883
v -0.139366 -0.964958 0.674774
v -0.17675781 0.5878296 -0.100883484
v -0.591431 0.722712 -0.523863
v 0.434607 -0.631719 -0.340364
v 0.189866 -0.941902 0.158541
v 0.42552185 -0.6509466 -0.34292984
v 0.450168 -0.80636 -0.274102
v 0.446739 -0.83379 -0.274531
v -0.035399 -0.92124 -0.191506
v -0.612891 -0.371578 0.576251
v 0.439422 -0.858222 -0.273047
v 0.353321 -0.623213 0.69902
v -0.539237 -0.146797 -0.229703
v -0.456772 -0.768173 0.336293
v -0.118236 0.593495 -0.0844648
v -0.613343 -0.307272 0.592683
v -0.335723 -0.640139 -0.141588
v -0.599158 -0.26111 0.599243
v -0.587765 -0.956214 0.571134
v -0.145313 -0.933683 -0.215125
v -0.859166 -0.390921 0.30792
v -0.645804 0.0188136 -0.130963
v -0.603732 -0.187039 0.575363
v -0.611135 -0.160149 0.564256
v -0.589412 -0.137311 0.564446
v -0.6364136 -0.02230835 -0.15234375
v 0.6235256 0.094872534 0.29893112
v -0.4875059 0.34604356 0.41656494
v -0.329184 -0.0716149 -0.246902
v 0.71666527 -0.6367302 0.42560387
v -0.336575 -0.761627 -0.120121
v 0.440327 -0.963875 -0.150777
v -0.328155 -0.735908 -0.122949
v 0.120913 -0.978272 -0.234376
v -0.534005 -0.983045 -0.105536
v 0.81451 -0.456449 0.113476
v -0.900959 -0.31834602 0.28033447
v 0.549845 -0.85256 -0.0739947
v 0.481317 -0.224671 0.63367
v 0.441872 -0.400902 -0.348088
v 0.686288 0.00703129 0.307967
v 0.76199156 -0.1040737 0.13443184
v 0.709119 -0.614383 -0.104812
v 0.392632 -0.120009 0.629388
v 0.388981 -0.0931372 0.615685
v 0.43312073 -0.5163517 -0.3620262
v 0.14164734 -0.24785614 0.74830437
v -0.529304 -0.804259 0.518783
v 0.450776 -0.612201 -0.339271
v 0.359895 0.11091 0.487138
v -0.63656 0.541384 -0.530645
v 0.456401 -0.635966 -0.332009
v 0.266955 -0.914923 -0.0570133
v 0.5682 -0.833674 -0.0780181
v 0.257513 -0.310313 0.754285
v 0.306973 -0.325397 0.743848
v 0.286713 -0.302151 0.747475
v -0.523726 -0.89969 -0.0964609
v -0.508085 -0.945959 -0.118426
v 0.46201324 -0.68452144 -0.3352127
v 0.536027 -0.891481 -0.0499265
v 0.529207 -0.874218 -0.0705454
v -0.007709503 0.18977547 -0.02645874
v 0.460458 -0.705921 -0.336387
v 0.247155 -0.782197 0.681317
v -0.552518 0.189307 0.551625
v -0.794744 0.515461 0.488486
v -0.222866 0.583164 0.0457058
v 0.331268 -0.754451 0.679159
v -0.704548 -0.93704 0.0260995
v 0.15929055 -0.28359222 0.7515445
v -0.756306 0.34127 -0.0605293
v 0.508986 0.19061 0.295059
v 0.3343048 0.18884277 0.43605042
v 0.763318 -0.496759 -0.0407683
v 0.361071 -0.672391 0.691255
v 0.33534 -0.682606 0.697547
v -0.20222 0.74676 -0.0468894
v -0.688205 -0.979751 0.0680662
v -0.35947 -0.435148 -0.21754
v 0.458857 -0.136328 -0.268154
v -0.410451 0.435858 0.0489831
v -0.988325 0.180864 0.348698
v 0.168412 -0.640368 0.724212
v 0.473854 -0.434936 -0.330495
v 0.455408 -0.45442 -0.342515
v 0.139862 -0.609583 0.740915
v 0.143617 -0.635597 0.733811
v -0.583775 0.545181 -0.164567
v 0.186511 -0.499198 0.76089
v -0.411589 -0.621001 0.473769
v 0.46559143 -0.5016155 -0.34791756
v -0.276414 -0.099958 -0.250737
v 0.469645 -0.526663 -0.347377
v -0.0522418 0.616183 -0.0915558
v 0.468746 -0.593112 -0.336719
v 0.472674 -0.61734 -0.328201
v -0.521981 -0.680955 0.102745
v 0.478337 -0.641284 -0.323687
v 0.48767853 -0.658123 -0.32196808
v 0.475093 -0.724914 -0.324195
v 0.462626 -0.780683 -0.28351
v 0.678683 -0.449368 0.512569
v -0.330316 -0.577066 -0.16847
v 0.215674 -0.569284 0.746277
v -0.0430942 0.621231 -0.0682048
v -0.440122 -0.803632 -0.085243
v -0.392255 -0.777375 -0.101192
v -0.351283 -0.293398 -0.260951
v 0.197742 -0.918795 0.0469741
v 0.34114838 -0.19328785 -0.33628464
v 0.45651245 -0.3362205 -0.33784485
v 0.499291 -0.289353 0.647181
v 0.246818 -0.10113 -0.265931
v 0.7322006 -0.91455555 0.0892334
v 0.45944214 -0.5768428 -0.34462357
v 0.487074 -0.60031 -0.324301
v 0.662182 -0.687413 0.479842
v -0.141637 0.809307 -0.0974483
v -0.83356 0.425703 0.572068
v 0.652748 -0.286916 0.549185
v 0.60837364 0.11676979 0.24279785
v -0.138395 0.838452 -0.0851042
v 0.481248 -0.703195 -0.327746
v 0.479471 -0.760146 -0.296328
v -0.631212 0.569678 -0.605262
v -0.030764 -0.512143 0.704726
v -0.46775818 -0.015781403 -0.21818924
v -0.031074524 0.8766084 -0.19356537
v -0.387074 0.605097 -0.0781221
v -0.364951 -0.55651 -0.175685
v -0.342398 -0.394022 -0.233438
v -0.432213 -0.912225 0.611413
v -0.355304 -0.741157 -0.11797
v -0.402312 -0.509925 0.534446
v 0.526847 -0.109471 0.568797
v -0.38087845 0.27670336 0.29628372
v -0.545017 -0.237032 -0.239094
v -0.428109 0.311861 0.362737
v -0.41334915 0.29422092 0.35455322
v -0.17425 0.77219 -0.0715657
v 0.49534 -0.411903 -0.320995
v 0.480478 -0.462789 -0.331494
v -0.295419 0.793454 0.0111664
v -0.211283 -0.73982 -0.114441
v 0.485976 -0.489682 -0.33361
v -0.07041168 0.6380577 -0.1416893
v -0.568002 0.579788 0.072779
v -0.173939 0.194532 0.059361
v 0.49048 -0.518562 -0.335248
v -0.697533 0.852401 -0.569799
v 0.480165 -0.545605 -0.341087
v 0.410715 -0.737177 0.633463
v 0.7072334 -0.6384697 -0.09364319
v -0.924891 0.360246 0.518806
v 0.30558205 -0.27876163 -0.4028368
v -0.8351402 -0.4480753 0.25435257
v -0.61877406 0.21502107 -0.09302521
v 0.491218 -0.573458 -0.329487
v -0.466738 -0.792768 0.342426
v -0.471074 -0.914421 0.623423
v -0.818283 0.504529 0.490276
v 0.409257 -0.809234 0.586652
v -0.455093 -0.854766 -0.0982778
v 0.61912 -0.602355 -0.221184
v -0.719654 -0.332856 -0.18315
v 0.0488362 -0.950016 -0.205491
v 0.0457626 -0.922004 0.527973
v -0.447017 0.446769 0.0114827
v 0.78962135 -0.23908997 0.27481842
v 0.678914 -0.0177419 0.370067
v -0.607972 -0.421265 0.551954
v -0.72938 -0.356034 -0.171581
v 0.5498085 -0.9700916 0.109550476
v -0.6177063 -0.40179443 0.5596924
v -0.592242 -0.37887 0.575158
v -0.461424 -0.0406957 -0.223495
v 0.70827484 -0.08576965 0.37876892
v -0.0556257 -0.200242 0.661906
v 0.0969144 0.181725 -0.094401
v -0.60726 -0.333126 0.588504
v -0.359715 0.649979 -0.0968503
v -0.162077 -0.422096 -0.423877
v -0.616942 -0.280364 0.594759
v -0.338439 0.644641 -0.108933
v -0.158892 -0.937488 0.11056
v -0.608836 -0.237243 0.59154
v -0.595026 -0.211224 0.589181
v 0.610756 -0.687968 -0.185556
v -0.352381 -0.576372 -0.167761
v 0.825565 -0.466539 0.182951
v 0.7402649 -0.37854004 0.43203735
v 0.676497 -0.421781 0.515887
v 0.4913025 -0.35910034 -0.32095337
v -0.615666 0.878696 -0.693354
v 0.13471985 -0.91268635 0.4534912
v 0.013763428 0.73877716 -0.16337585
v -0.8589134 0.54488945 0.11898804
v -0.622189 -0.03292 0.515324
v -0.957277 0.0956824 0.384175
v 0.587366 -0.185505 0.568097
v -0.513223 -0.359257 -0.252165
v 0.234904 -0.591566 0.747999
v 0.501405 -0.20585 0.627864
v 0.21124011 -0.17443848 0.7079754
v 0.503594 -0.54358 -0.32508
v 0.260623 -0.92369 0.61144
v 0.21409512 -0.018257141 0.57082844
v 0.568095 -0.581791 0.581073
v 0.506055 -0.595507 -0.310608
v -0.50274 0.634721 0.0939425
v 0.498023 -0.712106 -0.315687
v 0.505045 -0.790181 -0.254806
v -0.677571 0.227829 -0.0965392
v -0.478725 -0.0585219 -0.223256
v 0.793034 -0.737455 0.434775
v 0.495468 -0.178548 0.621429
v -0.36854553 -0.5266876 -0.18603516
v -0.363491 -0.108531 -0.255682
v 0.669361 -0.810303 0.416341
v -0.373145 0.627006 -0.0885196
v 0.66049 -0.853894 0.39523
v 0.66465 -0.832938 0.407158
v -0.530516 0.496456 0.000607861
v 0.211353 -0.292886 0.750043
v -0.355404 -0.616364 -0.150145
v -0.35591 -0.138368 -0.256787
v -0.899648 0.109136 0.0193533
v 0.231814 -0.185435 0.712742
v -0.956327 0.0449841 0.186302
v -0.48869 -0.562902 -0.117813
v -0.345231 -0.211823 -0.26813
v 0.5193634 -0.4127426 -0.3092041
v 0.263695 -0.433246 0.743054
v 0.28344 -0.416271 0.739984
v 0.209399 -0.194655 0.72179
v 0.500552 -0.444222 -0.320584
v 0.50977325 -0.5006714 -0.32118988
v 0.514844 -0.309344 0.64322
v 0.717053 -0.0537994 0.325139
v -0.156616 -0.22534 -0.310542
v 0.451207 -0.40975 0.696442
v 0.5164032 -0.5437126 -0.31210327
v 0.44091606 -0.9714742 0.010847092
v -0.618422 0.466753 -0.242087
v -0.654015 0.0225022 0.572563
v 0.296232 -0.175899 0.681595
v -0.677427 0.198672 -0.0943329
v -0.473599 -0.0823601 -0.234362
v 0.302237 -0.846512 0.611754
v 0.30907 -0.77071 0.678887
v -0.365916 0.239873 0.0347748
v -0.90969086 -0.16776085 0.07365036
v 0.176898 -0.351337 0.758035
v -0.1923027 0.76851654 -0.051086426
v 0.709535 -0.543683 0.468785
v -0.3639393 -0.47966003 -0.20355225
v -0.353452 -0.0495586 -0.239438
v 0.339578 -0.790564 0.651715
v -0.33599567 -0.10011768 -0.25390548
v -0.347664 -0.664793 -0.134716
v 0.2815199 -0.9098611 0.41228104
v 0.28017044 -0.97745013 -0.21578598
v 0.438892 0.0367829 0.505111
v 0.449159 0.0590535 0.493383
v -0.6095848 0.56570053 0.41999817
v 0.468728 -0.169293 0.623988
v 0.527809 -0.913615 -0.0325423
v -0.460817 0.515577 0.272408
v 0.345144 0.0914846 0.500452
v -0.64437866 -0.98307705 -0.03970337
v 0.52368164 -0.45639038 -0.3118744
v 0.5186157 -0.51621246 -0.31445312
v -0.874253 0.50401 0.0924552
v 0.135055 -0.519628 0.748797
v 0.22589493 -0.27450562 0.744257
v 0.533626 -0.549058 -0.291939
v -0.593322 0.670722 -0.723833
v 0.52583 -0.593296 -0.291113
v -0.140229 0.865563 -0.0684727
v 0.112723 -0.929489 -0.309129
v 0.432669 -0.0578603 -0.21737
v 0.49961472 -0.68133545 -0.3187542
v -0.94467 0.354558 0.300241
v -0.20819092 -0.96777916 0.5902176
v 0.45251942 0.086753845 0.4801407
v -0.172673 -0.969049 0.580354
v -0.121849 0.888894 -0.0841726
v -0.655472 -0.909981 -0.0329323
v -0.0774532 0.610956 -0.0967907
v 0.327082 -0.054678 -0.242771
v -0.241472 -0.411887 -0.238012
v -0.449951 -0.75139 -0.0732883
v -0.491598 -0.102339 -0.236701
v -0.196069 0.734986 -0.186682
v -0.3909912 0.6420212 -0.076690674
v 0.117947 0.0153019 0.563531
v -0.834233 0.112564 0.649633
v 0.456495 -0.0650255 -0.21636
v -0.36327 0.596566 -0.0872002
v -0.356643 -0.0792218 -0.249975
v 0.486607 -0.927236 -0.0601584
v -0.659616 0.585983 0.00563967
v -0.345124 -0.713721 -0.124201
v -0.61826 0.490865 -0.331538
v -0.6088486 0.78827286 -0.5919342
v 0.546251 -0.412605 -0.294994
v -0.63806 0.81694 -0.740309
v 0.360741 -0.8544 0.594094
v -0.9521656 0.3092184 0.19378662
v 0.547087 -0.499012 -0.294634
v 0.540655 -0.526488 -0.292373
v 0.562275 -0.816012 0.500523
v -0.73982 0.796436 -0.429725
v -0.0524785 0.676331 -0.0699
v -0.674914 0.166292 -0.0937524
v -0.869453 -0.312352 0.373964
v -0.608399 0.168121 -0.0939346
v -0.482565 -0.125243 -0.250277
v -0.448313 -0.723843 -0.0789448
v -0.345825 -0.163821 -0.260556
v -0.9684658 0.1965146 0.5396614
v -0.588367 -0.403899 0.564215
v -0.566698 -0.387061 0.572073
v 0.814963 -0.828514 0.0120977
v -0.5968504 -0.3542137 0.5843239
v -0.588954 -0.314463 0.592792
v -0.371368 -0.159441 -0.260199
v -0.593589 -0.288151 0.598527
v 0.256352 -0.94749 -0.28933
v 0.30608 0.114133 0.497837
v -0.579607 -0.235709 0.599739
v -0.356036 -0.455935 -0.2124
v -0.144696 -0.918456 -0.188552
v -0.577138 -0.188245 0.585267
v -0.582116 -0.164244 0.572226
v -0.758864 -0.222422 -0.156003
v -0.935984 0.0954509 0.0751117
v 0.657192 -0.0264146 0.406104
v -0.3635 -0.410478 -0.226728
v 0.5484314 -0.310503 -0.2796135
v 0.414421 0.18237 0.404839
v -0.60295105 -0.019447327 0.51145744
v 0.542206 -0.439812 -0.300143
v 0.449229 -0.927915 -0.203573
v 0.402205 -0.314458 0.690738
v 0.467469 -0.903519 -0.201137
v 0.55176 -0.466446 -0.295643
v 0.563267 -0.518397 -0.279624
v 0.62737465 -0.7065735 -0.1542244
v 0.554539 -0.547925 -0.276481
v 0.148751 -0.678315 0.713852
v 0.166354 -0.695194 0.713334
v 0.0850157 0.81155 -0.268478
v -0.0793895 -0.320247 0.726204
v -0.76672363 -0.16064453 0.49601746
v -0.25167084 -0.20183945 -0.28091908
v 0.551864 -0.873737 -0.0536131
v 0.553417 -0.897773 -0.0367684
v 0.773157 -0.719168 0.43651
v -0.5268402 -0.6002655 0.4116516
v -0.48159552 -0.78603005 0.47113037
v 0.115634 -0.471455 0.761835
v -0.685243 -0.452442 -0.149966
v -0.8980093 -0.33319378 0.24872208
v 0.209899 -0.839683 0.618706
v 0.19384 -0.865313 0.622048
v -0.0704732 -0.368698 0.734664
v -0.418105 -0.336346 -0.257764
v 0.243067 -0.562055 0.742832
v 0.156406 -0.413847 0.768678
v -0.6123972 0.29721355 0.5466709
v -0.333191 -0.687754 -0.129364
v 0.294641 -0.468126 0.745672
v -0.360323 -0.185303 -0.262563
v -0.468829 -0.690369 0.247037
v -0.365429 -0.235526 -0.262889
v 0.7610855 -0.4410019 -0.051116943
v -0.620522 0.590986 -0.615586
v 0.13290787 0.071525574 0.53479004
v 0.151833 0.0477874 0.548844
v -0.446539 -0.706619 0.238287
v -0.367548 -0.383646 -0.235133
v -0.358095 -0.263063 -0.263802
v 0.949684 -0.585849 0.338923
v -0.0405548 -0.183967 0.649087
v -0.371718 -0.357219 -0.245472
v -0.588184 0.480398 -0.136132
v -0.346835 -0.366171 -0.241602
v 0.154184 -0.087629 0.583609
v -0.129886 0.904875 -0.178074
v -0.560689 -0.929504 0.600883
v 0.812817 -0.725316 0.429877
v -0.470484 -0.215291 -0.262225
v 0.174811 0.0322876 0.559158
v 0.200532 0.0121742 0.565637
v -0.586082 0.157013 0.593299
v -0.446888 0.201126 0.45955
v -0.445727 -0.606329 -0.115426
v 0.227888 -0.466117 0.756737
v -0.438441 -0.588659 -0.124028
v -0.918792 0.0235462 0.279067
v 0.53736496 0.1344719 -0.016494751
v 0.57108 -0.85366 -0.0577631
v -0.681322 0.133615 -0.0924512
v 0.6245912 0.10344076 0.19107819
v -0.660021 -0.947896 -0.0536093
v 0.256816 -0.408218 0.744486
v -0.49843693 -0.6250324 -0.058307648
v -0.44656372 -0.67959595 -0.09320068
v 0.477125 -0.913944 -0.128855
v -0.470485 -0.143119 -0.259493
v 0.40254 0.0136885 0.525567
v -0.88674486 0.55570245 0.24500656
v -0.749198 -0.541491 0.0551151
v 0.14505768 -0.18888474 0.72115326
v 0.425031 -0.942554 0.573308
v 0.64355737 0.082190715 0.13602638
v 0.63659 -0.0165807 0.423377
v -0.530574 -0.527313 -0.158443
v -0.5303459 -0.91825247 -0.10181522
v 0.206453 -0.935211 0.266857
v -0.75778 -0.153449 -0.138428
v -0.56298447 -0.8965454 -0.08237457
v 0.108866 -0.135654 0.651251
v -0.50608826 -0.5680542 -0.10600281
v -0.870617 0.550348 0.332634
v 0.0816509 -0.0403567 -0.268722
v -0.41976786 0.29108143 0.020299911
v 0.79559 -0.845398 0.021631
v -0.38001442 -0.30857468 -0.26077652
v -0.408952 -0.870452 -0.121457
v -0.757369 0.124588 -0.074878
v -0.98469925 0.12551689 0.18373108
v -0.652978 0.790615 -0.489978
v -0.203483 -0.77255 -0.177298
v 0.186098 -0.0905722 -0.272634
v -0.3519 -0.539336 -0.185941
v 0.474882 -0.0724692 0.57287
v -0.928716 0.348395 0.394204
v -0.229093 0.63843 0.0423608
v -0.68597 0.105295 -0.0880426
v 0.7373657 -0.27497864 -0.116363525
v -0.604001 0.715359 -0.397289
v -0.47544 -0.192908 -0.260477
v -0.932954 0.37217 0.406101
v 0.0049511 -0.963663 -0.221831
v 0.69202423 0.013273239 0.08909416
v -0.112892 -0.92932 0.223103
v -0.948129 0.363555 0.232484
v -0.9338089 -0.14865303 0.19517136
v -0.491799 -0.613417 0.39816
v -0.56041 -0.803603 0.0656847
v -0.226573 -0.972254 0.216959
v -0.361452 -0.59256 -0.158148
v -0.948363 0.383403 0.298489
v 0.881068 -0.785678 0.332357
v -0.3825941 -0.62208176 -0.14323616
v -0.38454437 -0.7436619 -0.106025696
v -0.6489 0.51386 -0.469302
v -0.372012 -0.717859 -0.117102
v -0.181511 0.711475 -0.18548
v -0.154664 0.71274 -0.191282
v -0.36566925 -0.64915466 -0.1382904
v -0.38847685 -0.6564331 -0.13228607
v 0.256929 -0.958954 -0.175634
v -0.371959 -0.825207 -0.115862
v -0.363992 -0.688946 -0.126797
v -0.763865 0.237567 -0.0782156
v 0.558662 0.123312 0.369914
v 0.45322943 -0.95863825 -0.112667084
v -0.389989 -0.698725 -0.117886
v -0.122897 0.202025 0.192631
v -0.2684822 -0.69233704 -0.1215229
v -0.597343 -0.62607 0.00558975
v -0.358324 -0.318439 -0.257901
v -0.497059 -0.797102 0.401852
v 0.645244 0.064346 0.31987
v 0.709518 -0.127295 -0.0798246
v -0.5802765 -0.42951202 0.5566559
v 0.586183 -0.327524 -0.253081
v 0.426932 -0.880794 -0.267947
v 0.0935509 0.735686 -0.258104
v -0.382047 -0.514843 -0.182826
v -0.569669 -0.355701 0.580409
v 0.49819946 -0.42791748 0.6622925
v 0.300674 -0.184156 -0.346366
v 0.30094814 -0.23613548 -0.39306068
v -0.631902 -0.0791252 -0.181959
v -0.573777 -0.267553 0.602674
v 0.293278 -0.2567 -0.402976
v -0.7525482 -0.119659424 -0.13015747
v -0.571792 -0.208927 0.59491
v -0.528334 -0.640122 -0.00574257
v -0.379301 -0.574679 -0.162291
v -0.0367538 0.0399039 -0.21703
v 0.491445 -0.313583 0.655822
v -0.6558533 -0.09290695 -0.17298508
v -0.395547 -0.471486 -0.193864
v -0.871081 -0.331046 0.355938
v -0.0262181 0.0113674 -0.233973
v -0.376756 -0.450413 -0.206524
v -0.5855408 -0.031555176 0.5201111
v -0.383338 -0.425987 -0.216588
v -0.217541 -0.905704 -0.366924
v -0.558085 0.548547 0.443294
v -0.388305 -0.401064 -0.22886
v -0.392265 -0.374976 -0.241246
v -0.0715166 -0.968004 0.607467
v -0.513606 -0.67182 0.232012
v -0.0394086 -0.613575 0.646811
v 0.606181 -0.308783 -0.239951
v 0.49770433 -0.9650546 0.23435402
v -0.308456 -0.912088 -0.326902
v -0.845185 -0.439911 0.222569
v 0.298165 -0.972086 -0.177382
v 0.269039 -0.458518 0.744094
v 0.753607 -0.700467 0.431282
v -0.335851 -0.947237 -0.319598
v -0.7536812 -0.30062485 -0.16228104
v 0.20532 -0.800986 0.657761
v -0.7741089 0.57664776 0.12524414
v 0.906017 -0.580818 0.372442
v -0.159204 -0.962768 0.209574
v -0.686781 0.00729225 -0.114658
v 0.259849 0.100168 0.517398
v 0.623997 -0.852349 -0.0475958
v -0.6843262 -0.3073578 -0.1974945
v -0.581689 -0.603548 -0.0431248
v 0.262746 -0.0826559 0.576376
v -0.413177 0.338339 0.0859943
v -0.1913904 0.18808985 0.014129639
v -0.523588 -0.762762 0.0710429
v 0.120488 -0.654327 0.727459
v 0.146389 -0.65866 0.722295
v -0.44452 -0.540463 -0.150893
v -0.187358 0.60974 0.0409512
v -0.936997 0.332909 0.457388
v -0.548912 0.592204 0.0645135
v -0.755058 0.0903737 -0.0666186
v -0.731955 0.109483 -0.0798996
v -0.6335 0.0997184 -0.0966738
v 0.313719 -0.295342 0.739153
v 0.628182 -0.292002 -0.228243
v 0.627409 -0.320196 -0.228639
v 0.189729 -0.784164 0.675165
v 0.188448 -0.74862 0.710218
v 0.6491318 -0.3595047 -0.2195816
v 0.66081 -0.379623 0.536333
v -0.127215 -0.360164 -0.454075
v -0.778013 -0.401803 0.453564
v -0.409275 -0.127598 -0.260123
v -0.33114 -0.270198 -0.265033
v -0.975756 0.154671 0.449756
v -0.97313 0.143829 0.418218
v -0.335707 -0.319634 -0.255493
v -0.7660446 -0.5311127 0.08673096
v -0.95756245 0.39368534 0.27555847
v -0.062069 -0.789472 0.649219
v -0.873607 0.54793 0.15389
v -0.683146 -0.0151752 -0.125623
v 0.836771 -0.495306 0.282239
v 0.601336 -0.810135 -0.0735968
v 0.349261 -0.967864 0.484313
v -0.427899 -0.513585 -0.169145
v -0.424458 -0.0994813 -0.251974
v -0.3982091 -0.07374954 -0.24327278
v -0.728612 -0.556091 0.037763
v -0.461253 -0.516311 -0.167906
v -0.764844 0.423497 -0.0503186
v -0.880774 -0.374706 0.0950272
v 0.632531 -0.375796 -0.227814
v 0.41020966 0.0831604 0.48957825
v 0.187963 -0.0149811 0.574222
v 0.385944 0.109684 0.481247
v -0.269726 0.580161 0.0749633
v -0.58516073 0.69721365 -0.5869181
v 0.71580505 -0.50120544 0.45907593
v 0.180441 -0.42399 0.772474
v -0.692462 -0.43537 0.505693
v 0.15524292 -0.20812225 0.73288727
v -0.427307 -0.670933 -0.109877
v -0.590628 0.512924 0.490739
v -0.43515015 -0.6317215 -0.117263794
v -0.42929077 -0.7157898 -0.095062256
v -0.478044 0.525358 0.348789
v 0.525386 0.1866746 0.14371872
v -0.0907916 0.675911 -0.177572
v -0.59204 0.753483 -0.588153
v -0.6097946 0.5842457 -0.52171326
v -0.39359 -0.104422 -0.255004
v -0.33768 -0.446613 -0.218588
v -0.441842 -0.567233 -0.132702
v 0.637063 0.0414362 0.374815
v -0.317567 -0.710555 -0.125285
v -0.489149 -0.260629 -0.264697
v -0.60063875 -0.5614395 -0.08364868
v -0.651439 0.611706 -0.0655415
v -0.5744629 -0.5731964 -0.08203125
v -0.710152 0.825391 -0.501812
v -0.723424 0.817492 -0.47793
v 0.63388586 0.09012985 0.24201202
v -0.6514282 -0.06575012 -0.16459656
v -0.980368 0.149604 0.500431
v -0.976699 0.166012 0.476912
v -0.9748923 0.18467355 0.5002556
v -0.960349 0.234329 0.468399
v -0.9696338 0.19744396 0.4572506
v -0.959515 0.0657112 0.519662
v 0.456283 -0.717812 0.630595
v -0.96997 0.088889 0.530673
v 0.47184658 -0.94239044 -0.06839752
v -0.09508443 0.20348215 0.08543968
v -0.52078 0.522098 0.00341288
v -0.598523 -0.432511 -0.2076
v 0.626644 -0.804568 -0.0632789
v 0.639529 -0.832558 -0.0543364
v 0.683165 -0.188345 0.4807
v -0.162392 -0.203213 -0.294826
v 0.579144 -0.606096 0.574665
v 0.54109955 0.14188385 0.0068130493
v -0.2683668 -0.9729724 0.4483261
v -0.61631 -0.353357 -0.222367
v -0.701293 -0.133773 -0.164405
v -0.170314 0.736776 -0.195536
v -0.572907 -0.491228 -0.181312
v -0.757217 -0.0481679 -0.0957758
v -0.764125 -0.027108 -0.0804507
v -0.514036 -0.38178 -0.245321
v -0.30758667 -0.016946793 -0.22919655
v -0.340531 -0.0236641 -0.228893
v -0.128692 0.713557 -0.196315
v 0.680925 -0.0136972 -0.00802446
v -0.452377 -0.494132 -0.181044
v -0.443458 -0.024145 -0.223445
v -0.40537786 -0.053444862 -0.23287821
v -0.748937 0.213395 -0.0846261
v -0.438225 -0.0490264 -0.228514
v -0.74739 -0.518508 0.0107436
v -0.660462 -0.483616 -0.137204
v 0.17688751 -0.96734095 0.60647964
v -0.564457 -0.413124 0.565781
v 0.187375 -0.957256 0.623261
v -0.439369 -0.173455 -0.2647
v -0.542375 -0.372008 0.579107
v 0.7684021 -0.8855543 0.0579834
v -0.565493 -0.323852 0.588489
v -0.568695 -0.296093 0.597873
v -0.548674 -0.275324 0.598621
v -0.708823 -0.183999 0.547695
v -0.44937134 -0.10582733 -0.25201225
v 0.588292 -0.83284 -0.0641805
v 0.648163 -0.330817 -0.220215
v 0.95306015 -0.7332144 0.09990692
v -0.552477 -0.193633 0.591175
v -0.554592 -0.169731 0.578389
v -0.556463 -0.140841 0.569456
v -0.4355 -0.125837 -0.26001
v -0.119062 -0.00671964 0.520886
v -0.385398 0.685042 -0.0739277
v -0.607794 -0.8737 0.511586
v -0.569397 -0.07044983 0.54504395
v -0.341933 -0.523806 -0.195576
v 0.0451504 -0.927159 0.673375
v 0.291685 -0.797514 0.666357
v -0.265374 -0.983558 -0.33967
v -0.687397 -0.161459 -0.179036
v -0.578915 0.0243346 0.494591
v 0.49588013 -0.50113297 0.6511307
v 0.150456 -0.0142234 -0.266546
v 0.641392 -0.775566 -0.067145
v 0.640036 -0.757245 0.452679
v -0.871639 -0.368818 0.0691261
v -0.54086304 -0.82951355 0.17120361
v -0.053123 0.737675 -0.134186
v 0.161491 -0.590877 0.742908
v 0.158417 -0.563407 0.74378
v 0.830742 -0.729409 0.418416
v 0.646938 -0.861258 -0.0387686
v -0.761889 0.574285 -0.00770568
v 0.402693 -0.291104 -0.364705
v 0.646635 -0.425367 -0.205252
v -0.59703636 -0.45617294 -0.19717216
v -0.468887 -0.759721 -0.0591782
v -0.464457 -0.335981 -0.257392
v 0.3205719 0.09500122 0.50619507
v -0.13603592 -0.47427368 0.56702423
v -0.463394 -0.305739 -0.258372
v 0.640172 -0.128605 0.492684
v -0.439744 -0.290694 -0.25855
v 0.291281 -0.103184 -0.256088
v 0.271278 -0.0954232 -0.26026
v -0.259087 -0.0349087 -0.237825
v -0.696679 -0.480623 -0.109301
v -0.463316 -0.274938 -0.263103
v -0.465741 -0.243581 -0.264759
v -0.267407 0.797135 0.0171401
v 0.164814 -0.79641724 0.6582031
v -0.454476 -0.195594 -0.26233
v -0.4207058 -0.97272444 0.15798187
v -0.467852 -0.168946 -0.262802
v 0.174535 -0.0401516 0.583122
v 0.791582 -0.767046 0.42756
v 0.420738 -0.174582 -0.281141
v -0.428848 -0.200288 -0.26124
v 0.752588 -0.502039 -0.0678133
v 0.24056 -0.870991 0.611162
v -0.449172 -0.47089 -0.194413
v -0.848654 0.000318814 0.51013
v -0.41982555 -0.15243053 -0.26419914
v 0.182248 -0.60108 0.74498
v -0.381811 -0.132136 -0.258756
v -0.861855 0.152573 0.651322
v 0.619226 -0.830161 0.418893
v 0.75312567 -0.096673965 0.053409576
v 0.7456355 -0.07265186 0.07750511
v -0.760245 0.582841 -0.0346149
v 0.643893 -0.817682 0.414053
v -0.19915402 0.20515387 0.0717721
v -0.77775574 -0.25601196 0.5056
v -0.312332 0.66375 0.0660896
v 0.569633 -0.317331 0.607246
v 0.78157043 -0.49884033 0.019897461
v -0.675128 -0.111659 -0.16899
v 0.470156 -0.29307 0.653678
v 0.6816945 -0.76313066 -0.065222085
v -0.613524 0.80964 -0.613164
v -0.650627 0.364236 -0.0824261
v 0.340187 -0.822158 0.620114
v 0.65868 -0.804866 -0.0604723
v -0.0536895 -0.761052 0.605928
v 0.462029 -0.265422 0.64353
v 0.83815 -0.7924824 -0.010223389
v 0.505607 -0.751094 0.562669
v 0.460412 -0.240347 0.635793
v -0.963504 0.227433 0.440873
v -0.435418 -0.412326 -0.227551
v -0.73535 -0.560511 0.0641359
v -0.566885 0.17016 0.565051
v -0.533117 -0.869309 0.597637
v -0.449315 -0.147477 -0.263298
v -0.222012 0.553699 -0.0662301
v 0.198871 -0.915162 0.017528
v 0.335865 -0.407198 0.731477
v -0.467014 -0.36629 -0.25489
v -0.143207 0.198299 0.206797
v -0.344323 0.193731 0.295648
v 0.667373 -0.837702 -0.0496555
v 0.6652069 -0.8748779 -0.026470184
v 0.34084 -0.957297 0.465266
v 0.083761 0.790639 -0.250222
v -0.575322 -0.422914 -0.214405
v -0.559051 0.342795 -0.0647278
v -0.508441 -0.218456 -0.2589
v -0.406754 0.260357 0.378475
v 0.213283 -0.670753 0.721388
v 0.88959503 -0.76848984 0.020858765
v -0.628134 -0.937194 0.372771
v 0.74588776 -0.14748383 -0.021408081
v -0.513281 -0.195827 -0.255162
v -0.493222 -0.179957 -0.25712
v -0.510585 -0.129724 -0.236409
v -0.207321 -0.665636 -0.13532
v -0.496731 -0.0771771 -0.224311
v -0.5124397 -0.05292511 -0.21537209
v -0.624625 0.799809 -0.75193
v -0.11437181 0.20514475 0.16322637
v -0.455765 0.373794 0.33177
v 0.616306 -0.712581 0.510809
v -0.173752 0.833795 -0.186562
v -0.63766 -0.56148 -0.0557306
v -0.631493 -0.548824 -0.0757829
v -0.587391 -0.118707 -0.213861
v -0.318839 -0.225737 -0.275729
v -0.5702362 -0.5428467 -0.12695312
v -0.952445 0.487443 0.206316
v 0.22806454 -0.016275406 -0.24263692
v 0.253842 -0.0110504 -0.240038
v 0.00567745 -0.914052 0.525555
v -0.31324768 -0.43642044 -0.2197361
v -0.860189 0.120533 -0.0185831
v 0.472035 0.174735 0.378995
v 0.043426037 -0.9149587 -0.12601376
v -0.143541 0.736663 -0.203557
v -0.674939 -0.282331 -0.197884
v -0.621465 0.695475 -0.740239
v -0.547945 -0.449318 0.558935
v -0.6915741 0.05315399 -0.0900383
v -0.278284 -0.601787 0.552478
v -0.103408 -0.379239 0.70451
v -0.544351 -0.400778 0.574736
v 0.734476 -0.529156 0.425965
v 0.696406 -0.841911 -0.0408178
v -0.619606 0.3717575 0.5449524
v -0.292366 0.577438 0.0888187
v -0.543061 -0.303337 0.591204
v -0.845815 0.233168 -0.0387103
v -0.796287 0.302515 -0.0461781
v -0.552861 -0.247828 0.601465
v -0.577242 -0.396135 -0.222717
v -0.552596 -0.219634 0.599702
v -0.577713 -0.368781 -0.227783
v -0.532454 0.328972 -0.0550939
v -0.554227 0.309833 -0.0675206
v -0.879162 -0.00135782 0.0879593
v 0.662886 -0.30968 0.533316
v -0.5708313 -0.096019745 0.55688477
v 0.569261 0.0518033 0.44342
v -0.53601074 -0.081581116 0.5549507
v 0.461702 -0.59919 0.644134
v -0.555926 -0.038121 0.526408
v 0.324993 -0.974608 -0.238472
v -0.55667305 0.23067856 -0.07820892
v -0.553896 0.00512353 0.498028
v -0.37933636 -0.2813692 -0.26321578
v -0.549213 0.0300101 0.485566
v -0.918528 0.526298 0.322804
v 0.121816635 -0.04663396 0.5842111
v -0.214959 0.546639 -0.0400838
v 0.227881 -0.717926 0.714622
v -0.37683296 -0.33580208 -0.25469398
v 0.203326 -0.723242 0.722459
v 0.993689 -0.614917 0.127987
v 0.125554 -0.0129374 -0.266984
v 0.257579 -0.106671 0.591891
v -0.5850167 -0.31168747 -0.22724056
v -0.67126465 -0.3390193 -0.20419312
v -0.682557 -0.355963 -0.197668
v -0.70355606 -0.358181 -0.1875019
v -0.863316 -0.371261 0.323504
v 0.535213 -0.602425 0.597558
v -0.631874 0.507291 -0.411676
v -0.645135 0.504351 -0.430873
v 0.690267 -0.708182 -0.0655434
v 0.254079 -0.195892 0.713906
v 0.7082138 -0.79727364 -0.058643818
v 0.706853 -0.819876 -0.049641
v 0.377633 0.0607112 0.505207
v 0.218313 -0.784195 0.678374
v 0.197581 0.111705 0.517244
v -0.911297 0.37476 0.139994
v 0.208072 0.132789 0.501275
v -0.526843 0.568286 0.019142
v 0.272292 0.154446 0.469818
v 0.395188 -0.148573 0.635386
v 0.189189 0.161365 0.475076
v -0.589692 -0.634874 0.0338793
v -0.66593933 -0.42663956 -0.18203735
v -0.571307 -0.292413 -0.22953
v -0.752341 -0.548582 0.0824702
v -0.564148 -0.102286 -0.218676
v -0.7418554 -0.49813366 -0.05193901
v -0.16885169 -0.2503667 -0.31647742
v -0.6156101 0.07587242 0.6113663
v -0.60204 0.0119347 -0.160208
v -0.554077 -0.0451204 -0.205324
v 0.185876 -0.5738 0.747872
v 0.203236 -0.768194 0.695842
v -0.51433897 -0.095272064 -0.22418666
v -0.741676 0.510096 -0.348023
v -0.544123 -0.654178 0.0611535
v -0.558528 0.0315345 -0.172563
v -0.470243 -0.811615 0.325067
v 0.736296 -0.141341 0.360975
v -0.09466267 0.05672455 -0.18491745
v -0.665828 -0.449385 -0.168639
v 0.756128 -0.622115 0.396102
v -0.79911804 0.22432518 -0.059446335
v -0.701276 -0.0315753 -0.123249
v -0.671474 0.0848008 0.686851
v -0.277639 -0.967667 -0.361491
v 0.282727 -0.0961979 0.590891
v -0.35864 -0.650428 0.522616
v 0.025604248 0.707325 -0.13682556
v 0.0656271 0.754406 -0.28806305
v 0.160418 -0.967768 0.557937
v 0.708001 -0.697628 -0.0558315
v 0.706748 -0.724757 -0.062737
v 0.70413 -0.750737 -0.0656127
v -0.551239 -0.810663 0.510624
v 0.69989014 -0.7797651 -0.06322503
v 0.209375 -0.483738 0.76063
v 0.721342 -0.831019 -0.0393874
v -0.688195 0.0797536 -0.0854033
v 0.35564 -0.425929 0.725847
v 0.388264 -0.0317095 0.553828
v 0.75725937 -0.8985758 0.07771301
v -0.389922 0.603022 0.130886
v 0.471647 -0.90702 0.560212
v -0.791681 0.195254 -0.0643109
v 0.765208 -0.75301 0.438086
v 0.66807556 -0.117126465 0.45629883
v -0.18019915 -0.9659405 0.14402008
v 0.2904358 -0.9063568 0.6068897
v -0.581731 -0.0558359 -0.20025
v -0.116852 -0.58539 0.536967
v 0.16059422 0.26809663 0.21186733
v -0.185582 0.885079 -0.0807588
v -0.671826 -0.947733 -0.0370909
v -0.529653 -0.79992 0.493892
v -0.441409 -0.352609 -0.256492
v -0.189606 -0.927397 0.0409187
v -0.683012 0.595465 0.0121897
v 0.6792774 -0.88384247 -0.015903473
v 0.766923 -0.806767 -0.0408477
v 0.185306 -0.978235 -0.237
v -0.5790318 0.17675933 -0.09189464
v -0.155987 0.193972 0.23571
v -0.08707428 -0.21086454 0.6364136
v -0.573951 0.398491 0.48614
v -0.662226 0.110757 0.693528
v -0.581464 0.636503 -0.465308
v -0.577161 0.284207 -0.0790025
v -0.512615 0.548674 0.00448211
v 0.681525 -0.53181 0.499711
v -0.649319 -0.927816 -0.0563289
v -0.590183 0.112698 -0.10189
v -0.9163208 -0.29330635 0.27392197
v -0.6210604 -0.6030884 -0.026737213
v -0.572744 -0.240384 -0.225832
v -0.680322 -0.472806 -0.133801
v 0.225949 -0.148369 0.675848
v -0.747999 -0.0676527 -0.110315
v -0.708502 0.0942687 -0.0824324
v -0.81108475 0.27246094 -0.04189682
v -0.806796 0.17535 -0.0539514
v 0.119327 -0.256724 -0.445294
v -0.814621 0.13244915 -0.046272278
v -0.913878 0.518129 0.351221
v -0.433343 -0.769401 0.215037
v -0.793445 0.826858 -0.573305
v -0.93412 0.0428485 0.446054
v 0.719725 -0.763952 -0.0659136
v -0.5567665 -0.47249222 0.5428467
v 0.724231 -0.8086 -0.0502951
v -0.78216743 0.10816288 -0.06103134
v -0.5349579 -0.42240906 0.57216644
v -0.7852478 0.077106476 -0.04771042
v 0.541993 -0.911564 0.426601
v -0.52243 -0.390923 0.58368
v -0.417035 -0.365913 -0.249727
v 0.0397898 0.717843 -0.154267
v -0.536678 -0.337045 0.584083
v -0.510903 -0.331666 -0.254693
v -0.216855 -0.852228 -0.345609
v 0.5287142 -0.82444954 -0.19412613
v -0.532673 -0.256905 0.599356
v -0.741777 0.178948 -0.082695
v -0.529475 -0.23215 0.602122
v -0.443407 -0.385174 -0.244029
v -0.527982 -0.203131 0.595846
v -0.52924 -0.177701 0.582675
v -0.293183 0.514203 0.0534985
v -0.5290222 -0.12248802 0.5695658
v -0.722214 0.198092 -0.0891855
v -0.74019814 0.24887466 -0.08419609
v -0.42964 -0.436726 -0.214355
v -0.314529 0.575397 0.100745
v -0.178641 0.792289 -0.0558566
v -0.590717 0.329477 0.501365
v -0.7036934 0.17753792 -0.09035516
v -0.949789 0.348256 0.254628
v -0.52714 0.0114032 0.493304
v -0.519485 0.0393653 0.482564
v -0.37914 -0.085857 -0.250598
v 0.728095 -0.685912 -0.050387
v -0.643714 0.298323 0.600166
v -0.722464 0.22868 -0.0910589
v 0.2597885 -0.21834755 0.7225971
v 0.381244 0.219699 0.376462
v 0.743377 -0.819987 -0.038687
v -0.332014 0.593 0.0983335
v -0.693037 0.353071 -0.0786966
v -0.557509 0.15518 -0.093051
v -0.316427 0.642131 -0.120022
v -0.445825 -0.223119 -0.261022
v 0.278687 -0.117965 0.609798
v -0.701322 0.398848 -0.0828491
v -0.64531 -0.852704 0.129673
v -0.50884247 0.27039623 -0.05612564
v 0.414887 -0.105401 0.618449
v -0.674502 0.283791 -0.0899661
v 0.386289 -0.0701643 0.594132
v -0.676242 0.256396 -0.0947673
v 0.748966 -0.703398 -0.0599227
v 0.727254 -0.714098 -0.0613163
v 0.724569 -0.741869 -0.0669238
v -0.4911 -0.151703 -0.253396
v -0.518802 -0.165981 -0.246748
v 0.7403412 -0.11443329 -0.006500244
v 0.685915 -0.735332 -0.0651613
v 0.205954 -0.597192 0.74825
v -0.51135445 -0.010260582 -0.20809555
v 0.147603 -0.721074 0.709026
v -0.707782 -0.434443 -0.146337
v -0.15383911 -0.92264986 -0.015380859
v 0.611793 -0.373954 0.576922
v 0.315723 -0.828244 0.627057
v -0.507168 -0.583275 -0.0870272
v -0.57483 0.828854 -0.763738
v -0.5125427 0.24565125 -0.060112
v 0.247553 -0.501456 0.741441
v 0.45044994 -0.9473629 -0.16438293
v -0.109837 -0.300356 0.682589
v -0.691744 0.800284 -0.453587
v -0.531853 -0.424577 -0.225092
v -0.403371 -0.443514 -0.207916
v 0.746961 -0.733025 -0.0675488
v 0.742421 -0.765453 -0.0662512
v 0.503412 -0.86562 0.546622
v 0.265215 -0.28242 0.744198
v -0.6210785 0.010345459 -0.1486435
v 0.215478 -0.514986 0.748348
v -0.418895 0.397828 0.117109
v 0.798218 -0.708539 0.435179
v -0.697046 -0.305487 0.552649
v -0.128917 -0.305283 -0.440383
v 0.542948 -0.523621 0.590285
v 0.36746 -0.284409 0.71645
v -0.669465 -0.491789 -0.119939
v 0.775638 -0.807927 0.409157
v 0.517287 -0.871183 -0.0937767
v 0.456825 -0.45875 0.685411
v 0.370299 0.207043 0.401525
v 0.020687103 0.20223999 0.36221313
v 0.67725 -0.165376 0.473407
v -0.693452 -0.526161 -0.0490279
v -0.675866 0.46436 -0.29703
v 0.0810421 -0.125487 -0.292941
v -0.480978 0.507805 -0.0102703
v -0.311548 -0.756258 -0.122272
v -0.305702 -0.0943304 -0.24862
v -0.52722 -0.844269 0.584441
v -0.101027 0.135634 0.395445
v -0.522284 -0.823084 0.563605
v -0.704395 0.597575 0.0148091
v -0.316867 -0.489183 -0.208308
v 0.447091 -0.808913 0.567707
v -0.412541 -0.418434 0.580941
v -0.720335 0.58501 0.0494971
v -0.698705 -0.497684 -0.0835855
v -0.25004578 0.6074829 -0.1250534
v -0.598338 -0.587536 -0.0554357
v -0.576875 -0.191928 -0.219817
v -0.58804 -0.171635 -0.212062
v 0.771915 -0.693662 -0.0570096
v 0.770296 -0.722909 -0.0649238
v -0.792107 -0.310159 0.488342
v -0.642608 -0.578222 -0.0356173
v 0.767903 -0.752722 -0.0658279
v -0.386603 -0.18174 -0.262419
v -0.731501 0.0157032 -0.0842494
v 0.789019 -0.789145 -0.0442539
v -0.231556 -0.969348 0.56792
v -0.905222 0.200775 0.62691
v -0.6053467 -0.40264893 -0.21382904
v -0.19888306 -0.9228554 -0.37114143
v -0.6980419 0.28071022 -0.08726597
v -0.00790259 -0.185376 0.681881
v -0.835136 0.275998 -0.0285403
v -0.743464 0.0626056 -0.0623045
v -0.708584 -0.411115 -0.159754
v 0.336507 0.208556 0.40935
v -0.0430385 -0.232122 0.705673
v -0.6746683 0.32575226 -0.08580017
v -0.0662223 -0.978461 -0.31858
v -0.584511 0.145516 -0.0945247
v -0.822275 0.228098 -0.0489303
v -0.5290375 0.006706238 -0.19601059
v -0.38627344 0.30549896 0.16479397
v -0.527265 -0.46866 0.550786
v -0.4870963 -0.3166852 -0.25623477
v 0.7388153 -0.40480042 -0.08659363
v 0.56501055 -0.8135452 -0.15270996
v -0.262954 -0.0797071 -0.244816
v -0.29456 0.642854 -0.130831
v -0.529542 0.457178 0.442548
v -0.516869 -0.363018 0.589422
v 0.246147 -0.919573 -0.0131979
v 0.796223 -0.683811 -0.0540403
v -0.516731 -0.30977 0.591504
v 0.790779 -0.743187 -0.0599264
v 0.630886 -0.920303 0.332901
v 0.792619 -0.830895 -0.00211105
v -0.446151 0.464216 0.219016
v -0.7429886 -0.26374435 -0.16967583
v -0.711774 -0.383481 -0.171138
v 0.749225 -0.372871 -0.0793627
v -0.0217414 -0.0636093 -0.272094
v -0.529341 -0.152366 0.572679
v -0.590348 0.34569 -0.0737206
v -0.352043 0.185324 0.317634
v 0.618893 -0.898888 -0.0167076
v 0.6786957 0.029378891 0.26457977
v -0.168314 -0.755145 0.526105
v -0.402561 0.316284 0.279492
v 0.174449 -0.138542 0.662797
v -0.5411701 -0.009246826 0.50795746
v -0.402484 -0.204518 -0.261196
v -0.323522 0.638864 0.0717246
v -0.541681 -0.0173108 -0.199808
v -0.339053 -0.243167 -0.26983
v -0.397851 -0.525455 -0.172791
v 0.9397682 -0.77767074 0.19455242
v 0.818568 -0.70437 -0.0542764
v 0.808933 -0.765814 -0.0455623
v -0.563107 -0.132491 -0.219749
v -0.563328 -0.164605 -0.220719
v 0.30311 -0.514884 0.736327
v 0.244101 -0.0631053 0.570982
v -0.421896 -0.585412 -0.136425
v -0.420858 -0.563014 -0.147518
v 0.161068 -0.439977 0.77383
v 0.267969 -0.0586032 0.564848
v 0.2684021 -0.03239441 0.56010437
v 0.312981 -0.353273 0.737157
v 0.596032 0.103913 0.0167725
v -0.542811 -0.171422 -0.235662
v -0.425404 -0.607706 -0.128583
v 0.75097275 -0.42757225 -0.06768799
v -0.933174 0.495488 0.163179
v -0.413548 -0.542051 -0.160412
v -0.0741448 -0.821688 0.690654
v 0.814471 -0.733869 -0.0522319
v -0.273989 -0.432228 -0.219818
v -0.355223 0.584744 0.110421
v -0.534743 -0.191312 -0.244467
v 0.47311 -0.953675 0.474093
v 0.554062 -0.838104 -0.0984645
v -0.5525818 -0.19132233 -0.23069954
v -0.304772 0.513433 -0.040661
v -0.283213 0.532092 -0.0577645
v -0.46490943 -0.9010534 -0.11962867
v -0.459114 -0.124935 -0.257342
v -0.37952614 0.5734792 -0.07179928
v 0.18199158 -0.32196808 0.75681376
v 0.07153702 -0.92825127 -0.3144455
v -0.624514 0.520616 -0.429345
v -0.11107 0.64044 0.00173989
v 0.670498 -0.0544514 0.408664
v 0.125659 -0.676718 0.716658
v 0.838575 -0.722577 -0.0445418
v -0.124967 0.583715 -0.0378357
v -0.253588 -0.831232 0.549873
v -0.787562 0.371186 -0.0462458
v -0.695116 0.590688 0.0368504
v 0.215669 0.090851 0.53076
v 0.135766 -0.581627 0.741552
v -0.291803 -0.660711 -0.12843
v 0.385817 -0.0501505 0.572654
v -0.467906 -0.104361 -0.247163
v 0.317962 0.135 0.484886
v 0.502145 -0.861219 -0.163052
v 0.858982 -0.63152 0.40884
v 0.7082825 -0.85868835 0.38986206
v -0.5839615 0.5816231 0.35102844
v -0.799517 0.349643 -0.0385743
v -0.791898 0.329201 -0.0442179
v 0.718469 -0.0919507 -0.0244798
v 0.330573 0.0741446 0.513812
v -0.42615533 0.4102869 0.19462395
v -0.6972637 -0.25767517 -0.18839645
v -0.518248 -0.68748 0.0548149
v 0.613113 -0.831986 -0.0587551
v -0.72136 -0.158824 0.532105
v -0.248073 -0.639851 -0.135794
v 0.844692 -0.695215 -0.0468587
v 0.778965 -0.690418 0.432523
v 0.784949 -0.508164 0.335837
v 0.65885353 0.059490204 0.24559021
v 0.158487 -0.91099 0.467467
v -0.461628 0.470102 0.285522
v -0.154229 -0.446228 -0.426927
v -0.130039 -0.454543 -0.443221
v 0.84563446 -0.74085426 -0.035266876
v -0.7298126 -0.30708313 -0.17893028
v -0.92307734 -0.116622925 0.14896393
v 0.615063 -0.221539 0.562316
v 0.7974453 -0.22377205 0.16885376
v 0.468586 -0.745512 -0.313552
v 0.398701 -0.678555 0.664223
v -0.504056 -0.79496 0.508669
v -0.494264 -0.814536 0.557854
v -0.64665985 -0.4190178 -0.19546127
v -0.286547 -0.257044 -0.280724
v -0.625263 0.498779 -0.372442
v -0.419029 -0.228032 -0.258377
v 0.025586 0.741732 -0.255609
v 0.288964 -0.918021 -0.0794603
v 0.850353 -0.668056 -0.0424503
v -0.0746631 -0.980853 -0.260208
v -0.783143 0.24402 -0.0660156
v -0.511551 -0.815447 -0.0409503
v -0.138696 -0.768992 -0.294071
v -0.3022995 -0.73267305 -0.121866226
v -0.305393 -0.685558 -0.126625
v -0.524196 -0.489563 -0.191907
v -0.535323 -0.267931 -0.249084
v -0.47388 0.256863 -0.0437069
v -0.0640627 -0.607577 0.608561
v 0.03407097 0.019226074 0.5483017
v -0.792477 0.438372 0.586799
v -0.19475 -0.286588 -0.311309
v -0.179823 -0.275419 -0.323679
v -0.455582 -0.0651604 -0.231008
v -0.737248 0.361969 -0.0658116
v 0.39436 -0.0107127 0.537827
v -0.84796524 0.29130554 -0.013473511
v -0.832849 0.323448 -0.0145105
v 0.869766 -0.685048 -0.0349663
v -0.814266 0.201853 -0.0522281
v -0.77688 0.216843 -0.0740542
v -0.205956 -0.0432348 -0.240522
v -0.714649 -0.163591 -0.168279
v -0.69984436 -0.18523979 -0.17983627
v -0.526207 -0.441 0.566429
v -0.584723 0.532413 -0.141655
v -0.121212 -0.981107 -0.321617
v -0.547413 -0.292223 -0.242367
v -0.128963 0.759281 -0.215139
v -0.506181 -0.335725 0.594718
v -0.278524 0.641398 0.043391
v -0.316622 -0.405275 -0.229453
v -0.474521 0.535019 -0.0162675
v 0.48628044 -0.87786007 -0.1918335
v -0.51038 -0.250219 0.600864
v -0.659178 0.111306 -0.0927135
v -0.499796 -0.217154 0.597372
v -0.447754 -0.711132 0.395513
v 0.78449726 -0.18071413 0.07096863
v -0.7380562 -0.16577911 -0.15719604
v -0.50607 -0.161176 0.575595
v -0.784976 0.167111 -0.0660089
v -0.72613144 -0.10474396 -0.14234924
v -0.144917 -0.33949 0.628721
v -0.425289 -0.483572 -0.183933
v -0.582405 0.398095 -0.0625755
v -0.940092 0.0751316 0.092538
v -0.400019 -0.499838 -0.179688
v 0.672805 0.0263911 0.313487
v -0.238275 -0.953041 0.617564
v 0.563847 -0.77098 -0.22725
v -0.502074 0.0585457 0.47917
v 0.247763 -0.474323 0.74387
v -0.512644 -0.600546 -0.0681595
v -0.530924 -0.584221 -0.0808755
v -0.367323 0.2341 0.2985
v -0.670585 0.0895201 -0.0895586
v 0.427891 -0.217672 0.651759
v -0.7394104 -0.1773758 0.5252228
v 0.66438293 0.04296112 0.30095673
v -0.669055 0.0684393 -0.0933874
v 0.614556 -0.346217 0.570681
v 0.207225 -0.458346 0.769216
v 0.456787 -0.540615 0.663248
v -0.588449 0.46275 -0.0965583
v 0.36121655 -0.975209 -0.007329941
v 0.198186 -0.413418 0.768817
v -0.52912617 -0.2961521 -0.25125742
v -0.173773 -0.446025 0.543711
v 0.16682053 0.14737701 0.48796082
v 0.561501 -0.798195 -0.198299
v -0.374905 -0.955872 -0.238659
v 0.17211533 -0.15456009 0.6871071
v -0.124294 -0.96841 0.593741
v -0.0832594 0.0434564 -0.199556
v -0.528271 -0.399544 -0.234162
v -0.0879364 -0.66500854 0.56463623
v -0.9793606 0.24929047 0.22045135
v 0.99843 -0.578413 0.181284
v -0.0919324 -0.360996 0.721063
v -0.591289 0.441994 -0.0835815
v -0.668893 0.0462891 -0.104593
v -0.667602 0.0242294 -0.117167
v 0.3466072 0.1342926 0.4802246
v -0.932343 0.372834 0.381632
v 0.415123 -0.956036 -0.215474
v -0.578961 -0.341657 -0.228895
v 0.68106 -0.145965 -0.123717
v -0.554666 -0.383984 -0.230846
v -0.3382759 -0.9755956 0.38869286
v -0.191527 0.207162 0.124565
v -0.108349 -0.233826 0.636442
v -0.22258 -0.686881 -0.119914
v 0.421593 -0.295037 0.678494
v -0.542709 0.43388 0.456081
v -0.4635315 0.5676422 -0.024822235
v -0.4757843 0.58517456 -0.016189575
v -0.7373581 -0.24163818 -0.1699791
v -0.635707 -0.919276 0.478984
v -0.721507 -0.0281595 -0.110467
v -0.668173 0.688944 -0.179732
v -0.705035 -0.0103873 -0.11228
v -0.709173 0.012703 -0.100046
v -0.72672 -0.00712777 -0.098169
v -0.664439 0.0018063 -0.128305
v -0.363558 0.766897 -0.00683001
v 0.615122 -0.85611 0.404341
v 0.909439 -0.601182 0.0082234
v 0.919951 -0.627769 0.00613545
v 0.532922 -0.693327 -0.283182
v 0.702301 -0.404107 -0.142073
v -0.583848 0.051921 0.507249
v 0.716179 -0.307221 -0.155574
v 0.684429 -0.0297019 -0.0215403
v 0.600512 -0.717213 -0.192571
v 0.705581 -0.019497 0.0495499
v -0.577741 -0.917688 -0.0843663
v 0.784801 -0.66613 0.427294
v -0.661092 -0.0202747 -0.139169
v -0.244708 -0.838048 0.576239
v 0.44476318 -0.30812073 0.666481
v -0.712508 0.039192 -0.084818
v -0.516332 -0.914814 0.62184
v -0.736747 0.0382535 -0.0692406
v -0.487679 -0.871969 0.611764
v -0.667976 -0.13944 -0.177964
v -0.501586 -0.833243 0.581018
v -0.280851 -0.96593 0.00739683
v -0.723419 -0.190088 -0.170015
v -0.888263 0.0249347 0.418585
v -0.660187 -0.167056 -0.187136
v -0.599984 0.373376 -0.0726408
v -0.724875 0.0573604 -0.0716827
v -0.36349 0.507831 0.116849
v -0.698316 0.831499 -0.527368
v 0.0547669 0.846578 -0.342338
v -0.409926 0.476548 -0.0116195
v -0.559183 0.587316 0.147337
v -0.643413 -0.946306 -0.0660586
v -0.6746445 -0.18724632 -0.18816757
v 0.042526245 -0.937088 -0.31838226
v 0.449568 -0.963706 -0.0805699
v 0.840225 -0.830354 0.322435
v -0.103913 -0.540969 0.583232
v -0.707968 0.0674319 -0.079383
v -0.77898407 -0.09576416 -0.1000061
v -0.16375732 0.80900574 -0.19985962
v -0.737321 0.275373 -0.0794231
v -0.337624 0.590257 -0.093957
v -0.728414 0.080472 -0.0729313
v -0.4259994 0.32706118 0.33036995
v -0.540269 -0.486349 0.535655
v -0.519742 -0.493346 0.53181
v 0.3824501 -0.8674488 0.59391165
v -0.553809 0.591709 0.0914953
v 0.0886391 -0.145791 0.664031
v -0.255227 -0.963545 0.579192
v -0.267694 -0.411723 -0.228254
v -0.503882 -0.409459 0.581905
v -0.700007 0.213032 -0.0942932
v -0.499642 -0.384292 0.591858
v -0.392165 -0.230963 -0.259124
v 0.215162 -0.0944272 -0.270079
v -0.492679 -0.311639 0.598163
v -0.707412 0.123554 -0.0875148
v -0.501551 -0.292115 0.595289
v -0.590849 0.635228 -0.53607
v -0.320017 -0.376563 -0.239998
v -0.860735 0.21183 -0.0318716
v -0.592374 0.384538 0.499355
v -0.685822 -0.592309 0.047072
v -0.504094 -0.18655 0.584489
v -0.228825 0.036908 -0.202493
v -0.249493 0.0530077 -0.192854
v -0.503552 -0.135539 0.573394
v -0.24762 0.090126 -0.155796
v -0.526556 -0.100636 0.564154
v -0.50933 -0.0791485 0.554286
v -0.232589 0.105828 -0.135869
v -0.934153 0.339543 0.502126
v -0.5204315 -0.05206299 0.5395584
v -0.24223 0.129091 -0.117862
v -0.499294 0.0148339 0.490533
v -0.49487 0.0845141 0.484449
v 0.31726 -0.942516 0.468824
v -0.251464 0.152548 -0.0994165
v -0.233926 0.188461 -0.0381121
v 0.210261 -0.698161 0.722696
v -0.69895935 -0.15567017 0.54380035
v -0.17043 -0.927976 0.402168
v -0.501654 -0.836579 -0.0647997
v 0.46736145 -0.5095444 0.6636505
v -0.251341 0.0271462 -0.209283
v 0.5580063 -0.12036133 -0.21031189
v -0.626327 -0.849782 0.143669
v 0.521812 -0.960233 0.0345686
v -0.258626 0.191192 -0.0573055
v 0.606307 -0.338009 -0.238171
v 0.23247 -0.689027 0.717573
v -0.57513964 0.6296711 -0.33823013
v -0.27095604 0.05526352 -0.19086456
v -0.4654 -0.811467 0.208762
v 0.4506166 0.2255826 0.25048256
v -0.260732 0.0742398 -0.17539
v -0.274817 0.0923821 -0.159262
v 0.739909 -0.649903 0.409727
v -0.261589 0.113828 -0.138904
v -0.577988 0.427404 -0.0530982
v -0.563967 0.433603 -0.0327474
v -0.265548 0.139814 -0.122343
v -0.274961 0.161742 -0.108337
v 0.57056 -0.87709 0.434623
v -0.618754 -0.919559 0.364629
v -0.264786 0.174882 -0.0839846
v -0.295667 0.662842 0.0454493
v 0.86819 -0.604491 0.39719
v -0.550224 -0.965322 -0.109036
v 0.579272 -0.653136 -0.24314
v 0.579957 -0.677842 -0.229381
v -0.526158 -0.85476 -0.068225
v -0.713546 0.355294 -0.0731342
v -0.2771383 0.016288757 -0.21509743
v 0.287267 -0.959383 0.323616
v -0.286227 0.0730233 -0.175984
v -0.891376 0.303382 0.616926
v -0.28949785 0.14770079 -0.12667704
v 0.490214 -0.91726 0.53672
v 0.584507 -0.0028513 0.472641
v 0.960695 -0.744536 0.199242
v -0.0933535 -0.983833 -0.305207
v 0.557898 -0.299095 0.6166
v 0.996613 -0.623622 0.212398
v 0.99233437 -0.64282036 0.23038483
v -0.954555 0.425886 0.313839
v -0.283584 0.192013 -0.0710552
v -0.606395 0.71115 -0.367388
v -0.421024 0.542074 -0.0407649
v -0.405865 0.35121 0.196671
v 0.776491 -0.641628 0.41402
v -0.711153 0.486082 -0.365909
v -0.24788284 -0.97229964 0.4898731
v -0.975403 0.112994 0.541329
v 0.659729 -0.5745306 -0.18132782
v -0.391448 -0.626165 0.496185
v -0.293345 0.052163 -0.189957
v -0.926946 0.347249 0.36751
v -0.149715 -0.785916 0.606274
v -0.912267 -0.310467 0.150911
v 0.302556 0.154564 0.471541
v -0.050445557 -0.042877197 0.56018066
v -0.60547 0.437074 -0.127521
v -0.289957 0.112668 -0.147803
v -0.418348 0.405234 0.15437
v -0.288735 0.179068 -0.0937319
v 0.401318 -0.0197393 -0.215141
v -0.56715 -0.881898 -0.0727313
v 0.120984 -0.181309 -0.390564
v -0.550557 -0.850614 -0.0526307
v -0.529833 -0.834959 -0.0472043
v -0.689237 0.791266 -0.423589
v -0.719187 0.792494 -0.411833
v -0.699546 0.785063 -0.392145
v -0.656764 0.141011 0.693042
v 0.861999 -0.796021 0.343213
v 0.275876 -0.0568921 -0.24982
v -0.6330795 0.7349396 -0.73386383
v 0.323332 -0.080799 -0.247026
v -0.891615 -0.0900801 0.326678
v -0.633335 -0.905828 -0.0581007
v -0.31718063 0.043109894 -0.19235802
v -0.654748 -0.510182 -0.108537
v -0.133444 -0.315737 0.649307
v -0.305303 0.0929288 -0.163814
v 0.420029 -0.293997 -0.353171
v 0.438346 -0.309805 -0.345113
v -0.3109703 0.12320709 -0.14836884
v -0.772096 0.294389 -0.062582
v 0.437473 -0.743794 0.618311
v -0.97597 0.195989 0.390232
v -0.29912 0.166641 -0.11303
v -0.302649 0.191124 -0.0819427
v 0.5206976 0.17547417 0.32371902
v -0.306864 0.202088 -0.0625051
v 0.67022705 -0.66703796 -0.13015747
v -0.28658295 0.20593357 -0.042045593
v -0.502538 0.372117 0.419301
v -0.00380774 0.140838 -0.0989284
v -0.156168 -0.86223 -0.355423
v -0.312156 0.0676334 -0.178997
v -0.0958446 -0.532971 0.601369
v -0.312236 0.181369 -0.0985822
v -0.284784 -0.94442 -0.0617587
v -0.49924 -0.478385 0.542895
v -0.336487 0.210649 -0.0551249
v -0.341663 -0.800113 0.534592
v -0.568235 0.802307 -0.758411
v 0.858942 -0.642143 -0.0339826
v -0.485779 -0.430829 0.569966
v -0.480839 -0.401607 0.584021
v -0.47764385 -0.37630463 0.59396505
v -0.467207 -0.705297 -0.0681572
v 0.506374 -0.694339 0.606117
v 0.4509201 -0.96655065 0.31072998
v -0.481911 -0.289425 0.59893
v -0.06402969 0.16650772 -0.058280945
v -0.495193 -0.270419 0.596895
v -0.355503 0.0127295 -0.205761
v -0.483975 -0.244541 0.596854
v -0.469751 -0.219779 0.587675
v -0.34328 0.0362341 -0.193211
v -0.332818 0.0855821 -0.17272
v -0.482472 -0.167414 0.576513
v -0.486572 -0.146908 0.572996
v -0.34843063 0.11058235 -0.1632204
v 0.26258 -0.857257 -0.300009
v -0.8923912 0.23338509 0.0015830994
v 0.575091 -0.904925 -0.0232503
v 0.3298607 -0.9706799 0.5456238
v -0.498019 -0.0547769 0.541243
v -0.324848 0.195994 -0.0810138
v -0.492625 -0.0275898 0.524243
v -0.35124588 0.2204113 -0.033159256
v -0.489865 0.0378011 0.477568
v -0.955272 0.467288 0.226765
v 0.577963 -0.556104 0.571773
v 0.552798 0.147194 0.333879
v -0.514452 0.474254 -0.00256962
v -0.523953 -0.966751 -0.117358
v 0.421576 -0.161732 0.631108
v -0.37202597 0.03289509 -0.19373989
v -0.338461 0.0608948 -0.183542
v 0.397897 -0.177026 0.645586
v -0.982185 0.156033 0.166455
v -0.31881523 0.15001678 -0.13160706
v -0.26258 0.663825 -0.1501
v 0.0354056 -0.964144 -0.309456
v -0.3285885 0.16691971 -0.11735916
v -0.226685 -0.521164 -0.210424
v -0.339927 0.181738 -0.102458
v -0.508344 0.27342 0.488037
v 0.297616 -0.672823 0.706303
v 0.125101 0.0391172 0.551032
v -0.855095 -0.412302 0.292398
v 0.860204 -0.53487 0.0402841
v 0.507406 -0.835947 -0.200612
v 0.45942 -0.219701 0.632374
v -0.06628132 -0.9248106 0.14603806
v 0.236531 0.010748 -0.239177
v -0.3828888 -0.9696162 0.5512085
v -0.36428 0.0528154 -0.187339
v 0.32422638 -0.52163696 0.73106766
v 0.429787 -0.0453859 0.562636
v -0.360403 0.0801555 -0.179776
v 0.445564 -0.0265719 0.540648
v 0.883543 -0.469558 0.223638
v 0.393832 -0.706756 0.661623
v 0.443554 -0.206448 0.63533
v -0.299652 0.685981 0.0596242
v -0.332378 -0.96483 0.22579
v -0.0301191 -0.160332 0.606824
v 0.489996 -0.587361 0.626875
v 0.607041 -0.758245 -0.14742
v -0.353742 0.199491 -0.0806536
v -0.8888149 -0.38166976 0.24133301
v 0.783534 -0.613066 0.396692
v -0.380521 0.229571 -0.0142597
v 0.766534 -0.601409 0.385528
v 0.786671 -0.5907 0.381133
v -0.373089 0.235046 0.0104339
v 0.7642 -0.579061 0.375779
v -0.390788 0.248751 0.0248709
v 0.842119 -0.518512 0.0597217
v -0.81441 0.371048 0.634594
v 0.676443 -0.416639 -0.17036
v 0.790702 -0.551287 0.352964
v -0.358664 0.130844 -0.149982
v -0.954832 0.0573358 0.490585
v -0.60640955 0.49697876 -0.31136322
v -0.420795 0.718666 0.00823298
v -0.457042 -0.67487 0.354951
v -0.586942 0.56163 -0.14935
v -0.366067 0.186722 -0.0978001
v -0.585743 0.518877 -0.19694
v -0.588614 0.497813 -0.179957
v 0.917571 -0.783447 0.0902864
v 0.937231 -0.757148 0.085626
v 0.403996 -0.968451 0.461486
v -0.385654 0.197454 -0.0820254
v -0.370735 0.212338 -0.0588433
v 0.948228 -0.75079 0.111457
v 0.703011 -0.0328787 0.336552
v -0.144886 0.677601 -0.0376853
v 0.693988 -0.0111368 0.323298
v -0.401511 0.270449 0.0349516
v -0.392778 0.276788 0.0593728
v -0.219202 -0.956953 0.634364
v -0.468243 -0.889694 0.617076
v -0.011423 0.918883 -0.299887
v 0.854148 -0.502368 0.0796342
v -0.462049 -0.865299 0.605535
v -0.189505 0.55566 -0.0317698
v -0.388004 0.0697212 -0.181567
v -0.385483 0.0978932 -0.171107
v -0.300392 -0.828387 -0.251433
v -0.281078 -0.828062 -0.269754
v -0.626669 0.0171569 0.513377
v 0.154193 -0.146154 0.674804
v -0.382672 0.121631 -0.156397
v -0.761844 0.570001 0.0182303
v -0.594045 -0.850552 0.405241
v -0.389388 0.221983 -0.0381843
v -0.408479 0.23091 -0.0211448
v -0.146501 -0.253285 0.598136
v -0.40016 0.241357 0.000803681
v -0.275016 0.645638 -0.139694
v -0.715553 0.584729 0.12019
v -0.653388 0.909415 -0.701488
v -0.626959 0.899384 -0.712639
v -0.00439717 0.0745131 -0.187932
v 0.00793851 -0.0334619 -0.255011
v 0.77949524 -0.41739655 0.35316467
v -0.0106609 0.0374908 -0.221165
v -0.690919 0.875791 -0.6114
v 0.0945166 -0.646734 0.72754
v 0.07937622 -0.6405926 0.7236786
v -0.383145 0.018605 -0.202662
v -0.5326201 0.58323634 0.22290802
v -0.0308718 0.928502 -0.188736
v -0.584443 0.523454 -0.170191
v -0.4115467 0.055236816 -0.18686199
v -0.37155342 0.14350891 -0.13972473
v -0.37110138 0.16933441 -0.11608887
v -0.387141 0.179039 -0.104779
v -0.41711473 0.21866608 -0.042778015
v -0.431459 0.231181 -0.0286266
v -0.413614 0.262433 0.0111435
v 0.830277 -0.647094 -0.0396278
v -0.51348305 0.22291756 -0.06412411
v 0.155904 -0.133305 -0.296322
v -0.77452 0.321127 -0.0544667
v -0.40315247 0.6588135 -0.06517029
v -0.4840088 0.59954834 -0.007171631
v -0.488356 -0.810437 -0.0565565
v -0.8386688 0.06580186 -0.00920105
v 0.489989 -0.652243 0.633458
v -0.06056595 0.17759705 -0.03466797
v 0.720417 -0.611797 0.433481
v 0.5244942 0.15204239 0.36964417
v -0.626067 -0.915738 0.384929
v -0.44914627 -0.47158432 0.5538368
v -0.416963 0.0869792 -0.172194
v 0.577434 -0.460701 -0.275899
v -0.409625 0.114734 -0.158574
v -0.403075 0.132852 -0.146413
v -0.410246 0.18551 -0.0923565
v 0.44185448 -0.8776562 0.5835829
v -0.49164486 -0.35805702 0.5978489
v -0.468328 -0.308776 0.603291
v -0.42676222 0.20601654 -0.060380936
v -0.0761197 -0.42951 0.704157
v -0.471385 -0.267336 0.596646
v -0.584269 0.104193 0.566738
v 0.37067175 -0.97319293 -0.090289116
v -0.523653 0.243314 0.515667
v -0.477671 -0.19332 0.583052
v 0.839171 -0.621397 -0.026735
v -0.0665641 -0.136102 -0.290474
v -0.477203 -0.125779 0.565983
v -0.448601 0.00171571 -0.215734
v -0.465167 -0.100106 0.553623
v -0.4298873 0.018325806 -0.20917892
v -0.9662075 0.21645546 0.50185394
v -0.253238 -0.962182 0.22193
v -0.439565 0.0680512 -0.181845
v -0.462 -0.0249862 0.520559
v -0.66920733 0.6685333 -0.13993073
v -0.47006 0.0178069 0.488626
v 0.598821 -0.85952 -0.0483983
v -0.408152 0.149745 -0.131614
v -0.410216 0.168484 -0.112522
v -0.14070511 -0.9221258 -0.08010864
v -0.681787 0.48886 -0.412349
v 0.200155 -0.546264 0.7471
v 0.382078 -0.967066 0.437473
v 0.31895 -0.793773 0.660468
v 0.375835 -0.260941 0.707153
v 0.8440819 -0.5636902 0.015167236
v 0.874989 -0.759178 0.364223
v 0.129908 -0.91163 0.483824
v -0.426731 0.425325 0.178572
v 0.871105 -0.516386 0.0595817
v 0.339597 -0.254111 -0.380235
v 0.13513 0.108779 0.512242
v -0.737524 0.518353 -0.370226
v -0.0231546 -0.537697 0.701457
v -0.43898582 0.107414246 -0.15880966
v -0.430301 0.133901 -0.140643
v 0.413402 0.0359375 0.512568
v -0.441753 -0.638369 0.425489
v 0.470535 -0.198004 0.629056
v -0.976944 0.107427 0.471813
v -0.431771 0.191376 -0.0783402
v -0.451023 0.200059 -0.0629017
v -0.44597 0.219107 -0.0446237
v 0.439385 -0.0952496 0.60532
v -0.949922 0.100976 0.0982749
v 0.52411675 0.18752193 0.23194885
v -0.428799 0.250376 -0.013179
v 0.906125 -0.472233 0.23824
v -0.433599 0.279739 -0.0054443
v 0.758688 -0.142245 0.0147364
v 0.37691784 -0.23940754 -0.35873127
v 0.803415 -0.522742 0.326595
v 0.0632053 0.744108 -0.193385
v 0.0280226 0.657417 -0.142788
v -0.0410103 -0.965852 -0.330721
v 0.03952 0.828324 -0.323152
v 0.595561 -0.528635 -0.244991
v -0.43257046 0.15679169 -0.11882019
v -0.43727112 0.17671204 -0.09463501
v -0.620586 -0.921515 0.523435
v 0.85476995 -0.8442955 0.103126526
v 0.586393 -0.554417 -0.243194
v 0.97139 -0.614556 0.307577
v 0.164876 -0.979527 -0.244553
v 0.84 -0.491365 0.100459
v 0.73690414 -0.8858795 0.32557678
v -0.697906 0.486089 -0.389741
v -0.595787 0.709477 -0.426779
v 0.7293854 -0.1414566 -0.050476074
v -0.4793837 0.0978775 -0.15634727
v -0.459059 0.123287 -0.140682
v -0.456732 0.181803 -0.0807649
v -0.982707 0.201205 0.364383
v -0.467529 0.211533 -0.0534373
v -0.138451 -0.0760204 0.555908
v -0.471562 0.231203 -0.0460561
v 0.217807 -0.868508 0.615228
v 0.404553 -0.788697 0.602978
v -0.811099 -0.504964 0.203922
v -0.45196 0.242743 -0.0324607
v -0.76607 -0.389439 0.474051
v -0.452411 0.269421 -0.0275381
v 0.853922 -0.484933 0.121326
v 0.358222 -0.180995 -0.311714
v 0.350409 -0.147434 -0.275047
v 0.5670624 -0.40091324 -0.27781677
v -0.0942791 0.096581 -0.151155
v -0.18112564 0.5708046 -0.07453537
v -0.41390705 0.31860733 0.06105423
v 0.747801 -0.562841 0.390444
v -0.449746 -0.751152 0.413589
v -0.011966705 0.22997665 0.23432922
v 0.10525131 -0.0023927689 -0.25882816
v -0.451325 -0.591775 0.455011
v 0.105039 -0.0262494 -0.268569
v 0.0892318 0.123906 -0.154025
v 0.383334 -0.459871 0.717028
v -0.162107 -0.76279 0.549959
v 0.0127433 -0.142152 0.60364
v -0.762036 0.372071 -0.0579589
v -0.48854637 0.16951752 -0.08319092
v -0.476473 0.194623 -0.0645506
v -0.778601 0.347199 -0.0502283
v -0.763253 0.265831 -0.072119
v -0.455476 0.297603 -0.020059
v -0.3058939 -0.9722272 0.4719658
v -0.459797 0.323807 -0.00768176
v -0.52086 -0.813645 0.161672
v 0.23462 -0.142852 -0.294378
v -0.029136658 -0.26737976 -0.45858002
v -0.455599 -0.779614 -0.0710394
v -0.477004 -0.785217 -0.0560596
v -0.5130882 0.05332184 -0.17641449
v -0.8031732 0.5790472 0.29676056
v 0.582428 0.12527466 0.048950195
v -0.449894 -0.734194 0.397645
v -0.461721 -0.446083 0.565278
v -0.461371 -0.418745 0.574942
v -0.437615 -0.414854 0.580313
v -0.455146 -0.387611 0.585419
v -0.214181 -0.784252 -0.200198
v -0.604276 0.368796 0.516327
v -0.484673 0.115458 -0.140057
v -0.47818 0.132358 -0.12592
v -0.461703 -0.286516 0.601581
v -0.230689 -0.974283 0.356901
v 0.76700974 -0.31421328 0.3784485
v -0.458303 -0.244599 0.591095
v -0.122161 -0.917929 -0.173951
v -0.520629 0.177445 -0.0784518
v -0.045967102 -0.46020508 0.708519
v -0.456266 -0.171538 0.579062
v 0.751481 -0.572523 -0.0285804
v -0.447836 -0.121636 0.562832
v -0.013933182 0.19999027 0.0022964478
v -0.72091675 -0.29518127 0.5424652
v -0.481277 -0.0769896 0.548569
v -0.5142784 0.08152771 -0.1567421
v -0.5038605 0.12851715 -0.119277954
v -0.535148 0.16096 -0.0883443
v -0.483436 0.313394 -0.0291515
v -0.49792 0.333346 -0.0290725
v -0.462431 0.0414748 0.473078
v 0.591921 -0.482191 -0.262338
v -0.123597 -0.281004 -0.43111
v 0.81125927 -0.42538452 0.114608765
v 0.922432 -0.493402 0.107023
v 0.2724 -0.485291 0.741928
v -0.523219 0.446616 -0.00528409
v 0.459929 0.202428 0.325234
v 0.894869 -0.489895 0.103184
v -0.517063 0.483101 0.426809
v -0.560339 0.456157 -0.0228773
v -0.109228 -0.509091 0.59127
v 0.75912476 -0.24965477 -0.067733765
v 0.727077 -0.223193 -0.101991
v 0.429371 0.0167821 0.518761
v -0.539714 0.0526688 -0.167659
v -0.3108101 0.49577522 0.04308319
v 0.599211 -0.455462 -0.257826
v -0.51527405 0.100753784 -0.1414032
v -0.535875 0.11165 -0.122841
v 0.410789 -0.059004 0.579641
v 0.405796 -0.0423571 0.563443
v -0.53419 0.138562 -0.101811
v -0.781137 0.554961 0.028251
v -0.8200245 -0.49347663 0.17403555
v -0.47653 0.284524 -0.0397708
v -0.503316 0.294352 -0.0472975
v -0.506579 0.424371 -0.00529211
v -0.5031433 -0.41204834 -0.2339096
v 0.380406 0.0673635 -0.187277
v -0.57450575 0.5886964 -0.2822852
v 0.7728331 -0.13035822 0.14921284
v 0.757421 -0.858934 0.00938665
v 0.401377 0.0830988 -0.171515
v 0.734351 -0.879873 0.0133706
v 0.823337 -0.674693 -0.0507057
v -0.800233 0.740134 -0.454378
v -0.11123657 0.7437973 -0.21442413
v -0.314973 -0.941219 0.576687
v -0.563908 0.387533 -0.0532295
v 0.0595959 0.136566 0.478927
v 0.231189 -0.85171 0.612469
v -0.89288 -0.356664 0.138414
v 0.943682 -0.765039 0.133893
v 0.957392 -0.741019 0.132927
v -0.573964 -0.984702 -0.0723158
v -0.107413 -0.294084 -0.44843
v -0.694884 0.810718 -0.480931
v 0.249581 -0.383241 0.749661
v 0.631936 -0.781673 0.443248
v 0.965646 -0.689826 0.296506
v -0.0675027 -0.299742 0.727183
v -0.5779058 0.5887661 -0.37749863
v -0.0925875 -0.19768 0.607838
v 0.810502 -0.627306 -0.0270818
v -0.635056 0.186257 0.663929
v 0.82479095 -0.5957947 -0.0074768066
v -0.412193 0.354328 0.225679
v -0.5694275 0.0987854 -0.119880676
v -0.6494751 -0.3466339 0.57115936
v -0.679981 0.913921 -0.695425
v -0.0998219 -0.065181 -0.27439
v 0.591232 -0.12703 0.538617
v -0.27178955 0.5801697 -0.10336304
v 0.780392 -0.82134 0.389771
v 0.0223687 -0.0518551 -0.263794
v -0.906568 -0.0634738 0.237173
v -0.474968 -0.787471 0.38386
v -0.536856 0.602494 0.109218
v 0.8162079 -0.56274414 0.019592285
v -0.125276 -0.80832 -0.319791
v -0.056671143 -0.6386719 0.6144409
v 0.366441 -0.0198438 0.540405
v 0.363099 -0.0410245 0.560359
v 0.68121 -0.729277 0.429485
v -0.006467104 -0.15554786 0.61727333
v 0.24357605 -0.26286316 0.7387428
v 0.81394 -0.51914 0.0572231
v 0.725816 -0.0715356 0.0177162
v -0.980187 0.17485 0.375166
v 0.000278142 -0.205 -0.413086
v -0.481452 -0.847443 0.595452
v -0.30487633 -0.964464 0.21492767
v -0.5026283 -0.86152554 0.29116344
v -0.178232 0.198954 0.0812906
v -0.45371628 -0.84300137 0.58726597
v -0.59063 0.0583168 -0.139625
v -0.60512 -0.855226 0.426071
v -0.857825 0.525908 0.0831788
v -0.53096 0.378121 -0.0443493
v 0.0534702 -0.114392 -0.288472
v -0.518914 0.398309 -0.0257168
v -0.0332898 -0.193817 -0.385644
v -0.811925 0.551974 0.0777264
v 0.6906853 -0.9236183 0.059127808
v -0.95838 0.438575 0.29526
v 0.407112 0.0567286 -0.183403
v 0.953313 -0.566339 0.0529191
v 0.386237 -0.21855 0.68134
v -0.578692 0.56188 -0.227222
v 0.0430945 -0.685049 -0.422965
v 0.7604065 -0.5268097 -0.03036499
v -0.960254 0.465992 0.299195
v -0.503943 0.578916 0.00463886
v -0.39624 -0.0237769 -0.222868
v -0.519086 -0.4453 -0.218869
v 0.0144373 0.0900913 -0.176038
v -0.816895 0.0895772 -0.0317914
v 0.0329461 0.106529 -0.16198
v -0.598522 0.843862 -0.768264
v 0.0804553 0.0893527 -0.180026
v -0.623368 0.858062 -0.758722
v -0.89461 0.190494 -0.00500196
v 0.0510246 -0.979825 -0.282407
v 0.681998 -0.320071 -0.19626
v -0.29543 -0.774713 -0.125731
v -0.11941242 0.17948532 0.0029792786
v 0.233027 -0.0715659 -0.261555
v -0.419669 -0.923114 -0.132328
v 0.811188 -0.7943 -0.0298683
v 0.606785 -0.48533 0.555821
v -0.634432 0.686359 -0.219273
v -0.54557 0.393136 -0.042338
v -0.54602 0.41455 -0.0270227
v -0.546444 0.439201 -0.0147934
v -0.543334 0.469077 -0.00707646
v -0.555504 0.496647 -0.000548304
v -0.543947 0.518255 0.00938619
v 0.591131 -0.38303 -0.253279
v -0.869023 -0.400757 0.0785661
v -0.301067 0.617071 -0.118675
v -0.579274 0.663535 -0.41311
v 0.6916237 -0.9073906 0.31978607
v 0.745923 -0.891811 0.297527
v -0.62672 0.56914 0.0524001
v 0.136679 0.121354 -0.15749
v -0.237676 0.713988 -0.0121616
v 0.393223 0.0423618 -0.197137
v -0.438102 -0.357537 0.590502
v 0.0696329 -0.230984 -0.441401
v -0.452489 -0.331506 0.600593
v -0.216102 -0.938847 0.65388
v -0.321638 -0.0438572 -0.239877
v -0.308609 0.71292114 -0.12760925
v -0.56468 0.40804 -0.0437281
v -0.432382 -0.245156 0.591107
v -0.444032 -0.221605 0.586097
v -0.234595 0.53467 -0.0239196
v -0.451811 -0.197564 0.584347
v -0.567102 0.479929 -0.018481
v -0.534595 0.542276 0.0145062
v -0.5477 0.560362 0.0289444
v -0.539422 0.58375 0.0396369
v -0.453361 -0.0732367 0.541354
v 0.619756 -0.119346 0.505083
v -0.444087 -0.0478539 0.528676
v 0.0458376 0.807753 -0.229191
v -0.434751 -0.0242108 0.516503
v -0.451178 -0.00217372 0.504007
v 0.0282635 0.963616 -0.304533
v 0.382939 -0.186871 -0.304442
v -0.743956 -0.087428 0.491808
v -0.464768 -0.782441 0.48402
v 0.0202596 0.722153 -0.235704
v 0.57301 -0.820502 -0.100547
v -0.5821037 0.6150055 -0.4427185
v 0.234595 -0.940723 0.616899
v 0.397405 0.105066 -0.158776
v -0.618587 0.460533 0.525574
v -0.640801 0.588833 -0.655773
v -0.799719 0.467665 0.552166
v -0.556437 0.538483 0.0202368
v 0.0153822 -0.0745597 -0.273764
v 0.5784 0.0703462 0.418594
v -0.61545 0.523714 -0.411091
v -0.11922073 -0.0045776367 -0.23426056
v 0.132694 0.23783 0.000383169
v -0.924899 0.350422 0.155243
v -0.05078 -0.205981 -0.401243
v 0.514048 -0.804607 -0.23344
v 0.24486542 0.085739136 0.5302124
v 0.498204 -0.00483721 0.512005
v -0.904925 0.174127 0.632416
v -0.0739788 -0.209357 -0.391959
v -0.054103374 -0.19087207 -0.36531878
v 0.404698 -0.203138 0.661903
v 0.207943 -0.973129 -0.271729
v 0.205912 -0.978855 -0.24465
v 0.236364 -0.0869427 0.581081
v 0.337903 -0.163958 0.652616
v -0.047943115 -0.58722305 0.64541626
v 0.050699234 -0.21547794 -0.43074894
v 0.419636 -0.263469 0.678945
v 0.337697 -0.436255 0.735359
v 0.7166443 -0.25201416 -0.13317871
v -0.0919926 -0.155594 -0.293607
v -0.5962601 -0.11056137 0.55902386
v -0.577579 0.504822 -0.00808938
v -0.474415 0.604532 0.148211
v -0.4719391 -0.3961792 -0.24180603
v 0.804553 -0.442861 0.0652865
v 0.212136 -0.157625 0.690818
v -0.768547 -0.44282 -0.0794926
v 0.538337 -0.471761 0.617277
v -0.697861 0.414971 -0.101288
v -0.568214 0.55535 0.0348239
v -0.363436 0.460908 0.0567957
v 0.350971 -0.381325 0.722141
v -0.579551 0.564608 -0.200593
v -0.0832361 0.954778 -0.176382
v -0.298498 -0.952576 -0.34859
v -0.0289014 -0.705981 0.640574
v 0.406096 0.124026 -0.137911
v -0.437277 -0.863237 0.596591
v 0.180284 0.0510063 -0.214521
v 0.657816 -0.699671 -0.113966
v -0.158774 0.659958 -0.00767667
v -0.558084 0.0875436 0.52113
v -0.170784 0.188628 0.262598
v 0.971839 -0.567095 0.29818
v 0.37275 -0.136389 0.637295
v -0.846468 -0.0167288 0.367948
v -0.19889 -0.979894 0.156735
v -0.441154 -0.772999 0.477403
v -0.923663 0.373657 0.168246
v -0.716438 0.413074 -0.0855225
v 0.596587 -0.70385 0.528445
v 0.119062 -0.924678 0.512893
v -0.57751447 0.5398812 0.02042985
v -0.610011 0.490426 0.509969
v -0.2565055 0.20082474 0.28951263
v -0.589514 0.555174 0.0357795
v -0.424294 0.376692 0.0769439
v -0.575341 0.280224 0.522205
v -0.186154 0.176377 -0.0163979
v 0.9853061 -0.67965317 0.15499878
v 0.536486 -0.834652 0.519337
v -0.93869 0.0545966 0.112593
v -0.426521 0.547337 0.165244
v -0.753786 0.401849 -0.0594289
v 0.176339 0.035329 -0.227678
v -0.748686 0.621568 -0.0819006
v 0.154156 0.188428 -0.0982521
v -0.930918 0.0351212 0.133725
v -0.128063 -0.868776 -0.354638
v -0.10449219 0.7170563 -0.095214844
v -0.219156 -0.604369 -0.161645
v -0.231104 -0.581338 -0.168639
v -0.180322 0.0749185 -0.171334
v -0.0428202 0.951644 -0.164827
v 0.685599 -0.271945 0.505358
v -0.436754 -0.256152 -0.260758
v -0.598142 0.545392 0.0165666
v -0.423413 -0.00951217 -0.220656
v -0.60242 0.566912 0.0550066
v -0.419739 -0.0355891 -0.226695
v 0.689012 -0.655626 -0.110426
v 0.041533 -0.0465531 -0.263673
v -0.0655573 -0.21806 -0.412266
v -0.535369 -0.942574 -0.107944
v 0.6941223 -0.63168716 -0.12000275
v -0.038497925 0.80057526 -0.17501068
v -0.3299446 -0.9726939 0.44274902
v 0.21644628 0.22554016 -0.032470703
v 0.286795 -0.157517 -0.304339
v -0.37754226 -0.0028009415 -0.21358585
v 0.822563 -0.499943 0.0783371
v -0.420677 -0.387509 0.585467
v 0.6606293 -0.1917305 -0.15319061
v 0.622066 -0.909066 0.35392
v -0.160718 -0.94896 0.281746
v -0.597438 0.789077 -0.623582
v -0.151216 0.163185 -0.0427113
v -0.446763 -0.268585 0.598667
v 0.09578514 0.22706985 -0.011222839
v -0.631417 -0.830995 0.0907383
v -0.420368 -0.221157 0.589705
v -0.432017 -0.202646 0.589816
v 0.208619 0.209629 -0.0586156
v -0.431479 -0.179121 0.588223
v -0.232416 -0.793227 0.529748
v -0.431106 -0.146593 0.578449
v -0.40185738 -0.97074443 0.53483963
v -0.425978 -0.0693612 0.535296
v -0.057222605 0.19977379 0.03136444
v 0.529 -0.935099 -0.00602897
v 0.238977 0.0855151 -0.205354
v 0.515066 -0.280068 -0.2905
v -0.468782 0.441081 0.325067
v 0.388478 -0.966669 0.408035
v -0.436478 0.023248 0.486354
v -0.435647 0.0708897 0.451132
v 0.684878 -0.703675 0.435682
v -0.433454 0.0925407 0.439303
v 0.58363 -0.295225 -0.254292
v 0.7179642 -0.17312622 0.42147827
v -0.970315 0.111537 0.422519
v -0.0531186 0.864159 -0.265444
v 0.17230225 0.23944473 -0.0076141357
v 0.77778625 -0.4927826 0.34890747
v 0.899245 -0.516698 0.0618586
v 0.400246 -0.942757 0.583297
v 0.0377997 -0.0668103 -0.273613
v 0.524037 -0.748958 0.547401
v 0.798396 -0.652937 -0.0409913
v 0.0955863 0.790745 -0.269531
v -0.458928 0.647885 0.108189
v -0.428524 -0.778462 0.241995
v -0.223456 -0.909536 0.649352
v -0.4922638 -0.22706032 -0.26284623
v 0.705114 -0.740613 0.427633
v 0.496363 -0.62322 -0.315118
v -0.6563692 -0.2604599 -0.20043564
v 0.591741 -0.607582 -0.23821
v 0.0173791 0.170123 -0.0652926
v -0.418965 0.419707 0.0695427
v 0.201018 0.193907 -0.0802543
v 0.19677734 -0.22175598 0.73501587
v 0.1478281 -0.028337479 0.58170986
v 0.801324 -0.589508 0.00157934
v 0.121115 0.205209 -0.07398
v -0.645104 0.454721 -0.246561
v 0.790103 -0.813079 -0.0253984
v 0.6304703 -0.05630493 -0.13085938
v 0.80362 -0.68018 0.431821
v -0.96520615 0.25968933 0.15049744
v -0.676081 -0.502417 -0.0975799
v 0.69418335 -0.25158858 -0.15997314
v 0.354829 0.0688266 0.50869
v 0.268747 -0.365452 0.747687
v 0.361812 0.0489007 0.5151
v -0.0370593 -0.803252 0.66467
v -0.431733 0.57573 0.157225
v 0.7980714 -0.5507183 0.029850006
v 0.73672485 -0.5236206 -0.09439087
v 0.802656 -0.493414 0.0577914
v 0.484971 -0.954337 -0.0112885
v 0.5436287 -0.42921257 0.62934875
v -0.389604 0.0979787 0.416093
v 0.618475 0.0624028 -0.0252784
v 0.6410246 0.024168968 -0.046382904
v -0.172551 -0.787153 -0.275407
v -0.542707 0.308695 0.488007
v -0.752044 0.6395 -0.34844
v -0.428328 0.340024 0.0453215
v -0.25652838 0.20467567 -0.023180008
v 0.805125 -0.65173 0.424456
v 0.492083 -0.269075 -0.298473
v 0.262309 0.00448666 0.560733
v 0.53051376 -0.34695864 -0.29984856
v 0.520617 -0.312272 -0.296425
v 0.655544 -0.709225 0.471027
v -0.6846924 -0.38275146 0.5372925
v 0.0199293 0.134093 -0.113125
v 0.54489136 -0.16080666 -0.23852634
v 0.19838 -0.144429 0.674691
v 0.59213257 -0.09711838 -0.18200684
v -0.6574726 0.7060776 -0.22833252
v -0.41878 -0.824842 0.556181
v 0.644889 -0.0515391 -0.113951
v -0.260121 -0.820637 -0.276038
v -0.257642 -0.578642 -0.165127
v -0.422536 -0.771343 0.493466
v -0.588862 0.83288 -0.690737
v -0.651027 0.0931107 0.67886
v 0.125481 -0.218405 -0.427073
v -0.662019 0.729694 -0.277917
v 0.613079 -0.144031 -0.179332
v 0.488916 -0.856296 -0.217681
v -0.178325 0.20454 0.151245
v 0.6239033 0.033634186 -0.0611763
v -0.67274046 0.5094967 -0.50226593
v 0.18557358 0.12877655 -0.14663696
v -0.59866 0.808811 -0.770823
v -0.961695 0.183722 0.567986
v 0.231952 -0.210196 -0.398588
v 0.45743 -0.886968 -0.241057
v -0.446389 0.324757 0.380526
v -0.922253 0.0528536 0.0886282
v -0.629647 0.465546 -0.263576
v -0.606215 0.48493 -0.264958
v -0.957141 0.474354 0.320614
v 0.418676 -0.218372 -0.307403
v -0.6198611 0.779089 -0.5435486
v 0.539165 -0.0340123 0.514995
v 0.67171 -0.292025 -0.200157
v -0.411469 0.139669 0.414518
v -0.534222 0.588272 0.162528
v -0.300553 0.220556 0.233615
v 0.450899 -0.874511 -0.25821
v 0.419123 -0.0735924 -0.235807
v -0.426421 -0.592726 0.470601
v -0.38434 0.520284 0.137755
v 0.4603424 -0.26527405 -0.3156128
v -0.585753 -0.894692 -0.0732072
v -0.946624 0.403549 0.318815
v -0.315378 -0.81823 -0.178684
v -0.533714 -0.465423 -0.205475
v -0.434571 -0.728151 0.25598
v 0.7745657 -0.66041183 -0.041980743
v -0.0719184 -0.000981446 -0.241053
v 0.585181 -0.416029 0.594828
v -0.14994812 -0.16677666 -0.28709412
v -0.250399 -0.826914 -0.29921
v -0.456632 -0.953213 0.611918
v -0.771659 0.602348 -0.120037
v 0.7905464 -0.6118698 -0.013523102
v 0.620659 -0.186901 -0.189048
v -0.125749 -0.111616 -0.28408
v -0.40255 -0.441911 0.569916
v -0.716155 -0.953522 0.101546
v 0.5888138 -0.0772171 -0.17455673
v -0.711178 -0.961582 0.0756175
v 0.789464 -0.573641 0.0135835
v -0.220809 -0.961965 0.424255
v -0.694631 -0.890588 0.103357
v 0.7848282 -0.52575684 0.03050232
v -0.408419 -0.354993 0.588995
v -0.355618 0.76098 0.0234214
v -0.42305 -0.329574 0.599854
v -0.439451 -0.29954 0.605004
v 0.770766 -0.786693 0.427703
v -0.487324 0.192469 0.50599
v 0.24068975 0.2380333 -0.012508392
v -0.40732 -0.243946 0.588778
v 0.183537 0.0734424 -0.198568
v -0.52325 0.571374 0.336483
v -0.938562 0.372522 0.324763
v -0.264208 -0.923897 0.594617
v 0.63251877 -0.2669108 -0.22207642
v -0.614848 -0.872443 0.436566
v -0.416023 -0.11598 0.562994
v -0.179942 -0.96455 0.652706
v 0.594027 -0.355631 0.582939
v -0.4182415 -0.04471588 0.5267067
v 0.562806 -0.194076 -0.239413
v 0.437422 0.20451 0.351106
v -0.360816 0.0658393 0.448385
v -0.422224 -0.00108029 0.505396
v -0.35731506 -0.91324615 0.5890274
v 0.584786 -0.285562 0.585404
v 0.6349449 -0.022460938 -0.09828949
v -0.741761 0.757966 -0.331548
v -0.01128006 0.16546917 0.40457535
v 0.556446 -0.40549 0.620076
v 0.656504 -0.00506098 -0.0539178
v 0.470982 0.00928936 0.510669
v 0.226946 0.0480239 0.552692
v 0.609934 -0.456861 0.568444
v -0.44305 -0.723807 0.41663
v 0.99067 -0.640745 0.127
v -0.898908 -0.0381443 0.218078
v 0.531761 0.0344219 -0.132203
v -0.237025 -0.8369 -0.322775
v 0.685033 -0.82657 0.413466
v -0.938962 0.344052 0.318891
v 0.807666 -0.59853 0.394513
v 0.602615 -0.0264487 -0.129066
v -0.643162 -0.608358 0.0133457
v 0.6282501 -0.23854542 -0.21621895
v -0.66474 -0.600205 0.0305513
v 0.69498 -0.806976 0.422872
v 0.787538 -0.568987 0.366193
v -0.652504 0.327439 0.604596
v -0.451307 -0.702774 0.26642
v 0.36682796 -0.11071873 0.62909555
v -0.635908 -0.144801 -0.191175
v 0.178766 0.0587386 0.547937
v -0.447414 -0.824898 0.565968
v -0.8285413 -0.46967363 0.22709656
v -0.0910532 0.89546 -0.229657
v 0.488926 0.0442969 0.486258
v 0.466467 0.0361563 0.497983
v 0.55576 -0.24796 -0.264337
v 0.104538 -0.0527629 -0.272713
v -0.448505 0.560941 0.171862
v 0.484022 0.129419 -0.0788744
v -0.440912 0.607408 0.144679
v -0.411715 0.620679 0.132648
v -0.408487 0.6484 0.116613
v -0.07223511 0.08834839 -0.15855026
v -0.160807 0.059161 -0.183924
v -0.557418 0.293816 0.505222
v -0.772822 0.703271 -0.279467
v 0.688921 -0.116468 -0.104782
v 0.5266495 -0.014968872 -0.16294098
v 0.520881 0.0162896 -0.148101
v 0.7956426 -0.20759487 0.13617325
v 0.563875 -0.147964 0.562632
v -0.5929265 0.6454563 -0.57081985
v 0.613534 -0.895788 0.374472
v 0.125873 -0.84409 0.635425
v -0.049835205 0.8230438 -0.17344666
v 0.651998 -0.38159 -0.212928
v -0.595188 -0.850504 -0.0223622
v 0.409099 -0.441662 0.710278
v -0.458306 -0.776538 0.45982
v 0.6806946 -0.19750214 -0.13510132
v 0.6567831 0.016094208 -0.025001526
v -0.412939 -0.862717 0.587088
v -0.407586 -0.843887 0.572481
v 0.5467758 -0.13479614 0.56837463
v 0.42317963 -0.0033493042 -0.20157242
v -0.400801 -0.772911 0.505742
v -0.154675 -0.937684 0.308199
v -0.405803 -0.751116 0.491089
v 0.467497 -0.823052 -0.260182
v -0.52129 -0.279355 0.593967
v 0.277114 -0.778762 0.683591
v 0.268777 -0.192822 -0.375464
v -0.110054 -0.927637 0.182114
v -0.189095 0.882992 -0.117121
v 0.577415 -0.579153 -0.246996
v 0.506001 -0.751509 -0.285497
v 0.5456238 -0.075424194 -0.1947937
v 0.291352 -0.97536 0.0567205
v -0.657215 0.0704008 0.667152
v 0.420451 -0.666872 0.652876
v -0.95952 0.249181 0.42192
v -0.676019 0.746004 -0.299294
v 0.245402 -0.913803 -0.0392673
v -0.058703423 -0.47584915 0.6928177
v -0.121114 -0.388255 -0.457646
v -0.666276 0.475984 -0.342779
v 0.667309 -0.260871 -0.194905
v -0.409771 0.563633 -0.0541293
v 0.769308 -0.586027 -0.000473861
v -0.653326 -0.536217 -0.0724208
v 0.422821 -0.36514 0.697246
v -0.398402 -0.400597 0.58109
v -0.401907 0.297323 0.0679142
v 0.609054 -0.797562 0.460871
v -0.662008 0.432877 -0.170678
v -0.393787 -0.327971 0.595405
v 0.888762 -0.533679 0.0418632
v 0.38639832 0.21707916 -0.012954712
v 0.5883312 0.13836002 0.20384216
v -0.416866 -0.271059 0.599156
v -0.0868919 -0.637659 -0.398545
v -0.383217 -0.244746 0.580745
v 0.43158722 0.20941162 0.009181976
v 0.0347751 0.16759 0.43282
v -0.410002 -0.196164 0.59174
v 0.16939 -0.114518 -0.277879
v -0.40354 -0.167159 0.584545
v -0.451627 -0.697365 0.294848
v 0.474455 0.148069 -0.0600273
v -0.645039 0.843781 -0.740479
v -0.220111 0.202646 0.0190867
v 0.509486 -0.909968 0.512387
v 0.07257843 0.21238041 -0.033103943
v -0.409569 -0.0217239 0.519962
v -0.14005 -0.923766 0.403164
v -0.264418 -0.847469 -0.313456
v -0.403513 0.0171039 0.492502
v -0.41149 0.0596935 0.455397
v -0.417064 0.0765754 0.442002
v -0.687565 -0.430324 -0.165061
v 0.406716 -0.19427 -0.296329
v -0.603901 0.421865 -0.0891526
v 0.42233 -0.191812 0.64168
v -0.543497 0.0565005 0.491246
v 0.123451 -0.955591 -0.299894
v -0.718716 0.505979 -0.44407
v -0.954458 0.491114 0.305128
v -0.0434793 -0.223271 -0.426301
v 0.62568665 -0.16597748 -0.17501068
v 0.61787 -0.0793499 0.482389
v -0.331196 0.515525 -0.0469811
v -0.9296818 -0.13717079 0.2534027
v -0.21837902 -0.82014465 -0.30918312
v -0.78533125 0.7270336 -0.46258545
v -0.57284546 0.7781992 -0.70962524
v 0.444045 -0.227017 0.639463
v 0.8486061 -0.58856964 -0.0049057007
v 0.70009613 -0.025856018 0.023529053
v 0.337897 -0.356617 0.727356
v 0.0733927 -0.948473 0.552719
v 0.643692 -0.12035942 -0.15299988
v 0.5358429 -0.101997375 -0.21492767
v -0.960736 0.108156 0.117394
v -0.227144 -0.982075 -0.361708
v -0.632727 -0.927125 0.501726
v 0.212797 0.139456 -0.137281
v -0.411376 0.591762 0.144471
v -0.5895672 0.5887146 -0.4465027
v 0.185888 -0.182327 -0.387173
v 0.290301 -0.919812 -0.111252
v 0.501862 -0.221176 -0.274642
v -0.232883 -0.78769 -0.18214
v 0.582394 -0.187436 -0.22437
v -0.939271 0.511473 0.312784
v 0.654997 -0.768488 0.431535
v 0.574391 0.0136014 -0.12179
v -0.588103 0.808213 -0.668541
v 0.549622 0.00810571 -0.137831
v 0.0312241 -0.0305955 -0.252422
v -0.0172466 -0.86643 0.694876
v -0.385424 -0.858302 0.577562
v -0.20736694 -0.9217299 -0.032722473
v -0.391518 -0.833817 0.559626
v -0.363864 0.144003 0.365296
v -0.559139 -0.918144 0.292929
v -0.397021 -0.793915 0.522644
v -0.38413 -0.751861 0.504698
v 0.0972821 -0.219179 0.737665
v -0.3929 -0.724867 0.494181
v 0.559007 -0.220113 -0.250946
v -0.40627 -0.708125 0.476794
v 0.57304 -0.444795 0.59538
v -0.0333119 0.114988 -0.130507
v -0.899238 -0.332895 0.100035
v -0.597405 0.43954 -0.104907
v 0.356289 -0.953638 -0.262655
v -0.932445 -0.163328 0.243762
v 0.0754152 0.721104 -0.252253
v 0.075207 -0.980609 -0.260154
v 0.274825 0.272675 0.253168
v 0.465196 0.166123 -0.0388072
v 0.306296 0.27072 0.255415
v -0.407774 -0.484206 0.547365
v -0.43178 0.567083 -0.0441118
v 0.171877 -0.916682 0.0312282
v 0.47554874 0.19216347 0.018659592
v -0.391436 -0.465267 0.558494
v -0.377918 -0.442199 0.563311
v 0.139572 0.142258 -0.138575
v 0.05496216 0.1254654 -0.144207
v -0.392262 -0.377404 0.581914
v -0.012727737 -0.9242448 0.28513336
v 0.690611 -0.00324543 0.03445
v -0.0972686 -0.194069 -0.325851
v -0.40698 -0.30188 0.602574
v -0.39354324 -0.28119373 0.5961733
v 0.758526 -0.472672 -0.0579335
v 0.436863 0.0173234 -0.189264
v 0.69758 -0.885416 -0.00790581
v -0.3956 -0.219311 0.583589
v 0.919806 -0.581389 0.0239413
v 0.560066 -0.14493 -0.220097
v -0.529866 -0.801374 0.462969
v -0.780668 0.718588 -0.328507
v -0.396325 -0.139216 0.571095
v -0.3849 -0.113316 0.558631
v -0.401886 -0.0873033 0.546727
v -0.258247 -0.293853 -0.280596
v 0.430359 0.0451701 -0.179633
v -0.441042 -0.98366 -0.125014
v 0.28014 -0.0131396 -0.240133
v -0.287547 -0.752962 -0.12031
v -0.0190707 -0.232198 0.719077
v -0.18285131 0.14474678 -0.08010292
v -0.15849495 0.14285278 -0.085105896
v 0.455203 -0.207017 -0.288281
v -0.119906 0.0978505 -0.149428
v -0.588049 0.514983 -0.22365
v 0.604368 0.0469142 -0.0666645
v -0.714796 0.497442 -0.413395
v 0.602824 0.0635281 -0.0464634
v -0.960371 0.455739 0.273414
v -0.13802 0.0598546 -0.179799
v -0.693992 0.498152 -0.464072
v 0.930886 -0.560354 0.038552
v -0.31181335 0.4944229 -0.005622864
v 0.289423 0.188131 -0.0925962
v -0.29123497 -0.43401337 -0.21792984
v 0.460637 0.139694 -0.0818732
v 0.39353 -0.170101 -0.283695
v 0.410212 -0.142273 -0.273973
v 0.45051 0.159699 -0.0633052
v -0.202639 -0.879453 -0.362683
v 0.576925 -0.536783 -0.262502
v 0.45890808 0.053028107 -0.16555023
v 0.46566772 0.091712 -0.13451385
v -0.270178 -0.983068 0.107958
v 0.0511772 -0.979284 -0.247705
v -0.9539 0.438306 0.220615
v 0.518683 0.0139037 0.494007
v 0.42542 0.168556 -0.0682079
v 0.583264 0.0643024 -0.0639299
v 0.676489 -0.785086 0.423249
v 0.45652008 0.07784271 -0.15170097
v 0.274945 -0.232679 0.723159
v 0.241551 -0.35744 0.755434
v -0.185426 -0.863078 0.666659
v -0.620048 0.587783 -0.593645
v -0.39028 0.57733893 0.13773632
v 0.31869 -0.974931 0.00732226
v -0.386372 0.62974 0.121389
v 0.641861 -0.893651 0.365945
v 0.678553 -0.564423 -0.16291
v -0.606538 0.624718 -0.671189
v -0.641824 0.794006 -0.728516
v -0.389615 0.695943 0.0844713
v -0.432366 0.369934 0.0535688
v 0.347029 -0.0722694 -0.241344
v -0.657914 -0.852509 0.0497412
v 0.352272 0.222979 0.383476
v -0.417751 0.427715 0.129364
v -0.04365158 0.72253036 -0.21688843
v 0.650163 -0.454194 -0.193888
v -0.663416 0.427609 0.581016
v 0.809699 -0.433512 0.252603
v 0.0162108 0.187659 -0.0399955
v 0.464131 0.108929 -0.115435
v -0.39381027 -0.8142414 0.54099655
v -0.370256 -0.802355 0.531189
v -0.377431 -0.776266 0.516187
v 0.4917059 0.10707092 -0.10122681
v 0.770959 -0.612775 -0.013255
v 0.706095 -0.0899607 -0.050451
v 0.314139 0.215594 -0.0528525
v -0.368577 -0.7295 0.510277
v -0.904015 -0.214545 0.0700712
v 0.26698112 0.26468468 0.30181885
v -0.686053 0.73836 -0.271329
v -0.799241 0.168747 0.683223
v 0.3227222 0.2717483 0.13531113
v 0.438026 0.111913 -0.131098
v -0.333357 0.204483 0.27351
v 0.618084 -0.0178415 -0.110696
v 0.08375549 -0.19814587 -0.41327667
v -0.365495 -0.418818 0.564714
v -0.38834763 -0.4194336 0.5727844
v -0.55155945 -0.98410875 -0.091132164
v 0.663948 -0.316943 -0.209752
v -0.380547 -0.35091 0.584265
v 0.485123 -0.0354009 -0.188116
v 0.486451 0.0477989 -0.154964
v 0.496547 0.066958 -0.137304
v -0.961224 0.398844 0.254654
v -0.047729492 -0.9209143 0.70734406
v -0.3436165 -0.22109413 0.56927776
v 0.829126 -0.7758 0.394396
v 0.574382 -0.695729 0.546933
v -0.380186 -0.191568 0.579554
v -0.374641 -0.160086 0.571915
v 0.578712 -0.00904967 -0.136213
v -0.36664665 -0.13250542 0.5644636
v -0.108034134 0.07503319 -0.16963577
v -0.693094 0.341127 0.639855
v -0.38594818 -0.051750183 0.53873444
v 0.396988 -0.209457 -0.316842
v 0.40873 -0.0498833 -0.21982
v -0.976614 0.128631 0.153799
v -0.387973 -0.0209031 0.522768
v -0.316202 -0.89634 0.570087
v -0.38393402 0.048217773 0.46298218
v -0.438053 0.588725 -0.0433033
v 0.33548737 -0.9670869 -0.062511444
v 0.0487071 -0.125546 0.594537
v 0.537235 -0.782143 -0.242128
v -0.473398 0.0107753 -0.208689
v -0.484061 0.47675 0.366893
v 0.24465716 -0.031928062 -0.24369884
v -0.294749 -0.0768245 0.530431
v 0.592585 0.0204085 -0.104943
v 0.567441 -0.601264 -0.258284
v 0.451371 -0.247917 -0.312021
v 0.6469716 -0.019805908 -0.0819397
v -0.167594 -0.332225 0.583545
v 0.63298 0.00860171 -0.0766759
v -0.313764 0.534647 -0.0640295
v 0.6529168 0.0696795 0.19403839
v 0.49771 -0.857738 -0.188486
v 0.621602 -0.493476 -0.227443
v 0.0762525 0.790545 -0.324169
v 0.0858581 0.767472 -0.306281
v -0.656817 0.288801 0.622235
v -0.494602 0.487368 0.388108
v 0.270401 0.25780106 0.030056
v 0.812005 -0.813214 -0.0100007
v 0.221378 -0.817679 0.640014
v -0.464699 0.414507 0.333571
v -0.822158 0.488415 0.510502
v -0.656634 0.559631 -0.619765
v 0.436787 0.148085 -0.0866163
v -0.0031814575 0.16124725 -0.07529831
v -0.9723892 0.08087349 0.16912842
v 0.561469 -0.0833786 0.525434
v 0.051919 -0.150519 -0.317955
v -0.799403 0.285549 0.69112
v 0.276498 -0.841594 -0.30902
v -0.094646 -0.33384 0.71575
v 0.972435 -0.67323494 0.09622955
v -0.62200356 -0.8946862 0.42432308
v -0.138415 0.690637 -0.183975
v 0.606542 -0.280023 -0.237505
v -0.945546 0.326179 0.302551
v -0.38146 0.656387 0.108276
v -0.374734 0.680924 0.0943526
v -0.648691 0.714553 -0.260543
v -0.408114 0.317264 0.0780036
v -0.357768 0.242529 0.269441
v 0.15934801 0.10749054 -0.16609955
v 0.400181 0.17447 -0.0741348
v -0.0563664 0.869744 -0.171252
v 0.570449 -0.558808 -0.258886
v -0.945179 0.478383 0.182362
v 0.473232 -0.122387 -0.259644
v 0.172058 -0.273531 -0.44079
v 0.4732628 -0.10342407 -0.24808502
v -0.020106 0.979912 -0.256061
v -0.365802 -0.838624 0.562506
v 0.4990635 -0.015769958 -0.17474174
v 0.3866272 0.1890564 -0.05770874
v 0.576278 -0.627689 -0.253606
v 0.557519 -0.606433 0.587607
v -0.352556 -0.778019 0.52409
v 0.91059 -0.700339 0.00350505
v -0.256288 -0.869849 0.588764
v -0.261493 -0.982525 0.0763419
v -0.69389 0.729384 -0.247009
v -0.724976 0.497629 -0.384076
v -0.357036 -0.548349 0.539526
v -0.723526 -0.037719727 -0.11352539
v -0.0598918 -0.912932 0.491756
v -0.46051216 0.032157898 -0.19973755
v -0.5785483 0.5590515 -0.2623453
v 0.46720886 -0.31022835 -0.3264618
v -0.798313 0.0498828 -0.0255019
v -0.775964 0.624533 -0.161516
v -0.931359 0.115343 0.0596701
v -0.921445 0.0721788 0.0707881
v 0.643409 -0.369124 0.553646
v -0.432215 -0.941881 0.613596
v -0.273452 0.690118 -0.149463
v -0.90309525 0.049979687 0.068733215
v -0.378578 -0.495513 0.552345
v 0.7417984 -0.0736599 0.2215271
v -0.865179 -0.00853879 0.0609265
v -0.6424601 0.4060173 0.57267284
v -0.351436 -0.442151 0.565703
v 0.4142685 0.18733215 -0.042785645
v 0.682662 -0.477147 0.503458
v -0.352837 -0.394253 0.56315
v -0.904428 -0.187551 0.059118
v -0.367425 -0.371543 0.570959
v -0.905108 -0.245462 0.066849
v -0.908659 -0.27228 0.0604818
v -0.367449 -0.324986 0.58568
v -0.38042 -0.301398 0.593506
v -0.372131 -0.272972 0.584117
v -0.904522 -0.298207 0.0528354
v -0.902211 -0.322846 0.0737837
v -0.882119 -0.343756 0.0576442
v 0.395101 -0.282337 0.697231
v -0.35305 -0.177953 0.569799
v -0.829067 0.448007 0.55278
v -0.577209 0.46138 -0.0442402
v -0.854157 -0.419448 0.0536487
v 0.88045 -0.473989 0.249734
v -0.824644 -0.468973 0.0642894
v -0.368972 -0.0885354 0.554555
v -0.615835 0.112651 -0.0963736
v -0.366123 -0.0342372 0.531978
v -0.540511 -0.663666 0.0866549
v -0.39035034 -0.004508972 0.51223373
v -0.317606 0.214085 0.253432
v -0.524314 -0.76505 0.0445255
v -0.534983 -0.787876 0.0565982
v -0.570788 -0.814565 0.037869
v -0.207377 0.602453 0.047764
v -0.60343933 0.17525482 0.6228943
v -0.778637 0.772487 -0.427337
v -0.36656 0.726425 0.0652391
v -0.296133 -0.957959 -0.0402997
v 0.569956 -0.8627 0.455064
v -0.8327255 0.4624405 0.02545166
v -0.922095 0.3855 0.504946
v -0.851629 0.424277 0.0508966
v -0.865955 0.402282 0.0561361
v 0.251949 -0.615865 0.746065
v -0.879537 0.357806 0.0402198
v 0.241284 -0.640914 0.736675
v -0.470543 -0.845204 0.25434
v 0.0138572 0.700134 -0.21212
v -0.916859 0.258225 0.051526
v -0.633994 0.538405 -0.502154
v -0.102565 0.606249 -0.101886
v 0.555512 -0.88253 0.45289
v 0.280998 -0.325344 0.751519
v -0.91644 0.231907 0.043103
v -0.9257145 0.2041378 0.05734253
v -0.250304 0.687171 0.000586707
v 0.5924418 0.12489891 0.30278587
v 0.0424956 0.766292 -0.284935
v -0.918316 0.0916984 0.0543358
v 0.471545 -0.0145647 0.52539
v -0.370547 0.608455 0.11481
v -0.363115 0.634478 0.107506
v -0.901897 0.0698471 0.0514097
v -0.8751297 0.015748978 0.064647675
v -0.86018 0.014157 0.046047
v -0.865553 -0.0379674 0.0466397
v -0.594836 -0.61511 -0.0217681
v -0.875467 -0.0670164 0.0467136
v 0.038719177 0.7639656 -0.19619751
v -0.883395 -0.0934163 0.0485354
v -0.6837082 0.83979034 -0.5603485
v -0.11582947 -0.2700348 0.65582275
v -0.934228 0.467424 0.16205
v 0.7401962 -0.49380493 -0.092178345
v -0.42356682 0.15239966 0.43765712
v 0.648915 -0.793213 0.422506
v 0.316528 -0.451479 0.742852
v -0.855967 0.0902796 -0.00706395
v -0.906792 0.4082 0.514038
v 0.959765 -0.525653 0.0947545
v -0.697927 0.364491 0.633126
v -0.891863 -0.231293 0.0465444
v -0.353841 -0.863026 0.574353
v -0.895241 -0.257228 0.0422908
v -0.892154 -0.321719 0.0422451
v -0.8647423 -0.36187553 0.041168213
v -0.593301 0.672895 -0.310401
v -0.2367096 -0.9385338 0.009002686
v -0.840631 -0.44654 0.0585093
v -0.361518 -0.754644 0.515582
v -0.762585 -0.519715 0.0483279
v 0.65613556 -0.34416962 0.538147
v -0.349092 -0.735515 0.519443
v -0.397481 0.464669 0.00159688
v 0.00460543 -0.979305 -0.247378
v 0.49149 -0.0266032 0.526125
v 0.47582 -0.0370064 0.539883
v -0.527113 -0.665549 0.0453011
v 0.607164 0.0719338 0.383033
v -0.586127 0.483842 -0.11091
v 0.6695633 -0.6655426 0.4857483
v 0.8476534 -0.8566337 0.14878845
v -0.5917665 0.51651955 -0.29481506
v -0.519013 -0.738167 0.0565687
v -0.726828 -0.413846 -0.140261
v 0.91776276 -0.68416786 0.36787415
v -0.30415535 -0.97173023 -0.013320923
v -0.477967 -0.82686 -0.071597
v 0.723683 -0.560939 -0.104493
v -0.511545 0.621705 0.0353085
v -0.353873 -0.519646 0.55269
v -0.500444 0.642839 0.0456416
v -0.364211 -0.466979 0.561858
v -0.81868 0.53859 0.0579143
v -0.819816 0.491109 0.0219337
v 0.624858 -0.667387 -0.183924
v -0.844603 0.448641 0.041217
v -0.836884 0.425023 0.0270174
v 0.4910736 -0.28857422 -0.3050995
v -0.8475075 0.40105438 0.034671783
v -0.355887 -0.345799 0.573168
v -0.473038 0.432452 0.349117
v -0.89037 0.330995 0.0432056
v -0.90521 0.305809 0.0490643
v -0.902822 0.277631 0.0367396
v -0.916157 0.206543 0.0312044
v 0.929052 -0.609141 0.0237169
v -0.92515945 0.13472176 0.04650116
v -0.106261 -0.567962 -0.410953
v -0.915497 0.11082 0.0392071
v 0.59144396 -0.8018608 -0.096702576
v -0.167487 -0.355323 0.580479
v -0.166435 -0.964263 0.256589
v -0.899604 0.0890618 0.0347023
v -0.886052 0.0484333 0.05003
v -0.345401 -0.0642268 0.546821
v -0.842536 0.0154341 0.0232633
v -0.850918 -0.0111704 0.0344295
v -0.471917 -0.67911 0.278924
v -0.871759 -0.0838716 0.0256502
v -0.3572693 0.010284424 0.49847412
v -0.911925 -0.205618 0.0981384
v 0.450837 -0.762547 -0.304945
v -0.884552 -0.11519623 0.037750244
v -0.34087 0.119357 0.39709
v -0.521133 0.346988 0.445301
v -0.636943 0.411301 -0.106413
v -0.412945 0.452716 0.13714
v -0.77866745 0.6786499 -0.25704956
v 0.869296 -0.777954 0.353638
v -0.580422 0.59761 -0.410678
v -0.898496 -0.279322 0.0393499
v -0.876158 -0.341353 0.0307235
v 0.630856 -0.624965 -0.204855
v -0.84726715 -0.4071312 0.031295776
v -0.48126984 -0.8507767 -0.08409119
v 0.82762 -0.668594 0.424813
v -0.835975 -0.434567 0.0331371
v -0.803614 -0.48041 0.0488908
v 0.42328453 -0.005630493 0.53245544
v 0.484615 -0.250204 0.639299
v -0.70240784 -0.57562256 0.03643799
v -0.355771 0.660792 0.098822
v 0.601608 -0.185625 -0.207121
v 0.372742 -0.932982 -0.267554
v -0.5107775 -0.7089815 0.01662445
v -0.517772 -0.742404 0.0321062
v -0.284753 0.203382 0.285012
v -0.48890686 0.64260864 0.016784668
v -0.839994 -0.407236 0.350656
v 0.38796347 -0.97394586 -0.15589428
v -0.932204 -0.26281 0.242371
v -0.817005 0.51911 0.0345851
v -0.447831 0.371102 0.310727
v 0.59247 -0.749609 0.504118
v 0.205787 -0.0880494 0.585872
v -0.934628 0.420104 0.408536
v -0.514583 -0.710631 0.0674391
v -0.83255 0.401017 0.0131188
v -0.393874 0.123587 0.394543
v -0.385538 0.447777 0.0516088
v -0.353462 -0.820398 0.546724
v -0.165883 0.178591 0.006245
v 0.101069 0.82179 -0.310323
v -0.8446102 0.36088562 0.012245178
v -0.326157 -0.777278 0.528419
v -0.663296 0.501299 -0.451769
v -0.338781 -0.754884 0.523321
v -0.882003 0.302325 0.023708
v -0.904253 0.25007 0.0285944
v -0.907203 0.225849 0.0200295
v -0.169695 -0.946584 0.331243
v -0.910953 0.183136 0.0172559
v -0.916803 0.154177 0.027123
v -0.9136 0.127617 0.0266682
v -0.329608 -0.542196 0.551452
v -0.907371 0.539415 0.186265
v -0.030807495 -0.44735336 0.722826
v -0.781106 0.622498 -0.191112
v -0.34807 -0.490957 0.562253
v -0.8623314 0.06404877 0.010532379
v -0.966481 0.0542283 0.208984
v -0.849657 -0.036444 0.018538
v -0.251339 0.63542 -0.14175
v -0.420946 0.588149 -0.0550602
v -0.89394 -0.18669939 0.037269592
v -0.337465 -0.366164 0.562993
v -0.17958069 -0.9341793 0.0718689
v -0.334721 -0.340515 0.566478
v -0.343837 -0.32218 0.573922
v -0.343355 -0.274272 0.570018
v -0.886348 -0.271725 0.015419
v -0.356547 -0.247418 0.572306
v -0.892223 -0.298341 0.0268378
v -0.881655 -0.320934 0.0149592
v 0.6221137 -0.9631102 0.16835213
v -0.554332 -0.630718 -0.00789557
v -0.522311 0.263727 0.50342
v -0.346811 -0.151561 0.565914
v -0.850925 -0.379644 0.0216843
v -0.0799758 -0.523511 0.636042
v 0.613442 -0.728474 -0.163754
v -0.831846 -0.423084 0.00939534
v -0.334136 -0.0370265 0.530521
v -0.819291 -0.458901 0.0390139
v -0.590125 -0.86306 0.18942
v 0.49768066 -0.92882156 0.5017395
v -0.779409 -0.497968 0.0403397
v -0.330428 0.0365869 0.473986
v -0.760454 -0.513132 0.0283721
v -0.516248 -0.684934 0.0303899
v -0.519159 -0.766126 0.0199601
v -0.784714 0.809866 -0.508878
v 0.212573 0.151615 0.482935
v -0.765621 -0.541641 0.161853
v -0.342587 0.137244 0.374541
v 0.8121217 -0.376194 0.15819931
v -0.746861 -0.561318 0.16935
v -0.594244 -0.827593 0.0286319
v 0.659627 -0.439923 0.528982
v -0.637296 -0.845943 0.033128
v 0.470296 -0.69543 0.63593
v 0.9762268 -0.6478901 0.08464432
v 0.987898 -0.626428 0.110477
v -0.4457 -0.711106 0.215756
v -0.458386 0.66812 -0.00539163
v -0.339197 -0.559169 -0.17763
v -0.794434 0.533888 0.0165465
v -0.802019 0.507824 0.00812354
v -0.963202 0.0858872 0.426219
v -0.318741 -0.811661 -0.153372
v 0.807958 -0.577121 0.378926
v -0.13370514 -0.93492055 0.18397903
v -0.120021 -0.452373 0.610764
v -0.953775 0.444901 0.352342
v -0.200881 0.854887 -0.0327378
v -0.563738 0.119729 0.54879
v 0.484874 -0.272417 0.645576
v -0.82933 0.377656 -0.00126237
v -0.341929 0.637366 0.0911811
v -0.7403412 0.45794678 0.5793152
v -0.349171 0.68671 0.0885028
v -0.910835 -0.0978698 0.123359
v -0.313614 0.737031 0.0614511
v -0.88173676 0.1665802 -0.017389297
v -0.345207 0.712217 0.0775709
v -0.0372088 -0.64266 0.643485
v -0.885724 0.265423 0.0115386
v -0.15571 -0.948182 0.697735
v 0.54183 -0.678021 0.579518
v 0.8859527 -0.46875864 0.20673406
v -0.441585 -0.797474 0.222239
v -0.434521 0.469683 0.186726
v -0.90652 0.205255 0.0114243
v 0.519279 -0.849263 0.535251
v -0.901568 0.16005 0.000507426
v -0.902203 0.132158 0.00799952
v -0.881088 0.112164 -0.000402414
v -0.122824 0.038573 -0.193912
v 0.939104 -0.744161 0.302276
v -0.107878 0.113867 -0.13159
v 0.425462 0.0928356 0.482156
v 0.425061 0.0555988 0.500028
v -0.838362 0.385037 0.60673
v -0.343288 -0.943106 0.587873
v -0.1515907 0.07805061 -0.1665287
v -0.580998 0.689351 -0.717214
v -0.397308 0.451088 0.0241599
v -0.325776 -0.870087 0.567589
v -0.335495 -0.841583 0.557079
v -0.664841 0.251057 0.651738
v -0.331378 -0.818917 0.543114
v -0.146546 0.0974937 -0.147528
v -0.13770819 0.112213135 -0.12823486
v -0.833108 -0.0118107 0.00497617
v 0.049424 0.724513 -0.250453
v -0.329054 -0.731247 0.525413
v 0.195183 0.038746 -0.225505
v -0.3373146 -0.6476288 0.53440857
v -0.906545 0.545563 0.274922
v -0.8748741 -0.14582825 0.004486084
v -0.886839 -0.20065 0.0176243
v -0.182985 -0.7673 0.541683
v -0.41265106 0.61569214 -0.062034607
v -0.88545 -0.242669 0.0211828
v -0.580561 0.671763 -0.466635
v -0.330242 -0.618504 0.542481
v -0.0832853 0.601902 -0.0513429
v -0.8800327 -0.40340626 0.21568799
v -0.14260864 0.8415985 -0.20669556
v -0.340138 -0.570677 0.542833
v -0.854698 -0.362531 -0.000800646
v -0.320232 -0.568291 0.550261
v -0.361586 -0.576255 0.529926
v -0.25394058 -0.9741619 0.3938179
v 0.6922226 -0.40574646 0.4963379
v -0.564476 -0.859309 0.572017
v -0.32671928 -0.50808716 0.55905914
v -0.321358 -0.965689 -0.33557
v -0.793628 -0.474958 0.0187787
v -0.3272934 -0.44717407 0.56988525
v -0.737536 0.502214 -0.324639
v -0.31305838 -0.41809988 0.5737009
v -0.668301 -0.859458 0.0940963
v -0.90029 0.102441 0.633048
v -0.502425 -0.701571 -0.00618345
v -0.506325 -0.723811 0.00156879
v -0.512055 -0.744699 0.0103508
v -0.32966 -0.299352 0.56848
v -0.070093155 -0.49051666 0.67229843
v -0.326605 -0.248705 0.566645
v -0.750691 0.644947 -0.122476
v -0.124481 0.613078 0.00682545
v -0.6641507 -0.93311405 -0.040647507
v 0.729311 -0.0786671 0.318503
v -0.574327 -0.82518 0.012195
v -0.61601 -0.842274 0.0181722
v -0.656891 -0.865622 0.022345
v -0.673767 -0.888838 0.0164132
v -0.34108973 -0.104515076 0.5570402
v -0.776259 0.551328 0.00258812
v -0.78937 0.496856 -0.0141069
v 0.500566 0.173379 0.356313
v -0.806321 0.481396 0.00151137
v 0.692141 -0.177568 -0.115257
v -0.333917 0.00137789 0.503982
v -0.819999 0.354386 -0.0199657
v -0.587791 0.701332 -0.483386
v 0.414456 -0.231341 0.674029
v -0.550474 0.371469 -0.0550813
v -0.07218552 -0.18449807 -0.32921457
v -0.314479 0.111605 0.41208
v -0.320614 0.150414 0.365471
v -0.343255 0.17012 0.330545
v 0.953873 -0.494151 0.235997
v -0.89624 0.220289 0.00103174
v -0.880377 0.215521 -0.0163599
v -0.182946 -0.971034 0.282258
v -0.884211 0.138073 -0.0121374
v -0.973845 0.171287 0.401869
v -0.719592 0.520629 -0.473279
v -0.971512 0.191491 0.413094
v 0.414294 -0.0268438 0.54862
v 0.365646 -0.216198 -0.346688
v 0.590758 -0.634867 -0.234951
v 0.9281006 -0.6570778 0.012039185
v -0.298677 0.232403 0.187635
v 0.374639 -0.200654 -0.326485
v 0.210296 -0.158529 -0.340478
v 0.152866 -0.177905 -0.385636
v -0.3936839 0.30203345 0.10666847
v 0.0424161 -0.912153 0.477891
v -0.445367 -0.807684 0.276797
v 0.66979 -0.197617 0.503761
v 0.210343 0.089303 -0.19455
v -0.838922 -0.0406116 -0.00688301
v -0.85975647 -0.06939697 0.009399414
v -0.866413 -0.0991957 0.00426265
v -0.0491899 -0.820159 0.686902
v 0.004962921 0.89537334 -0.23059654
v -0.111266 0.694361 -0.188165
v -0.8905487 -0.1557579 0.032196045
v -0.245365 -0.908072 -0.359951
v -0.886434 -0.220746 0.0262128
v 0.214559 0.0608167 -0.218664
v -0.880393 -0.251149 -0.00678837
v -0.879865 -0.29805 -0.000607586
v 0.64808655 -0.39928603 0.549675
v -0.450317 0.4155 0.0240785
v -0.321827 0.692231 0.0776794
v -0.868948 -0.342003 0.00517723
v 0.858814 -0.473105 0.230121
v 0.71684647 -0.63710785 -0.06736755
v -0.840332 -0.384282 -0.00615091
v 0.59713745 -0.78499126 -0.12484741
v -0.685407 -0.566002 -0.00366055
v -0.522555 -0.657632 0.0186402
v -0.708644 0.408507 0.613398
v -0.239489 0.541981 0.0285311
v 0.0649016 -0.969331 0.598735
v -0.6147994 -0.8661432 -0.032770157
v -0.5071564 -0.68020153 0.0005950928
v -0.502649 -0.743876 -0.0105726
v -0.304215 -0.920601 0.570293
v 0.90465 -0.804868 0.261907
v -0.510359 -0.764865 -0.00209959
v -0.215445 -0.966431 0.609478
v -0.327529 -0.961186 0.564551
v 0.5664978 -0.43982887 -0.2826538
v 0.391606 -0.732926 0.651174
v -0.696259 0.45759 -0.249003
v -0.614892 -0.830538 0.0447234
v -0.097351074 -0.59371185 0.56314087
v -0.309705 -0.826542 0.547518
v -0.425653 0.70594 -0.0179969
v -0.315431 -0.801557 0.536267
v -0.313689 -0.751538 0.525973
v -0.439128 0.680555 -0.0221549
v -0.45239258 0.6500244 -0.022277832
v -0.317076 -0.709122 0.529677
v -0.32357025 -0.6847229 0.5326042
v -0.348685 -0.970953 0.460931
v -0.311223 -0.637849 0.543092
v -0.784981 0.525635 -0.00835415
v 0.0850418 0.892112 -0.338436
v 0.6598587 -0.7426913 0.4401493
v -0.324956 -0.591634 0.547342
v -0.82159424 0.42438507 0.001865387
v 0.410007 -0.232674 -0.327732
v -0.303607 -0.524756 0.556146
v -0.285075 0.22542 0.211907
v 0.583999 -0.161641 -0.2101
v -0.477487 0.46113 0.344318
v 0.284942 -0.276196 -0.408021
v 0.371206 -0.726143 0.673533
v 0.726796 -0.651682 -0.0428777
v 0.582771 0.0437707 -0.0879975
v 0.564193 -0.16975 -0.230193
v 0.58059 0.0940031 -0.0300158
v -0.314248 -0.347845 0.568098
v -0.319235 -0.323253 0.568306
v 0.47413635 -0.4440155 0.6786041
v 0.586311 0.0778889 -0.0450925
v -0.313681 -0.275179 0.567771
v -0.15873814 -0.91805404 -0.15476751
v -0.307932 -0.220407 0.565358
v 0.53800964 -0.19578552 -0.2519989
v -0.0395998 0.639428 -0.0472222
v -0.331296 -0.196717 0.564613
v 0.872136 -0.661754 -0.0336504
v -0.32103 -0.141875 0.557734
v 0.635591 -0.921529 0.0145484
v -0.604522 0.320209 0.525209
v -0.799159 0.0250729 -0.0143439
v -0.318031 -0.0855279 0.54297
v -0.809281 -0.00111854 -0.0153035
v -0.820585 -0.0260224 -0.0224127
v -0.975464 0.133176 0.368456
v -0.85131264 -0.08332825 -0.0154953
v -0.117181 -0.745214 0.540739
v -0.868325 -0.167547 -0.0178373
v 0.430618 -0.240946 -0.318553
v -0.11315346 -0.3945613 0.6818199
v -0.31284332 0.07066345 0.448761
v -0.877277 -0.195672 -0.00967373
v -0.883301 -0.223346 -0.0011471
v -0.87436 -0.275921 -0.0168744
v -0.316647 0.131977 0.389347
v -0.870818 -0.321928 -0.0127125
v -0.188617 -0.945509 0.385803
v -0.423297 -0.754093 0.474087
v -0.857838 -0.344562 -0.0208178
v 0.571063 -0.747181 -0.233809
v 0.554825 -0.759833 -0.244165
v -0.8343239 -0.39971733 -0.008338928
v -0.818656 -0.436969 -0.0148168
v -0.415308 0.368921 0.11384
v -0.664618 -0.572218 -0.0212403
v 0.340677 -0.164901 -0.294791
v -0.63416 0.22937 0.63523
v 0.06254 0.722458 -0.176443
v -0.219643 -0.856483 0.62386
v -0.508791 -0.781617 -0.0146034
v -0.452734 0.394926 0.295123
v 0.471656 -0.943372 0.523357
v -0.90608215 -0.28505135 0.32022095
v 0.88681555 -0.5926399 -0.0008568764
v -0.151798 -0.445042 0.562229
v 0.959298 -0.546012 0.0721059
v -0.889189 0.526823 0.132692
v -0.900995 0.497549 0.127241
v -0.0997141 0.0285495 -0.20702
v 0.0842996 0.767958 -0.23198
v 0.33258 -0.127086 -0.262203
v 0.165175 -0.616546 0.736401
v 0.219493 -0.0628266 0.578672
v -0.392594 0.733597 -0.0405548
v -0.40851 0.711111 -0.0399957
v -0.856748 0.499423 0.0688525
v -0.324712 0.718491 0.0713458
v -0.774267 0.550901 -0.028791
v -0.332149 0.663423 0.0850477
v -0.28813 -0.973435 0.13158
v -0.452884 -0.76693 0.435781
v -0.779824 0.484941 -0.0374769
v -0.792404 0.467443 -0.0171703
v 0.854137 -0.512509 0.325792
v -0.799604 0.437869 -0.019428
v -0.89627075 -0.30840015 0.31747437
v -0.797957 0.392024 -0.0367378
v -0.808215 0.409956 -0.0213572
v 0.30466 -0.807085 -0.327134
v -0.597807 -0.929541 0.3308
v -0.584437 -0.905105 0.33256
v 0.727879 -0.2011 -0.0831924
v -0.687633 0.460311 -0.271029
v -0.865529 0.42248 0.0732827
v 0.508259 0.0835734 -0.115484
v -0.306555 -0.852999 0.555879
v -0.528175 0.302195 -0.0576294
v -0.5097294 0.318861 -0.0416584
v -0.474934 -0.628138 0.380937
v 0.38532066 -0.040050507 -0.22466278
v -0.0824046 0.11349 -0.135284
v -0.30749 -0.72873 0.526977
v -0.48007 0.448636 0.367449
v 0.520765 -0.403076 0.652358
v -0.43666 0.442322 0.197156
v -0.860923 -0.113524 -0.0183726
v -0.865852 -0.139205 -0.0168951
v -0.856793 -0.150817 -0.0349586
v -0.861923 -0.19177 -0.0349363
v -0.402318 -0.537712 0.52287
v -0.875124 -0.236453 -0.0243262
v -0.302714 -0.554415 0.555392
v -0.869167 -0.256215 -0.0342832
v 0.563607 -0.17146 0.574904
v 0.515919 -0.643733 -0.306771
v 0.546818 -0.669263 -0.275132
v -0.865077 -0.29969 -0.0283992
v 0.862481 -0.810521 0.324939
v -0.8281975 -0.38655376 -0.031352997
v -0.76878357 -0.19493484 -0.14375687
v -0.298973 -0.394187 0.572426
v -0.308996 -0.372257 0.568453
v -0.291956 -0.355802 0.576314
v -0.08578491 -0.5421753 0.6135254
v -0.706256 -0.542228 -0.00583332
v -0.295506 -0.330528 0.577246
v 0.5625 -0.647718 -0.266006
v -0.496634 -0.721108 -0.0200631
v -0.491136 -0.742802 -0.0316503
v -0.499035 -0.764864 -0.0225602
v -0.517363 -0.80039 -0.0178447
v -0.303503 -0.188028 0.562339
v 0.548535 -0.692857 -0.259801
v -0.325389 -0.169189 0.562132
v 0.403714 -0.0913491 -0.253591
v -0.600556 -0.977272 0.214198
v -0.318464 -0.114172 0.551023
v -0.599575 0.688787 -0.328425
v 0.10513 0.0233303 -0.24121
v -0.316004 -0.0587269 0.533051
v -0.353923 0.775871 -0.0394766
v 0.7729 -0.875003 0.0444124
v -0.0666423 0.894586 -0.154188
v 0.674737 -0.0295797 -0.044343
v -0.781088 0.516544 -0.0350506
v -0.787228 0.418389 -0.0363805
v -0.774754 0.450535 -0.0373367
v 0.66913 -0.364733 -0.204019
v -0.0111064 0.668645 -0.0771279
v -0.454622 -0.822509 0.234834
v 0.785494 -0.33355 0.339249
v -0.573236 0.823735 -0.737917
v -0.620072 -0.416016 -0.206513
v -0.24984 -0.860707 -0.337792
v -0.33866 0.782425 -0.0626829
v -0.006248355 -0.16319019 -0.318304
v -0.571653 0.226942 0.550557
v 0.825902 -0.509938 0.308053
v -0.138903 -0.961938 -0.360547
v -0.470423 0.398013 0.00927681
v -0.481488 0.382333 -0.00199333
v -0.00966184 -0.182294 -0.369937
v 0.327157 0.0311775 0.531831
v 0.21208382 -0.95929337 0.52595425
v 0.744353 -0.202506 -0.0600631
v 0.107583 -0.974321 -0.286584
v 0.580426 -0.67092 0.554081
v -0.285065 -0.581519 -0.161543
v 0.531405 -0.227685 -0.267012
v -0.173413 0.564828 -0.0503759
v 0.028592587 -0.16468716 -0.3476467
v 0.495157 -0.058757 -0.199355
v 0.520083 -0.0639556 -0.196147
v 0.876487 -0.492984 0.298292
v -0.299694 -0.959593 0.561878
v -0.303352 0.711374 0.0668127
v -0.995754 0.2044915 0.30102348
v -0.680247 0.683432 -0.158821
v -0.4032 0.345711 0.173512
v 0.717959 -0.357132 -0.1487
v 0.584553 -0.161262 0.5588
v 0.0927905 0.749306 -0.28315
v -0.20709 0.548001 -0.00806088
v -0.0174247 0.686777 -0.095926
v -0.901503 0.00393316 0.265613
v -0.799544 -0.0152047 -0.0373258
v -0.214395 -0.921865 -0.160288
v 0.773796 -0.554893 0.0128777
v -0.808275 -0.0389352 -0.044465
v -0.8244858 -0.05838394 -0.03744507
v -0.478913 -0.743792 -0.0483146
v -0.8488312 -0.12872314 -0.041996002
v -0.851446 -0.170307 -0.0431659
v -0.28188 -0.838787 0.544525
v -0.288584 -0.809548 0.535298
v -0.853074 -0.210766 -0.0531799
v -0.294151 -0.776335 0.527159
v -0.870706 -0.215634 -0.0293463
v -0.286123 -0.739851 0.524375
v -0.291633 -0.711116 0.52869
v -0.857513 -0.278498 -0.0436979
v -0.301326 -0.686446 0.534109
v -0.853387 -0.32266 -0.0378492
v 0.0071258545 0.7981758 -0.20075989
v -0.30526733 -0.6076355 0.55046463
v 0.563614 -0.672786 -0.252076
v -0.812736 -0.418327 -0.0408326
v -0.278837 -0.569018 0.555602
v -0.800447 -0.449415 -0.0387944
v -0.778713 -0.458477 -0.0579104
v -0.782373 -0.474299 -0.036193
v -0.701385 -0.510282 -0.0650488
v 0.0177526 -0.151966 0.628213
v 0.0386651 0.936205 -0.283613
v -0.307184 -0.46599 0.564706
v -0.296901 -0.438838 0.568871
v -0.393383 0.465937 0.120356
v -0.0796648 -0.970861 -0.240923
v -0.48569 -0.764435 -0.0425312
v -0.288682 -0.375999 0.57366
v -0.119897 -0.145905 -0.289203
v 0.608961 -0.36693 -0.238259
v 0.588126 -0.356042 -0.251783
v -0.498083 -0.789323 -0.0357776
v -0.289414 -0.274758 0.575346
v -0.296873 -0.251442 0.570939
v 0.00681543 -0.861065 0.685071
v -0.281878 -0.203602 0.572695
v 0.687333 -0.423322 -0.151464
v -0.175969 -0.974778 0.197564
v -0.298758 -0.159136 0.558783
v -0.295971 -0.130443 0.551312
v -0.374265 0.733569 -0.0648437
v -0.295473 -0.102875 0.541934
v -0.1440525 0.002363205 -0.2203455
v -0.774664 0.535626 -0.0579735
v -0.294718 -0.0528727 0.519079
v -0.29849815 -0.028266907 0.5098152
v -0.768974 0.474224 -0.0611612
v -0.30892563 -0.004207611 0.5012512
v -0.295416 0.0133195 0.486912
v -0.289224 0.0341489 0.473189
v -0.757254 0.448371 -0.0612213
v -0.29100418 0.06175232 0.45417786
v -0.670146 -0.911291 -0.00337474
v 0.019063234 0.06538582 -0.19429588
v -0.286213 0.124203 0.404644
v -0.274469 0.160354 0.368738
v -0.91909 0.540423 0.246105
v -0.461845 0.105861 0.462865
v 0.510239 -0.249915 -0.283354
v -0.903204 0.147067 0.636929
v 0.99558103 -0.6519222 0.17601538
v -0.58122444 0.7091303 -0.6656685
v 0.534289 -0.260665 -0.278131
v 0.483104 -0.942888 -0.0398737
v -0.770361 0.566526 -0.0582721
v 0.437749 0.117524 0.463973
v 0.5905304 -0.20061493 -0.22444153
v 0.360402 -0.0602708 0.583109
v 0.0689192 -0.262841 -0.454248
v -0.0238696 -0.935315 0.697651
v 0.00197863 -0.953742 0.576946
v 0.160315 -0.97643 -0.271807
v 0.0175112 -0.249064 -0.453042
v -0.715362 -0.390706 0.515015
v 0.184501 -0.44853 0.774312
v -0.375594 0.465587 0.00540775
v 0.0947799 -0.218651 -0.430034
v 0.383113 0.0355022 0.516148
v -0.885551 0.38029 0.060978
v 0.606691 -0.0542509 0.48063
v 0.413423 0.0299215 -0.195
v -0.283719 0.729145 0.0543214
v -0.265971 -0.270759 -0.284313
v -0.0326985 -0.1688 -0.315496
v -0.283406 0.778416 0.0328833
v -0.027236938 0.63103485 -0.116680145
v -0.742746 -0.330116 -0.168641
v -0.121338 0.595571 -0.0136178
v -0.101317 0.615294 -0.0087873
v -0.0583832 -0.174591 -0.311544
v -0.0690782 -0.162285 -0.296262
v -0.973945 0.149811 0.385573
v -0.605366 0.607054 -0.146909
v -0.0464724 -0.15629 -0.296734
v -0.713842 0.453086 -0.208463
v -0.0698229 0.0601015 -0.187972
v -0.0512725 0.12959 -0.116621
v 0.7362747 -0.4380188 0.43295288
v -0.0866057 0.15848 -0.0644745
v -0.770077 0.0132653 -0.0478197
v 0.588334 -0.796271 0.486226
v -0.2795 -0.976115 0.0325796
v -0.262126 -0.735798 0.519833
v -0.78588 -0.0275171 -0.0598292
v -0.26801 -0.715352 0.52345
v -0.1485796 -0.92060614 0.44231415
v -0.320583 -0.295796 -0.258127
v -0.287118 -0.656245 0.540412
v -0.912739 0.510811 0.148233
v 0.447462 -0.0414386 -0.202304
v 0.16836548 -0.90786743 0.6342468
v -0.861872 -0.235315 -0.0473183
v -0.850085 -0.257727 -0.0594326
v -0.278654 -0.53905 0.556032
v -0.844671 -0.300833 -0.0521112
v -0.28316414 -0.47927284 0.559788
v 0.772592 -0.515228 0.357383
v -0.840041 -0.345341 -0.0450574
v -0.283338 -0.45563 0.562022
v -0.825287 -0.368309 -0.0507942
v -0.285035 -0.414948 0.570282
v -0.8090172 -0.39372635 -0.059310913
v -0.5227356 -0.61234283 -0.050750732
v -0.165649 0.0150212 -0.210754
v -0.272034 -0.341072 0.582333
v -0.928452 0.239939 0.0720203
v -0.273225 -0.31504 0.582873
v -0.468416 0.47432 0.316367
v -0.270004 -0.28836 0.580103
v -0.273808 -0.83768 -0.288712
v -0.278717 -0.230048 0.57689
v -0.264171 -0.21343 0.582056
v 0.156796 0.0426742 -0.222639
v -0.277666 -0.176069 0.567873
v -0.407486 0.562384 0.151707
v -0.483119 -0.718447 -0.0449531
v -0.273186 -0.11572 0.548913
v 0.600125 0.0787619 -0.0278294
v 0.6070633 0.087563515 -0.00035858154
v -0.271107 -0.0671077 0.522092
v -0.27228 -0.0417476 0.509742
v -0.276679 -0.0120456 0.497251
v -0.576843 -0.814682 0.112345
v -0.148944 -0.936373 -0.362701
v 0.2573285 0.2525158 0.015512466
v 0.21023846 0.0028944016 -0.24134254
v -0.0955137 -0.94769 -0.351428
v 0.717845 -0.511545 -0.126663
v -0.32094 0.799616 -0.0586212
v -0.28675675 0.098838806 0.42391396
v -0.25093 0.152823 0.374448
v 0.8085718 -0.43035507 0.08771515
v -0.354588 0.757971 -0.0700046
v -0.293045 0.212725 0.258621
v -0.773803 0.504622 -0.0601614
v -0.0447352 -0.937427 -0.342439
v -0.994431 0.188374 0.322601
v -0.0678936 -0.956628 -0.342571
v -0.746211 0.426681 -0.0655751
v 0.539837 -0.758132 -0.256257
v 0.0955992 -0.98117 -0.268336
v -0.142972 0.580622 -0.0192089
v -0.167599 -0.957525 0.532343
v -0.57845116 -0.887568 0.5736065
v -0.993434 0.159343 0.331887
v -0.799314 -0.217545 0.474154
v 0.318163 -0.267826 0.72709
v 0.478141 -0.753422 0.588497
v -0.106296 -0.720139 0.534632
v 0.40532684 0.15056992 -0.10801697
v -0.639804 0.544062 -0.560566
v 0.424114 0.137103 -0.111836
v -0.259813 0.539988 -0.0611705
v -0.854436 -0.0480556 0.363589
v -0.9860985 0.10734177 0.30871964
v -0.270393 0.754327 0.0426678
v 0.0317604 -0.0929305 -0.281877
v 0.002796173 -0.9222777 -0.1882
v -0.25526857 0.21803832 0.026138306
v -0.320679 -0.516413 -0.198807
v -0.304462 0.805883 -0.0818472
v -0.973728 0.100206 0.339842
v -0.575743 0.59242 -0.334798
v 0.611422 -0.0521407 -0.143225
v -0.0559615 0.076662 -0.172605
v -0.565139 -0.89815 0.312876
v -0.023727417 0.08517456 -0.17313385
v -0.0973992 -0.946103 0.557726
v 0.448207 0.127414 -0.103311
v -0.0211886 0.0595553 -0.203221
v -0.952598 0.0582827 0.45944
v -0.19598389 0.58898926 -0.10903931
v -0.0463392 0.0606044 -0.196291
v -0.0610192 0.0419229 -0.208712
v -0.0529677 0.0191576 -0.226965
v 0.0508024 -0.175862 0.690951
v -0.262402 -0.792095 0.527186
v -0.409346 0.293162 0.044444
v -0.275654 -0.960378 0.567022
v -0.265201 -0.75979 0.52173
v 0.509232 -0.0837081 -0.21486
v -0.752703 0.0161898 -0.0672513
v -0.759192 0.0408442 -0.0515919
v -0.26992226 -0.8159065 -0.25307846
v -0.270586 -0.686156 0.530143
v -0.689895 0.315307 0.64708
v -0.265946 -0.630455 0.545549
v -0.767424 -0.00609457 -0.0645628
v -0.254824 -0.581469 0.551784
v -0.65879 0.404921 -0.099919
v -0.254585 -0.553665 0.553575
v -0.712003 -0.929705 0.111741
v -0.0976561 -0.763108 0.587432
v 0.502658 -0.17144 -0.259224
v -0.599374 0.205689 0.601339
v -0.8378906 -0.17391968 -0.0605011
v -0.262036 -0.94543 -0.0097088
v -0.271581 -0.435595 0.562774
v -0.8208008 -0.19567871 -0.0900116
v -0.274157 -0.391055 0.57245
v -0.269794 -0.366696 0.578792
v -0.567835 0.749962 -0.746613
v 0.19197 -0.652335 0.72227
v -0.835817 -0.280232 -0.066461
v -0.832698 -0.323412 -0.0600821
v -0.879749 0.402918 0.0785044
v 0.507781 -0.890855 0.5341
v 0.75102615 -0.52978516 -0.061294556
v 0.51512 -0.143307 -0.247377
v 0.536982 -0.129383 -0.228337
v -0.260122 -0.192412 0.579291
v 0.371918 0.0410816 -0.205025
v 0.677074 -0.101174 0.432337
v -0.270981 -0.144947 0.561369
v -0.120432 0.0154763 -0.213773
v -0.168017 0.835035 -0.0449227
v -0.272096 -0.0910439 0.535971
v -0.00557327 -0.257691 -0.457025
v 0.693615 -0.669552 -0.0892282
v -0.498366 -0.669949 -0.0318874
v -0.463911 0.445262 0.298314
v -0.268697 0.0146691 0.481877
v 0.2767067 -0.17956495 -0.35370064
v -0.262769 0.0396795 0.463407
v -0.7411499 0.50180054 0.5289459
v 0.19688034 0.17190552 -0.10431671
v 0.354593 -0.575964 0.712
v -0.710972 0.860307 -0.681853
v 0.398973 -0.928578 -0.257574
v 0.263063 -0.973191 0.208856
v 0.824202 -0.865119 0.254252
v -0.157238 -0.966269 0.656233
v 0.425674 0.194299 0.380565
v -0.169435 -0.958137 0.675931
v -0.322852 0.789174 -0.0779227
v 0.603365 -0.501785 -0.245335
v -0.32878113 0.77306366 -0.08773041
v -0.5739441 0.73553467 -0.702301
v -0.688024 0.398741 0.611334
v -0.3312683 0.753582 -0.097969055
v 0.27064 -0.257393 0.732552
v 0.573876 0.0239111 0.461184
v -0.770711 0.550732 -0.0809229
v 0.373069 0.00670154 0.526961
v -0.68771 -0.89441 0.0350534
v -0.319362 -0.779966 -0.123678
v -0.76395 0.523484 -0.0811703
v 0.649981 -0.0457621 0.42739
v -0.106065 0.881133 -0.1057
v -0.10724 0.902791 -0.0975581
v -0.757187 0.465098 -0.0835899
v 0.339651 -0.000239483 0.532481
v -0.178641 -0.103237 0.564471
v -0.931261 0.509122 0.335313
v -0.732831 0.430447 -0.0844219
v 0.557955 -0.575611 -0.265124
v -0.169173 -0.0604619 -0.262852
v 0.063568115 0.06491852 -0.19474411
v 0.0824508 -0.294142 -0.463587
v -0.273915 -0.967094 0.15181
v -0.801062 0.502039 0.506059
v -0.102036 0.16624832 -0.04168129
v 0.479678 -0.967229 0.0134418
v 0.463843 -0.968076 -0.00600455
v -0.161952 -0.398802 0.573897
v -0.887671 0.190516 0.644299
v 0.177863 -0.0174894 -0.260835
v 0.666659 -0.718783 0.448795
v 0.885578 -0.642355 -0.0250793
v -0.20244598 -0.9601536 0.38224792
v -0.141305 0.63938 0.0157542
v 0.256692 -0.950624 0.0189968
v 0.869537 -0.614617 -0.0194921
v -0.334245 0.695379 -0.112029
v -0.24449 -0.744255 0.514015
v 0.433603 -0.946934 -0.20491
v 0.563624 -0.0396881 0.506631
v -0.25159454 -0.7161398 0.5182781
v -0.15953 0.170837 -0.0190339
v -0.255117 -0.655495 0.533919
v 0.424387 0.0713921 -0.167601
v -0.249322 -0.606828 0.546837
v -0.4905243 -0.49404907 -0.18702698
v -0.5129471 -0.5115013 -0.1753807
v -0.949111 0.262535 0.481538
v 0.878919 -0.553499 0.0237557
v -0.24765873 -0.49116135 0.55874586
v -0.804825 -0.106141 -0.0790285
v -0.259794 -0.458747 0.559363
v -0.550392 -0.802182 0.0422893
v -0.8192444 -0.14397621 -0.073776245
v -0.40457 0.53269 0.154653
v -0.25857 -0.411102 0.564918
v -0.75788 0.55255 -0.171832
v 0.555563 -0.655425 0.581198
v -0.838273 -0.232406 -0.0743847
v -0.825909 -0.260272 -0.0804639
v -0.945615 0.398315 0.344934
v -0.823782 -0.302745 -0.0744926
v -0.248726 -0.305116 0.576471
v -0.820325 -0.346228 -0.0672244
v -0.266842 -0.258245 0.578641
v -0.253428 -0.232055 0.585201
v -0.244467 -0.2089 0.587573
v -0.144293 -0.0678467 -0.271741
v -0.806948 -0.37013 -0.0744957
v -0.7284775 -0.21674919 0.54193115
v -0.110824585 0.78326035 -0.1244812
v -0.254313 -0.124167 0.557589
v -0.14443398 -0.08813524 -0.27817678
v 0.0185284 0.150523 -0.0878208
v 0.0385186 0.163325 -0.0801119
v -0.0921495 -0.304122 0.708213
v -0.247115 -0.0283868 0.506534
v -0.2438221 -0.005794525 0.4949646
v -0.591064 0.574453 0.0772163
v -0.588289 -0.266823 -0.224733
v -0.2720642 -0.23357391 -0.28344727
v -0.247773 0.0592667 0.445986
v -0.03755188 0.12725067 0.44596863
v -0.547022 -0.640528 0.0143791
v 0.219961 -0.234795 -0.415067
v 0.380757 0.120542 -0.154045
v -0.241474 0.134317 0.393711
v 0.437292 0.180629 -0.0390687
v 0.7976403 -0.22621536 0.083976746
v -0.71738434 -0.57518005 0.06388855
v 0.619854 -0.266086 0.570789
v -0.50190735 -0.5433502 -0.13993073
v -0.583224 0.663106 -0.339372
v 0.486293 -0.240784 -0.290296
v -0.2254 0.0550378 -0.188667
v 0.648335 -0.167497 -0.157675
v 0.601564 -0.225769 -0.227028
v -0.0432141 -0.527098 0.689919
v 0.0127185 0.201325 -0.0118429
v -0.569259 0.761362 -0.727247
v 0.317997 0.174047 0.455401
v 0.0405293 0.202396 -0.0294919
v -0.199717 0.586254 0.0328508
v 0.214473 -0.134208 0.651903
v 0.477911 -0.214263 -0.282166
v 0.22241783 -0.1884082 -0.38307953
v -0.194964 -0.813955 0.59897
v 0.0168855 -0.223586 -0.434331
v -0.301514 0.814263 -0.0536151
v -0.766666 0.493281 -0.0853103
v -0.538618 -0.116094 -0.223503
v -0.287708 0.70315 0.0529509
v 0.378612 -0.144256 -0.275176
v 0.106112 -0.125792 0.624015
v 0.685188 -0.00858179 0.011353
v -0.775904 0.156378 0.691952
v -0.08345032 0.66231155 -0.037021637
v 0.531194 -0.949309 0.0147215
v 0.529215 0.0850184 0.439112
v -0.524597 -0.876954 -0.0845724
v -0.919399 0.0942065 0.615422
v 0.14261 0.167309 -0.117836
v -0.789986 -0.122308 -0.0985195
v 0.100076 0.252135 0.287499
v 0.441671 -0.62244 0.652225
v -0.8137207 -0.17427826 -0.08947754
v -0.241695 -0.770038 0.51732
v -0.7783623 -0.5046387 0.05407715
v -0.226489 -0.753022 0.510159
v -0.799203 0.789719 -0.510488
v -0.817623 -0.217432 -0.0968148
v -0.815056 -0.325669 -0.0830101
v -0.241812 -0.677655 0.523033
v -0.805263 -0.34843 -0.0910587
v -0.239093 -0.629877 0.536738
v -0.00342862 -0.945488 -0.327939
v -0.49199605 0.44493258 0.40424824
v -0.636056 -0.835289 0.0610928
v 0.365556 -0.354492 0.713749
v -0.228841 -0.540685 0.549031
v -0.789651 -0.370846 -0.0979407
v 0.0241634 -0.156594 -0.31974
v 0.202081 0.234296 -0.0187158
v 0.41492 -0.591147 0.677146
v 0.15119243 -0.14990926 -0.33469534
v -0.244801 -0.434054 0.55841
v -0.458424 -0.798122 0.526778
v -0.216261 0.121053 -0.117043
v -0.245026 -0.381799 0.569831
v 0.66533 -0.0342957 -0.0691146
v -0.247695 -0.350407 0.577799
v -0.25334 -0.327341 0.581215
v -0.356297 0.0442177 0.467542
v 0.326787 -0.841637 0.60752
v -0.2249775 -0.2949276 0.57124376
v -0.236454 -0.252419 0.58422
v -0.255053 0.665758 0.0141397
v 0.0946742 -0.245464 -0.445327
v -0.221425 -0.202929 0.59051
v -0.23984528 -0.18381119 0.5829811
v -0.41836548 -0.9778271 0.37538147
v -0.241882 -0.142408 0.567425
v -0.192416 -0.763818 0.521703
v -0.364962 0.538622 0.12553
v -0.62125015 0.40935898 0.5427246
v -0.24755049 -0.05747986 0.5203476
v -0.61298466 -0.8812332 0.19301987
v 0.381533 0.141365 -0.133246
v 0.37172318 0.15751266 -0.1179924
v -0.28573608 0.798378 -0.11379242
v -0.566813 -0.645046 0.0505214
v -0.23110104 0.035614014 0.46505737
v -0.457961 -0.73295 0.179807
v 0.849161 -0.735345 0.401436
v 0.496198 -0.743033 0.580438
v -0.22465134 0.10491943 0.41698265
v 0.259231 -0.655704 0.725731
v -0.808554 -0.0308904 0.424499
v -0.763616 0.540904 -0.102333
v -0.756735 0.480547 -0.113033
v 0.8110151 -0.3613701 0.12604523
v -0.741915 0.451903 -0.100231
v -0.16114902 0.15415573 -0.064754486
v -0.51295 -0.945242 0.618879
v -0.8646164 0.14803982 -0.025260925
v -0.513781 -0.73479 0.0827018
v -0.177416 0.165257 -0.0404819
v -0.07306194 -0.19509268 0.62735367
v 0.453715 0.0347731 -0.176287
v 0.789173 -0.34916 0.0250765
v 0.79847 -0.319087 0.0627285
v -0.0501706 -0.178538 0.621997
v -0.797703 -0.151643 -0.0970308
v -0.638794 -0.957672 0.415493
v -0.663104 -0.468782 -0.151871
v -0.813121 -0.243418 -0.0971862
v 0.37395 0.130202 0.473461
v 0.4049301 0.11672974 0.4734192
v -0.814371 -0.282889 -0.0887467
v -0.807193 -0.307101 -0.0995667
v -0.199962 0.133684 -0.0973766
v -0.9548569 0.1272583 0.10713196
v -0.254989 0.774012 0.0304235
v 0.631688 -0.540245 -0.213164
v -0.21611 0.79467 -0.00241466
v -0.850504 0.449219 0.533135
v 0.07175255 0.046785355 -0.20788383
v -0.898916 0.407727 0.131288
v 0.482486 -0.172645 -0.268105
v -0.959848 0.476214 0.252465
v 0.0520283 0.0136204 -0.228482
v -0.16844 -0.836518 -0.340515
v -0.94815636 0.2593422 0.51893616
v 0.0561144 0.160176 -0.0936543
v -0.082514 -0.914398 0.500717
v 0.11765 0.192376 -0.0912416
v -0.247585 -0.811248 0.537511
v 0.609476 0.0269931 -0.0846978
v -0.4564855 -0.93846893 -0.13260698
v -0.0012224913 -0.54628754 0.71131325
v -0.553656 0.441701 0.481217
v -0.08026886 0.13426018 -0.10933304
v -0.365742 0.127481 0.382812
v -0.222512 -0.726735 0.506152
v -0.267562 0.142568 0.389948
v 0.0326131 0.905246 -0.338215
v -0.22731781 -0.64914703 0.5248337
v 0.0489704 0.929597 -0.345226
v 0.277319 -0.972649 -0.189154
v -0.226184 -0.606008 0.535707
v -0.15072 -0.985023 -0.327168
v 0.368321 0.207721 -0.040067
v 0.134894 -0.963426 0.629051
v 0.431705 0.142197 0.44079
v -0.222982 -0.51109 0.550969
v -0.214011 -0.480958 0.549539
v -0.230441 -0.45813 0.556882
v -0.255246 -0.951222 -0.368508
v 0.669805 -0.170396 -0.138372
v 0.658664 -0.14423 -0.145965
v -0.231346 -0.407994 0.557638
v -0.771275 0.561099 -0.0992742
v -0.759413 0.51362 -0.106876
v -0.223657 -0.356836 0.563892
v -0.736814 0.458482 -0.129581
v -0.676553 -0.873358 0.0407415
v -0.633837 0.153308 0.674407
v -0.27669 -0.943752 -0.0366128
v 0.556798 -0.719653 0.544799
v -0.228566 -0.227519 0.590992
v 0.61711884 -0.07447052 -0.15379333
v -0.190717 0.00525295 -0.214307
v -0.19727 -0.020295 -0.226071
v -0.227959 -0.163062 0.579754
v -0.123749 -0.732513 0.517487
v -0.0312185 0.623098 -0.0869281
v 0.654677 -0.25954 0.543242
v -0.800051 -0.204191 -0.114157
v -0.797801 -0.229039 -0.116626
v -0.802138 -0.329582 -0.103523
v -0.11656618 0.13451958 -0.09870529
v 0.389806 0.14602 0.458838
v -0.24064696 0.013412476 0.4819336
v -0.78886 -0.34776 -0.112626
v -0.78808594 -0.39631653 -0.0823822
v -0.770977 -0.368745 -0.117344
v 0.158173 -0.24969 -0.437787
v -0.176028 -0.793193 0.587971
v 0.20046616 -0.17034817 -0.36437225
v 0.718667 -0.853293 -0.0263149
v 0.939702 -0.775313 0.158906
v -0.033158 -0.193281 0.673807
v -0.028575 0.984593 -0.209077
v 0.914266 -0.792635 0.111889
v 0.4689331 -0.93780136 -0.09743118
v -0.389858 0.710839 -0.0601545
v -0.187034 0.871855 -0.145491
v -0.76938 0.557737 -0.119249
v -0.06086 0.930081 -0.143924
v -0.757086 0.535228 -0.126208
v -0.760348 0.507882 -0.134279
v 0.342858 -0.652463 0.697506
v -0.75036 0.482966 -0.145577
v 0.824994 -0.700458 0.427419
v 0.843941 -0.683839 0.417423
v 0.171739 -0.200748 -0.408082
v -0.74311 0.594332 -0.0140872
v 0.0436273 0.133646 -0.127106
v 0.586591 -0.629288 0.563216
v 0.111522 0.214266 -0.0517815
v 0.138299 0.214194 -0.0620647
v -0.688266 -0.89084 0.0607596
v -0.217356 0.732678 -0.032627
v -0.235744 0.792072 0.0142076
v -0.211297 0.836292 -0.0167073
v -0.0378773 -0.977664 -0.245769
v -0.779148 -0.165011 -0.121812
v 0.427793 -0.572639 0.672826
v -0.585977 0.506762 -0.101681
v -0.889539 -0.00256496 0.116477
v -0.793898 -0.284331 -0.116209
v -0.446318 0.173751 0.463916
v -0.786886 -0.319516 -0.123878
v 0.288809 0.173261 0.45675
v -0.365584 0.195553 0.326816
v -0.209844 0.122471 0.396592
v -0.37215042 0.21892023 0.3243637
v -0.188013 0.705309 -0.0471413
v -0.769363 -0.347082 -0.132234
v -0.753235 -0.369847 -0.135272
v 0.954264 -0.753429 0.154866
v -0.682572 0.480571 -0.367639
v 0.136533 -0.241133 -0.437308
v -0.205409 -0.750283 0.50311
v -0.954041 0.42353 0.336208
v 0.806458 -0.623655 0.410905
v 0.0176585 0.951466 -0.317851
v -0.108541 -0.326096 0.694162
v -0.20285034 -0.65478516 0.5115814
v 0.0233683 0.931702 -0.3293
v 0.20283484 -0.065588 -0.2658472
v -0.0848979 -0.475807 0.657724
v 0.294964 0.247528 0.00678316
v -0.47124365 -0.92186403 -0.12517416
v -0.2325077 -0.5766165 0.54448414
v -0.124704 0.162109 -0.0459628
v -0.202838 -0.529508 0.53841
v 0.372417 -0.089981 -0.249611
v 0.5156517 0.13290787 -0.04573059
v 0.4543743 -0.0915966 -0.2463398
v 0.421577 -0.256242 -0.336248
v -0.217052 -0.431147 0.553357
v -0.204881 -0.405855 0.550786
v 0.440886 -0.26361 -0.326629
v -0.216657 -0.383339 0.556237
v 0.521038 -0.621309 0.60782
v -0.648462 -0.319546 -0.21326
v -0.229586 -0.326371 0.570207
v 0.480923 -0.0731233 -0.216057
v -0.648637 -0.96746 -0.0626315
v -0.216403 -0.27125 0.581511
v -0.211144 -0.245904 0.589967
v 0.220829 0.163337 -0.113918
v 0.644351 0.00093683 0.401969
v 0.133675 0.185988 -0.101985
v -0.21769 -0.181545 0.588377
v 0.15757 -0.224758 -0.426778
v -0.166763 0.878203 -0.163114
v -0.213168 -0.138158 0.575229
v -0.181821 0.854887 -0.167918
v -0.149317 -0.804828 -0.309608
v -0.22999191 -0.112472534 0.55610657
v -0.220824 -0.0676165 0.532951
v -0.219858 -0.0406129 0.518702
v -0.438149 0.306473 0.00442476
v -0.765544 0.554567 -0.143946
v -0.581956 0.542961 -0.186667
v 0.817456 -0.8429 0.0363725
v -0.845881 -0.430758 0.273361
v -0.271329 -0.367463 -0.250557
v -0.48724365 0.5069847 0.37286758
v 0.930338 -0.583954 0.358074
v -0.14649 -0.0433183 -0.257349
v -0.122113 -0.0798761 -0.278705
v -0.486749 -0.68211 0.225798
v 0.136868 -0.492812 0.763463
v -0.105255 -0.483036 0.613026
v -0.132259 -0.954359 0.69943
v 0.70853 -0.571232 -0.125153
v -0.20648 0.170738 -0.0446317
v 0.831492 -0.639299 0.417388
v 0.302812 -0.976726 -0.228719
v 0.85121 -0.659909 0.414397
v -0.21272 0.187948 -0.0131214
v 0.945574 -0.526687 0.0738363
v -0.669598 0.536278 -0.57207
v -0.64746 0.54881 -0.591248
v -0.782785 -0.189625 -0.128662
v -0.223285 0.817208 0.000386298
v -0.092622 -0.919323 -0.189302
v 0.738972 -0.623442 -0.0329586
v -0.782089 -0.213848 -0.134721
v -0.643449 0.394488 -0.0869733
v 0.15289307 0.16994095 0.4651947
v 0.00508564 0.984047 -0.257912
v -0.7784462 -0.23955154 -0.13801575
v 0.0053753853 0.96161044 -0.2364192
v -0.763755 -0.324874 -0.148816
v -0.750262 -0.351162 -0.152783
v -0.735485 -0.375069 -0.153644
v -0.680526 0.397427 -0.0885339
v -0.661949 0.38706 -0.0853318
v 0.418486 0.097494 -0.153986
v -0.193599 -0.723337 0.496042
v 0.323725 0.226619 -0.0297141
v -0.537774 0.533745 0.44873
v -0.0813559 -0.256491 0.692566
v -0.221045 0.0865363 -0.155618
v -0.380582 -0.652632 0.505689
v -0.205772 0.102549 -0.139338
v 0.72210693 -0.07630396 0.34185028
v -0.1963911 -0.5858612 0.5216732
v 0.20525342 -0.13546675 -0.2942884
v -0.18360233 -0.54730225 0.52501106
v -0.349473 -0.840606 -0.147647
v -0.363807 -0.863836 -0.153723
v -0.195422 -0.500737 0.538775
v -0.06666565 -0.050559998 -0.26817417
v -0.202003 -0.452656 0.547305
v -0.825647 -0.071538 0.410189
v -0.26799202 -0.6029358 -0.1534729
v -0.082717896 -0.029830933 -0.25832558
v -0.194139 -0.385155 0.55229
v -0.19821 -0.363014 0.554605
v -0.755786 0.530461 -0.151603
v -0.203674 -0.336276 0.558715
v -0.605889 -0.91213 -0.0730804
v -0.759538 0.506211 -0.160857
v -0.74715 0.486367 -0.173863
v -0.818457 -0.472394 0.261089
v -0.26208 0.730321 0.0330972
v 0.812623 -0.749569 0.423017
v 0.07196045 -0.88625526 0.6635132
v -0.196792 -0.193204 0.592476
v -0.474389 -0.827362 0.574131
v -0.20484 -0.164647 0.587967
v -0.581939 0.6706805 -0.38271904
v 0.92544 -0.519913 0.0664372
v -0.205844 -0.109839 0.562415
v 0.0228359 -0.174888 -0.370639
v -0.0242655 -0.241653 -0.444955
v -0.0260204 -0.205346 -0.409623
v 0.701696 -0.599266 -0.122092
v -0.529103 0.423397 -0.0135696
v 0.73171234 -0.5027008 0.43553162
v -0.19303894 -0.0004119873 0.4992218
v -0.772717 -0.296087 -0.143051
v -0.6656513 0.58258057 0.37101746
v 0.5189066 0.17450523 0.048164368
v -0.8725052 0.40966797 0.5559082
v 0.432614 -0.096 -0.254996
v 0.414557 -0.112947 -0.266307
v 0.899275 -0.795168 0.0728969
v 0.550435 -0.85171 0.49819
v 0.63274 0.0631169 0.0037401
v 0.67435455 -0.47816467 -0.16322327
v 0.916431 -0.656074 0.376544
v 0.413701 -0.315267 -0.359196
v 0.34008 0.212985 -0.046969
v 0.917683 -0.771165 0.0651879
v 0.548802 0.037702 0.464055
v 0.787723 -0.32432 0.0129776
v 0.551957 -0.920093 -0.0160114
v -0.0194223 -0.151135 -0.297886
v 0.39984 -0.612477 0.676353
v 0.391831 -0.59107 0.689896
v -0.133621 0.169716 -0.0229545
v -0.549824 0.211071 0.544576
v -0.550094 -0.80924 0.12285
v 0.275392 -0.390545 0.739568
v -0.445122 -0.668503 0.408701
v 0.53585815 -0.046936035 -0.18092346
v -0.376094 -0.889839 -0.162646
v -0.347129 0.49787 -0.0306989
v -0.386618 -0.904089 -0.147341
v -0.19954 0.809016 -0.0156478
v -0.395735 -0.926921 -0.143653
v -0.146611 0.882799 -0.181032
v -0.780273 0.599057 -0.17308
v -0.774458 0.575725 -0.159317
v -0.703668 0.52557 -0.527678
v -0.653504 -0.846855 0.0781521
v 0.05068016 0.23140335 0.31929016
v 0.180775 -0.933136 0.188045
v -0.756428 0.526196 -0.172645
v -0.758735 0.508772 -0.185632
v -0.730827 0.469256 -0.189738
v -0.465823 -0.806348 -0.0703737
v -0.325006 0.561325 -0.081654
v -0.28455448 -0.08080673 -0.24395752
v -0.121558 -0.879752 0.709529
v -0.164632 -0.72073 0.488783
v -0.650236 0.90886 -0.725971
v 0.55763245 -0.021118164 -0.15532684
v -0.67486763 0.38438797 0.6106796
v 0.0220967 -0.122003 -0.284301
v -0.100941 -0.269285 -0.438424
v -0.679024 0.353487 0.625198
v -0.0943412 -0.245154 -0.424747
v 0.685116 -0.611582 -0.137599
v -0.193995 -0.838816 -0.339525
v 0.280876 0.236885 -0.0178888
v -0.746476 -0.53191 0.0314179
v -0.0277033 0.133989 -0.109039
v 0.467955 -0.740083 0.611142
v -0.185604 -0.472733 0.539155
v 0.0765195 0.0186181 -0.233357
v -0.190057 -0.426164 0.546889
v 0.27873 0.170484 -0.11376
v -0.179334 -0.401187 0.552938
v 0.272773 0.0459621 -0.23172
v 0.278036 -0.141787 -0.279433
v 0.298648 0.0483325 -0.225138
v -0.206675 -0.312725 0.565054
v -0.193845 -0.291236 0.577466
v -0.35731506 -0.96631694 0.24795532
v -0.191814 -0.261075 0.585895
v 0.309398 0.0707807 -0.208027
v -0.27654 0.662877 0.0278209
v 0.431243 -0.280513 -0.341431
v -0.164938 -0.923586 0.457125
v -0.188451 -0.725157 -0.152064
v -0.656173 0.214495 -0.0948448
v -0.191064 -0.148157 0.585369
v -0.186635 -0.12724 0.576413
v -0.137327 -0.272195 0.622628
v -0.1904583 -0.05517578 0.5361328
v -0.348317 -0.85047 -0.170891
v -0.110189 0.0355267 0.48784
v -0.194968 -0.0234254 0.51546
v 0.573814 -0.065162 0.50807
v -0.849606 0.00044975 0.48148
v -0.35562325 -0.8825588 -0.2062149
v -0.748251 -0.00562012 -0.0827325
v -0.803239 -0.019834 0.448874
v 0.60657 0.0235729 0.433246
v -0.152185 0.604896 -0.117951
v 0.44032 -0.436745 0.698493
v 0.113287926 -0.1449523 -0.32168293
v -0.321364 0.240064 0.174222
v -0.771962 0.576746 -0.185507
v 0.030413628 0.8744793 -0.24807358
v -0.2754805 0.21849346 0.0036678314
v -0.05332184 0.1594162 -0.07486725
v 0.12408447 -0.89063644 0.64738464
v -0.585083 0.711399 -0.57123
v -0.482147 0.061854 0.469133
v -0.29141092 0.22660828 0.023130417
v 0.008415222 0.20938206 0.010387421
v -0.40371084 0.32608986 0.11437607
v 0.0430275 -0.240116 -0.448097
v -0.584922 0.588212 -0.187096
v -0.66863346 0.33492756 0.62224483
v 0.416264 -0.527673 0.690314
v 0.399135 -0.506596 0.702252
v -0.89475346 0.02262497 0.088581085
v 0.826262 -0.585219 0.38952
v -0.05353 0.969887 -0.21529
v 0.392842 -0.0693212 -0.23346
v -0.546258 -0.873015 0.316004
v 0.702386 -0.430034 -0.131598
v -0.07143593 0.12456322 -0.12346268
v -0.928517 0.528589 0.196622
v -0.35386658 0.5235596 -0.05117798
v -0.0396216 0.0947616 -0.153868
v -0.203905 -0.617294 -0.179898
v -0.186725 0.834607 -0.026969
v -0.176263 0.857177 -0.038073
v 0.60942 -0.549036 -0.22854
v -0.197254 -0.642004 -0.174879
v -0.191267 -0.670393 -0.165422
v 0.574372 -0.270011 0.593545
v -0.331848 -0.837644 -0.18626
v -0.5484 0.486819 0.478909
v -0.165449 -0.900849 0.694686
v 0.936374 -0.509753 0.0882379
v 0.488436 -0.886867 0.554406
v -0.386905 -0.920607 -0.171364
v -0.59739 0.760331 -0.764638
v -0.395248 -0.950825 -0.162262
v -0.18049812 -0.6940985 0.49366093
v -0.118824005 -0.02558899 -0.25130272
v -0.0867523 0.941246 -0.199177
v -0.967673 0.0795981 0.468713
v -0.93476605 -0.23564148 0.264637
v -0.110349 0.88445 -0.216877
v -0.18027878 -0.6011658 0.51159286
v -0.735166 0.521422 -0.396347
v -0.78057 0.596691 -0.19537
v -0.698943 0.242599 -0.094351
v -0.175558 -0.519658 0.52862
v -0.6239128 -0.95916617 0.37265778
v -0.166939 -0.492158 0.533173
v -0.15687 -0.466807 0.543716
v -0.32867 -0.982578 0.0280841
v -0.39696 -0.885409 0.591062
v 0.5959244 0.05038452 0.4226265
v -0.306625 0.667142 -0.129178
v -0.174667 -0.374357 0.56446
v 0.214819 0.0291391 -0.23308
v -0.179128 -0.345935 0.564086
v -0.184133 -0.319193 0.568459
v -0.743117 -0.482169 -0.0726672
v -0.356082 -0.963794 0.568969
v -0.31520796 -0.9689722 0.533762
v -0.20203876 -0.224329 0.5905299
v 0.50603485 0.039915085 -0.14790726
v -0.181043 -0.218861 0.589975
v 0.520907 0.0590781 -0.126111
v -0.180966 -0.168885 0.593196
v -0.169767 -0.147412 0.584417
v -0.0363952 -0.130317 -0.289882
v -0.0069713593 -0.2796135 -0.46792603
v -0.6461754 0.5801134 0.10443115
v 0.882839 -0.50117 0.0803898
v 0.0385308 -0.265929 -0.462256
v 0.122184 -0.945664 0.537321
v -0.72343445 0.29675293 0.6728287
v 0.5800705 -0.13346577 -0.20073318
v -0.490509 -0.820782 0.19787
v -0.204536 -0.917718 0.670285
v 0.426992 -0.968187 -0.104705
v 0.9890342 -0.6605072 0.14047241
v -0.191556 0.0992101 0.418065
v 0.466578 -0.795904 0.559401
v -0.67139935 0.79364777 -0.46259308
v 0.9982996 -0.58191824 0.20542145
v 0.66934204 -0.5940552 -0.16070557
v 0.10037947 0.05564928 -0.20323181
v -0.374488 0.482919 0.113814
v 0.910596 -0.502951 0.0833394
v -0.765753 0.601522 -0.0935364
v -0.55663 -0.802414 0.0967636
v 0.139852 -0.969825 0.582503
v 0.960996 -0.595287 0.0576167
v -0.212024 -0.592291 -0.18471
v -0.168934 -0.879063 0.682184
v 0.32508087 -0.20604974 -0.3578987
v -0.187368 -0.657604 -0.196576
v -0.180792 -0.684798 -0.196003
v -0.17738175 -0.7294972 -0.17904091
v 0.459619 -0.113389 0.608729
v 0.122028 -0.30385 0.754145
v -0.172912 -0.735665 -0.20068
v -0.179176 -0.755047 -0.18827
v 0.621219 -0.874714 -0.0339732
v -0.555451 0.465219 0.487538
v -0.71805 0.678737 -0.148109
v -0.0700521 0.948538 -0.218837
v -0.226356 -0.333007 -0.294001
v -0.106625 0.9131 -0.200392
v 0.0728819 0.70305 -0.190703
v -0.875193 -0.406257 0.243616
v -0.754695 0.561969 -0.199818
v -0.754562 0.534233 -0.19308
v -0.758112 0.515286 -0.210826
v -0.815854 -0.494731 0.127172
v -0.7768872 -0.5265298 0.113492966
v -0.7457733 0.49764633 -0.22348785
v 0.340002 0.269752 0.192736
v -0.178219 -0.746456 0.502642
v -0.62029266 0.5212097 0.49500275
v -0.577713 -0.5104294 -0.16350555
v -0.72943 0.476536 -0.217224
v -0.130451 -0.331177 -0.448285
v -0.170338 -0.672976 0.494049
v -0.960008 0.48491 0.279147
v -0.122432 -0.941364 -0.357568
v -0.17417908 -0.63986206 0.5025406
v -0.10400009 -0.90013945 -0.35454178
v -0.15076447 -0.88946533 -0.3604908
v -0.160285 -0.572944 0.512538
v -0.9423857 0.300642 0.3934822
v 0.47466278 -0.94908047 0.49583435
v -0.62764823 0.25704074 -0.09277028
v -0.0503343 -0.935658 -0.212363
v 0.633382 -0.242125 0.557265
v 0.0271492 0.0121593 -0.228861
v -0.648844 0.624952 -0.689991
v 0.0730494 0.86931 -0.359597
v -0.625511 0.617346 -0.689569
v 0.0449896 -0.159675 0.666934
v 0.0209658 -0.17484 0.683331
v -0.875432 -0.405542 0.161972
v 0.0418136 0.706453 -0.226221
v 0.5220375 -0.61743 -0.29805756
v 0.249024 -0.817578 0.645379
v 0.137481 0.200331 -0.0852026
v -0.212074 -0.548497 -0.21435
v -0.20541 -0.580043 -0.209427
v -0.208336 0.757661 -0.182183
v -0.19703865 -0.6140137 -0.20534897
v -0.873326 -0.00326685 0.330759
v -0.173207 -0.697984 -0.22343
v -0.225711 -0.778682 -0.154171
v -0.45582 -0.748101 0.356533
v 0.424094 -0.920396 -0.244081
v -0.168469 -0.303948 0.585661
v -0.344318 -0.858844 -0.19509
v -0.171685 -0.244413 0.586432
v -0.169096 -0.273756 0.586566
v -0.78929 -0.377162 0.46245
v -0.3656716 -0.90539056 -0.21662627
v 0.268008 -0.92378 -0.0304441
v -0.168622 -0.195077 0.596424
v -0.380463 -0.951496 -0.213926
v -0.378761 -0.926188 -0.201676
v -0.38848 -0.949903 -0.188861
v -0.0529411 0.953359 -0.23868
v 0.1631546 0.20663452 -0.074632645
v 0.252655 -0.126245 0.616825
v -0.584126 -0.811578 0.0846123
v -0.153543 -0.0534665 0.540053
v -0.165507 -0.029515 0.523691
v -0.267375 0.211246 0.263255
v -0.355145 0.728803 -0.0866907
v -0.782753 0.607004 -0.215658
v -0.770448 0.583263 -0.210322
v -0.751042 0.542452 -0.218152
v -0.935994 0.315651 0.437563
v -0.42961 0.447089 0.17537
v -0.591353 0.421997 -0.0715068
v -0.929156 -0.228313 0.292727
v -0.17595673 -0.63923645 -0.23831177
v -0.176829 -0.670747 -0.221488
v -0.628345 0.4243 -0.128287
v 0.7192 -0.047537 0.0389765
v -0.169331 -0.727757 -0.224974
v -0.308759 -0.827122 -0.221304
v 0.967981 -0.573011 0.075209
v -0.5998459 0.05376625 0.5320692
v -0.328117 -0.843297 -0.209716
v -0.894715 -0.373632 0.21373
v -0.498931 -0.644286 0.328685
v -0.615608 0.753512 -0.754049
v -0.07891846 0.92647934 -0.2247467
v -0.244331 -0.558415 -0.175988
v -0.431638 -0.892586 -0.1236
v 0.316742 0.0572792 0.527469
v -0.802225 0.550597 0.0598786
v -0.165295 -0.422327 0.557925
v 0.301651 0.0391083 0.539873
v -0.403051 -0.900037 -0.131437
v 0.114232 -0.235407 -0.437945
v 0.579374 0.120595 0.0265443
v -0.14554596 -0.9217863 0.4824524
v -0.755601 0.523301 -0.236717
v -0.457274 -0.758189 0.386072
v 0.131755 -0.140519 0.664119
v 0.71079826 -0.013015747 0.22322083
v 0.0562672 -0.191147 0.709176
v -0.451371 0.477293 0.246101
v 0.0766954 -0.144666 -0.312265
v -0.168052 -0.836178 0.658752
v -0.631337 0.544272 0.469348
v -0.152735 -0.813952 0.649372
v -0.514476 -0.841716 0.329014
v -0.21086335 -0.52957153 -0.23155975
v -0.8461671 -0.439471 0.16961288
v -0.197265 -0.569238 -0.234696
v -0.628968 -0.968816 0.208694
v -0.469135 0.390675 0.364842
v -0.20305 -0.648563 -0.152716
v -0.154226 -0.690538 0.489324
v -0.9775696 0.2378006 0.18354034
v 0.790583 -0.355936 0.325318
v -0.150196 -0.661661 0.493268
v 0.700673 -0.202457 0.463211
v -0.149708 -0.6332 0.497984
v -0.15232 -0.605038 0.504098
v -0.323997 -0.845535 -0.235895
v -0.340861 -0.863731 -0.220911
v -0.153067 -0.540245 0.522287
v -0.147079 -0.512711 0.532585
v -0.353158 -0.885811 -0.232598
v -0.033036 0.956007 -0.263466
v -0.0506064 0.931247 -0.256501
v 0.817864 -0.455411 0.207759
v -0.901952 0.0313982 0.338417
v -0.78549194 0.0069360733 -0.034484863
v 0.0597146 0.900317 -0.355364
v -0.597499 0.861495 -0.703272
v 0.0414638 -0.148124 0.639182
v 0.613942 -0.0390118 0.467166
v -0.526845 -0.82683 0.369545
v -0.823939 -0.0185456 0.406065
v -0.71825 0.439464 -0.146442
v 0.38890004 0.25190544 0.10369873
v 0.384883 0.247765 0.0651274
v -0.7842674 0.64105225 -0.2341919
v -0.662864 0.309466 0.622555
v -0.974872 0.0762119 0.285744
v -0.7696495 0.5948982 -0.2371521
v -0.609921 -0.856989 0.474422
v 0.490071 0.191307 0.326721
v 0.817606 -0.477667 0.0965531
v 0.4563675 0.21881533 0.07920456
v 0.332447 -0.963409 -0.25816
v 0.810585 -0.456222 0.0881673
v 0.320358 -0.176265 0.669173
v -0.17122662 -0.922801 0.02213335
v -0.745578 0.550963 -0.244053
v 0.00578914 -0.196291 0.703482
v -0.00312404 -0.215446 0.716097
v -0.417454 0.376686 0.205254
v -0.752597 0.531097 -0.262662
v -0.729222 0.483366 -0.243954
v -0.212835 -0.950171 -0.375425
v -0.208185 -0.971478 -0.369345
v -0.190404 -0.953616 -0.373134
v -0.156046 -0.221778 0.591455
v -0.801022 -0.389377 0.441489
v -0.943198 0.39632 0.37117
v -0.155494 -0.170854 0.5912
v -0.129448 -0.173429 0.584218
v -0.14501 -0.148348 0.579532
v -0.161062 -0.124803 0.574562
v -0.151105 -0.100385 0.565989
v -0.603767 0.0335805 0.511458
v -0.934059 0.373128 0.354944
v 0.06536293 -0.1823945 -0.3947134
v 0.00932807 -0.147911 -0.296465
v -0.14591 -0.00918966 0.51289
v -0.15879822 0.019226074 0.48806763
v -0.463813 -0.650544 0.366295
v 0.0282621 -0.61733 0.706958
v -0.476343 -0.783128 0.442538
v -0.17858887 0.060699463 0.4542694
v -0.00484089 0.120932 -0.126656
v 0.68983 -0.430426 0.500513
v 0.0944985 0.747213 -0.23791
v -0.19061089 -0.56127644 -0.25834274
v -0.185261 -0.58403 -0.255977
v -0.306972 0.586251 -0.100858
v 0.3904276 0.18817139 0.41764832
v 0.9804115 -0.6034653 0.09172821
v -0.170348 -0.65701 -0.243887
v -0.166139 -0.683213 -0.247633
v 0.980738 -0.624489 0.0901119
v -0.162892 -0.733576 -0.249212
v -0.164911 -0.752677 -0.238198
v -0.41046143 0.3476944 0.11593628
v -0.207824 -0.786061 -0.224124
v -0.583486 0.614196 -0.227739
v -0.592637 0.641277 -0.237205
v -0.58087 0.697556 -0.690318
v -0.904342 -0.0734456 0.266231
v -0.282763 -0.815731 -0.229248
v 0.44963264 0.21923065 0.28138733
v 1.79898e-06 0.741527 -0.243458
v -0.337078 -0.867422 -0.247677
v -0.373024 -0.930539 -0.228507
v 0.133767 -0.975042 -0.280011
v 0.45893478 -0.14012432 0.6192732
v -0.0457505 0.906211 -0.26896
v 0.450622 0.0193842 0.510751
v 0.660824 -0.747554 -0.0695141
v 0.281076 0.113479 -0.176823
v -0.207157 0.0682593 -0.176914
v -0.547695 -0.871349 0.228755
v 0.0706848 0.734611 -0.270493
v -0.284177 0.556216 0.0738939
v -0.150966 0.899464 -0.0724024
v -0.509854 -0.962836 0.601739
v -0.78445053 0.6215477 -0.24511719
v -0.994894 0.1937809 0.24437714
v 0.233614 -0.801701 0.662479
v -0.746904 0.58388 -0.254518
v -0.435579 0.0490894 0.466038
v -0.285489 0.666467 -0.140312
v -0.575414 0.708171 -0.737087
v -0.900189 -0.0391851 0.190579
v 0.81188107 -0.42874146 0.21899414
v -0.616997 -0.874595 0.48673
v 0.4941635 0.025985718 0.4945755
v -0.42203903 0.3422134 0.28836536
v -0.00200211 0.681821 -0.189917
v 0.516689 -0.899152 -0.0575502
v -0.617849 0.512852 -0.393436
v -0.227683 -0.464262 -0.250494
v -0.143991 -0.833383 0.6683
v -0.812211 0.127081 0.660315
v 0.954756 -0.74727 0.253369
v -0.20968693 -0.5083542 -0.25522232
v 0.626902 -0.876012 0.385146
v -0.279886 -0.968851 0.543056
v -0.635124 0.750593 -0.3896
v -0.135504 -0.399537 0.625128
v -0.31353 -0.25175 -0.27523
v -0.165039 -0.711016 -0.249565
v -0.690975 0.0272496 0.631535
v -0.12471771 -0.9259043 0.35006714
v -0.19695187 -0.7999897 -0.27918434
v 0.367578 -0.260165 -0.372178
v -0.018666 -0.972454 -0.233862
v 0.232456 0.212278 -0.0544038
v -0.131723 -0.563459 0.526012
v -0.711495 0.470192 -0.260412
v -0.317645 -0.852028 -0.261739
v -0.347217 -0.890942 -0.259478
v -0.362933 -0.909823 -0.244401
v -0.78243 0.797856 -0.483354
v -0.367689 -0.935588 -0.254157
v 0.062789 -0.959892 -0.307549
v -0.29022694 -0.12289047 -0.25697327
v 0.37806 -0.94011 0.590208
v 0.456006 -0.761649 0.595795
v -0.59029675 -0.85036683 0.5224705
v 0.34951115 0.26542425 0.2427063
v -0.00996517 0.971328 -0.278291
v -0.939922 0.263218 0.0910286
v -0.700788 0.718922 -0.222942
v 0.318167 0.256433 0.317793
v 0.22386074 0.19801903 -0.074611664
v -0.605686 -0.915396 0.547424
v -0.0314611 0.926723 -0.278761
v -0.545687 -0.894602 0.29387
v 0.47712517 0.21378136 0.24669266
v -0.648101 0.576757 0.0757586
v -0.0145525 -0.0362761 -0.262645
v -0.959825 0.300716 0.232778
v -0.670955 0.724349 -0.254408
v 0.252511 0.0656445 -0.221846
v 0.28072 0.0685068 -0.217418
v -0.53287 0.0288972 -0.183964
v 0.0790914 0.188781 -0.0767398
v 0.64046 -0.268141 0.559289
v -0.387441 0.307077 0.232828
v 0.569521 -0.897474 0.410382
v -0.110679 -0.218699 0.613808
v -0.785597 0.659959 -0.264502
v -0.741464 0.557497 -0.270206
v 0.23815 -0.940978 0.0336492
v -0.636435 0.569898 0.0011966
v -0.131334 -0.223316 0.598787
v 0.0852854 0.205046 -0.0555975
v 0.0667591 0.149083 -0.115283
v 0.0751189 0.169369 -0.0951546
v 0.33778 0.183759 -0.0872988
v -0.095020294 -0.1398716 0.5916152
v -0.135129 -0.122674 0.57744
v 0.687592 -0.270792 -0.179283
v -0.123862 -0.0974336 0.57135
v 0.279217 -0.138699 0.636989
v -0.123115 -0.0512573 0.546289
v -0.13599 -0.0300792 0.529796
v -0.933071 0.324279 0.41131
v 0.47397614 -0.01889038 -0.18608093
v 0.0578297 0.176664 -0.0772014
v -0.139017 0.0304585 0.482691
v -0.224518 -0.445696 -0.271467
v -0.12453866 0.058059692 0.46076965
v 0.603625 -0.823821 0.443886
v -0.138847 0.0978043 0.423919
v 0.69809 -0.55325 -0.146699
v 0.484879 -0.714178 0.617537
v 0.9411 -0.759708 0.276267
v 0.34039497 0.16361237 -0.11885071
v -0.275578 0.218907 0.236986
v 0.92755127 -0.6813278 0.018218994
v -0.417623 0.360577 0.0919761
v -0.714379 0.80074 -0.438705
v -0.0195367 -0.98242 -0.265554
v -0.0858554 0.640961 -0.0125985
v 0.184141 0.095755 -0.179264
v 0.366154 -0.406638 0.721032
v -0.216626 -0.771989 0.51729
v -0.55202 -0.951477 0.604451
v -0.157396 -0.750604 -0.261556
v -0.210911 -0.628272 -0.157411
v 0.0876347 0.0371238 -0.220394
v -0.326783 -0.875369 -0.270878
v -0.00763666 -0.0123067 -0.245969
v 0.0167321 -0.0107968 -0.240935
v -0.5803251 0.73073196 -0.6574707
v 0.263504 0.0830342 -0.20872
v 0.327191 0.200576 -0.0703742
v -0.183603 -0.97652 -0.360699
v 0.191926 -0.13287 0.651648
v 0.473751 -0.478056 0.671225
v -0.139704 0.789856 -0.215264
v 0.1964 -0.145228 -0.318223
v -0.784423 0.679348 -0.284986
v -0.203524 -0.797378 0.57538
v -0.787943 0.650492 -0.291553
v -0.7737541 0.636528 -0.30529022
v -0.736871 0.581707 -0.279866
v 0.0650204 0.788619 -0.230618
v -0.732547 0.566436 -0.321433
v -0.519849 -0.785827 0.00329574
v -0.747052 0.537804 -0.287959
v -0.60043 0.536064 0.474958
v -0.747804 0.518078 -0.305875
v -0.732196 0.495195 -0.299028
v -0.119498 -0.8314 0.676141
v 0.268004 -0.913963 0.373293
v -0.12988 -0.809589 0.659789
v -0.67359924 0.57427216 0.3992157
v -0.969105 0.111705 0.364207
v 0.0810834 -0.975128 -0.287187
v -0.902429 0.542482 0.305431
v 0.690848 -0.175508 0.458354
v -0.227658 -0.402757 -0.283007
v -0.2187736 -0.43386674 -0.31227112
v 0.742474 -0.305171 0.423947
v -0.926049 -0.203213 0.303488
v -0.196988 -0.520148 -0.282915
v -0.131333 -0.681322 0.502544
v -0.182724 -0.567255 -0.281107
v 0.185495 -0.273973 0.747326
v -0.16965294 -0.6032963 -0.28302002
v 0.829005 -0.480211 0.119876
v 0.7600708 -0.17733765 0.3409729
v -0.14691544 -0.6757965 -0.2964096
v -0.152697 -0.698294 -0.277055
v -0.154683 -0.727417 -0.269731
v 0.0382488 -0.142964 -0.296358
v 0.69970703 -0.20314789 -0.11798096
v 0.887456 -0.55644 0.365995
v 0.65818787 -0.65543747 0.50531006
v -0.24028587 0.16008377 0.36077118
v -0.462491 0.497804 0.294268
v -0.466308 -0.733687 -0.0626769
v -0.599397 0.539342 -0.397472
v 0.457477 0.134355 0.444164
v -0.588393 0.548993 -0.370309
v -0.253937 -0.355364 -0.265111
v -0.0627573 0.640748 -0.0296157
v -0.29640198 -0.8444321 -0.27372742
v -0.332811 -0.90033 -0.281593
v 0.618748 -0.451531 -0.239357
v 0.65133476 0.0551672 0.03413391
v -0.353096 -0.917486 -0.269792
v -0.484901 -0.686504 -0.0521048
v 0.63813 -0.670709 0.51663
v 0.4228058 -0.96222734 -0.1913147
v -0.981074 0.132042 0.522909
v -0.07748413 -0.6249542 0.5830536
v 0.597397 -0.605084 0.558302
v 0.189272 -0.225847 -0.420581
v 0.201241 -0.247101 -0.426104
v 0.24937916 0.11605072 -0.17240906
v -0.9653473 0.25193882 0.38858032
v 0.25844574 0.13371277 -0.15422058
v -0.0133968 -0.221348 -0.430228
v 0.851083 -0.792095 0.359716
v -0.00187717 -0.237997 -0.444821
v -0.231813 -0.933406 -0.369749
v 0.50460815 -0.8967743 -0.07727051
v 0.687173 -0.0129507 0.349008
v -0.73573 0.594326 -0.30575
v -0.292188 -0.0389113 -0.237209
v -0.143213 0.19816 0.110146
v -0.42886925 -0.3129635 -0.2585249
v 0.606902 -0.0158937 0.460386
v -0.651018 -0.884162 -0.00570145
v -0.221444 -0.360811 -0.298848
v -0.217982 -0.450916 -0.299245
v -0.186893 -0.541618 -0.296246
v 0.37312979 0.26100576 0.17460966
v -0.17054415 -0.5786071 -0.32229614
v -0.922842 0.52106 0.172152
v 0.478486 -0.855344 0.564246
v -0.15447235 -0.6396351 -0.3014984
v 0.712741 -0.664195 0.423047
v 0.569018 -0.760512 0.511576
v -0.23237 -0.480815 -0.229485
v -0.6399156 0.7432337 -0.3519783
v -0.221938 -0.505129 -0.230499
v -0.875047 0.0177389 0.374379
v -0.311902 -0.883288 -0.290575
v -0.357477 -0.944995 -0.276626
v 0.0416436 -0.00805232 -0.241479
v 0.37683487 0.25768185 0.2352562
v -0.142431 -0.196761 0.596183
v 0.4716568 -0.3564682 0.67490387
v -0.30307 -0.960159 -0.0643437
v -0.841038 0.0405452 0.00812997
v 0.57785034 -0.8350601 0.47397614
v 0.040912 0.147352 -0.102444
v 0.243133 0.0398192 -0.235159
v 0.597875 -0.00197794 -0.118327
v -0.109869 -0.0724837 0.563258
v 0.614779 0.00469144 -0.0991963
v 0.0925648 -0.951417 -0.305371
v 0.135731 0.048153 -0.216756
v -0.824927 0.469611 0.531837
v -0.127911 0.0117746 0.501166
v -0.790019 0.676435 -0.311213
v -0.783511 0.653868 -0.320693
v 0.333222 -0.0727321 0.588766
v -0.805255 0.370279 -0.0340995
v -0.864027 0.000282525 0.357456
v 0.152255 0.0613261 -0.202751
v 0.581437 -0.757776 -0.212776
v -0.600365 -0.935463 0.56387
v -0.58969116 0.03253174 -0.15757751
v 0.17066383 0.15931702 -0.12005615
v 0.966479 -0.708143 0.279029
v 0.128677 -0.133773 -0.299583
v 0.101841 -0.138813 -0.304468
v -0.886193 0.552502 0.291121
v 0.543686 -0.205236 0.60704
v 0.30397 0.172103 -0.110443
v 0.182236 0.0870537 0.532612
v 0.442202 -0.735996 -0.328594
v 0.314036 0.186954 -0.0900859
v 0.06703758 -0.0011100769 -0.24407578
v -0.207556 -0.310409 -0.308969
v -0.234715 0.712049 -0.169985
v -0.244669 0.73843 -0.164584
v -0.220855 0.735434 -0.177268
v -0.618278 0.536654 -0.446922
v -0.696503 0.424467 -0.130327
v -0.100348 0.922136 -0.109492
v -0.219731 -0.412339 -0.313522
v -0.649576 0.574816 0.04398
v -0.594937 0.294004 0.527905
v -0.557394 0.588799 0.118917
v -0.109057 -0.849707 0.697479
v -0.13337 -0.855527 0.686331
v -0.205547 -0.474189 -0.311301
v -0.0974559 -0.826318 0.686436
v -0.2134552 -0.47717714 -0.27869415
v 0.718594 -0.154118 -0.0734204
v 0.690503 -0.582208 -0.142409
v -0.113889 -0.775588 0.615909
v 0.604332 -0.293712 0.574198
v 0.49125567 0.20816338 0.16085625
v -0.636806 0.482231 0.528998
v -0.09251 -0.869929 0.711691
v 0.501584 0.0627852 0.470211
v -0.137108 -0.701913 -0.308556
v -0.240011 -0.498655 -0.209326
v -0.44383 0.399623 0.269122
v -0.126169 -0.243281 0.61867
v -0.14567757 -0.7466582 -0.2835598
v -0.88214 -0.0307743 0.285895
v 0.146333 -0.941741 0.642235
v 0.338529 0.149478 -0.139394
v -0.289098 -0.863007 -0.297352
v -0.322265 -0.904232 -0.306304
v -0.341231 -0.927547 -0.29677
v -0.101627 0.597885 -0.0313113
v -0.589886 -0.817505 0.0558465
v -0.702176 -0.907839 0.115306
v -0.74286 0.619456 -0.328191
v -0.637447 0.0428959 0.595162
v 0.30652428 0.24098015 0.36411285
v 0.290621 -0.00698664 0.553178
v -0.729688 0.592479 -0.339702
v 0.594673 -0.266188 0.579917
v 0.332351 0.265059 0.269329
v -0.7419429 0.5440426 -0.3130417
v -0.0983979 -0.966275 0.600048
v -0.190311 -0.298742 -0.328391
v -0.21129 -0.342379 -0.317345
v -0.520209 -0.676424 0.12795
v -0.510836 -0.70572 0.0922251
v -0.506408 -0.699096 0.116219
v -0.210751 -0.371106 -0.326991
v -0.83262205 0.574121 0.22210693
v -0.221124 -0.386711 -0.304013
v -0.76292 0.703198 -0.251483
v -0.208599 -0.45118 -0.327512
v -0.43568993 -0.9708533 0.56341743
v 0.251907 -0.13116 -0.276516
v -0.18072319 -0.5161228 -0.33603287
v -0.8655648 0.27487183 -0.006439209
v -0.178212 -0.539674 -0.322795
v -0.54145 0.511034 0.464615
v -0.15406036 -0.6052375 -0.3379116
v -0.143991 -0.656309 -0.317172
v 0.101225 -0.95804 0.553968
v -0.666297 0.847319 -0.717428
v 0.55654997 0.16512579 0.1804614
v 0.259319 0.0999075 -0.192952
v 0.890008 -0.718319 0.380801
v -0.0700438 -0.234816 -0.428485
v 0.272848 -0.117935 -0.264881
v 0.139809 -0.198577 -0.410127
v -0.315365 -0.937313 -0.333823
v -0.327233 -0.924236 -0.318934
v 0.427405 -0.794888 0.583751
v -0.564257 0.0552542 -0.155558
v -0.54525 0.0737737 -0.150695
v -0.456564 -0.789264 0.318637
v -0.215897 -0.766921 -0.127379
v 0.3161068 -0.17391849 -0.3213501
v -0.250278 0.793257 -0.145882
v -0.75940514 0.5869945 0.29786682
v -0.289152 -0.388382 -0.234585
v -0.5382519 0.5651884 0.3882103
v 0.744144 -0.562194 -0.0567217
v 0.375948 0.256093 0.258252
v 0.3720436 0.24945068 0.29909515
v -0.235037 0.781151 -0.162165
v -0.788936 0.69646 -0.327523
v -0.790947 0.67701 -0.33905
v -0.290304 -0.949843 -0.087833
v -0.59702873 -0.08144379 0.5473137
v -0.10903 -0.119252 0.584346
v -0.0966578 -0.0944784 0.577363
v -0.3834039 0.3029557 0.20179468
v -0.773785 0.656514 -0.346258
v -0.735073 0.619961 -0.353568
v -0.508795 -0.304247 -0.255115
v -0.731632 0.561363 -0.347063
v -0.745686 0.526392 -0.329244
v -0.10074 0.0170915 0.511074
v -0.05517769 -0.020557404 -0.25653648
v -0.152713 -0.237425 -0.334229
v -0.105154 0.0786707 0.451383
v 0.213308 -0.961892 0.212367
v -0.113691 0.099183 0.431051
v 0.715025 -0.541825 -0.127636
v -0.6236805 0.7264223 -0.34697533
v -0.0943892 0.899104 -0.112362
v -0.89205 -0.0203823 0.260954
v -0.226721 0.683942 -0.0128919
v 0.9740143 -0.55241394 0.10067749
v -0.209903 -0.426495 -0.334689
v 0.973157 -0.537555 0.112052
v -0.673401 0.905741 -0.720419
v 0.5192108 -0.55397034 0.60458374
v 0.539073 0.133758 0.379847
v -0.169115 -0.560738 -0.336694
v -0.839493 -0.0596921 0.389975
v -0.59769 0.609825 -0.173707
v -0.143107 -0.639295 -0.334788
v -0.132969 -0.680703 -0.325289
v 0.884298 -0.816607 0.278916
v 0.78682 -0.174591 0.09904
v 0.586246 -0.0463736 0.494207
v -0.97621155 0.2518654 0.3430481
v -0.120139 -0.70534 -0.333383
v 0.27747393 -0.16965699 -0.3347559
v -0.640652 -0.937604 0.458096
v 0.28536987 0.019500732 0.550827
v -0.77333 0.756521 -0.378739
v -0.61782074 -0.46377563 -0.1846466
v -0.305327 0.801832 -0.0120678
v -0.275401 -0.953201 -0.140051
v -0.33547974 0.77627563 0.01159668
v -0.51968 0.595738 0.0267787
v 0.0490261 -0.785403 0.646372
v -0.938176 0.322256 0.48083
v -0.106309 -0.808795 0.668537
v -0.635069 -0.17817 -0.200637
v -0.0846414 -0.744681 0.570559
v -0.0961247 -0.734126 0.551761
v -0.597992 0.873363 -0.757298
v -0.726639 0.602583 -0.363272
v -0.725566 0.579342 -0.366134
v -0.8079834 0.5737362 0.16333008
v -0.00107907 -0.921928 0.689234
v -0.540391 0.582105 0.284972
v 0.75239563 -0.29475403 -0.094177246
v -0.705089 0.550778 -0.539849
v -0.177718 -0.286491 -0.345788
v -0.16605 0.688707 -0.179551
v -0.734861 0.772083 -0.357918
v -0.19827557 -0.32099104 -0.33514977
v -0.2042 -0.348806 -0.344781
v 0.33109665 -0.22516418 -0.37011337
v -0.231231 -0.124882 -0.267388
v 0.70164204 -0.93488216 0.15598297
v -0.926091 0.529289 0.295174
v -0.208323 -0.398923 -0.336718
v -0.783351 -0.0318458 0.463803
v -0.995926 0.206433 0.278945
v 0.652465 -0.605326 0.52549
v -0.193689 -0.473321 -0.339926
v -0.25758 -0.963013 -0.185209
v -0.93522 0.0852357 0.594447
v -0.167795 -0.538188 -0.348166
v -0.153626 -0.557814 -0.359038
v -0.142731 -0.621276 -0.349189
v 0.77064514 -0.32496262 -0.047180176
v -0.130882 -0.661465 -0.342415
v -0.116289 -0.684298 -0.348721
v 0.337655 0.258892 0.297207
v 0.246238 -0.140492 0.651473
v 0.336477 0.129976 -0.160197
v -0.836941 -0.00987998 0.389334
v 0.488828 -0.812094 -0.244807
v 0.9088 -0.648601 -0.0107593
v -0.927141 -0.180833 0.286388
v -0.162221 0.199678 0.130161
v -0.249254 0.847393 -0.069353
v -0.798118 0.729871 -0.408202
v 0.408828 0.241378 0.0828303
v -0.420878 0.231191 0.420414
v -0.962907 0.0601185 0.165214
v -0.115837 -0.199566 0.592898
v -0.452284 -0.728161 0.376338
v -0.816096 -0.448145 0.0123777
v 0.644912 -0.31523 0.553536
v -0.766535 -0.426198 0.444056
v 0.498847 -0.326291 -0.313441
v -0.792703 0.707727 -0.354763
v -0.784889 0.678488 -0.371513
v -0.08995819 -0.04437256 0.55389404
v -0.741008 0.6393 -0.371359
v -0.611857 -0.871226 0.410755
v 0.65603304 0.06247872 0.08925629
v -0.10504532 -0.01890564 0.53520584
v -0.729016 0.620166 -0.376489
v -0.095082 0.0608033 0.473734
v -0.558769 0.573157 0.0490217
v -0.72319 0.59874 -0.384159
v -0.09240723 0.12103653 0.42075348
v -0.462956 -0.775879 0.3617
v -0.620586 0.596202 -0.640514
v -0.9239998 -0.13595963 0.28094482
v -0.63417816 0.32221985 0.5757904
v -0.276286 -0.96666 -0.166512
v 0.976223 -0.6803856 0.27281952
v -0.449086 -0.764276 0.310085
v -0.165528 -0.275334 -0.366232
v 0.478576 0.127556 0.442934
v -0.396126 0.327414 0.187441
v 0.97911835 -0.65717506 0.28073883
v 0.196597 -0.059765 0.58467
v -0.32395458 -0.96362484 0.160676
v -0.18886 -0.327207 -0.361893
v -0.578553 0.0725874 0.524987
v -0.7132225 0.5911069 0.30661774
v -0.20303917 -0.3789482 -0.3555374
v -0.123071 0.119493 0.407497
v -0.4563694 0.48856163 0.26608276
v -0.834331 0.541486 0.0801542
v -0.194482 -0.447214 -0.358276
v -0.122274 0.86104 -0.0947837
v -0.168397 -0.516979 -0.361207
v 0.685163 -0.372099 -0.184569
v -0.297904 -0.356932 -0.247639
v -0.155853 -0.580653 -0.348896
v -0.14112 -0.600047 -0.36017
v -0.0837063 -0.844294 0.702562
v -0.129029 -0.641908 -0.358231
v 0.920611 -0.606501 0.372044
v 0.499447 -0.0464037 0.533071
v -0.0705338 -0.753748 0.589203
v 0.0310477 -0.111097 0.582179
v 0.263049 0.187212 -0.0945785
v 0.35674584 0.11535835 -0.16721344
v -0.5945034 0.57068634 0.4014969
v 0.32295 -0.149198 -0.278177
v -0.765121 0.674228 -0.395347
v -0.36921024 0.27143288 0.25803375
v 0.32462382 0.2712221 0.23241043
v 0.312757 -0.0649366 0.570262
v 0.348141 0.173133 0.449251
v -0.229746 0.21581 0.221075
v 0.381171 0.169916 0.440927
v -0.732152 0.5481796 -0.37664032
v -0.824776 -0.484331 0.204141
v -0.864142 -0.355687 0.363792
v -0.132099 -0.250425 -0.393781
v 0.21760559 0.17315674 0.4588623
v 0.649294 -0.0728782 -0.12646
v -0.484036 0.634865 0.111112
v -0.151524 -0.269234 -0.388581
v -0.13557 -0.424809 0.606317
v -0.175959 -0.301162 -0.365467
v -0.5906 0.51207 -0.250649
v 0.6103201 0.11800814 0.15195465
v -0.194511 -0.355088 -0.369768
v 0.73824406 -0.055708885 0.1707077
v -0.873516 0.320096 0.626528
v -0.924409 -0.161896 0.120977
v 0.986943 -0.559567 0.257356
v -0.129708 0.919619 -0.154253
v -0.181402 -0.475226 -0.367772
v -0.169624 -0.497519 -0.375633
v 0.311233 0.264016 0.289351
v -0.12870765 0.19725966 0.08628082
v 0.412165 -0.761354 0.617225
v 0.399838 0.226131 0.0151152
v 0.381185 0.241601 0.0371975
v -0.154077 -0.536148 -0.371065
v -0.25063515 0.84610176 -0.091178894
v -0.12629 -0.620152 -0.370923
v -0.622499 0.883268 -0.755512
v -0.878243 -0.397472 0.105092
v -0.109323 -0.641569 -0.379555
v -0.112836 -0.664048 -0.364978
v -0.11756897 0.62514496 -0.13491821
v -0.0878615 -0.665125 -0.385006
v -0.650489 0.811012 -0.547069
v -0.70477676 0.5933279 0.27599716
v -0.0709846 -0.953092 -0.225524
v 0.233538 0.104236 -0.184
v -0.759323 -0.251956 -0.157017
v -0.201571 0.677433 -0.0201681
v 0.89139557 -0.6640253 0.3951378
v -0.9067211 0.34949458 0.084163666
v 0.332629 0.0804304 -0.192858
v -0.552654 -0.811333 0.0203332
v -0.95901 0.286415 0.161053
v -0.591346 0.586181 -0.160767
v -0.983105 0.255586 0.280892
v -0.280193 -0.922641 0.575168
v -0.797429 0.706213 -0.388228
v -0.7314863 0.64027023 -0.40059662
v -0.891533 -0.0223809 0.156073
v -0.618841 0.681127 -0.242433
v 0.2625723 -0.9742825 0.13882065
v -0.613659 -0.225828 -0.218199
v 0.7265091 -0.907931 0.05633545
v 0.617612 -0.686534 0.524012
v -0.540215 0.399459 0.445571
v -0.164112 -0.291936 -0.386627
v -0.172806 -0.317455 -0.384948
v -0.1803894 -0.35609698 -0.391407
v -0.0696581 -0.0924436 0.579986
v -0.0820804 -0.0714011 0.569366
v 0.625838 -0.159022 0.526376
v -0.194243 -0.379648 -0.377893
v -0.200494 -0.417339 -0.361721
v 0.320432 -0.955236 -0.061384
v -0.189929 -0.430272 -0.385754
v 0.676621 -0.0347872 0.387393
v -0.77914524 -0.51594543 0.08660889
v -0.180366 -0.456654 -0.388337
v -0.0823555 0.0850455 0.46266
v -0.089983 0.102376 0.441788
v -0.156912 -0.516412 -0.384158
v -0.141796 -0.534057 -0.393745
v -0.453094 0.451462 0.246358
v -0.13869 -0.577203 -0.369969
v -0.123331 -0.596751 -0.38106
v -0.192448 0.778431 -0.18783
v 0.0679416 0.709415 -0.23416
v 0.6780243 -0.5021515 -0.16551208
v -0.102012634 -0.5923996 -0.4031601
v 0.17615557 -0.16284657 -0.35695648
v 0.336883 0.0199435 -0.226904
v 0.498507 -0.35633 0.663836
v 0.3245468 0.045259535 -0.21978474
v 0.6509247 -0.22901535 -0.19206238
v 0.67736816 -0.24243164 -0.17507935
v -0.928836 0.0625817 0.58348
v -0.783608 0.689889 -0.398361
v -0.079737 0.616516 -0.0269494
v -0.744767 0.655217 -0.392972
v 0.318335 -0.550105 0.728155
v 0.391375 -0.537424 0.702859
v -0.94490814 0.31159973 0.15032959
v 0.368495 -0.0591755 -0.233598
v -0.72079086 0.62119675 -0.42134094
v -0.515087 0.630683 0.0557601
v -0.109504 -0.235435 -0.401552
v -0.137432 -0.272124 -0.410314
v -0.199679 -0.112463 -0.268497
v -0.15218 -0.286098 -0.403499
v -0.15933 -0.307215 -0.406292
v 0.284857 0.131506 0.485682
v -0.0677152 -0.866666 0.709324
v -0.181148 -0.387343 -0.400109
v -0.193315 -0.403958 -0.383439
v -0.167674 -0.480213 -0.392323
v 0.00021743774 0.13411903 0.45562744
v -0.952539 0.318776 0.255672
v -0.11906 0.190717 0.0449425
v -0.158033 -0.499089 -0.394594
v -0.138805 -0.554914 -0.38115
v 0.0611229 0.195592 -0.0562022
v 0.316037 -0.2572 -0.393692
v -0.051635742 -0.7055664 0.6143799
v 0.595982 -0.727527 0.515129
v -0.06829071 -0.7287617 0.5869789
v -0.122405 -0.573374 -0.391149
v -0.451694 -0.738915 0.327469
v -0.12461 -0.551468 -0.40259
v -0.238801 0.18706512 0.3109436
v 0.100945 0.837357 -0.329894
v 0.21035767 -0.92591906 0.2922287
v 0.703242 -0.650838 0.43932
v -0.9336548 0.3525356 0.426239
v -0.9870227 0.09834382 0.25837827
v 0.928252 -0.543181 0.337572
v 0.476245 0.0280965 -0.169655
v -0.139589 -0.20496 -0.30689
v -0.10435104 -0.42503357 0.6708069
v 0.63969 -0.18876 -0.17119
v 0.589417 -0.869317 0.418551
v -0.795052 0.809039 -0.529816
v 0.584669 -0.034471 -0.147821
v 0.420482 -0.614447 0.665046
v 0.38700676 0.25567174 0.13965988
v 0.340449 -0.462278 0.734121
v -0.185505 0.632015 0.0356018
v 0.141429 -0.112464 -0.281864
v -0.791245 0.706184 -0.415156
v -0.770606 0.690969 -0.418135
v 0.597777 -0.888854 -0.0295521
v -0.714962 0.59050846 -0.4337616
v -0.72050476 0.57043266 -0.41125488
v -0.60175323 0.5906482 0.30264664
v -0.156451 0.623419 -0.139639
v -0.689043 0.655649 -0.101499
v 0.288843 0.137906 -0.154794
v 0.733851 -0.302945 -0.128235
v -0.117433 -0.257501 -0.418064
v 0.980522 -0.536673 0.134183
v 0.987727 -0.539606 0.16065
v 0.525692 -0.901536 0.49181
v -0.802849 0.552899 0.407927
v -0.166838 -0.337435 -0.407275
v -0.166375 -0.369193 -0.416667
v 0.450873 -0.287027 -0.329764
v 0.184875 -0.977738 -0.260484
v -0.165367 -0.397056 -0.421019
v -0.470411 -0.778295 0.41299
v -0.179572 -0.4134 -0.405297
v -0.451827 -0.713893 0.330374
v 0.327563 -0.951453 -0.0827132
v -0.173781 -0.439232 -0.408619
v -0.620045 -0.892517 0.395962
v -0.163206 -0.463474 -0.410645
v -0.182339 0.760004 -0.194214
v -0.129414 -0.507388 -0.425208
v -0.501603 -0.690917 0.136777
v -0.144562 -0.512845 -0.405023
v -0.726838 0.783313 -0.384643
v -0.23794937 0.20440769 0.27039337
v 0.70249176 -0.007806778 0.26783752
v 0.116265 0.15394 -0.126688
v 0.116677 0.174451 -0.108575
v -0.0818577 -0.116293 0.587311
v 0.0574104 0.218366 -0.0065595
v 0.897545 -0.783141 0.0475398
v -0.597578 -0.943554 -0.084129
v -0.1419118 0.026477814 -0.20406055
v -0.0861159 -0.224807 -0.408193
v -0.0976718 -0.216331 -0.38341
v 0.170031 -0.924692 0.141044
v -0.779406 0.707891 -0.437665
v -0.07060242 0.02129364 0.5214119
v -0.745285 0.672597 -0.420635
v -0.0766446 0.0457956 0.500125
v 0.528478 -0.667797 -0.297691
v -0.9923763 0.13475657 0.21637726
v -0.717983 0.562189 -0.44078
v -0.09489441 0.87150574 -0.12664795
v -0.036224365 0.14348221 0.42484283
v -0.855978 0.36423 0.610276
v 0.785839 -0.257474 -0.000427244
v -0.962129 0.422789 0.268675
v -0.724263 0.548394 -0.425849
v -0.729219 0.525641 -0.42231
v -0.247947 -0.926836 0.613708
v 0.224897 -0.122257 -0.276053
v -0.069625854 -0.7001343 0.5907898
v -0.70558167 0.2658081 0.67318726
v 0.101464 0.199236 -0.075202
v 0.392516 0.0150839 -0.211548
v 0.127675 -0.0759706 0.582854
v 0.44957 -0.908638 -0.227311
v 0.68421555 -0.08564758 -0.0925827
v -0.580336 0.370451 0.478967
v 0.490469 0.203287 0.280623
v -0.1489 -0.319941 -0.428519
v -0.329076 -0.98044 -0.023422
v -0.419496 0.457867 0.00736851
v -0.0476864 0.146482 -0.0955907
v 0.4318514 -0.9616302 0.12959671
v 0.49569702 -0.118406296 -0.24673462
v -0.0663426 -0.803922 0.672679
v -0.677602 -0.293442 0.565213
v -0.0588397 -0.776981 0.624608
v 0.10392094 0.11186981 -0.16603184
v -0.0564849 -0.435434 0.713253
v -0.58545 0.489175 -0.0864049
v 0.07743931 -0.16870451 -0.37173963
v 0.0573253 -0.0811263 -0.28284
v -0.653501 0.270457 -0.0927376
v -0.399685 0.584151 -0.0665282
v 0.507755 -0.041614 -0.18529
v 0.941224 -0.609503 0.353143
v -0.925241 0.442784 0.42046
v 0.518898 0.09804535 -0.091285706
v 0.034345 0.788078 -0.296119
v 0.51226425 0.117012024 -0.07287598
v -0.209947 -0.829268 -0.325503
v -0.139079 0.200726 0.177624
v -0.882345 0.550755 0.180315
v -0.784003 0.0851575 0.671015
v 0.0651543 0.814428 -0.248868
v 0.867318 -0.491046 0.101132
v -0.0902994 -0.922864 -0.00179986
v 0.6241627 0.09205246 0.051971436
v -0.882038 0.137573 0.647377
v 0.31373596 0.24981976 0.341568
v -0.210039 0.0222383 -0.208724
v 0.346686 -0.966781 -0.0911743
v 0.347563 0.0414415 -0.213568
v -0.880365 0.112036 0.645907
v 0.878034 -0.579978 0.382371
v 0.3009987 0.20160675 0.42468262
v -0.712023 0.578433 -0.462339
v 0.41518235 0.24526227 0.1607213
v 0.204482 -0.946496 0.238468
v 0.83901 -0.784528 0.378078
v 0.23843 -0.973346 0.211776
v 0.501832 -0.96662 0.0870445
v -0.0592495 -0.0734583 0.571425
v 0.49326563 -0.9634242 0.12882614
v -0.211967 0.870472 -0.099946
v -0.554718 -0.5711212 -0.09075928
v -0.506858 0.353081 0.430718
v 0.0127985 -0.81335 0.655298
v 0.51177216 -0.089323044 0.56552124
v 0.178055 0.191362 -0.0892182
v 0.568204 -0.12574 0.550195
v 0.389243 -0.223387 -0.338476
v -0.05240631 0.10358429 0.4635086
v -0.808045 0.094862 0.654751
v 0.59812164 -0.65802 -0.21632385
v 0.0381879 -0.184483 -0.394041
v -0.0014812946 -0.19149148 -0.39332342
v -0.199474 -0.981901 0.184059
v 0.037968636 0.030010223 -0.21599388
v 0.471993 -0.867056 -0.242969
v 0.00215505 0.0126254 -0.232472
v 0.0937348 0.16213 -0.112754
v -0.734119 0.407547 -0.0708651
v 0.318178 -0.576484 0.72898
v 0.0908297 0.142431 -0.133357
v -0.947339 0.459707 0.202404
v 0.275547 0.206665 -0.0706585
v -0.6546707 0.5254288 0.4996338
v -0.00639562 -0.643776 0.679328
v 0.251494 0.166935 -0.115065
v -0.00768753 -0.12516 -0.288074
v 0.539089 0.0486108 -0.116604
v 0.0383535 0.183049 -0.05856
v 0.249946 -0.160623 0.682355
v 0.19628215 0.11470413 -0.1626854
v -0.0351674 -0.786419 0.636855
v -0.189362 0.116301 -0.121175
v -0.1920557 0.094732285 -0.14972687
v -0.037205 -0.74565 0.617529
v -0.977922 0.163509 0.529847
v 0.353329 0.0621928 -0.196589
v 0.598724 -0.846303 0.429003
v 0.6223526 -0.4675293 -0.23277283
v 0.7272186 -0.27072144 0.44085693
v -0.7529583 0.6962528 -0.44865036
v -0.725511 0.654392 -0.440626
v -0.79763 0.72421 -0.433992
v 0.631674 0.0791462 0.0345205
v 0.899024 -0.62042 -0.0101948
v -0.232593 0.65435 0.018695
v -0.6960411 0.5884266 0.3397789
v 0.401868 -0.247786 -0.347317
v -0.616151 0.562328 -0.0493492
v -0.717354 0.552887 -0.467242
v -0.8941078 0.3762843 0.07917023
v -0.724698 0.536129 -0.445365
v 0.406016 0.236196 0.0483315
v 0.430715 0.227973 0.0613034
v 0.425696 0.221744 0.0308504
v 0.495437 -0.949111 0.417345
v -0.496976 -0.792335 0.427928
v -0.60134 0.810882 -0.640755
v -0.434841 -0.0944785 0.550184
v 0.0274672 -0.201502 -0.413933
v -0.542603 0.365517 0.450181
v 0.34426022 0.24620247 0.33765793
v 0.47064 -0.0512166 -0.199945
v 0.534872 0.0705868 -0.101675
v 0.2972839 0.2189045 -0.051445007
v -0.585239 0.747015 -0.613042
v -0.497464 -0.684169 0.179627
v -0.41503763 -0.8158506 -0.10036802
v -0.608851 -0.884602 -0.0560032
v -0.0537177 -0.114173 0.585984
v 0.27381516 0.22109222 -0.04763794
v -0.604261 0.52127 -0.373059
v -0.0379167 -0.0622337 0.56805
v -0.47745633 -0.5337639 -0.15355301
v 0.581017 -0.241931 -0.246224
v -0.017868042 -0.92222023 -0.3374176
v -0.042259216 0.026397705 0.5257492
v 0.5496216 -0.27308655 -0.2739334
v -0.025974274 0.06326294 0.505661
v -0.0765368 -0.342812 0.732138
v 0.55197144 0.11252594 -0.036346436
v -0.446587 0.151925 0.463987
v 0.15918732 -0.95233727 0.53347015
v -0.838346 0.207554 -0.0436576
v 0.19541 -0.843544 -0.319687
v -0.493811 -0.719227 0.135048
v 0.28559422 -0.21387577 -0.38735294
v 0.37804174 0.097738266 -0.17270374
v -0.92612267 -0.10822582 0.20285797
v -0.329549 -0.917072 0.579797
v 0.658093 -0.573153 0.523901
v -0.89438 0.247823 0.637828
v 0.83579 -0.607681 0.403502
v -0.6371956 0.8926738 -0.6846776
v -0.59034896 0.5864322 0.15972137
v -0.7348404 0.6828575 -0.4563141
v -0.548162 0.236748 0.532446
v 0.941984 -0.588799 0.0378844
v -0.398337 0.329493 0.215952
v -0.930067 -0.249793 0.27912
v -0.921692 -0.273721 0.285404
v -0.96688 0.121085 0.392726
v -0.8883934 -0.0070152283 0.28094482
v 0.113753 0.134027 -0.14689
v -0.17263 -0.801251 -0.297294
v 0.519328 -0.871911 0.530929
v 0.524753 -0.494672 0.625032
v 0.5540495 0.035793304 -0.1140213
v -0.0422205 -0.722144 0.620925
v 0.571173 -0.269399 -0.260645
v 0.605101 -0.252653 -0.233072
v 0.192336 -0.803844 -0.361219
v -0.6123028 0.5887766 0.3279419
v 0.295918 0.157422 -0.133097
v 0.795571 -0.500642 0.311762
v -0.605768 0.556292 -0.0711246
v 0.31988 0.160497 -0.127373
v 0.28435 0.0902761 -0.20021
v -0.186203 -0.89528 0.678708
v 0.308954 0.0972172 -0.187606
v -0.931817 -0.237089 0.16568
v 0.359615 0.136355 -0.147694
v -0.8577118 0.56249714 0.30096436
v -0.518231 0.574722 0.301964
v -0.572311 0.0947489 0.540217
v -0.799516 0.74968 -0.474688
v -0.784824 0.745861 -0.49255
v 0.968796 -0.622855 0.0659965
v -0.591409 0.524394 -0.077805
v -0.71087265 0.6078644 -0.46298218
v -0.707882 0.593639 -0.480197
v -0.0589059 -0.393497 0.733996
v -0.0623056 0.623087 -0.115088
v 0.9913635 -0.62371826 0.24499512
v 0.52293 -0.0871862 0.556043
v -0.7200279 0.6686249 -0.47772217
v -0.0498493 -0.37429 0.74447
v -0.0317381 -0.361975 0.754767
v -0.71191406 0.64151764 -0.4821167
v -0.703263 0.620428 -0.506894
v -0.03623 -0.332144 0.752303
v -0.786177 0.76234 -0.515212
v -0.762077 0.743504 -0.509679
v 0.354167 -0.704021 0.692631
v -0.643666 0.0628548 0.642908
v -0.0393714 -0.301617 0.741799
v -0.741874 0.723702 -0.501758
v -0.7138901 0.69384766 -0.52090454
v -0.0338142 -0.841986 0.69472
v 0.135482 -0.101437 0.583801
v -0.890845 0.218526 0.643063
v -0.26285553 -0.97963524 0.13559723
v 0.548276 0.115203 0.393197
v -0.046833992 -0.26802826 0.7238388
v -0.6995392 0.6043396 -0.52926636
v -0.878287 -0.328068 0.333575
v -0.508953 0.195064 0.526206
v -0.634789 0.125645 -0.0942289
v -0.7111568 0.5916605 0.19639587
v 0.50304985 0.20147765 0.20976067
v 0.440122 -0.347241 0.684441
v -0.603123 -0.854027 0.494911
v -0.852508 0.5218 0.430958
v -0.103515 -0.729792 -0.338834
v -0.87012 -0.048818 0.333384
v 0.005127907 -0.16953468 0.6631565
v 0.536661 -0.657741 0.590209
v -0.119913 -0.428847 -0.451888
v -0.0208984 -0.112376 0.580642
v -0.998163 0.161638 0.254793
v -0.0428512 -0.0890666 0.575918
v -0.48333 0.438755 0.385597
v -0.61982656 0.03534478 0.5349741
v -0.7066879 0.5663967 -0.51782227
v -0.12506866 -0.29601288 0.6567993
v -0.815561 0.384308 -0.0216918
v 0.557544 0.131887 0.0135197
v -0.789889 0.781377 -0.538139
v -0.759128 0.761706 -0.537291
v -0.03781891 0.089416504 0.48208618
v -0.736604 0.737284 -0.525687
v -0.72299 0.712746 -0.51838
v 0.280032 -0.975801 -0.246754
v 0.552268 0.00800262 0.485344
v 0.504742 -0.934714 -0.0195724
v 0.770379 -0.465936 -0.0294683
v -0.6997986 0.63967896 -0.5305481
v -0.214059 -0.712808 -0.115274
v 0.52529 0.0495632 0.466129
v -0.601168 0.542437 -0.0545989
v -0.728602 0.748696 -0.551498
v -0.249305 -0.325534 -0.272793
v -0.6044351 0.676918 -0.2721672
v -0.630933 -0.912131 0.410584
v -0.207371 -0.983986 -0.342949
v -0.69322205 0.62870026 -0.5553589
v -0.937122 0.396234 0.39558
v -0.699688 0.577845 -0.549861
v 0.766974 -0.54616 0.366919
v -0.6261749 0.054847717 -0.12263489
v 0.15431 -0.116272 0.5923
v -0.172048 -0.754398 -0.213763
v 0.126923 -0.1187 0.604036
v -0.0102062 0.986857 -0.232618
v -0.220797 -0.822031 0.588435
v 0.190722 -0.949149 0.519492
v -0.14899 0.90016 -0.158012
v -0.33755636 -0.8240285 -0.14306068
v -0.265679 -0.499395 -0.199018
v -0.03636837 -0.9172435 -0.16566181
v -0.0276422 -0.822402 0.682397
v 0.7401352 -0.3296585 0.43193054
v -0.0102871 -0.798486 0.647027
v -0.0338594 -0.767999 0.61831
v -0.0202421 -0.753398 0.627265
v -0.943339 0.420263 0.384869
v -0.792316 0.803643 -0.556847
v -0.0145668 -0.687603 0.660415
v -0.6273997 0.07839012 -0.107176304
v -0.648821 0.441923 -0.197629
v -0.361364 0.746393 0.0441627
v -0.716218 0.721805 -0.543346
v -0.97991 0.120134 0.49749
v 0.61518 -0.520642 -0.227572
v -0.70433044 0.6719971 -0.53344727
v -0.58975124 0.62750435 -0.50564575
v -0.68362236 0.60489845 -0.6071396
v 0.947551 -0.503329 0.112159
v -0.693845 0.579563 -0.577453
v 0.00969881 0.911299 -0.319216
v 0.0036442 0.936788 -0.310607
v 0.0233148 0.120664 -0.13928
v -0.324042 0.193982 0.292644
v 0.71049595 -0.02793312 0.29229736
v -0.774812 0.804473 -0.57892
v -0.7435312 0.772686 -0.5633087
v -0.720676 0.759266 -0.575181
v 0.623715 -0.730599 -0.137714
v -0.707488 0.730848 -0.572544
v -0.00753176 -0.453392 0.731808
v -0.0159329 -0.425551 0.736458
v -0.0289663 -0.394534 0.746259
v -0.702074 0.700758 -0.56127
v 0.574089 0.112591 -0.00500968
v -0.772512 0.325203 0.674265
v -0.330502 -0.804537 -0.129451
v -0.0146069 -0.314765 0.753423
v -0.0155836 -0.293055 0.745727
v -0.0895458 -0.226484 0.652604
v -0.237231 -0.90395 0.626311
v 0.00419254 -0.231765 0.730631
v -0.938194 0.328846 0.167298
v 0.671478 -0.00853098 -0.0264799
v -0.947251 0.0773085 0.571441
v -0.78502655 -0.056404114 -0.077041626
v -0.9398129 0.29723883 0.47987366
v -0.667759 -0.405229 0.535153
v -0.0146626 -0.0783026 0.574424
v -0.452865 -0.696512 0.320319
v -0.70489 0.748842 -0.594563
v -0.68788147 0.70682526 -0.6038513
v -0.0149319 -0.0155878 0.552226
v -0.6874695 0.6826019 -0.59490967
v -0.018375397 0.012931824 0.5381508
v -0.22564 0.142801 -0.0958871
v -0.755592 -0.415108 0.465093
v -0.676618 0.716658 -0.231306
v 0.454897 -0.111411 -0.260165
v 0.435185 -0.124918 -0.267898
v -0.0191788 0.113568 0.468537
v 0.6846485 -0.06325531 -0.06439209
v 0.585229 -0.509859 -0.264377
v -0.632822 0.439369 -0.173183
v 0.570669 -0.489458 -0.28042
v 0.98987 -0.585869 0.128037
v -0.624935 0.0798238 0.635107
v -0.370488 -0.934335 0.597147
v 0.937288 -0.565411 0.344406
v -0.69460297 0.73054504 -0.6020813
v 0.543622 -0.178666 0.596392
v -0.585638 0.465037 -0.0725949
v -0.373928 0.262222 0.079902
v -0.358502 0.265586 0.176165
v 0.288148 -0.347491 0.74675
v -0.0558019 -0.16066 0.598838
v -0.466947 -0.967746 0.587025
v -0.932651 -0.173923 0.173449
v -0.7786944 0.824698 -0.59823513
v 0.768238 -0.168216 0.0251566
v -0.69740295 0.77685547 -0.63082886
v -0.59581 0.246141 0.56213
v -0.0100973 -0.817231 0.669215
v -0.608588 0.89207 -0.736168
v -0.6817932 0.66114426 -0.6074829
v -0.00672664 -0.774352 0.626229
v -0.73841095 -0.11767578 0.5035629
v -0.00329363 -0.719974 0.659327
v -0.00243979 -0.748406 0.642651
v -0.586701 0.436361 0.504511
v 0.60993195 -0.58143616 0.5511589
v 0.814655 -0.448749 0.135733
v -0.629527 0.594199 -0.0753367
v -0.705215 0.905053 -0.690838
v -0.7161217 0.7768097 -0.6010437
v -0.6862 0.754509 -0.635021
v -0.812914 0.519369 0.470041
v -0.697408 -0.923038 0.133502
v 0.572779 -0.780533 -0.204897
v 0.752411 -0.602768 -0.0214449
v -0.693951 0.677067 -0.140381
v -0.56196 0.354034 0.464642
v -0.571306 0.452027 0.497709
v -0.759467 0.848316 -0.638339
v -0.731438 0.829747 -0.638426
v -0.846441 0.47028 0.512168
v -0.00314284 -0.374075 0.757231
v -0.675354 0.73635864 -0.6471405
v 0.6821213 -0.69610023 -0.08223343
v -0.00972809 -0.343012 0.759176
v -0.6721649 0.6256199 -0.6475067
v -0.677116 0.601335 -0.634976
v -0.020215988 -0.2625656 0.7337532
v -0.662189 0.579102 -0.641751
v -0.756297 0.870661 -0.654595
v -0.740473 0.85137 -0.652646
v -0.29885495 0.23634851 0.15916634
v 0.958001 -0.492347 0.208388
v -0.71098 0.803826 -0.634007
v -0.00828035 -0.0466164 0.562283
v 0.606283 -0.165275 -0.191501
v -0.77407837 -0.17481136 0.4927063
v 0.00707563 0.00403451 0.548403
v -0.36807 -0.958617 -0.260156
v -0.624439 -0.892782 0.446657
v -0.6736603 0.6954727 -0.6396179
v -0.6683121 0.67585754 -0.65353394
v -0.504052 0.197446 -0.0676331
v -0.008392334 0.0932312 0.48750305
v -0.117605 -0.914991 0.715736
v -0.733739 0.866713 -0.668145
v 0.129831 -0.128274 0.636579
v -0.71928 0.843953 -0.661859
v 0.264085 -0.97477 0.0629707
v 0.772975 -0.393807 -0.0307228
v -0.664084 0.717706 -0.666751
v 0.3396263 -0.85984325 0.59741306
v 0.00450369 0.960637 -0.300738
v -0.323205 0.166287 0.341147
v -0.420175 0.380852 0.097338
v 0.8681793 -0.81440353 0.05117798
v -0.235131 0.0709594 -0.173802
v -0.971772 0.0970144 0.446679
v -0.194376 -0.976432 0.256719
v 0.589541 -0.531892 0.560554
v 0.0109997 -0.835062 0.673504
v -0.699852 0.8290405 -0.6685486
v -0.6782074 0.7805786 -0.66381836
v 0.5175934 -0.9263725 0.44683838
v -0.64764404 0.7618942 -0.7110138
v -0.676158 0.370049 -0.0808186
v 0.012202 -0.693798 0.674941
v -0.0993374 -0.706289 -0.35253
v -0.831574 0.20998 0.690417
v -0.125454 -0.728087 -0.318903
v -0.723278 0.886235 -0.683193
v -0.31079102 0.69062424 -0.12775421
v -0.920215 -0.176076 0.312876
v -0.68782043 0.79948425 -0.6618042
v -0.471333 -0.937204 0.62161
v -0.491689 -0.928535 0.624036
v -0.486365 -0.956899 0.61158
v -0.64533997 0.73140717 -0.7106323
v 0.220865 -0.940722 0.0611038
v -0.296586 0.555209 -0.0819657
v -0.109428 -0.754558 0.5641
v -0.0157405 -0.496505 0.718082
v 0.7763634 -0.34160233 0.36484528
v 0.916258 -0.559731 0.356594
v -0.5914116 -0.9862359 -0.016506195
v 0.000884859 -0.479883 0.72885
v -0.658555 0.648271 -0.685545
v 0.024177551 -0.42876053 0.74528694
v 0.00788561 -0.406511 0.7475
v -0.20027 -0.975045 0.307723
v -0.78193 0.848815 -0.616847
v -0.340866 0.783479 -0.0138285
v -0.702712 0.879145 -0.6999
v -0.688141 0.853745 -0.698447
v -0.673801 0.825857 -0.69661
v 0.0050444603 -0.29920197 0.7496352
v -0.00191249 -0.27569 0.743184
v -0.66179657 0.7884674 -0.69480896
v -0.148056 -0.927885 0.35907
v 0.651156 -0.112423 0.472591
v 0.0187616 -0.211081 0.721618
v 0.0444973 -0.911021 0.50604
v -0.627886 -0.894847 0.471853
v -0.239737 -0.393671 -0.258357
v -0.0114856 -0.142381 0.592796
v 0.0087602 -0.0958707 0.578508
v -0.244187 -0.982916 0.123427
v -0.64910126 0.67507935 -0.7046509
v -0.865954 0.236946 -0.023382
v -0.850237 0.256444 -0.0279083
v 0.301407 -0.130119 -0.264754
v 0.0133925 -0.0206456 0.559748
v -0.182472 -0.777249 0.563657
v 0.00540202 0.0233328 0.537463
v -0.693096 0.898613 -0.710263
v -0.24584198 -0.9712362 0.52542114
v 0.010450363 0.055511475 0.518219
v -0.123522 0.835176 -0.108414
v -0.679273 0.876356 -0.718179
v 0.00561446 0.1176 0.474472
v -0.547849 -0.869001 -0.071188
v -0.4846573 0.33795357 -0.016544342
v 0.820237 -0.855364 0.0620698
v 0.768852 -0.368292 -0.0402132
v -0.654047 0.819487 -0.71993
v -0.619347 0.726512 -0.748614
v 0.465632 -0.0916987 0.592119
v -0.657254 -0.282144 0.578213
v -0.362516 0.175415 0.335992
v -0.386348 -0.953995 0.596493
v 0.0362966 -0.854477 0.671908
v -0.50843 -0.638817 -0.0311659
v 0.15703201 0.08422279 -0.18475533
v 0.36461258 0.18251038 -0.07836151
v 0.0169811 -0.793602 0.635353
v 0.56411 0.0864937 -0.0552383
v 0.0205717 -0.765988 0.642906
v 0.0217422 -0.742046 0.658905
v 0.0308449 -0.716654 0.671197
v -0.338513 -0.981014 -0.0525035
v -0.5526581 -0.47953796 -0.19353485
v 0.0227055 -0.673915 0.681563
v -0.149953 -0.930877 0.333912
v 0.731884 -0.5908599 0.41854858
v 0.000145708 -0.66939 0.676255
v 0.0163917 -0.65397 0.687015
v 0.615925 -0.432957 0.572366
v -0.38619137 0.28244388 0.08790398
v -0.859316 0.491736 0.472203
v 0.0103147 -0.630364 0.693901
v 0.00685916 -0.60429 0.698706
v -0.206814 0.0453215 -0.196621
v -0.186448 0.03091 -0.20518
v -0.163694 0.0391487 -0.199573
v -0.418299 -0.8056 0.532425
v -0.0130983 -0.588718 0.686547
v 0.0299748 -0.562574 0.711734
v 0.00468926 -0.577381 0.703807
v -0.3919258 -0.6940727 0.49251938
v 0.30033 -0.149503 -0.284385
v 0.351002 0.226132 -0.017437
v 0.0101766 -0.50613 0.725164
v 0.0278697 -0.487119 0.728858
v 0.556155 -0.364471 -0.283066
v 0.569971 -0.34676 -0.267861
v 0.0184392 -0.462538 0.735418
v -0.452059 -0.698328 0.371156
v -0.421541 0.273663 0.395351
v -0.347492 0.473697 0.0616195
v 0.0262249 -0.380491 0.750962
v -0.307944 -0.968806 -0.0873956
v 0.0169213 -0.352222 0.75303
v -0.311062 -0.977436 -0.129386
v 0.010258 -0.324512 0.752771
v 0.0290828 -0.305507 0.751883
v 0.109861 -0.110642 -0.287397
v 0.639836 -0.706644 -0.134942
v -0.694191 0.442604 0.58509
v -0.174839 -0.0364072 -0.243227
v -0.215311 0.663884 0.000368633
v -0.720898 0.432322 -0.111631
v 0.310954 0.121956 -0.168614
v 0.86623096 -0.5848465 -0.001876831
v -0.768047 0.723021 -0.303152
v -0.763694 0.740846 -0.328971
v -0.17248 -0.883352 -0.363587
v -0.224447 -0.880899 0.63843
v -0.258832 -0.389688 -0.241435
v 0.16658783 0.2238884 -0.043907166
v 0.134536 0.0342565 -0.234457
v -0.17648458 -0.9706774 0.17133331
v 0.0138791 -0.0677102 0.570122
v -0.555108 0.560695 0.415288
v 0.0205399 -0.0429975 0.567483
v 0.540314 -0.640011 -0.28839
v 0.219737 -0.956768 0.0903874
v -0.498855 0.168704 0.521159
v 0.0192853 0.0403568 0.530777
v 0.205735 -0.939854 0.0884434
v 0.0268827 0.681358 -0.191032
v 0.269264 0.152541 -0.136102
v -0.292604 0.743457 -0.132263
v -0.7302551 -0.46533203 0.4560852
v -0.960689 0.0478424 0.249278
v -0.6367773 0.7190237 -0.2929058
v 0.7772064 -0.34540558 -0.02256012
v 0.291715 0.0647756 0.531808
v 0.571565 -0.78576 0.501467
v -0.988149 0.164117 0.19463
v 0.315234 0.144436 -0.149071
v 0.761166 -0.628601 -0.0233048
v 0.0332533 -0.809996 0.643467
v 0.665909 -0.170721 0.493068
v -0.302241 0.766815 -0.116014
v -0.1618042 0.7986679 -0.0761261
v -0.111828 -0.962035 0.687517
v -0.519902 -0.80414 0.418507
v -0.609724 0.77884 -0.761941
v -0.208682 -0.886063 0.661981
v 0.0331167 -0.641059 0.700145
v 0.135784 0.0108388 -0.254995
v -0.778093 0.737121 -0.353876
v 0.463119 0.00525547 -0.183854
v 0.00771041 0.674949 -0.0971924
v 0.0275736 -0.591586 0.708062
v 0.160256 0.0258631 -0.239901
v 0.0198172 -0.533245 0.720647
v -0.943238 0.0308361 0.23628
v 0.67113876 -0.94782066 0.14908981
v -0.597515 0.738111 -0.760513
v -0.762043 -0.0726383 0.475825
v 0.0345153 -0.446936 0.744496
v 0.589152 -0.772388 0.495516
v 0.0382913 -0.406673 0.750516
v -0.77721 -0.058045 0.459348
v 0.0436077 -0.358833 0.755776
v 0.0356598 -0.331936 0.753442
v -0.832582 0.0851888 0.642298
v 0.053850174 -0.30937958 0.75411606
v -0.29918 0.757777 0.0469366
v -0.347606 0.155646 0.350762
v -0.51256 0.3686 -0.0368498
v 0.014539 -0.254021 0.742093
v 0.0310846 -0.230269 0.736428
v -0.576201 0.650382 -0.390326
v 0.0329214 -0.192393 0.706282
v 0.553234 0.0778903 0.429058
v -0.52498436 -0.03998947 -0.2111516
v -0.502647 0.643276 0.0701445
v 0.027813 -0.130001 0.59355
v 0.0357516 -0.139713 0.612425
v 0.0354242 -0.0844032 0.577306
v 0.0405463 -0.0562623 0.574673
v -0.229856 -0.4187 -0.26374
v 0.588235 -0.766395 -0.190327
v -0.169879 -0.924453 0.048695
v -0.23346 -0.438499 -0.245073
v 0.308202 0.237435 -0.012995
v -0.633976 -0.913939 0.453158
v -0.535125 -0.342557 -0.2479
v 0.517508 -0.721341 -0.291802
v -0.199922 0.851836 -0.152702
v -0.87323 0.42608643 0.53808594
v -0.912569 -0.0676936 0.200857
v 0.574951 -0.879966 -0.0419485
v 0.880103 -0.816799 0.082164
v -0.893566 -0.0471662 0.26189
v -0.89582825 0.39486694 0.5430298
v -0.713432 0.501391 0.531726
v -0.340452 0.486148 0.0773136
v -0.730757 0.654321 -0.114253
v -0.494083 0.113391 0.500763
v -0.497876 -0.809117 0.373128
v -0.914093 0.25547028 0.60217285
v -0.9247894 0.23282528 0.5954056
v 0.529403 -0.00969277 0.506572
v 0.310328 -0.929386 0.376884
v 0.0166035 0.930166 -0.24823
v -0.940182 0.139818 0.606514
v -0.676279 0.413505 -0.114679
v 0.673177 -0.694384 0.457926
v 0.395778 -0.409714 0.717497
v 0.033761 -0.827786 0.65866
v 0.42257 -0.63912 0.656968
v -0.327094 0.668942 -0.117371
v 0.0400506 -0.759295 0.658485
v -0.241435 -0.966516 0.264191
v -0.377791 0.751198 0.0183828
v -0.162724 0.749394 -0.0802151
v 0.0449191 -0.689053 0.682232
v -0.154642 0.761402 -0.20605
v 0.9219513 -0.7947006 0.15562439
v -0.604348 0.540647 -0.00484395
v 0.488542 -0.892094 -0.132918
v -0.669142 0.0450958 0.647076
v -0.621745 -0.614719 -0.00330343
v 0.596892 -0.0292763 0.478872
v -0.735683 0.877272 -0.590953
v -0.795838 -0.33526 0.478424
v -0.942697 0.283026 0.50556
v 0.66189575 -0.92497253 0.29994202
v 0.0490561 -0.538425 0.716004
v 0.505652 -0.768708 0.548719
v -0.560704 0.12616 -0.103041
v 0.64831 -0.30433 -0.217461
v 0.33696556 -0.97536993 -0.20737839
v -0.6164398 0.18778324 0.6394062
v -0.614822 -0.859637 0.16646
v -0.474484 -0.788492 0.508047
v 0.302131 0.203531 -0.0731111
v -0.59887695 -0.8395214 0.15054321
v 0.529383 -0.969649 0.0835436
v -0.473986 -0.776705 0.173996
v -0.170544 0.186298 0.0330448
v -0.410338 0.723581 0.0301083
v -0.590945 -0.0879428 -0.209294
v -0.419989 -0.78911 0.512251
v -0.400556 0.736362 0.0123551
v -0.445495 -0.785785 0.503323
v 0.0457601 -0.256188 0.747425
v -0.442519 -0.720861 0.284175
v 0.0453996 -0.208278 0.723467
v -0.300432 -0.878161 0.560367
v 0.537262 -0.570869 -0.282032
v 0.794435 -0.202035 0.101605
v -0.768796 0.784795 -0.55935
v -0.9133682 0.3491211 0.552063
v -0.49047616 0.13567942 0.5057174
v -0.155163 -0.31957 0.604629
v -0.276669 0.174955 0.345079
v -0.937529 0.234112 0.574847
v 0.0443255 -0.0250759 0.569061
v -0.93575 0.193041 0.600952
v 0.0330449 0.00132688 0.557172
v -0.943711 0.0383963 0.160996
v -0.391098 0.0745688 0.438242
v 0.621394 -0.508184 0.545051
v -0.938789 0.111562 0.603497
v 0.029876709 0.097732544 0.49861145
v 0.0498752 0.109141 0.499077
v 0.0312314 0.126015 0.479123
v 0.355008 -0.79864 0.632992
v -0.469279 0.0765594 -0.172779
v 0.52825165 -0.2885208 0.635519
v -0.505375 0.501267 -0.00296958
v -0.675331 0.458339 0.566708
v -0.780365 -0.08950043 0.46243286
v -0.453073 -0.670546 0.381674
v -0.567987 0.31726 0.492975
v -0.684105 0.439967 -0.196322
v -0.640285 0.494934 -0.392348
v -0.806573 -0.156137 0.461567
v 0.849564 -0.582295 0.388532
v 0.857064 -0.558899 0.3723
v -0.537907 -0.62396 -0.0280484
v 0.025512695 -0.8826027 0.68003845
v -0.804774 -0.184838 0.46845
v 0.0549242 -0.817822 0.643376
v -0.375938 0.467171 0.0977893
v 0.289409 -0.929265 -0.0496369
v 0.0631454 -0.762617 0.668269
v 0.0484289 -0.739524 0.67088
v 0.0613188 -0.716051 0.681989
v 0.0967556 0.862969 -0.33565
v -0.9948516 0.1361394 0.3063202
v 0.0292937 -0.966768 0.64282
v -0.797889 -0.355267 0.467126
v -0.308722 0.598147 0.0900441
v 0.0468714 -0.60395 0.717532
v -0.41056252 -0.2694378 -0.2602563
v -0.322996 -0.614617 -0.14878
v -0.276504 -0.87286 -0.325795
v -0.191075 -0.0573634 -0.252689
v -0.61377 -0.254584 -0.220235
v 0.67668533 -0.90530014 0.008907318
v -0.277087 -0.787974 -0.138213
v -0.512833 -0.650618 0.303167
v 0.0381934 -0.51208 0.72155
v -0.427457 -0.969673 -0.143277
v -0.489502 -0.790628 0.167539
v 0.05142212 -0.4267578 0.752182
v 0.898304 -0.803874 0.0982598
v -0.0148423 0.945746 -0.290093
v -0.23278427 -0.7982321 -0.23123932
v 0.0695162 -0.364569 0.76234
v -0.250926 0.765215 -0.155221
v 0.0610241 -0.338018 0.758339
v -0.594822 0.356372 0.496176
v -0.549241 -0.889052 0.24982
v 0.0664736 -0.272056 0.747169
v -0.551434 -0.906719 0.269897
v -0.106485 -0.207879 -0.353027
v 0.0612753 -0.225668 0.739478
v -0.6625676 -0.98427916 0.023208618
v -0.794762 0.0672226 0.651974
v -0.694228 -0.897423 0.0828766
v -0.761678 0.651293 -0.151712
v -0.8702965 0.4612732 0.5015259
v -0.1872797 -0.15699005 -0.27705002
v -0.492483 -0.672558 0.252413
v 0.0688998 -0.0462192 0.575107
v 0.0834465 0.008571625 0.56334496
v -0.174651 0.594664 0.0242076
v 0.09131622 0.03250122 0.5532837
v -0.890064 0.425461 0.519949
v 0.414904 -0.919558 0.58541
v -0.445815 0.112829 0.450634
v 0.050977707 0.07543945 0.5190735
v -0.911313 0.384337 0.529438
v -0.9223366 0.3127594 0.5566101
v -0.936663 0.25799 0.560517
v 0.11500549 0.17625427 0.45087814
v -0.617047 0.135089 0.654777
v 0.514695 0.109189 0.43259
v -0.949887 0.189362 0.585216
v 0.782027 -0.277411 -0.0168066
v 0.261824 -0.922911 0.472636
v -0.954701 0.127497 0.588186
v 0.817759 -0.796801 0.385869
v -0.953051 0.101728 0.581413
v -0.500849 -0.662189 0.279128
v -0.647663 -0.000302851 0.511014
v -0.389281 0.732926 0.0428789
v 0.379763 -0.794111 0.615157
v -0.803522 -0.127705 0.453772
v -0.913884 -0.300527 0.221917
v -0.61141 0.505148 -0.351891
v -0.823931 -0.173968 0.449559
v -0.80682 -0.247518 0.47009
v -0.538927 0.339705 0.460525
v 0.0623681 -0.863087 0.664524
v -0.81188965 -0.3128357 0.46626282
v -0.469397 -0.672404 -0.0778209
v -0.412882 -0.177706 -0.26451
v -0.859071 0.125726 0.650616
v -0.531965 0.355875 -0.051839
v -0.491308 -0.769861 0.152505
v -0.5387726 -0.84544754 0.19902039
v -0.52246284 -0.87238216 0.24836445
v -0.274292 -0.97288513 0.3515358
v -0.476059 -0.796285 0.362525
v -0.569989 -0.906826 0.249278
v -0.922413 -0.252647 0.303327
v -0.283826 0.602883 0.0828586
v 0.0548453 -0.650868 0.708394
v -0.03456533 -0.91395366 0.4824133
v 0.0680608 -0.613028 0.726677
v 0.752512 -0.809805 0.420561
v -0.836577 0.507092 0.470752
v -0.88297653 0.46798706 0.4776001
v 0.0593895 -0.564444 0.717843
v 0.0464951 -0.58255 0.714602
v 0.064884 -0.58817 0.724935
v 0.53523254 -0.9071512 0.45079803
v -0.9359846 0.27818108 0.54919815
v 0.0654705 -0.517994 0.727127
v -0.955665 0.070766 0.546446
v -0.25441 -0.476797 -0.211744
v 0.471815 -0.884691 -0.222224
v 0.054454803 -0.49258423 0.7318497
v -0.0794326 0.911478 -0.126565
v 0.057638 -0.453148 0.747755
v -0.29993868 -0.9659286 0.24744892
v -0.30513573 -0.9715862 0.33747864
v 0.017538548 -0.981753 -0.2662859
v -0.949817 0.234297 0.549465
v -0.531302 -0.958877 0.605167
v -0.958854 0.167115 0.580621
v -0.953505 0.149629 0.590955
v 0.0788863 -0.317993 0.756625
v 0.0719746 -0.29358 0.750757
v -0.724848 0.900201 -0.635851
v 0.0784607 -0.249568 0.745438
v 0.363584 0.232982 0.359122
v -0.825258 -0.144648 0.439111
v -0.179412 -0.951003 0.504684
v 0.019959 -0.943784 -0.322204
v 0.0656767 -0.145745 0.651482
v 0.0782776 -0.176291 0.701824
v 0.08867407 -0.15780449 0.6827965
v -0.586907 0.786547 -0.64934
v -0.821609 -0.230538 0.452828
v -0.80200195 -0.28393555 0.47979736
v 0.060123444 -0.10130739 0.5815656
v -0.81289 -0.338337 0.458341
v -0.571603 -0.878948 0.333869
v 0.0954257 -0.0675019 0.579824
v -0.5849991 0.6551914 -0.5123749
v -0.573352 0.253605 0.535612
v -0.810032 -0.36363 0.449327
v -0.15059 -0.34968 -0.435106
v -0.146932 -0.382912 -0.440473
v 0.663031 -0.142722 0.47848
v -0.611062 0.135999 -0.0935568
v -0.02170229 -0.17703772 0.6546917
v -0.841405 0.489802 0.491776
v -0.63576 -0.883329 -0.0357632
v -0.128702 0.658895 -0.0132678
v -0.147217 0.588989 -0.0916072
v 0.9776077 -0.63845444 0.2918167
v -0.237471 -0.750451 -0.114165
v -0.23245883 -0.7286367 -0.112294555
v 0.586421 0.0830142 0.39502
v 0.913299 -0.71827 0.0156896
v 0.897894 -0.724321 -0.00104177
v 0.697592 -0.867805 -0.0235012
v -0.575786 0.633209 -0.413942
v 0.28781128 -0.9465447 -0.026306152
v -0.5344 -0.371038 -0.242672
v -0.189331 0.157208 -0.0597578
v 0.569543 -0.84488 0.476419
v -0.0165017 -0.965915 -0.317931
v 0.0577323 -0.840462 0.657849
v -0.390625 0.7135849 0.06843567
v 0.0778807 -0.802666 0.640624
v 0.655916 0.03014 0.355945
v 0.276894 -0.235271 -0.399292
v 0.655014 -0.724343 -0.0918263
v 0.0760885 -0.739914 0.680844
v 0.675756 0.0130184 0.334862
v 0.076937 -0.694008 0.696102
v -0.78852844 -0.43283463 -0.06417847
v -0.721197 0.617553 -0.0391489
v -0.48772 -0.743682 0.147427
v -0.566761 0.773313 -0.750915
v -0.51600647 -0.8278427 0.18887329
v -0.450019 0.51133 0.2228
v -0.480506 0.65263 0.0867546
v -0.775993 0.825827 -0.523633
v -0.59094 -0.905899 0.230048
v -0.600123 -0.950848 0.248637
v 0.0831178 -0.569032 0.729436
v 0.0757939 -0.543579 0.72498
v 0.6521454 -0.63316345 -0.17385864
v -0.186486 -0.751302 -0.16221
v -0.713199 0.463499 -0.23477
v -0.323143 0.225044 0.228233
v -0.46543884 0.6705818 0.06920242
v -0.315993 -0.827302 -0.199323
v 0.09101868 -0.4260254 0.75948715
v -0.877851 0.491219 0.452652
v 0.078868866 -0.3917446 0.76369953
v 0.60562515 -0.775959 0.4803543
v 0.087285 -0.343711 0.761604
v 0.1921 0.14571 0.490573
v -0.898478 0.4321 0.499982
v -0.185259 -0.857124 -0.353876
v -0.945598 0.256887 0.535924
v 0.095056534 -0.29585266 0.75473547
v -0.967368 0.119478 0.56636
v -0.954184 0.254535 0.450603
v -0.96391 0.0941017 0.557205
v -0.817891 -0.113162 0.433933
v 0.0731984 -0.119553 0.595772
v -0.8399048 -0.16462708 0.4310913
v 0.0857325 -0.126758 0.614595
v 0.0831554 -0.0974657 0.581997
v -0.83644104 -0.19537735 0.43933105
v 0.472345 0.160317 0.405353
v -0.823388 -0.257704 0.451539
v -0.168136 0.89312 -0.137265
v 0.533969 -0.855275 -0.0950229
v -0.8508148 -0.29748535 0.41342163
v -0.643784 -0.445154 -0.184043
v -0.685036 0.244918 0.67105
v 0.000308761 0.638996 -0.110937
v 0.09020996 0.07418823 0.52967834
v -0.828053 -0.344638 0.436392
v 0.0803255 0.101413 0.510355
v -0.824326 -0.374813 0.424755
v 0.49188614 -0.5541096 0.6319351
v -0.433154 0.518663 -0.0283048
v -0.5746905 0.6097722 -0.2908516
v -0.421606 0.49633 -0.0221985
v -0.184722 0.746454 -0.0625092
v -0.381291 0.255467 0.0496526
v 0.765175 -0.171283 0.320221
v 0.48104 -0.839496 -0.242977
v 0.524369 -0.887214 0.514669
v 0.539197 -0.878248 0.495301
v 0.434165 -0.848999 0.583756
v 0.1975174 -0.269104 -0.43343353
v -0.760324 0.657453 -0.37073
v 0.997897 -0.62951 0.153978
v 0.668174 -0.0920035 -0.118492
v 0.666296 -0.11883 -0.132245
v 0.648963 -0.095736 -0.140127
v 0.0795381 -0.850319 0.654295
v 0.197279 -0.290624 -0.438389
v 0.7506943 -0.5388336 0.38972473
v -0.815979 -0.412969 0.398113
v 0.0790988 -0.830153 0.643157
v -0.809794 -0.402014 0.419969
v -0.164586 -0.957799 -0.367539
v 0.107233 -0.780627 0.66494
v -0.910862 0.00452285 0.184746
v -0.625984 -0.9586 -0.0760655
v 0.0908016 -0.717637 0.692199
v -0.09479523 -0.9178521 -0.16019058
v 0.0947374 -0.671494 0.713025
v 0.634974 -0.45148 -0.21768
v 0.44855118 -0.93909454 0.55942917
v 0.0914584 -0.62146 0.73443
v 0.0880063 -0.594862 0.734116
v -0.928503 0.329196 0.530768
v -0.958084 0.449168 0.324019
v -0.32118 0.530368 0.090827
v -0.611136 -0.92964 0.229896
v 0.0915021 -0.522957 0.735037
v -0.61406 -0.959463 0.230166
v 0.06801224 -0.46975708 0.74448776
v 0.315759 -0.105806 -0.252642
v 0.0977561 -0.447156 0.756111
v 0.99824 -0.626914 0.185399
v -0.897859 0.46612 0.456906
v -0.908272 0.437593 0.474087
v 0.930557 -0.483201 0.251402
v -0.776826 -0.360424 0.483198
v 0.0971254 0.811729 -0.336526
v -0.18083787 0.1989069 0.23675156
v -0.575741 -0.86256 0.358131
v 0.510992 -0.0671461 0.543692
v -0.0582326 -0.84236 0.700717
v 0.11191 -0.250749 0.750159
v -0.37109 0.706991 -0.0797809
v 0.585899 -0.0895349 0.512926
v 0.0727973 -0.199679 0.724453
v -0.771798 0.0610599 0.66488
v -0.763243 0.078669 0.680737
v 0.459228 -0.385318 0.689353
v -0.830958 -0.0978196 0.415371
v -0.268093 0.742575 -0.148549
v -0.837488 -0.124675 0.419061
v 0.65819895 -0.95350826 0.17823029
v 0.111436 -0.0983562 0.582542
v -0.16826153 -0.81559485 0.63573265
v -0.797533 0.362132 0.648229
v 0.0940911 -0.0378396 0.57806
v -0.165278 0.566633 -0.0250943
v 0.85111165 -0.8561149 0.18240261
v -0.8383789 -0.24041748 0.4326172
v 0.0034153461 0.8685758 -0.22242665
v -0.369251 0.565879 0.126609
v -0.221927 -0.982041 0.140471
v -0.736459 -0.0209238 0.51227
v 0.895981 -0.60425 0.386627
v -0.755247 -0.385939 -0.121203
v 0.116582 0.153518 0.475199
v 0.09012985 0.15660858 0.46722412
v -0.740193 -0.391778 -0.136383
v 0.083517075 -0.91793203 -0.16868782
v -0.635089 -0.859757 0.00748729
v -0.631586 -0.868193 -0.0151223
v -0.936144 -0.242388 0.231456
v -0.606348 0.231763 0.591787
v -0.944351 0.382168 0.213307
v -0.952392 0.409304 0.214851
v 0.35176277 -0.28362352 -0.3822317
v -0.868677 -0.352074 0.340128
v -0.385655 0.549247 0.140783
v 0.0999688 -0.847506 0.645499
v -0.459877 0.446489 0.271543
v 0.11761394 -0.7987366 0.6489525
v -0.50537 -0.793986 0.152349
v -0.227784 -0.978477 0.171713
v 0.13153076 -0.7423172 0.6950302
v -0.635636 0.11709 0.675997
v 0.107392 -0.695996 0.704264
v 0.80651855 -0.8819437 0.14351654
v -0.603296 0.00718428 0.501824
v -0.595538 -0.839645 0.475458
v -0.895919 0.487387 0.431629
v -0.917173 0.441194 0.446735
v -0.7746277 -0.13000488 0.48138428
v -0.673842 0.293298 0.640151
v 0.68359 -0.535789 -0.164838
v -0.922847 0.184149 0.616036
v -0.27581 -0.0601276 -0.240146
v 0.10864 -0.502262 0.750859
v -0.88881874 -0.06258011 0.08569336
v -0.28989983 -0.8107405 -0.198555
v 0.1165638 -0.42136765 0.76135445
v -0.588271 0.689724 -0.407686
v -0.387359 0.492493 0.131382
v 0.105416 -0.397994 0.763637
v 0.0965376 -0.370614 0.764873
v 0.114911 -0.350009 0.759398
v 0.33513 -0.93538 0.448
v 0.105012 -0.323392 0.758108
v -0.57018 0.425674 0.492938
v 0.114949 -0.279447 0.753906
v 0.203991 -0.929725 0.624275
v 0.307125 -0.0847011 0.590224
v -0.55236 -0.858293 0.341224
v 0.101283 -0.18922 0.718804
v -0.173659 0.644309 0.0167551
v 0.10696 -0.167361 0.698586
v 0.792828 -0.328056 0.314703
v 0.1102 -0.149312 0.676773
v -0.842236 -0.322808 0.422588
v 0.7488289 -0.90969276 0.19763184
v -0.59443665 -0.35263157 -0.2269082
v -0.843172 -0.349894 0.412326
v -0.841393 -0.376269 0.399319
v -0.826582 -0.393976 0.406404
v 0.0981501 -0.115737 0.599018
v 0.471138 -0.19048119 -0.27599907
v -0.23138046 0.016765594 -0.2138176
v -0.0738412 0.0705646 0.480246
v 0.556903 -0.254866 0.607782
v -0.436756 -0.805207 0.250624
v -0.325734 0.615936 -0.108194
v -0.350379 0.619953 -0.0993295
v -0.602174 -0.976534 -0.0808347
v -0.99953 0.179371 0.277587
v 0.65885 -0.474376 0.526169
v -0.339035 -0.59486 -0.159273
v -0.526185 -0.801833 0.136933
v 0.11083412 0.064575195 0.53857803
v -0.135588 -0.713034 0.497482
v 0.110309124 0.10687256 0.51101685
v 0.708704 -0.0669715 0.364235
v 0.355593 -0.77475 0.652257
v 0.0299584 0.900036 -0.25674
v -0.3228073 -0.19522858 -0.2708454
v -0.613254 -0.902993 0.211494
v -0.331041 -0.143395 -0.257197
v -0.927076 0.534718 0.220891
v -0.855526 0.264522 0.671327
v -0.63251 -0.923441 0.209842
v -0.204284 0.626118 0.0482432
v 0.875038 -0.654666 0.404144
v -0.237704 0.761046 0.0140403
v -0.62955 -0.945006 0.220363
v -0.4787712 0.66537094 0.054273605
v -0.9122 0.464829 0.429384
v -0.612166 0.601362 -0.121192
v -0.249017 -0.000722061 -0.225398
v 0.11404419 -0.76194 0.6800842
v -0.19107342 -0.82655716 0.62259674
v -0.181595 -0.773175 -0.230909
v 0.119811 -0.718954 0.69959
v -0.176663 -0.976792 0.228759
v -0.671844 -0.866485 0.0681431
v 0.117286 -0.629215 0.736963
v -0.0369393 0.976384 -0.237577
v -0.843436 -0.0851675 0.397163
v -0.848408 -0.109209 0.40169
v 0.1108017 -0.5490742 0.73469543
v -0.908692 0.285946 0.598058
v -0.908302 0.0166617 0.126728
v 0.114253 -0.528116 0.739548
v -0.0372829 -0.983491 -0.29923
v -0.0680341 -0.450015 0.698072
v 0.376059 -0.615608 0.684964
v 0.04763794 -0.9334831 -0.19582939
v 0.321395 -0.00119423 -0.233807
v 0.47297 0.204745 0.0533408
v -0.6334505 0.19406414 -0.09464919
v 0.519135 -0.767278 -0.265299
v 0.12399 -0.377928 0.76113
v -0.77616 0.396515 -0.0491291
v 0.13169146 -0.328537 0.7524786
v -0.0713335 -0.21931 0.669305
v -0.0450129 -0.950074 0.698958
v -0.20409489 0.08013916 0.43489456
v -0.547038 -0.507425 -0.17635
v 0.132463 -0.266188 0.752053
v 0.131037 -0.225097 0.742249
v -0.646088 -0.945482 0.205195
v 0.125912 -0.200475 0.728945
v -0.910691 0.483703 0.408964
v -0.412086 0.0941304 0.428176
v -0.942021 0.168938 0.601466
v 0.753363 -0.649666 -0.034246
v -0.0838823 -0.178268 -0.307034
v -0.734621 -0.37104 0.510366
v -0.510343 -0.984023 -0.103076
v -0.855572 -0.133582 0.403245
v 0.450839 0.153019 0.422462
v 0.39778 -0.970603 -0.201245
v 0.901521 -0.779469 0.313324
v 0.887286 -0.693976 0.392336
v -0.607576 -0.192866 -0.214777
v 0.111296 -0.0144144 0.576019
v -0.58045197 0.6443405 -0.3065338
v -0.85162354 -0.28163147 0.4131775
v -0.856691 -0.32486 0.397059
v -0.855675 -0.354151 0.387755
v -0.34912872 0.47364235 0.011806488
v -0.852032 -0.379886 0.37315
v -0.965433 0.292028 0.258048
v -0.296309 -0.213094 -0.277087
v -0.721263 -0.498063 -0.0699273
v -0.530008 0.610269 0.0534554
v -0.634864 0.486182 -0.349996
v -0.5479889 -0.8180733 0.14417267
v -0.634863 -0.9017 0.191287
v 0.7136154 -0.11120033 -0.06210327
v -0.651016 -0.924715 0.189907
v 0.1618805 0.11630249 0.5111084
v 0.14169312 -0.86741257 0.6394882
v 0.021896362 -0.9385824 0.6797514
v 0.136465 -0.817573 0.634522
v 0.133837 -0.781486 0.668472
v 0.146471 -0.763729 0.685904
v -0.636304 -0.935333 0.399065
v 0.5179043 -0.1580658 0.60398865
v 0.404779 -0.476071 0.704756
v 0.135834 -0.697816 0.710351
v 0.534925 -0.723498 0.557503
v -0.662675 0.445312 -0.224019
v -0.834972 -0.0327548 0.385842
v 0.1135 -0.602032 0.740232
v -0.86359406 -0.09439373 0.37750244
v -0.864355 -0.118067 0.386677
v -0.871554 -0.1418 0.386645
v 0.131004 -0.549924 0.738813
v -0.86691284 -0.17153168 0.401062
v 0.509803 -0.37927 0.659404
v -0.870798 -0.240326 0.394144
v 0.6944351 -0.30921936 0.48976898
v -0.230702 -0.972775 0.310207
v -0.741051 0.604779 -0.0375896
v -0.862373 -0.295588 0.393005
v 0.131276 -0.405566 0.762246
v -0.86463 -0.335687 0.375978
v -0.453901 -0.696974 0.34347
v 0.146368 -0.357317 0.754452
v -0.22781372 0.7659569 -0.17108536
v -0.7489624 -0.43780518 -0.10067749
v 0.330458 -0.975683 0.0318491
v -0.358714 -0.973063 -0.276438
v -0.836891 -0.432708 0.299417
v -0.856141 -0.431571 0.0799534
v -0.653637 -0.906824 0.165936
v -0.766945 0.442693 0.59079
v -0.650739 -0.966717 0.190737
v -0.909079 0.50431 0.383911
v -0.5818211 0.555809 -0.33774948
v -0.935291 0.447105 0.393811
v -0.907258 0.227529 0.621073
v -0.298562 -0.235663 -0.279007
v -0.0703038 0.962777 -0.195659
v 0.591777 -0.385648 0.590684
v 0.23208237 -0.94945335 0.50878906
v -0.871611 -0.21148 0.396853
v -0.24921 -0.774439 -0.130737
v -0.468891 -0.978311 -0.124657
v -0.8657379 -0.2673912 0.39527893
v 0.519852 -0.968677 0.111883
v -0.83364105 -0.4677124 0.09725571
v 0.847848 -0.707781 0.411966
v -0.441237 -0.728352 0.202126
v -0.638305 -0.945693 0.484276
v -0.586352 0.702092 -0.509712
v 0.70959854 -0.069244385 -0.007797241
v 0.26393 -0.915299 -0.117338
v 0.738977 -0.074475 0.0422116
v -0.3579712 0.5636215 -0.07386017
v -0.281403 -0.284108 -0.273353
v 0.497191 -0.837366 0.549619
v -0.639815 -0.866359 0.150046
v 0.745223 -0.224025 -0.0783772
v -0.108386 0.591064 -0.0578771
v -0.9226303 0.47342682 0.39865112
v -0.1494 0.573896 -0.0443066
v -0.025054932 0.77197266 -0.16949463
v -0.585943 0.583677 0.12975
v -0.751438 0.603687 -0.281004
v -0.122278 -0.228628 -0.374442
v -0.8819885 -0.14035797 0.37210083
v -0.868972 0.33606 0.0233181
v 0.567789 -0.631015 0.580302
v -0.228192 0.610658 0.0615474
v -0.884957 -0.191922 0.379426
v 0.540859 0.0887889 -0.0762253
v -0.149152 0.605499 0.0168688
v -0.165084 0.621904 0.0323837
v -0.89527893 -0.24839592 0.3597107
v -0.877031 -0.284539 0.372718
v -0.88317 -0.303693 0.349656
v -0.927441 -0.115951 0.237399
v -0.501615 -0.791883 0.45289
v 0.0575327 -0.0279912 -0.257821
v -0.899965 0.315428 0.596409
v -0.44421 -0.753757 0.195861
v 0.333206 -0.315197 0.734523
v -0.296987 -0.297127 -0.261861
v -0.696649 0.552148 -0.567576
v -0.60459137 0.1242466 0.6303749
v 0.649846 -0.528176 0.526612
v -0.496023 -0.865066 0.265235
v 0.0257064 0.680192 -0.118984
v 0.652543 -0.205501 0.526052
v -0.65166 -0.88516 0.152562
v -0.668542 -0.890533 0.140542
v 0.628403 -0.443086 0.559126
v -0.20483 0.56712 -0.0807191
v 0.130588 -0.0862281 -0.2781
v 0.328223 -0.337302 0.734973
v -0.946559 0.439578 0.373351
v -0.68837 -0.900516 0.128692
v 0.98324585 -0.606308 0.27902222
v -0.00820209 0.146577 0.435016
v -0.326684 0.55361 0.103795
v -0.887822 -0.108649 0.349114
v 0.362818 0.152031 0.462584
v -0.582158 0.843965 -0.719523
v -0.51802 -0.798482 0.439442
v -0.893419 -0.169481 0.363609
v -0.889582 -0.224005 0.372003
v 0.409595 -0.385799 0.70872
v 0.435948 -0.387336 0.700658
v -0.5766249 0.8127365 -0.708107
v 0.444431 -0.653384 0.649043
v -0.768832 -0.499645 0.0124327
v 0.666592 -0.508845 0.513308
v -0.923148 0.156741 0.620977
v -0.928856 -0.271326 0.217349
v 0.474617 0.0634666 0.483451
v -0.762288 -0.480101 -0.055351
v 0.688533 -0.502546 0.490514
v -0.75048447 -0.46588898 -0.08126068
v 0.693743 -0.10648 0.412777
v 0.0277166 -0.912655 0.521086
v -0.06832886 0.68827057 -0.081085205
v 0.991208 -0.5857 0.253603
v -0.593635 0.529604 -0.350013
v -0.732511 0.464055 -0.160398
v -0.951678 0.420353 0.361812
v -0.942719 0.462567 0.369423
v -0.171333 0.720399 -0.063753
v 0.624319 -0.806021 0.431921
v 0.601781 -0.14889 0.54257
v -0.667336 -0.933571 0.169968
v 0.582312 -0.142015 0.551614
v -0.896819 -0.141737 0.349082
v -0.039887 -0.139064 0.590275
v -0.9097557 -0.19941711 0.3403778
v -0.893375 -0.272574 0.352939
v -0.316867 0.505418 0.0712076
v 0.385446 -0.335061 0.701299
v -0.61979246 0.7358885 -0.39224625
v 0.04271698 0.78502846 -0.21356201
v -0.145395 -0.941356 0.254626
v -0.659535 -0.87037 0.135296
v 0.596802 -0.677378 0.540001
v 0.36113 -0.805791 -0.318328
v 0.994043 -0.567511 0.234245
v -0.676241 -0.916331 0.148643
v -0.195017 -0.790327 -0.253226
v -0.26452923 -0.96561146 0.26656342
v -0.323249 0.234052 0.20181
v -0.157107 -0.979847 -0.352956
v -0.687158 -0.944504 0.152037
v 0.50024 -0.882486 -0.108855
v -0.236943 0.669058 0.00218423
v 0.46325684 -0.5656433 0.6515503
v 0.6383953 -0.85443115 0.3954544
v -0.751165 0.478739 0.556547
v 0.502407 -0.920469 -0.0457003
v -0.213937 -0.216662 -0.288031
v -0.286286 -0.475251 -0.206234
v -0.189415 0.689743 -0.035919
v -0.978473 0.266239 0.258751
v -0.623285 -0.900234 0.501425
v -0.986187 0.244146 0.261163
v -0.265671 -0.452843 -0.214568
v -0.65195465 -0.3756237 -0.20560074
v -0.919729 -0.227531 0.318011
v 0.993746 -0.549761 0.18786
v -0.948654 0.0337972 0.210092
v 0.992531 -0.547609 0.216147
v -0.357684 0.485679 0.0976355
v -0.79629 -0.0753835 -0.0749165
v -0.907904 -0.171911 0.33913
v -0.90697 -0.225128 0.344196
v -0.21451712 -0.066129684 -0.24983835
v -0.909633 -0.256128 0.331438
v -0.454445 -0.783061 0.195581
v 0.737494 -0.548315 -0.0834465
v -0.294005 -0.505958 -0.196598
v -0.22761668 -0.81254005 -0.28773117
v 0.3784485 -0.5652809 0.70440674
v 0.0189414 -0.959131 0.666408
v 0.555615 -0.378214 0.622344
v 0.4860103 -0.1475792 0.6144819
v -0.299788 -0.533142 -0.185441
v -0.978172 0.107881 0.5183
v 0.445032 -0.181038 0.629748
v -0.34637833 -0.59776306 0.5373516
v -0.622763 0.406611 -0.089423
f 6422 6424 3635 
f 1919 201 253 
f 2904 7732 5402 
f 145 174 146 
f 5527 1692 1174 
f 2926 3047 3148 
f 4114 1348 4112 
f 8343 8462 10260 
f 6699 5467 1175 
f 1075 1008 870 
f 2161 5530 842 
f 9230 972 847 
f 1851 1593 7968 
f 2283 9100 9079 
f 675 3941 5223 
f 2398 5566 7920 
f 4170 7717 2625 
f 3913 1683 10387 
f 5613 2107 2038 
f 512 6650 1146 
f 8349 8236 9639 
f 726 1621 1025 
f 2192 8595 8594 
f 1886 1243 594 
f 7331 10171 1627 
f 10647 7592 10649 
f 9303 782 780 
f 10331 1751 6512 
f 4236 2094 2022 
f 4352 4181 4517 
f 5429 1741 2441 
f 6033 8033 2489 
f 9529 6228 8456 
f 4556 5054 4559 
f 3834 10382 3953 
f 91 8685 10192 
f 3305 1161 9455 
f 6115 1302 134 
f 10038 10706 2726 
f 7773 5684 2895 
f 7374 7377 1710 
f 8729 1949 4166 
f 4921 3985 4270 
f 8417 3911 3358 
f 10504 10280 10358 
f 6570 2565 9708 
f 294 158 183 
f 55 4845 8976 
f 7468 10607 7445 
f 8987 5876 2315 
f 2123 3877 6995 
f 6161 7757 10298 
f 4598 75 72 
f 73 5 6942 
f 7167 5238 9981 
f 6788 6009 6055 
f 6306 6531 8403 
f 4445 4892 4812 
f 2809 6371 7257 
f 10390 109 9583 
f 2071 424 2872 
f 9089 2172 1320 
f 5633 9817 7523 
f 5655 7676 143 
f 4564 7237 1158 
f 7332 2246 10436 
f 7457 371 7374 
f 838 6642 8108 
f 1369 1522 8227 
f 2677 5263 8144 
f 10341 3203 3790 
f 7569 10 146 
f 10606 10550 10575 
f 7569 146 175 
f 147 115 114 
f 6855 652 9810 
f 628 7600 9214 
f 92 5863 28 
f 8884 536 3291 
f 5554 1963 8062 
f 9003 9004 4850 
f 10165 10189 2950 
f 843 1732 972 
f 8605 3367 8876 
f 4446 1924 9804 
f 8948 106 1099 
f 10233 2051 9243 
f 8244 8164 8331 
f 7977 7883 8068 
f 8396 8458 9550 
f 4869 389 8017 
f 1955 4256 1367 
f 3723 1101 3716 
f 9815 4097 1319 
f 10048 1486 7478 
f 272 8694 7196 
f 10573 10226 9009 
f 1516 9117 9892 
f 4511 4346 2179 
f 8453 374 4010 
f 6094 6393 4958 
f 6875 4770 5860 
f 581 8363 1330 
f 8305 2552 1868 
f 1858 1797 1856 
f 2924 2852 2850 
f 10300 10658 10014 
f 10359 10426 3032 
f 1702 685 6601 
f 3278 3273 3272 
f 7540 177 4898 
f 5369 5654 5371 
f 6570 9708 7244 
f 6669 2844 9211 
f 8447 277 732 
f 6272 8442 6439 
f 9996 7291 822 
f 5771 8230 1892 
f 2565 3358 3826 
f 294 23 158 
f 892 7636 8796 
f 1857 3619 3028 
f 9708 2565 3826 
f 9705 6132 9703 
f 9195 634 661 
f 3407 4501 7113 
f 7854 113 7462 
f 66 7462 113 
f 9832 192 188 
f 10013 9652 6549 
f 642 381 476 
f 195 403 509 
f 2824 4159 2896 
f 8101 3360 10231 
f 9023 9024 8764 
f 6997 7066 160 
f 153 208 281 
f 329 8704 2911 
f 9896 229 9021 
f 174 145 173 
f 5033 904 4480 
f 3151 3100 8057 
f 8179 9638 8299 
f 2120 2275 5577 
f 9896 322 323 
f 8033 1093 2272 
f 206 208 151 
f 173 172 200 
f 73 141 3651 
f 9387 9865 160 
f 200 9064 174 
f 8941 8816 8942 
f 7730 2803 2888 
f 390 1714 392 
f 10039 526 7142 
f 3143 8105 5912 
f 5525 6718 2001 
f 10384 9180 4836 
f 9644 6462 9723 
f 266 9728 6342 
f 1665 2518 1664 
f 3016 2930 3014 
f 5756 1610 5440 
f 8058 7964 8150 
f 3015 9925 7007 
f 207 4018 9040 
f 1627 10171 1937 
f 757 4332 9816 
f 8960 8064 2693 
f 2359 2360 1616 
f 7222 2445 5513 
f 7473 7472 2142 
f 8218 9635 2519 
f 3118 7949 5723 
f 5700 9877 9418 
f 3799 3612 3796 
f 8839 7304 2086 
f 9803 9776 9790 
f 1456 1840 344 
f 5924 4497 2163 
f 1921 1739 1967 
f 3494 6941 1018 
f 9165 9294 9071 
f 9669 4686 9902 
f 8549 8462 8515 
f 1605 1535 1604 
f 10592 5479 7736 
f 9927 4142 10357 
f 542 589 449 
f 1786 2499 9590 
f 9225 187 2895 
f 8833 8617 4372 
f 6154 1694 5936 
f 6369 6606 4198 
f 1298 544 547 
f 2109 1458 2113 
f 1190 9784 3144 
f 6161 3137 4214 
f 10703 10696 10705 
f 10125 8196 4712 
f 10390 9583 10369 
f 113 9146 66 
f 7047 5655 7791 
f 8848 533 3955 
f 4626 7010 3147 
f 4345 8497 3006 
f 6080 828 829 
f 1073 719 8723 
f 4250 4304 4452 
f 1639 997 220 
f 5229 1081 4522 
f 5207 1621 8069 
f 151 48 116 
f 8211 6117 959 
f 147 204 3694 
f 229 9898 230 
f 6511 4581 6510 
f 1624 1623 7530 
f 9021 8898 9896 
f 2180 2182 4753 
f 3909 2534 9371 
f 7541 10680 10319 
f 54 16 48 
f 6054 3547 6263 
f 8900 4649 10236 
f 461 3538 9498 
f 1914 1755 2044 
f 5054 10659 5050 
f 5752 9192 870 
f 464 3861 9942 
f 2051 5525 2001 
f 2413 2035 7359 
f 220 997 9012 
f 8799 8631 10319 
f 6592 6585 2245 
f 8665 613 2059 
f 3132 7612 10468 
f 2605 4363 4814 
f 1046 1937 10171 
f 5681 5230 499 
f 2598 9824 2587 
f 5242 6052 9335 
f 412 5119 1699 
f 9355 5093 3722 
f 3084 3034 3035 
f 10671 7092 3723 
f 1706 1652 2020 
f 7644 9077 6862 
f 4941 4890 443 
f 2600 1977 2274 
f 7060 1306 8841 
f 8892 8850 8962 
f 5339 4272 4368 
f 7500 20 888 
f 6736 10118 10198 
f 8245 8075 8166 
f 762 10628 10622 
f 10288 10550 10513 
f 292 294 249 
f 294 193 23 
f 8015 10192 8685 
f 582 10489 3359 
f 7929 6652 7289 
f 9978 9917 9977 
f 2330 10694 2233 
f 9153 7073 2358 
f 3011 2771 2961 
f 6375 8491 8492 
f 1262 2575 3861 
f 172 145 105 
f 3339 1678 6230 
f 6610 2151 1811 
f 229 200 9021 
f 6730 5332 441 
f 6042 2009 3512 
f 9832 9583 6805 
f 10663 10597 10632 
f 9339 9296 1516 
f 4632 7263 5968 
f 368 5207 8069 
f 959 4308 872 
f 180 114 175 
f 9394 9645 5067 
f 441 170 6730 
f 3903 5611 10633 
f 10485 2292 6644 
f 9138 202 9064 
f 208 88 151 
f 1438 1514 354 
f 54 153 4049 
f 6375 2765 8491 
f 9408 8322 5281 
f 2245 1730 3926 
f 6896 7830 9470 
f 5491 2395 1730 
f 4434 6987 1404 
f 3755 9355 9781 
f 7979 8231 5706 
f 704 2492 137 
f 2316 851 9722 
f 78 4504 9827 
f 10200 10358 10280 
f 6895 5561 6499 
f 10505 8846 821 
f 5896 3125 5849 
f 2573 2563 9426 
f 7924 5727 8258 
f 8040 10432 1750 
f 10388 365 10529 
f 4153 4157 9605 
f 7534 5336 764 
f 9320 9273 9561 
f 1934 8495 5464 
f 9603 1045 7485 
f 1934 2369 2112 
f 5440 1610 1806 
f 7881 7971 8066 
f 9225 1018 228 
f 7625 7529 7621 
f 604 1556 9755 
f 10430 10318 10295 
f 8514 3419 9534 
f 62 26 193 
f 541 588 542 
f 458 547 396 
f 6021 8409 6944 
f 674 5126 2166 
f 3213 1223 2356 
f 10583 1909 3717 
f 1283 2801 3625 
f 1022 1010 1011 
f 9205 9254 9258 
f 1675 743 4934 
f 1000 109 1865 
f 5 7676 713 
f 7291 1928 1072 
f 121 9390 3167 
f 10542 10504 10541 
f 4310 3944 6915 
f 971 9517 8981 
f 519 570 523 
f 180 204 147 
f 6690 2996 10718 
f 7268 5891 8554 
f 6488 8743 9698 
f 9627 9751 9658 
f 6942 6805 73 
f 7886 7709 6369 
f 229 230 9064 
f 206 149 275 
f 88 48 151 
f 2764 2765 2727 
f 88 54 48 
f 9626 6712 8630 
f 393 394 395 
f 4469 2163 439 
f 4738 1014 2074 
f 5129 5173 5219 
f 989 1300 1599 
f 2124 2332 1464 
f 525 7 2554 
f 8708 687 8889 
f 8561 7073 6224 
f 1773 6508 1772 
f 9498 2249 1268 
f 2001 9340 2051 
f 9706 8657 9042 
f 5033 8034 8125 
f 7958 6411 8788 
f 3144 7317 9815 
f 7540 6040 191 
f 179 3669 4785 
f 6968 6966 7166 
f 9884 6737 2612 
f 7876 7781 7966 
f 7546 4232 3703 
f 9756 9744 9755 
f 8995 2260 2035 
f 8850 5932 7704 
f 9361 9472 9318 
f 108 3360 8101 
f 4952 5007 5066 
f 6956 6535 2276 
f 10261 8628 8719 
f 2286 6420 6011 
f 4605 344 1144 
f 9638 634 9195 
f 250 6529 4718 
f 2186 10132 6424 
f 1902 3137 10511 
f 10157 3204 10288 
f 9631 9650 6189 
f 8414 8595 2206 
f 3629 7239 1680 
f 1903 3842 125 
f 542 448 541 
f 295 873 297 
f 104 4790 1668 
f 873 829 4144 
f 10165 10678 3145 
f 8759 9449 8758 
f 4157 7320 9481 
f 2935 8469 605 
f 4273 4710 6136 
f 3033 2742 6830 
f 143 197 7066 
f 1409 10592 7552 
f 7998 360 3306 
f 1012 1202 749 
f 590 737 2607 
f 3765 382 3763 
f 1383 828 6080 
f 9865 9387 225 
f 2152 9781 9991 
f 1184 1124 1011 
f 4596 4365 5368 
f 7196 1758 6134 
f 3856 3657 1864 
f 8629 8630 1105 
f 6008 10324 1367 
f 5638 2709 4086 
f 115 87 38 
f 2468 8297 8036 
f 206 275 281 
f 8632 8521 5940 
f 8079 6997 5819 
f 6492 3025 8242 
f 7464 7465 7301 
f 2922 3047 2926 
f 7342 2377 625 
f 92 10237 7967 
f 8192 6884 1943 
f 8854 8893 8724 
f 6356 9450 7849 
f 647 10631 10332 
f 8106 4948 5669 
f 44 43 489 
f 1669 908 6606 
f 3962 6080 829 
f 4604 10687 8699 
f 7359 2621 2256 
f 470 81 560 
f 4150 6349 3676 
f 87 47 4356 
f 5343 2580 5293 
f 7443 8956 3913 
f 6242 6678 2383 
f 1231 2636 1228 
f 6398 5375 6660 
f 333 435 377 
f 8941 8942 8312 
f 10245 2736 8871 
f 9384 10113 58 
f 6614 7108 8985 
f 3219 10259 8449 
f 2617 7061 6049 
f 2673 2342 2671 
f 3906 8366 7685 
f 30 9830 6087 
f 796 9596 1277 
f 5626 9059 10580 
f 4369 4470 4640 
f 10385 6523 7995 
f 6169 7557 187 
f 10034 6293 4698 
f 23 91 158 
f 9587 4836 10607 
f 10666 10607 10606 
f 5760 1911 7635 
f 292 2429 448 
f 8025 8413 589 
f 780 782 6909 
f 6413 5876 8987 
f 1346 449 589 
f 9488 8648 9337 
f 2478 7276 7738 
f 3327 9469 8900 
f 1263 8583 2082 
f 1154 7710 7510 
f 8561 6224 530 
f 6962 8374 7996 
f 7301 7208 7383 
f 9903 6832 10071 
f 8184 8183 8348 
f 10021 6589 1689 
f 10211 2350 10346 
f 6528 4138 6236 
f 3132 1668 4790 
f 1362 10002 897 
f 6579 9872 2150 
f 1435 1503 1437 
f 8813 8483 4919 
f 10597 10663 10636 
f 1253 1216 1290 
f 5497 2500 8626 
f 3842 6430 9546 
f 2730 4189 405 
f 9641 2874 5119 
f 9228 452 226 
f 202 9095 180 
f 710 10345 711 
f 5505 6430 7691 
f 279 363 281 
f 10 35 145 
f 153 88 208 
f 1751 10657 2156 
f 6614 9909 2321 
f 10319 7718 7541 
f 10480 3881 2072 
f 9894 3870 6147 
f 606 10023 3394 
f 4888 4927 5048 
f 10440 1763 7559 
f 3764 3656 5350 
f 9095 202 9138 
f 4356 4670 87 
f 2759 2943 566 
f 237 6816 3381 
f 1875 3835 5525 
f 1383 508 4147 
f 2205 864 7634 
f 5010 10163 10251 
f 10107 5912 8105 
f 10691 203 5605 
f 2536 8143 6055 
f 4753 6432 2180 
f 10459 10495 8582 
f 246 637 783 
f 1710 5906 7374 
f 5016 2779 8118 
f 2219 7196 3141 
f 7860 5391 6313 
f 2636 1430 1596 
f 4274 9029 9178 
f 3479 4455 9940 
f 5561 5489 940 
f 10397 10497 10461 
f 2465 2471 4256 
f 8908 6301 1926 
f 5806 6210 7319 
f 6844 6969 3365 
f 3524 3593 5553 
f 9114 100 1897 
f 1611 6909 9115 
f 686 735 688 
f 1322 1134 6026 
f 9322 269 36 
f 94 9698 8733 
f 3884 1070 10343 
f 3657 3656 1864 
f 422 899 3732 
f 4860 1101 3723 
f 5874 6641 4081 
f 700 359 8729 
f 1540 6195 5357 
f 194 2462 2269 
f 2988 4272 5339 
f 4236 9360 1915 
f 6212 6216 8256 
f 5518 4698 2265 
f 10034 7978 10044 
f 342 380 249 
f 411 1094 10681 
f 445 292 380 
f 1220 5055 5618 
f 10262 3945 2865 
f 7381 6094 62 
f 479 10537 6452 
f 3235 4788 7481 
f 8054 7104 7195 
f 846 1557 990 
f 9287 4949 1160 
f 6415 1160 234 
f 2757 2756 2837 
f 2433 2159 247 
f 6827 7969 7200 
f 193 294 449 
f 5009 7114 6260 
f 1073 8723 2123 
f 5805 9200 341 
f 604 4332 606 
f 9874 10175 10123 
f 5102 6823 4644 
f 6510 4581 6452 
f 553 509 403 
f 3966 10104 402 
f 3189 1840 1023 
f 7791 167 1173 
f 5999 4658 8044 
f 10435 1974 2945 
f 7275 4529 8651 
f 8989 8945 8943 
f 3589 8541 1677 
f 9808 4011 9643 
f 147 116 115 
f 281 275 279 
f 7791 1673 8079 
f 9888 9891 9811 
f 153 1963 17 
f 4510 10037 4326 
f 3896 3897 3899 
f 8409 6788 6944 
f 479 4581 3897 
f 10202 92 7967 
f 17 5757 2986 
f 4243 8396 3970 
f 6230 1775 6339 
f 1841 3155 430 
f 10686 7220 2710 
f 4033 3935 4544 
f 4894 6861 2117 
f 3331 7265 2281 
f 2321 9909 6772 
f 9122 9226 9123 
f 552 6188 2500 
f 1866 2585 2363 
f 2288 2290 9300 
f 2524 2087 5767 
f 10333 10256 1429 
f 2747 7010 4351 
f 3936 9114 1897 
f 10437 10438 4521 
f 4557 4466 4632 
f 10553 1516 9892 
f 6574 969 5370 
f 10574 6778 652 
f 8627 8623 8753 
f 9630 2308 10315 
f 4620 671 1493 
f 3107 7550 8242 
f 4467 4774 7206 
f 5688 5414 5276 
f 1733 1992 1731 
f 7270 6945 7273 
f 5740 5094 5976 
f 4402 3929 5075 
f 2621 2035 2260 
f 5712 10413 5086 
f 1699 1766 412 
f 4169 1521 928 
f 1081 5229 6353 
f 4634 3595 9963 
f 627 538 583 
f 2006 6629 8853 
f 5236 1898 5216 
f 2568 2060 1508 
f 527 1825 3285 
f 294 183 249 
f 10117 6762 714 
f 131 8025 588 
f 4330 5719 8801 
f 3419 8891 2915 
f 10292 10444 10446 
f 10123 9988 8037 
f 607 511 500 
f 1888 4798 1890 
f 3200 6744 7124 
f 9731 8860 138 
f 10627 9647 10566 
f 8900 6998 3327 
f 183 124 157 
f 10390 3627 107 
f 6369 7709 6463 
f 172 165 5819 
f 9091 1439 1473 
f 6942 192 6805 
f 508 3193 949 
f 4511 4512 4346 
f 7723 507 7940 
f 8288 7856 8157 
f 9132 9129 9273 
f 9896 323 229 
f 2894 1502 7929 
f 9488 4813 9942 
f 9138 9064 230 
f 188 10369 9832 
f 2682 575 3738 
f 3651 195 509 
f 996 9149 9478 
f 366 429 5002 
f 8589 4323 1870 
f 4930 900 3094 
f 9478 997 1639 
f 1563 1420 1057 
f 9878 9879 7698 
f 5554 1709 2904 
f 9298 1413 1327 
f 153 3640 4049 
f 8394 6527 10264 
f 4510 4326 1979 
f 4406 1251 2578 
f 8721 8596 8672 
f 1123 8983 9076 
f 1893 2247 2195 
f 8960 7685 1240 
f 5592 9712 5608 
f 2888 9507 7730 
f 8284 5844 2821 
f 3105 2619 5750 
f 6358 67 9514 
f 2559 2668 2458 
f 104 1668 1190 
f 3473 7031 1004 
f 5053 7639 7460 
f 2131 2209 7369 
f 8072 7887 7977 
f 10236 4649 8275 
f 5598 283 5282 
f 434 7492 2253 
f 954 4158 5433 
f 213 333 1372 
f 9769 9510 9842 
f 1042 321 1120 
f 8326 4946 5805 
f 647 5294 10631 
f 2271 434 2253 
f 5518 4384 1481 
f 6751 1432 5977 
f 297 382 3765 
f 6269 6108 6398 
f 6193 10662 10660 
f 9363 9227 9268 
f 9619 2899 3893 
f 5074 7921 1460 
f 10010 9797 8419 
f 2138 3442 3441 
f 1286 531 5376 
f 5412 8691 5942 
f 701 210 680 
f 6391 6387 5811 
f 1127 8827 9109 
f 9717 2276 6535 
f 7747 3714 5468 
f 3156 1741 5429 
f 26 6413 23 
f 5817 1854 6142 
f 651 679 2488 
f 5106 5674 2469 
f 4508 754 2026 
f 6982 81 470 
f 5336 6240 764 
f 882 8582 10563 
f 7595 6087 6206 
f 4485 5055 6215 
f 3361 6767 3360 
f 5886 6213 10188 
f 8877 4625 7627 
f 1748 1791 1707 
f 8695 10692 4997 
f 10374 93 6171 
f 1125 189 713 
f 197 225 9387 
f 8124 6267 3986 
f 167 8079 165 
f 4337 1818 2020 
f 5002 331 366 
f 7261 7425 7343 
f 6036 6982 633 
f 5129 1568 5173 
f 200 174 173 
f 8510 3020 4062 
f 8794 5947 8741 
f 657 234 1700 
f 331 368 6712 
f 941 9093 2782 
f 151 149 206 
f 7124 4180 7823 
f 7730 9507 3791 
f 9564 4626 3147 
f 17 3640 153 
f 8547 3218 384 
f 374 2047 8073 
f 8869 1105 8069 
f 6080 3778 1383 
f 8661 8549 8711 
f 2538 826 8739 
f 1124 276 1022 
f 618 1371 2559 
f 618 2118 2115 
f 9487 1934 2112 
f 2236 1667 1979 
f 6649 10276 1677 
f 4979 4977 992 
f 8028 8093 10633 
f 2893 2475 6011 
f 1 10413 5712 
f 9674 9670 9692 
f 8518 7823 1065 
f 10456 10600 6993 
f 9158 978 4146 
f 4534 9153 6219 
f 1108 590 1303 
f 9026 9123 10308 
f 6951 463 399 
f 1402 1426 742 
f 814 862 906 
f 6540 1424 1432 
f 1688 9922 10053 
f 2968 5600 4015 
f 1693 6360 6299 
f 2414 5680 431 
f 6225 9232 4451 
f 2976 1128 6265 
f 7463 6079 9337 
f 6020 1137 10446 
f 3784 6748 6750 
f 239 6385 7910 
f 6043 3791 10237 
f 6585 4556 4559 
f 9469 8774 8900 
f 9537 7234 5346 
f 9469 3327 9309 
f 7996 2339 1198 
f 2399 4650 8783 
f 9797 8691 8419 
f 5177 6308 6355 
f 4694 4397 4398 
f 3004 4514 10650 
f 805 9996 2622 
f 3676 1327 1390 
f 893 1643 10079 
f 9717 8987 2276 
f 26 23 193 
f 10532 5094 8413 
f 762 7283 875 
f 10005 8935 2748 
f 2151 1847 6437 
f 8133 9513 7034 
f 7767 7759 7761 
f 7296 10377 7200 
f 10561 770 10621 
f 9017 9103 9493 
f 6979 6301 8908 
f 7910 6385 2428 
f 494 10254 493 
f 1097 1266 3114 
f 3138 3302 3303 
f 9640 2990 2223 
f 553 751 9810 
f 4197 4199 3803 
f 601 70 73 
f 5896 4588 3125 
f 706 9061 707 
f 512 502 480 
f 7077 7076 6999 
f 9896 8898 161 
f 4170 10036 10522 
f 7167 189 1125 
f 8079 1673 6997 
f 3868 616 478 
f 9898 357 230 
f 5787 8447 5341 
f 9003 4850 1025 
f 2444 3408 6845 
f 6750 6748 6845 
f 6796 5685 5461 
f 6202 5536 8859 
f 252 991 2089 
f 7342 8869 622 
f 6712 9626 331 
f 588 8025 542 
f 2888 2852 2924 
f 9218 4088 10457 
f 949 2433 247 
f 9188 6786 3110 
f 2224 720 5618 
f 1105 8869 8629 
f 8558 4062 3020 
f 3742 1688 1869 
f 5984 5414 5688 
f 6234 5179 9066 
f 1756 5634 9309 
f 6001 6948 10068 
f 191 1643 893 
f 4438 2292 1280 
f 10165 2950 10678 
f 1284 6589 10021 
f 9239 8904 9024 
f 1254 3052 1343 
f 8305 2296 2552 
f 1616 1788 2359 
f 4800 4804 4801 
f 683 586 3765 
f 9546 7540 125 
f 3866 4595 10448 
f 8385 1179 1767 
f 1866 809 2585 
f 5364 808 7475 
f 2569 10326 6831 
f 8158 8066 7971 
f 5375 6540 6854 
f 2253 213 2271 
f 6959 1294 7070 
f 919 705 882 
f 5977 211 120 
f 784 376 2804 
f 108 5219 5307 
f 3186 6865 8080 
f 6522 1372 6082 
f 9456 3949 9870 
f 4642 5063 718 
f 764 364 10634 
f 903 544 632 
f 4026 4035 9060 
f 2404 803 2008 
f 218 1434 530 
f 1850 4763 9554 
f 9806 9071 9072 
f 7557 8707 7773 
f 6793 2324 6228 
f 4493 8190 702 
f 9851 2814 5122 
f 3456 8400 3313 
f 5400 6781 3599 
f 292 249 380 
f 198 319 221 
f 62 6413 26 
f 5824 7867 7863 
f 6949 4214 6230 
f 1346 385 449 
f 5327 2496 5170 
f 404 5371 2784 
f 547 458 1298 
f 2376 1921 4172 
f 1254 8390 8035 
f 9191 2267 1843 
f 5155 6278 3714 
f 7685 10417 2920 
f 69 2050 195 
f 921 5760 5759 
f 6050 8390 1254 
f 6457 951 5377 
f 6355 2943 5177 
f 10267 9895 9959 
f 478 10558 2682 
f 864 9421 9416 
f 1444 1374 1373 
f 1484 1482 3454 
f 161 9865 322 
f 358 271 357 
f 660 1406 6173 
f 3631 4227 8621 
f 9898 323 1063 
f 8512 10555 9255 
f 1621 726 622 
f 363 279 3868 
f 6300 1501 2348 
f 8215 2805 1426 
f 10097 2377 3164 
f 9766 9748 9776 
f 6397 5899 6208 
f 7730 3791 6043 
f 146 10 145 
f 2091 818 3572 
f 6502 3442 4796 
f 732 1124 4771 
f 10680 2061 8062 
f 4414 8124 3776 
f 8123 875 10469 
f 1658 7411 10100 
f 4798 4631 4961 
f 2531 10165 5617 
f 2242 1319 2243 
f 3345 10223 5475 
f 3629 6181 1034 
f 488 6374 10060 
f 1982 7824 972 
f 1790 2526 1635 
f 1901 8891 2691 
f 3998 3078 5331 
f 1825 527 2003 
f 2028 1785 4536 
f 5515 37 2219 
f 2602 7137 5499 
f 5375 6398 6107 
f 7273 6945 1907 
f 3235 7481 3236 
f 434 1907 7492 
f 431 537 373 
f 4925 844 1844 
f 7908 7715 7997 
f 739 810 859 
f 7721 7732 2904 
f 6963 7282 6853 
f 9284 9247 9343 
f 3856 10084 3657 
f 120 156 4471 
f 1383 987 508 
f 1553 2208 4849 
f 1386 1352 1412 
f 4119 2100 5354 
f 6212 8256 5654 
f 3790 7000 7038 
f 1031 6056 2687 
f 9681 6439 9912 
f 5370 9133 9369 
f 95 8578 3976 
f 8991 8989 9097 
f 7832 8667 150 
f 2063 1998 10600 
f 18 8438 8995 
f 2800 7219 3919 
f 7399 7166 7504 
f 785 784 2802 
f 5823 10250 3313 
f 7972 8095 8097 
f 1298 1346 544 
f 4936 2649 5662 
f 6589 1281 6591 
f 9788 9823 9748 
f 5462 10368 4016 
f 7262 6086 5431 
f 4727 8299 9638 
f 8803 8234 7328 
f 9633 2914 8466 
f 5780 2910 6017 
f 9383 2965 6841 
f 8130 3524 3122 
f 1888 1890 3208 
f 9891 9671 9811 
f 7232 5421 7487 
f 9798 9109 8827 
f 2087 2524 5196 
f 3144 9815 10548 
f 403 263 5036 
f 6000 104 10678 
f 1691 6272 2062 
f 524 3868 358 
f 4329 9410 1123 
f 5556 5120 10016 
f 2375 4545 5852 
f 9656 9694 9725 
f 3478 7010 4626 
f 1807 94 8733 
f 6518 1461 5665 
f 7047 7676 5655 
f 6413 391 5876 
f 8237 3242 3113 
f 5594 3843 4915 
f 273 9095 9138 
f 1949 359 2784 
f 5207 368 5002 
f 163 3184 316 
f 2358 3516 7458 
f 1621 5207 6341 
f 7026 10021 5255 
f 8527 8529 8528 
f 622 726 7342 
f 20 2663 9053 
f 1472 1607 1550 
f 2571 2619 3105 
f 10656 10627 7214 
f 8200 9037 7068 
f 10374 2797 93 
f 2353 1276 1399 
f 9765 6916 9984 
f 1732 843 2065 
f 5671 1598 7506 
f 285 6102 9012 
f 4818 6520 898 
f 7382 7266 7258 
f 6558 4792 4620 
f 10195 10196 9964 
f 4595 6012 516 
f 6959 6751 4471 
f 688 580 686 
f 156 212 2253 
f 6353 9916 9445 
f 2393 5809 428 
f 7159 6959 7070 
f 120 6751 5977 
f 1372 377 6082 
f 4427 6522 1134 
f 8646 10073 3236 
f 10657 10566 10591 
f 4305 4455 3479 
f 4846 8196 10125 
f 695 668 741 
f 4374 10287 5465 
f 8560 9932 8563 
f 8669 7778 5931 
f 1696 2199 7481 
f 10313 10317 10238 
f 10396 2257 2105 
f 10246 10015 10088 
f 8681 360 10114 
f 1298 7992 193 
f 7021 3919 7219 
f 6636 6735 6737 
f 1502 6022 7929 
f 6700 6745 2628 
f 1779 1650 1783 
f 882 705 8582 
f 3608 5647 9636 
f 10081 9077 10528 
f 3778 737 7955 
f 3913 1049 7443 
f 5373 4282 5116 
f 6171 10066 10065 
f 1945 9146 6213 
f 8738 4212 2892 
f 909 8304 1950 
f 5404 5133 5261 
f 9005 6066 4499 
f 2531 1298 3890 
f 3975 4192 3421 
f 1258 6828 10199 
f 1063 357 9898 
f 1271 3942 5795 
f 192 6942 713 
f 9673 9672 9814 
f 2479 8671 2964 
f 711 5082 722 
f 3744 769 170 
f 64 7380 7258 
f 3408 2444 1594 
f 3744 170 441 
f 575 621 4855 
f 1687 7762 53 
f 363 2682 3738 
f 2052 2383 2011 
f 363 478 2682 
f 429 363 3738 
f 9050 7667 9223 
f 416 357 1063 
f 2245 2191 5491 
f 6921 761 6824 
f 8225 8482 8313 
f 519 358 416 
f 2229 687 1562 
f 5457 8883 7683 
f 2435 8614 8689 
f 4772 8516 2211 
f 616 5599 9764 
f 7690 7883 7693 
f 344 1237 1456 
f 3302 5511 5478 
f 7058 1517 10228 
f 5460 5478 5511 
f 4858 218 9076 
f 10460 10263 473 
f 5628 2015 7560 
f 1992 1733 6646 
f 921 10675 10653 
f 9212 2490 1646 
f 4146 8191 9158 
f 10085 2051 10233 
f 1394 111 9230 
f 2349 1660 4370 
f 4350 9134 8517 
f 7145 7147 6939 
f 9544 5492 184 
f 5874 4081 1919 
f 2972 2897 7472 
f 3153 3054 3100 
f 1060 538 435 
f 4806 9047 9584 
f 8645 8909 8771 
f 9461 878 876 
f 7277 7389 7690 
f 2632 2818 6880 
f 10290 3274 2547 
f 2155 6676 9690 
f 3825 2155 9690 
f 745 10160 4634 
f 8606 1226 1262 
f 10553 3825 9690 
f 213 290 333 
f 112 2492 6580 
f 9827 7331 2278 
f 1955 1635 1875 
f 10436 7231 7532 
f 5135 4826 4985 
f 3053 8615 2103 
f 4378 5052 3940 
f 1546 1543 348 
f 444 10580 2429 
f 10323 10393 10246 
f 100 9114 1152 
f 5482 320 407 
f 10577 8478 2624 
f 8885 8832 8993 
f 965 1094 919 
f 1945 3061 4003 
f 9094 8943 8986 
f 595 10313 10156 
f 2838 4614 3922 
f 4003 3061 8337 
f 2595 9461 876 
f 547 636 396 
f 8692 2129 2814 
f 3147 4483 9564 
f 10058 866 10000 
f 9148 9556 2733 
f 195 263 403 
f 1298 458 396 
f 10058 10000 10140 
f 8537 7615 7727 
f 5565 6104 6580 
f 609 8802 10016 
f 5465 6295 4390 
f 325 8936 661 
f 1119 2647 3434 
f 7663 5475 7292 
f 7066 1673 5655 
f 575 7278 3738 
f 3812 4305 7902 
f 8235 8233 8493 
f 441 8622 3744 
f 371 2188 7377 
f 273 271 361 
f 8529 8399 8528 
f 175 174 202 
f 9929 1165 841 
f 273 9138 271 
f 478 363 3868 
f 7514 7613 7516 
f 9764 5599 8724 
f 7119 7019 6577 
f 6341 5207 576 
f 2888 2803 2852 
f 8629 8631 8630 
f 2520 4276 4268 
f 9307 2166 7422 
f 2261 9068 5707 
f 6420 1371 2681 
f 9340 9243 2051 
f 4732 3292 3293 
f 1023 395 3189 
f 8455 813 2260 
f 3380 7090 7354 
f 10624 3465 5078 
f 9072 9071 3392 
f 2038 8518 3693 
f 4802 1912 1881 
f 898 1065 4818 
f 6845 1303 2444 
f 7859 8420 8331 
f 10153 10283 10082 
f 6134 8012 7196 
f 2092 1046 8713 
f 2261 2111 4874 
f 6404 6113 6551 
f 1372 6522 2271 
f 5407 5270 5679 
f 6319 5446 7455 
f 1907 6945 1294 
f 1037 9061 4328 
f 237 3771 2516 
f 212 290 213 
f 1045 9603 1593 
f 3285 1941 527 
f 373 287 2414 
f 4306 5770 3052 
f 3236 8292 6026 
f 9208 9162 9205 
f 743 1782 4934 
f 9346 9517 461 
f 2570 1728 4500 
f 9570 9473 9567 
f 42 7513 3567 
f 9023 8764 8762 
f 8366 595 8254 
f 9126 6218 5937 
f 918 7374 5906 
f 1605 1572 1607 
f 9625 5976 10532 
f 2081 517 3079 
f 2350 10211 7473 
f 7660 9564 1538 
f 10362 2081 1591 
f 3262 353 5200 
f 7822 9787 9773 
f 1729 2201 1735 
f 5218 4736 5590 
f 4849 2208 2128 
f 1289 10353 1358 
f 1627 65 2278 
f 9676 2537 2374 
f 9411 3059 9441 
f 9947 6772 9910 
f 6094 7381 6393 
f 10609 8648 9488 
f 185 2972 7472 
f 6546 8967 10628 
f 2568 9732 3670 
f 396 401 398 
f 4003 3458 398 
f 160 8898 6997 
f 7198 6992 7295 
f 9387 160 7066 
f 398 401 5036 
f 3144 3145 10012 
f 7440 6041 760 
f 4216 4068 8008 
f 136 1744 5830 
f 69 66 2050 
f 9473 9273 9227 
f 410 652 569 
f 285 340 6102 
f 7066 6997 1673 
f 2152 1860 3519 
f 3966 8401 570 
f 9871 9456 9870 
f 8898 9021 5819 
f 524 616 3868 
f 6533 801 4955 
f 4850 8963 2203 
f 2299 7446 7880 
f 9813 9957 10106 
f 569 1063 410 
f 361 3868 279 
f 989 10359 1821 
f 9097 9048 8991 
f 429 281 363 
f 8724 8673 8722 
f 909 737 8304 
f 204 180 9095 
f 5401 2319 5309 
f 3244 3030 3439 
f 480 9083 6573 
f 359 1949 8729 
f 2005 327 5775 
f 5096 1661 5463 
f 198 221 8435 
f 8387 8457 8513 
f 1583 2700 50 
f 972 9230 3167 
f 1109 4038 3023 
f 9880 4004 6489 
f 8525 1990 5415 
f 6846 747 6943 
f 9375 3494 6559 
f 9083 480 766 
f 2225 9096 9265 
f 10233 6880 2818 
f 8688 4857 6903 
f 48 47 116 
f 692 775 2561 
f 3836 110 1622 
f 2402 2449 2585 
f 5870 10559 3139 
f 9526 10594 1991 
f 4374 4740 4694 
f 8997 1452 6034 
f 9002 7329 8117 
f 537 333 373 
f 7277 7155 7389 
f 590 1108 7955 
f 2026 623 5270 
f 758 682 807 
f 816 10025 2457 
f 744 937 695 
f 1160 6415 6247 
f 739 663 810 
f 2883 4209 2944 
f 2769 2732 685 
f 5161 5313 5208 
f 8602 8057 8059 
f 10073 8292 3236 
f 8555 1321 2199 
f 10622 10672 762 
f 10376 2626 2521 
f 5300 5710 5850 
f 8620 8617 2017 
f 2849 4735 3307 
f 1760 8312 9770 
f 3264 244 5954 
f 283 5410 12 
f 8609 3788 9313 
f 1459 8359 6626 
f 3839 2806 5642 
f 2294 3633 1306 
f 2200 1900 2367 
f 8933 8512 4631 
f 449 294 292 
f 10644 10004 2205 
f 3861 126 528 
f 541 10580 9059 
f 5740 2697 2142 
f 6912 1584 1735 
f 9488 9942 10635 
f 8015 5650 308 
f 449 448 542 
f 9412 1111 1330 
f 1254 6643 6050 
f 2892 10164 10114 
f 1055 919 1094 
f 10400 1495 248 
f 6870 6791 7245 
f 8879 8772 8825 
f 5740 2282 5094 
f 401 403 5036 
f 1232 636 751 
f 10495 788 10563 
f 3735 1528 2555 
f 5319 5486 7642 
f 8613 1496 7749 
f 1738 1581 6912 
f 9691 9668 9735 
f 10335 10256 10333 
f 7049 7147 7052 
f 3638 6025 7242 
f 10605 10666 10606 
f 7984 7188 7423 
f 3782 1957 8733 
f 6213 1865 10188 
f 9640 10708 10689 
f 1063 323 322 
f 3010 1218 6340 
f 8559 8050 5469 
f 6643 1254 6444 
f 1025 6341 9003 
f 114 180 147 
f 429 576 5002 
f 7173 6974 7111 
f 4855 9004 9003 
f 5 73 102 
f 4710 4273 3175 
f 9774 1996 1994 
f 6742 1964 1406 
f 8776 10401 4309 
f 9538 2100 4119 
f 5864 5807 5861 
f 2000 1999 1394 
f 8399 8294 8524 
f 9766 9692 9748 
f 5147 4998 5708 
f 9692 9670 9710 
f 9436 3382 733 
f 6016 5507 67 
f 9105 9168 9907 
f 9483 9367 9481 
f 5123 2026 5270 
f 377 1372 333 
f 8686 8538 8611 
f 4144 4148 873 
f 765 744 695 
f 8550 8669 5931 
f 7070 7277 7159 
f 1770 9229 6252 
f 3132 3627 9445 
f 8638 7847 8346 
f 6959 6755 6751 
f 8857 5339 4368 
f 10332 2927 3003 
f 8376 10534 476 
f 6884 8192 6900 
f 7481 4788 1696 
f 4278 10241 2407 
f 1318 1281 1494 
f 7071 7128 7069 
f 400 7146 4796 
f 3327 5739 9309 
f 8198 1854 3664 
f 1006 4476 5091 
f 4978 4816 5273 
f 5333 10570 1041 
f 2600 9428 7824 
f 654 727 655 
f 2619 1917 1920 
f 6439 2222 6272 
f 5462 2811 5308 
f 2361 8917 8736 
f 5638 4209 8382 
f 10396 8615 9593 
f 10563 8582 10495 
f 10211 8381 7760 
f 3053 9765 9828 
f 5626 9984 9059 
f 3642 3680 3679 
f 10609 2265 4698 
f 1055 1094 1133 
f 5061 5648 1468 
f 6048 6713 444 
f 8388 8126 8297 
f 8749 299 9172 
f 10033 10036 5722 
f 2272 1093 6875 
f 558 2738 2935 
f 9384 5246 5697 
f 10164 3306 8681 
f 8731 6933 8216 
f 10114 10164 8681 
f 4831 4526 4791 
f 8858 5769 86 
f 1878 10618 6214 
f 7794 7887 7980 
f 674 5607 5126 
f 1997 7738 1448 
f 9800 439 4497 
f 403 1232 553 
f 66 69 601 
f 589 542 8025 
f 416 570 519 
f 3636 1585 10581 
f 8641 7892 6558 
f 5956 5911 5910 
f 3700 8575 10361 
f 216 7611 8382 
f 8964 9004 4855 
f 113 7854 1000 
f 3209 4500 925 
f 3113 9677 9639 
f 6137 6158 8265 
f 5532 4931 4709 
f 3164 2203 10097 
f 1247 9786 9723 
f 621 2682 10558 
f 8217 4856 8268 
f 279 231 273 
f 171 7198 7295 
f 2552 2296 1866 
f 5512 5498 4864 
f 2627 3484 5049 
f 2681 2370 5914 
f 1574 1735 1584 
f 8755 664 1753 
f 10090 7739 1763 
f 3906 7685 2920 
f 46 45 8342 
f 9378 1495 3607 
f 957 1077 10642 
f 9992 6197 8668 
f 977 1751 2156 
f 1338 1304 1227 
f 6535 439 9800 
f 10085 10233 8525 
f 7372 4171 1598 
f 4881 4848 4880 
f 1737 7644 3577 
f 10639 4578 10355 
f 1821 10359 3032 
f 2377 10097 7536 
f 10018 3663 2221 
f 5127 4981 4660 
f 212 213 2253 
f 5686 5273 3733 
f 578 482 5270 
f 1028 2723 6745 
f 754 850 755 
f 735 623 682 
f 241 2414 287 
f 735 682 758 
f 10141 2386 3103 
f 2253 7492 156 
f 272 7196 2219 
f 241 211 5977 
f 9777 3889 5230 
f 5907 8646 1321 
f 627 4697 538 
f 2399 8783 27 
f 10073 9892 811 
f 8646 7481 2199 
f 847 2000 1394 
f 691 739 814 
f 537 663 1060 
f 6082 377 437 
f 2702 3554 1792 
f 6226 6790 9372 
f 150 4080 7796 
f 5716 5501 4986 
f 6038 1628 9720 
f 862 859 948 
f 1934 9487 4169 
f 3786 10174 4094 
f 1204 1181 1959 
f 8210 2431 1136 
f 4770 9366 9934 
f 9059 9984 131 
f 10532 131 9625 
f 2930 2929 3014 
f 10635 6771 10609 
f 366 153 281 
f 4035 3935 6479 
f 1807 2935 2015 
f 4366 9301 8886 
f 5290 6327 4993 
f 9945 8647 9875 
f 6035 6070 6037 
f 5526 5824 7409 
f 541 448 2429 
f 1849 85 7813 
f 4384 5518 5236 
f 9198 6750 6845 
f 8738 2892 10116 
f 9349 584 2862 
f 185 2658 2972 
f 9375 6559 2120 
f 1639 220 620 
f 10114 360 10167 
f 10167 10116 10114 
f 9876 8647 9950 
f 565 226 3578 
f 10167 360 10255 
f 6271 5985 5984 
f 10275 10145 10143 
f 8061 8058 8233 
f 1250 9423 1465 
f 6387 9749 5811 
f 9862 9726 9860 
f 10333 1429 10255 
f 9331 681 912 
f 4780 10669 5763 
f 5899 6018 5871 
f 8624 3599 8625 
f 6427 4299 4891 
f 410 322 9865 
f 7704 6684 8962 
f 7298 7839 8077 
f 4067 792 236 
f 6033 3121 6711 
f 710 720 1802 
f 4653 10607 4836 
f 1795 1712 1645 
f 2607 737 909 
f 4804 4597 4709 
f 9147 9084 9187 
f 177 7466 286 
f 9429 9431 2241 
f 7513 8811 7442 
f 576 3738 7278 
f 3045 10574 795 
f 3249 2870 8050 
f 361 271 358 
f 3694 149 147 
f 2203 8962 10097 
f 5423 8221 4509 
f 8527 5599 614 
f 1863 3252 3253 
f 576 7278 6341 
f 2242 10165 10548 
f 4527 2753 2053 
f 262 2416 133 
f 6226 6233 6790 
f 9774 111 1394 
f 2438 1770 8666 
f 6818 2632 5593 
f 1915 2363 2471 
f 9115 4566 1611 
f 4368 4272 2004 
f 10052 10330 10135 
f 2275 5684 5390 
f 1051 2871 1824 
f 10611 5752 870 
f 10475 10180 9999 
f 5135 4668 4826 
f 2362 2032 7947 
f 437 2250 6082 
f 9378 848 2530 
f 4309 10401 9257 
f 6847 1563 1567 
f 682 623 755 
f 156 120 211 
f 3393 5141 6961 
f 9230 847 1394 
f 10556 10649 6333 
f 10377 8877 7297 
f 668 666 740 
f 1060 333 537 
f 6595 10046 6676 
f 1637 1315 3789 
f 241 5820 2414 
f 8271 960 2882 
f 1804 5246 10415 
f 7780 3607 10400 
f 518 9370 517 
f 9892 5907 10553 
f 3941 4451 5223 
f 748 767 698 
f 7462 9583 7854 
f 2457 10330 816 
f 4093 3674 6162 
f 1917 2619 2571 
f 10326 2569 9470 
f 1641 1571 3549 
f 1337 2838 3922 
f 6593 7211 1085 
f 1048 7274 1853 
f 1648 9912 7441 
f 9625 131 6916 
f 1448 6048 8736 
f 4950 6281 5250 
f 8586 571 8687 
f 2142 2350 7473 
f 6771 1898 5236 
f 3306 360 8681 
f 3359 5400 582 
f 3941 6049 7061 
f 636 705 751 
f 9204 3182 585 
f 9552 3760 376 
f 1232 403 401 
f 7473 10211 7760 
f 569 416 1063 
f 7211 6593 5895 
f 6745 1021 1028 
f 2093 4357 3139 
f 553 1232 751 
f 7070 1294 6945 
f 7259 8822 8923 
f 8187 8111 8109 
f 9212 82 2490 
f 6921 6920 7122 
f 9810 4607 268 
f 5548 1512 5226 
f 5833 5562 6638 
f 2194 924 2187 
f 509 553 652 
f 1755 518 5900 
f 9492 10155 7105 
f 3210 6124 5352 
f 9356 5644 574 
f 969 3389 5370 
f 1879 1788 1790 
f 8399 8524 8528 
f 1607 1535 1605 
f 2784 359 404 
f 2747 8358 9210 
f 9752 4008 9754 
f 10382 3834 10381 
f 5125 7590 7587 
f 483 9846 5783 
f 591 1346 589 
f 3655 5642 2806 
f 6333 10649 7592 
f 1721 9697 9928 
f 4549 6882 6310 
f 10072 1392 9956 
f 7732 7730 6043 
f 10565 6161 6949 
f 4171 5536 155 
f 7274 5617 10165 
f 3735 9427 8867 
f 1634 457 1701 
f 10042 9880 6734 
f 1053 9245 4507 
f 5819 9021 172 
f 3315 7833 8316 
f 2062 6272 5923 
f 5798 2611 6457 
f 425 2306 9614 
f 5705 5846 5708 
f 4377 5587 5576 
f 7726 8620 6331 
f 4948 8870 4638 
f 10020 300 9576 
f 3022 8046 1681 
f 426 2302 2305 
f 10469 875 7283 
f 923 5115 2762 
f 6300 9135 3814 
f 3429 2046 5538 
f 3354 1269 1111 
f 5827 5984 5688 
f 1108 1303 1188 
f 5755 2317 7836 
f 967 1090 969 
f 1378 4504 78 
f 6563 1589 1820 
f 9237 9236 9332 
f 856 998 947 
f 5907 10073 8646 
f 5820 433 2645 
f 5911 3593 2401 
f 4712 7098 10125 
f 3740 6632 9438 
f 583 538 1060 
f 6082 2250 1134 
f 6863 6670 7172 
f 2088 5571 10054 
f 2611 5798 3476 
f 1192 1267 1193 
f 8311 6273 8873 
f 8196 4846 3347 
f 6121 9740 3403 
f 167 105 35 
f 1022 1031 2687 
f 604 606 10197 
f 6222 6253 6254 
f 4894 671 4792 
f 2200 2201 1729 
f 2246 3155 1841 
f 3821 10321 3352 
f 7969 2638 7371 
f 5673 9686 4963 
f 9312 10009 7956 
f 1398 1437 1439 
f 10271 10123 10175 
f 2184 7332 1877 
f 1232 396 636 
f 8582 7518 10335 
f 1867 456 1561 
f 1476 4182 10297 
f 2523 7947 2352 
f 2523 2858 2362 
f 9679 9678 9821 
f 6488 240 6252 
f 9546 5505 6040 
f 4942 854 5999 
f 608 7108 2623 
f 2126 3987 1962 
f 8142 6174 6175 
f 1386 1310 1352 
f 3966 570 416 
f 329 1680 8704 
f 1941 7130 2655 
f 10378 8877 10377 
f 10454 4095 1575 
f 3249 641 10104 
f 4656 4184 4629 
f 6205 7862 7385 
f 9676 2041 1591 
f 4211 2746 2781 
f 1756 8750 209 
f 5346 7234 10587 
f 2191 4559 4558 
f 2456 2115 2373 
f 7011 503 5739 
f 8443 5669 753 
f 4758 2563 2616 
f 3932 7845 8013 
f 809 2296 2145 
f 7565 5155 5928 
f 9035 2065 843 
f 5006 5160 9946 
f 8516 6720 2542 
f 6651 1875 4389 
f 38 87 11 
f 2867 2290 1917 
f 7818 8003 7913 
f 580 487 578 
f 6413 8987 23 
f 5421 2749 3432 
f 850 807 755 
f 7492 1294 4471 
f 1060 663 583 
f 1033 1140 1035 
f 7786 6541 411 
f 5233 3402 958 
f 373 2414 431 
f 4697 437 538 
f 741 668 740 
f 1134 1322 4427 
f 1134 2250 6026 
f 691 666 689 
f 1994 8754 7866 
f 6522 6082 1134 
f 4178 5771 4427 
f 8189 3519 9848 
f 7994 3333 7262 
f 8815 84 4190 
f 8606 464 9998 
f 8910 8804 2321 
f 3538 3499 8196 
f 8573 3432 879 
f 4268 4276 4306 
f 586 8304 3962 
f 1322 4178 4427 
f 6129 6093 6156 
f 1959 1521 2118 
f 5398 6688 5331 
f 2246 2381 3155 
f 9493 9103 8734 
f 2900 1132 4811 
f 10579 8004 10612 
f 1088 7057 5197 
f 3193 3399 949 
f 6802 4685 9703 
f 3287 7846 9060 
f 7197 1489 7194 
f 10231 5240 5085 
f 3547 3960 2034 
f 2456 2373 1371 
f 6263 10026 1821 
f 9973 5192 5437 
f 8323 7719 8154 
f 9281 8952 3184 
f 3029 3030 2828 
f 2205 7952 7284 
f 7456 602 7615 
f 2891 10172 10094 
f 705 636 7518 
f 1337 1632 5122 
f 10331 8146 7214 
f 3584 5609 3586 
f 5442 5418 5460 
f 7093 7018 7089 
f 1206 1252 10119 
f 8926 10526 3851 
f 2302 1231 2305 
f 10119 1055 1206 
f 9798 10665 10702 
f 3784 1822 6748 
f 9884 2612 3075 
f 10564 1097 5265 
f 8843 5508 9152 
f 1433 1400 1844 
f 9868 7151 6635 
f 1490 861 166 
f 1095 4565 878 
f 9810 268 2057 
f 5783 291 483 
f 652 553 9810 
f 3450 5620 1698 
f 268 10322 10439 
f 9666 5267 9719 
f 795 652 10503 
f 7220 2711 2710 
f 4334 453 7596 
f 3966 416 569 
f 4355 157 2119 
f 5206 3266 3057 
f 2984 703 979 
f 415 9528 8289 
f 848 2535 2528 
f 2112 2373 9487 
f 1300 2984 979 
f 8400 9955 8556 
f 1198 4087 7996 
f 6017 5497 5780 
f 1821 1300 989 
f 4244 7907 6182 
f 2743 7439 851 
f 2292 4461 6644 
f 10558 616 9764 
f 309 5539 8930 
f 2352 7947 1894 
f 4838 4835 5343 
f 1820 7826 6563 
f 9021 200 172 
f 8977 5540 9081 
f 9971 8572 7770 
f 9406 3056 4044 
f 7244 148 8425 
f 4829 4668 5137 
f 851 694 10380 
f 333 290 373 
f 2250 3235 6026 
f 7574 7572 10701 
f 5591 5719 280 
f 580 578 686 
f 1926 6905 8908 
f 2858 2523 2856 
f 8912 1638 7642 
f 2206 8415 8414 
f 859 810 858 
f 10454 3829 284 
f 7243 518 2882 
f 947 858 856 
f 1113 906 862 
f 4456 1225 6979 
f 4816 5123 5273 
f 763 907 815 
f 5123 4816 2026 
f 1118 1195 1121 
f 9284 9196 9247 
f 2153 8845 6305 
f 4968 7340 6917 
f 1118 1629 952 
f 256 2271 6522 
f 2987 8462 8343 
f 10436 2246 6438 
f 1124 2403 4771 
f 3999 10147 3440 
f 6067 1590 1518 
f 6987 1051 5197 
f 3248 8765 4261 
f 6214 8381 3976 
f 298 9140 9296 
f 7231 6438 5266 
f 2547 3270 1029 
f 1363 6900 8192 
f 10676 10561 10622 
f 1251 1206 4415 
f 3877 877 9557 
f 6176 2057 10439 
f 4190 3466 2513 
f 8634 9628 9647 
f 9992 9040 4018 
f 2651 3474 9941 
f 6003 9741 3299 
f 10511 7924 7046 
f 861 2116 166 
f 2199 937 8555 
f 4904 7921 5074 
f 1889 1791 1887 
f 3063 10557 121 
f 5202 6688 5184 
f 933 393 1282 
f 1913 5075 3929 
f 4567 80 2849 
f 6922 8743 6488 
f 4231 4768 2570 
f 1661 881 4474 
f 1633 1599 2128 
f 8304 586 683 
f 2599 1475 2591 
f 8699 10687 8870 
f 3106 1933 897 
f 9490 6562 6775 
f 9707 9576 3311 
f 2931 9456 2231 
f 10283 10366 10207 
f 8610 9202 3984 
f 9921 1996 1999 
f 951 5363 7594 
f 4211 7603 6539 
f 9201 6666 3409 
f 3365 2406 2291 
f 3221 4724 1981 
f 7648 1987 10502 
f 290 212 287 
f 3059 3169 2352 
f 10137 10374 10373 
f 8567 1423 7737 
f 9453 5112 6929 
f 4845 1706 1818 
f 9625 6916 9342 
f 5662 2649 1646 
f 382 968 522 
f 3813 3839 7432 
f 1321 8555 8 
f 1035 998 1033 
f 4589 6844 7101 
f 668 4697 627 
f 1479 1814 1455 
f 1032 998 945 
f 663 688 735 
f 1074 1118 952 
f 9886 6666 8063 
f 6504 738 6240 
f 3484 7634 9416 
f 2249 9498 3347 
f 3200 7124 7823 
f 752 9200 2209 
f 740 666 691 
f 1258 8970 1402 
f 1629 1118 1080 
f 2033 953 744 
f 748 916 767 
f 763 814 906 
f 763 906 907 
f 10389 10105 10162 
f 8555 937 10102 
f 8441 1013 5729 
f 2258 7220 10686 
f 8010 7837 8073 
f 3118 6416 7949 
f 7601 7511 7573 
f 602 5633 7523 
f 7462 6805 9583 
f 6908 8365 4143 
f 4945 4947 1608 
f 1731 2861 2818 
f 5020 7601 7573 
f 10525 10495 10455 
f 498 2411 500 
f 8887 9958 7134 
f 7200 7371 7296 
f 788 10495 10525 
f 9738 10681 10676 
f 8738 7760 8381 
f 9738 10628 8967 
f 3302 5546 3303 
f 10676 10628 9738 
f 2372 2535 8439 
f 2040 1429 10256 
f 10208 3204 10157 
f 1252 1206 1251 
f 1584 1581 3829 
f 1133 6543 4415 
f 1058 705 1055 
f 9762 10077 10082 
f 7230 5882 894 
f 3214 9136 9798 
f 9180 10552 4836 
f 4566 10698 7161 
f 1207 1252 1273 
f 1058 10119 4607 
f 1523 1912 4036 
f 523 358 519 
f 2829 355 7786 
f 795 10574 652 
f 10092 10343 10024 
f 291 6525 9500 
f 518 7243 9370 
f 4038 1109 692 
f 1347 6142 5023 
f 3178 1620 1619 
f 10174 9874 10221 
f 9746 8908 6905 
f 10029 6150 6189 
f 6186 8078 777 
f 2901 3315 9903 
f 5748 5309 2319 
f 1540 5357 10173 
f 2578 6543 355 
f 1818 8976 4845 
f 1144 1713 432 
f 1515 1501 4008 
f 9149 9213 9012 
f 20 1287 831 
f 7341 4589 3833 
f 9992 4018 6197 
f 3462 2843 5314 
f 3102 1070 1839 
f 2662 2533 2420 
f 8871 2736 4507 
f 1882 5750 2618 
f 2373 2112 2370 
f 3364 1752 2230 
f 1153 1353 4046 
f 7518 636 903 
f 8134 8132 8268 
f 3301 6015 159 
f 2414 5820 5680 
f 10598 7144 823 
f 4165 8122 8121 
f 7639 5053 4010 
f 965 788 10661 
f 5407 5123 5270 
f 7476 3238 3234 
f 641 6249 402 
f 9185 4248 9181 
f 212 211 287 
f 578 5270 623 
f 945 758 1030 
f 6944 6055 5767 
f 1032 1110 1033 
f 9221 469 7295 
f 7715 7716 7620 
f 858 758 856 
f 6162 3497 4093 
f 9405 7477 6839 
f 8404 6340 10569 
f 9874 3786 10266 
f 10166 1559 9998 
f 1584 3829 10454 
f 907 871 815 
f 1389 1197 1416 
f 817 871 2033 
f 4733 6994 3873 
f 4610 579 2077 
f 1696 668 937 
f 2748 8935 3511 
f 9437 6447 7820 
f 8810 8872 8972 
f 1069 10090 7749 
f 916 1080 1009 
f 10497 834 10564 
f 890 7549 10673 
f 8974 9198 9103 
f 9748 9736 9788 
f 7191 7287 7365 
f 4411 5042 6765 
f 9189 6667 4742 
f 2638 8966 7371 
f 261 2801 1283 
f 1474 485 1765 
f 3404 2146 2440 
f 1967 1739 3324 
f 3832 9447 6520 
f 8907 9915 8450 
f 9656 9567 9579 
f 5022 4667 3297 
f 7794 7602 7503 
f 1133 4415 1055 
f 7736 10364 10592 
f 3064 1207 1273 
f 7613 7708 7808 
f 10544 10504 10542 
f 4734 8133 1925 
f 2834 1219 1532 
f 10503 5855 3045 
f 6236 6159 2999 
f 10606 10575 10605 
f 3598 2529 2670 
f 5945 550 8314 
f 3144 10012 1190 
f 2208 2507 2508 
f 4226 4139 5447 
f 4620 6586 6558 
f 3274 2530 2684 
f 2224 1802 720 
f 7824 1977 2600 
f 9429 2417 10037 
f 2000 2022 9921 
f 1780 4599 1908 
f 2213 8218 2141 
f 2771 2177 2961 
f 4203 3999 3807 
f 481 61 2610 
f 6124 1115 5352 
f 9335 6052 7646 
f 5371 1481 2784 
f 5179 6281 6282 
f 1839 1987 4229 
f 9727 10399 4692 
f 6470 7713 8276 
f 578 623 686 
f 2715 9005 4499 
f 758 807 1030 
f 947 998 1035 
f 8374 7780 8612 
f 663 735 810 
f 698 10102 315 
f 947 1035 948 
f 948 858 947 
f 6994 777 3873 
f 1480 1374 1445 
f 4306 3052 4268 
f 7810 8389 8388 
f 2508 9431 10576 
f 856 758 945 
f 1110 1032 1030 
f 7855 6905 1926 
f 5696 8016 7224 
f 5788 5787 8783 
f 10102 937 315 
f 904 98 693 
f 1900 1726 2032 
f 583 666 627 
f 1080 916 913 
f 9059 588 541 
f 9134 10166 6198 
f 9338 9283 9282 
f 10595 8807 2739 
f 8676 685 1702 
f 10240 365 10388 
f 7200 7297 6827 
f 1495 7250 248 
f 1284 5183 1494 
f 7287 7125 7286 
f 8319 8316 7040 
f 4532 2449 1935 
f 7367 6169 7244 
f 605 7560 2015 
f 3079 1591 2081 
f 6815 9550 8458 
f 2953 5511 3138 
f 1755 1914 518 
f 10359 989 1633 
f 4120 3780 4189 
f 5253 6189 9650 
f 791 3294 3082 
f 3980 2304 10169 
f 1926 282 7855 
f 10333 10459 10335 
f 1055 705 919 
f 7430 2543 6354 
f 9673 9747 9569 
f 7627 7298 8877 
f 8832 8654 8830 
f 262 3570 3967 
f 751 705 1058 
f 9672 9671 9813 
f 3024 1167 1857 
f 3173 7081 1045 
f 4406 868 1273 
f 4922 436 1376 
f 9356 471 10439 
f 487 482 578 
f 6051 1243 10225 
f 9183 2967 10310 
f 6580 1248 5565 
f 9125 9027 6474 
f 8183 8180 8260 
f 7692 7431 7585 
f 2366 5914 2370 
f 1420 9794 4307 
f 1935 4598 72 
f 6904 1263 1720 
f 6198 10166 9998 
f 10227 5531 4810 
f 6952 10122 2623 
f 2269 2462 2135 
f 5008 10268 6180 
f 2676 2343 2430 
f 1667 6225 995 
f 1273 868 3064 
f 6317 9335 3508 
f 858 948 859 
f 10402 866 10058 
f 233 2654 5413 
f 7648 4298 6483 
f 10398 3203 10341 
f 1033 998 1032 
f 9063 904 693 
f 1444 1401 10316 
f 5558 1954 3980 
f 9848 3546 8189 
f 666 668 627 
f 7192 9310 7961 
f 1209 1211 1474 
f 9927 10357 6274 
f 6403 8018 7873 
f 2901 7357 3315 
f 9081 5189 9141 
f 2381 9008 9140 
f 879 1237 4605 
f 741 740 815 
f 9296 8517 1516 
f 1148 1009 1080 
f 1629 910 952 
f 9622 9653 9612 
f 4049 3640 561 
f 3970 9770 8312 
f 9117 5565 9892 
f 2302 1168 1430 
f 8569 8517 9134 
f 5432 8697 5678 
f 1391 1315 1389 
f 907 906 1007 
f 3392 9377 5604 
f 1044 1009 1148 
f 3984 3788 8610 
f 10595 8689 8614 
f 1284 1281 6589 
f 455 3185 453 
f 5017 4316 5801 
f 4724 7059 1981 
f 716 6040 5505 
f 2243 1319 2551 
f 749 1009 1012 
f 6585 4559 2191 
f 2709 5638 7611 
f 4586 3888 3889 
f 6190 1115 1987 
f 4084 421 891 
f 1316 1494 3789 
f 1219 3289 7232 
f 903 632 10256 
f 1986 5492 9544 
f 10682 132 10019 
f 10119 1252 1207 
f 9810 751 1058 
f 10170 824 14 
f 5237 8875 4705 
f 10377 2650 10378 
f 1822 1188 6748 
f 4371 10503 6855 
f 6404 6668 6276 
f 5744 471 574 
f 1166 3410 4975 
f 3830 9356 10322 
f 3703 4232 1464 
f 5050 8774 9469 
f 1619 7040 3178 
f 3167 111 121 
f 218 4858 535 
f 2586 318 5376 
f 7627 4625 7293 
f 928 8750 4169 
f 6752 6656 5764 
f 2286 2273 2462 
f 5212 8455 15 
f 5494 5493 6091 
f 8207 2138 836 
f 6898 3645 1235 
f 484 493 719 
f 9528 7539 8289 
f 7130 3158 2655 
f 7669 10261 3510 
f 1378 6358 18 
f 9084 8930 8977 
f 121 111 3063 
f 1877 1878 699 
f 1721 9928 1110 
f 3269 3060 3464 
f 5391 866 10402 
f 1778 1851 3296 
f 5675 5292 6092 
f 7648 880 1695 
f 2022 9924 9921 
f 1032 945 1030 
f 10404 10185 10334 
f 8740 8435 2428 
f 810 758 858 
f 498 511 6573 
f 1695 1110 1030 
f 1370 10318 1401 
f 859 862 814 
f 1189 906 1113 
f 1450 1480 1483 
f 10477 10474 10543 
f 2199 1696 937 
f 953 2033 910 
f 8343 3893 2899 
f 3823 3772 3859 
f 1315 1197 1389 
f 1149 1044 1148 
f 7747 2532 1471 
f 763 740 691 
f 4720 10095 4713 
f 1519 1412 1518 
f 9140 298 3155 
f 5266 1092 10612 
f 2871 6987 2023 
f 1404 5499 7137 
f 9394 3623 2029 
f 2602 7190 7125 
f 5768 41 9841 
f 3789 1044 1637 
f 7198 7296 7371 
f 2387 4294 10141 
f 10464 10244 10086 
f 6650 512 607 
f 9179 6067 456 
f 6546 762 875 
f 9304 9809 9709 
f 10685 2549 4558 
f 2900 7176 1132 
f 2121 790 3714 
f 7786 9738 8967 
f 3303 4130 6940 
f 3158 7130 2334 
f 7206 4774 4193 
f 910 1629 953 
f 2448 6456 9222 
f 2457 10180 10135 
f 9595 626 9795 
f 9799 9721 9759 
f 4760 4757 5644 
f 10582 5495 6841 
f 1075 9370 1008 
f 2970 1636 9745 
f 1249 5424 182 
f 9616 3118 6467 
f 3442 2138 4387 
f 1520 1521 4169 
f 6502 3968 3441 
f 10567 9582 9523 
f 10640 10634 6494 
f 1599 979 2125 
f 713 769 1125 
f 732 276 1124 
f 1599 1300 979 
f 3634 8208 4462 
f 3813 2400 639 
f 10359 9088 10426 
f 3113 4803 4074 
f 2866 3888 4586 
f 2397 6472 1956 
f 2901 2711 2545 
f 10168 7445 10705 
f 989 1599 1633 
f 2552 2104 1868 
f 3156 10100 7411 
f 10250 7796 3456 
f 4255 2310 4096 
f 1478 9770 3970 
f 3309 1960 4505 
f 5724 551 5741 
f 2633 442 2958 
f 6654 2396 8143 
f 4298 9688 6483 
f 4557 4518 10438 
f 3404 1976 1436 
f 334 5076 5369 
f 1958 660 327 
f 5597 8215 10373 
f 10513 4653 10552 
f 1303 590 1228 
f 7073 9153 6224 
f 1513 1480 1511 
f 8697 2380 7133 
f 1241 1242 1195 
f 5223 4982 675 
f 4896 4329 4534 
f 1229 1140 9928 
f 998 856 945 
f 4697 4788 437 
f 1265 1230 1305 
f 7932 5776 3903 
f 9425 896 9313 
f 3984 2136 3788 
f 9332 9236 9279 
f 3784 2027 3779 
f 3896 9704 9651 
f 9274 10520 3605 
f 6816 237 3634 
f 698 10125 10146 
f 3941 675 3983 
f 4779 2887 6325 
f 9482 2477 1609 
f 4910 5038 4544 
f 1044 1202 1012 
f 3347 4846 749 
f 10077 10399 10150 
f 7287 7126 7125 
f 7126 2602 7125 
f 7287 7286 7362 
f 8492 5393 9911 
f 1118 1074 1117 
f 9480 9621 9547 
f 7204 459 10579 
f 1727 1729 1574 
f 8979 577 2023 
f 7297 8077 6827 
f 5499 7057 7190 
f 714 9359 10117 
f 307 8471 9623 
f 2619 1920 2618 
f 1745 1737 3577 
f 3005 108 5307 
f 6214 10618 1655 
f 355 2917 2578 
f 1467 3460 8022 
f 10681 1094 965 
f 2060 457 1508 
f 773 894 6036 
f 1210 1207 3064 
f 8622 5238 3744 
f 820 7839 1309 
f 8851 8793 8892 
f 1786 9590 976 
f 5388 8355 7776 
f 556 7230 894 
f 4202 4535 4203 
f 5315 10672 10588 
f 3269 3464 5790 
f 5210 10619 3512 
f 4852 4599 3285 
f 8713 2090 2092 
f 4816 4659 4508 
f 351 4770 4092 
f 2066 1896 5268 
f 4038 51 8046 
f 10052 10611 870 
f 10166 4496 1559 
f 806 10254 494 
f 3535 3575 3496 
f 2831 4321 7562 
f 8920 329 1911 
f 587 656 10507 
f 2128 2385 4849 
f 4496 4350 9008 
f 1258 9493 9417 
f 6820 2549 8706 
f 3289 2959 2749 
f 8511 8581 1036 
f 9125 6474 10308 
f 2868 319 2586 
f 9721 9736 9710 
f 6997 8898 5819 
f 3141 3750 5515 
f 5036 263 1945 
f 50 5601 1583 
f 5601 50 53 
f 6474 243 9026 
f 5129 5084 1568 
f 9120 1227 9928 
f 663 689 583 
f 1454 1405 1483 
f 6465 10707 7068 
f 6512 6233 10331 
f 850 754 902 
f 1345 1265 1380 
f 1117 1074 1116 
f 9660 9629 9658 
f 6008 5332 10 
f 10050 5566 9054 
f 905 5527 7600 
f 1637 1149 1197 
f 3145 10678 10012 
f 1197 1149 1275 
f 9424 9561 9562 
f 6940 8781 10229 
f 9627 9618 9725 
f 8017 7063 4869 
f 6044 3101 3153 
f 4865 7026 5255 
f 5255 3553 5379 
f 9679 9577 9678 
f 5055 4868 6679 
f 4328 9112 1037 
f 603 9596 796 
f 5419 2984 10026 
f 4785 3716 179 
f 1369 440 1952 
f 10553 9690 9339 
f 2345 3169 10354 
f 6848 3793 3788 
f 5063 6402 9489 
f 10082 10283 7740 
f 1738 1906 9676 
f 8839 6144 6325 
f 9818 9840 9844 
f 2537 2898 2374 
f 1655 4212 6214 
f 3499 459 7204 
f 83 7139 6469 
f 9729 9863 9728 
f 4371 5855 10503 
f 1675 6003 9324 
f 4808 4804 4797 
f 1996 9804 1994 
f 6720 10109 10406 
f 4718 6595 4712 
f 2571 2143 8817 
f 9178 9075 9321 
f 9611 9510 9769 
f 8479 3795 9246 
f 2310 992 4096 
f 5633 6549 9065 
f 910 2033 871 
f 5712 5086 4 
f 5879 1027 5881 
f 9746 6905 10221 
f 6722 7848 5153 
f 6661 7772 6077 
f 3876 2187 924 
f 3024 9727 1167 
f 1962 8829 543 
f 369 1159 9065 
f 2084 5103 251 
f 5644 9356 8248 
f 1507 6259 7604 
f 2474 3165 9930 
f 10001 6312 2640 
f 3705 10070 5366 
f 2137 1976 2136 
f 406 8120 10599 
f 7052 6843 7049 
f 9173 2027 3784 
f 348 9525 1526 
f 1762 7014 7087 
f 2307 10652 4651 
f 3862 3699 5842 
f 9971 7770 8504 
f 4504 10651 9827 
f 6792 6502 7146 
f 1367 2363 2585 
f 803 5670 2447 
f 4386 4911 8028 
f 3210 2994 3216 
f 9642 6462 7338 
f 5826 5686 5825 
f 4298 4916 1030 
f 5373 10689 10708 
f 1373 1304 1338 
f 5236 5216 4384 
f 1480 1445 1511 
f 1267 1189 1307 
f 9436 4775 9852 
f 2194 1966 1130 
f 3255 3286 3288 
f 196 9172 4154 
f 4887 8523 8633 
f 1030 850 902 
f 3996 3806 3619 
f 4172 474 886 
f 1030 9688 4298 
f 10102 8 8555 
f 444 445 380 
f 5956 8188 4425 
f 5976 5094 10532 
f 4052 4426 4090 
f 1148 1080 1121 
f 1007 906 1189 
f 963 6285 1565 
f 1074 1007 1189 
f 4953 4863 5500 
f 5698 7121 6591 
f 7826 1818 4337 
f 925 4443 3209 
f 400 635 8934 
f 1777 5141 3393 
f 749 916 1009 
f 4484 4875 9131 
f 2024 2148 2073 
f 7937 6506 1930 
f 4063 3988 5642 
f 4351 3478 10590 
f 7606 7513 7442 
f 577 1268 1202 
f 5152 5300 6692 
f 2171 2332 5845 
f 6533 3116 801 
f 7057 7356 7190 
f 5791 7109 8867 
f 5321 5322 5302 
f 9629 9586 9658 
f 186 4750 7259 
f 2768 2770 1848 
f 10255 7998 10451 
f 6096 10389 10443 
f 5826 5688 5686 
f 7298 1309 7839 
f 4933 4935 5379 
f 5727 7924 10511 
f 2890 6888 6937 
f 3768 3766 9204 
f 5735 5573 8543 
f 884 971 389 
f 2638 8533 8966 
f 6735 6636 6634 
f 5580 4853 4009 
f 5942 7163 2777 
f 2838 2129 4614 
f 6880 5990 2632 
f 2218 3062 2254 
f 2152 9991 6049 
f 9727 4692 5586 
f 4489 3310 7369 
f 1703 9428 843 
f 1603 1533 1571 
f 3311 300 8969 
f 4359 4191 4524 
f 3266 3464 2855 
f 2396 2524 5767 
f 2272 6875 5860 
f 3447 1446 3415 
f 4654 10219 2178 
f 6635 2090 9868 
f 2458 2125 1204 
f 2307 7531 7566 
f 2917 8123 820 
f 2254 3062 809 
f 4807 4272 4747 
f 8923 8822 1850 
f 1977 2012 2274 
f 4892 7681 978 
f 7575 7490 7574 
f 5643 8548 6706 
f 1247 9580 6728 
f 4136 6009 6788 
f 10513 10425 10288 
f 1766 1831 412 
f 10162 855 10389 
f 7748 6352 1277 
f 2429 292 445 
f 10396 9593 4166 
f 9560 9547 9621 
f 1140 1067 1035 
f 1030 4916 1695 
f 4511 9688 902 
f 10430 1442 10316 
f 739 859 814 
f 8018 8014 10235 
f 879 9152 8573 
f 1305 1380 1265 
f 8 2155 1321 
f 2155 3825 1321 
f 315 937 744 
f 1419 1315 1391 
f 8019 4722 8023 
f 863 2869 10321 
f 6094 9841 391 
f 6155 6067 9179 
f 8008 7005 4216 
f 1148 1196 1149 
f 9782 8229 8680 
f 6076 3465 10624 
f 1824 2871 961 
f 9872 6579 10623 
f 5681 564 659 
f 1202 1044 3789 
f 9288 9284 3554 
f 1177 3307 1054 
f 10130 9988 10123 
f 7606 7512 7601 
f 5499 7190 2602 
f 6112 6111 6127 
f 508 247 4147 
f 791 1084 8113 
f 596 1112 9207 
f 3536 10278 10072 
f 6546 2829 8967 
f 1043 3516 6999 
f 2079 9326 9079 
f 1226 5937 2575 
f 1108 3402 5233 
f 2734 558 1957 
f 6243 7224 7235 
f 928 680 209 
f 1269 387 581 
f 2570 5469 1728 
f 7024 7097 6961 
f 8921 7976 8360 
f 4895 2029 128 
f 3209 2570 4500 
f 3343 9443 8642 
f 7651 6270 6322 
f 6081 7521 9946 
f 261 555 1096 
f 908 3545 2807 
f 1511 3139 10559 
f 1766 110 1831 
f 2964 3016 2479 
f 1133 1094 411 
f 3266 5247 3464 
f 9285 9845 10066 
f 1120 956 1042 
f 9198 6845 8734 
f 10123 10221 9874 
f 3793 8881 9313 
f 831 1296 2663 
f 857 10032 694 
f 8712 1768 10020 
f 1212 10353 1289 
f 5569 4013 5262 
f 249 183 4355 
f 3210 9393 3417 
f 8552 9148 2733 
f 3216 2994 3425 
f 6067 6155 1590 
f 7103 7029 7099 
f 2011 2383 6678 
f 8531 6394 6409 
f 3440 10147 383 
f 8163 8072 7977 
f 2310 4255 2502 
f 8308 7669 3509 
f 4793 7500 888 
f 2563 2303 2616 
f 8001 4142 9939 
f 1314 6209 10584 
f 1671 5358 10682 
f 9196 9094 9154 
f 3439 3436 3807 
f 4580 800 1612 
f 6175 6174 5917 
f 3915 7753 708 
f 544 636 547 
f 765 817 2033 
f 1901 5657 1973 
f 5830 194 136 
f 1144 344 1713 
f 2264 9340 2001 
f 7050 8324 4751 
f 1352 1239 1351 
f 1140 1033 9928 
f 8633 1370 4887 
f 10092 10215 8523 
f 2867 2402 2290 
f 1325 1440 6239 
f 10551 10486 10410 
f 1234 1142 1186 
f 1189 1142 1234 
f 1695 4916 4298 
f 7940 693 585 
f 1587 1738 1591 
f 4836 10552 4653 
f 1117 1193 1272 
f 8442 6272 1691 
f 1193 1116 1192 
f 7818 7816 8094 
f 5521 10568 7912 
f 1832 409 408 
f 9690 3579 9339 
f 1962 543 260 
f 2577 2597 5059 
f 1195 1242 1196 
f 1197 1275 1416 
f 10394 7061 10365 
f 2106 9056 3007 
f 5175 8688 4401 
f 3644 2876 4065 
f 1148 1121 1196 
f 2602 7063 7137 
f 9554 1488 274 
f 2516 3771 4926 
f 2188 7457 8107 
f 1419 7921 1393 
f 577 1202 961 
f 2101 2434 2366 
f 5183 1284 4811 
f 4405 4587 3866 
f 7157 9671 9672 
f 3928 2864 5156 
f 5107 4030 6658 
f 8840 893 10079 
f 7512 7362 7511 
f 6879 6752 5623 
f 9435 9860 9644 
f 7011 1975 10179 
f 9330 10304 6680 
f 4164 957 7279 
f 3126 3141 8012 
f 9789 4169 5275 
f 6611 5201 6870 
f 1370 1401 1338 
f 8816 8818 8702 
f 1038 5361 1651 
f 1667 995 993 
f 7627 7293 868 
f 820 4406 2578 
f 304 347 77 
f 10621 10672 10622 
f 8883 678 8384 
f 6369 2834 7886 
f 943 1155 728 
f 5350 3656 6829 
f 1741 7411 1658 
f 5568 5839 5840 
f 5096 5325 5097 
f 4504 1378 2610 
f 2367 2032 2362 
f 5106 3000 7269 
f 6781 9585 9753 
f 8078 1029 5790 
f 7947 2523 2362 
f 6495 5206 6647 
f 4839 2344 4679 
f 9848 675 3546 
f 4535 4679 4205 
f 7142 6365 4868 
f 4205 3999 4535 
f 8443 2334 2004 
f 7874 7779 7964 
f 3807 3436 3806 
f 5418 5386 5383 
f 3782 747 599 
f 372 9271 2235 
f 1700 234 2159 
f 9812 9833 1339 
f 6929 567 9453 
f 2609 2481 8154 
f 805 9324 3299 
f 2774 8137 386 
f 10629 9565 10653 
f 9789 8495 1934 
f 5624 5969 5968 
f 983 5513 2445 
f 8899 2238 2239 
f 8104 2519 9635 
f 10557 5593 121 
f 6563 7826 7828 
f 9953 2869 3157 
f 3081 3298 2864 
f 9841 6094 5768 
f 9199 1539 1221 
f 2657 1403 2651 
f 10229 10230 6940 
f 1196 1121 1195 
f 9688 1030 902 
f 1476 5366 4182 
f 3908 4545 2375 
f 7067 925 7115 
f 9285 93 6672 
f 2091 2802 793 
f 2883 182 5424 
f 1142 1113 1186 
f 9225 2895 6559 
f 1349 1307 1345 
f 622 8869 8069 
f 1942 1256 6199 
f 1695 4298 7648 
f 1168 1426 1430 
f 5611 8028 10633 
f 9930 1492 6497 
f 9803 9833 9776 
f 1489 1412 1519 
f 2796 880 3884 
f 1272 1193 1239 
f 9928 1227 1229 
f 9178 8409 6021 
f 1560 7194 1489 
f 7719 1042 6901 
f 1121 1080 1118 
f 1193 1117 1116 
f 2357 5571 5799 
f 1275 1149 1196 
f 1983 1985 8683 
f 1202 1494 961 
f 4776 8768 9302 
f 459 8004 10579 
f 1293 3030 3244 
f 5770 1343 3052 
f 8093 8028 8029 
f 8747 9379 4516 
f 3244 3440 383 
f 9703 6132 7830 
f 3462 5314 8222 
f 7606 5970 5529 
f 8728 339 7742 
f 1837 5586 9762 
f 10685 4559 5054 
f 10544 10542 10597 
f 7935 8800 6486 
f 6584 6684 6534 
f 456 6600 9179 
f 3716 1859 10671 
f 10628 762 6546 
f 10000 9999 10056 
f 4607 8171 268 
f 10615 9660 4284 
f 10121 8123 2917 
f 320 8938 407 
f 1769 1654 1767 
f 10560 7048 10577 
f 10557 6818 5593 
f 1663 7175 2208 
f 1924 9 8754 
f 3579 10046 298 
f 2533 2662 1296 
f 7171 7346 7173 
f 9963 1499 2217 
f 3666 5715 5092 
f 8002 1824 5183 
f 485 1474 493 
f 2412 2227 1641 
f 10353 10120 1358 
f 4535 4202 4679 
f 6613 6364 4295 
f 6163 6165 3360 
f 4203 3806 4202 
f 1812 1171 1255 
f 1812 1255 1329 
f 8144 8565 6496 
f 2856 2678 2855 
f 3619 3803 3996 
f 10395 8640 5933 
f 7061 2617 10365 
f 7049 6838 6939 
f 2464 2458 2668 
f 3017 9925 3015 
f 9451 2770 2768 
f 2359 1879 1831 
f 4279 8442 1691 
f 3106 897 3105 
f 3062 2585 809 
f 10710 3979 9270 
f 9716 1554 1794 
f 9777 7985 4586 
f 5415 1955 6651 
f 316 1403 6862 
f 4688 5477 10535 
f 6440 5090 5096 
f 2234 4412 2637 
f 2510 4440 2511 
f 9928 1033 1110 
f 1192 1074 1189 
f 5449 938 4254 
f 3295 4237 3491 
f 8921 8360 8922 
f 8269 1986 495 
f 3304 1098 9398 
f 3058 3056 9406 
f 1234 1186 1265 
f 9651 10075 10537 
f 1189 1113 1142 
f 8388 8389 7215 
f 454 6290 9778 
f 9718 4787 983 
f 8089 7957 8209 
f 8060 4036 4802 
f 2162 2567 10421 
f 6734 6838 6634 
f 1416 1414 7197 
f 4714 4101 9617 
f 1080 913 1629 
f 1192 1116 1074 
f 2257 10396 4166 
f 2259 5605 617 
f 8979 4434 8981 
f 5028 1185 3947 
f 7121 1989 6591 
f 5882 7351 6982 
f 961 1494 1824 
f 4714 1734 4101 
f 8007 7918 2252 
f 7151 2598 2551 
f 4893 2825 8479 
f 639 2806 3813 
f 226 8131 1777 
f 1205 7724 8007 
f 9905 9217 9041 
f 10344 3281 1487 
f 2388 4976 8026 
f 7052 7256 64 
f 3292 3935 4035 
f 8097 8140 8141 
f 5042 6465 7033 
f 9369 9133 7914 
f 9199 1221 8874 
f 10445 2019 8086 
f 2583 3019 8887 
f 9354 8370 1700 
f 2240 9429 2241 
f 8100 7328 9058 
f 4788 4697 1696 
f 5428 5083 2277 
f 586 829 295 
f 5583 8138 2277 
f 874 873 4148 
f 9298 338 1413 
f 868 4406 1309 
f 7472 7473 185 
f 1299 2779 1286 
f 3099 762 10672 
f 5573 6275 6170 
f 9621 9480 504 
f 9453 567 3953 
f 1338 9120 1370 
f 8248 9500 6525 
f 819 3495 2721 
f 10250 6703 7931 
f 9242 9090 9150 
f 1293 1361 10370 
f 10499 10644 10402 
f 2616 2303 2288 
f 2142 2697 2350 
f 8634 9647 10656 
f 8525 10233 1990 
f 8979 8981 9346 
f 7978 4005 10044 
f 7634 6313 10644 
f 6613 6473 10074 
f 4679 4202 9022 
f 10670 7028 730 
f 10148 10239 6996 
f 1020 10020 1625 
f 1604 1645 1605 
f 10239 473 1244 
f 9416 10160 5049 
f 3421 3417 9853 
f 8300 7158 8410 
f 754 4508 4511 
f 1296 7825 2533 
f 8729 4997 700 
f 1285 1182 1658 
f 8608 3509 3511 
f 7866 9 1990 
f 9514 9637 2594 
f 2827 9727 3024 
f 1213 1216 1020 
f 560 4898 177 
f 8948 7787 421 
f 5288 5699 5568 
f 3436 3029 3028 
f 1019 10483 6754 
f 9817 5633 9065 
f 6288 6002 6286 
f 447 690 818 
f 1662 2312 2579 
f 8791 8584 3451 
f 9918 4842 1522 
f 1812 383 1178 
f 3104 3312 3475 
f 8814 8975 9030 
f 8779 8961 9548 
f 6978 7178 6867 
f 4359 4524 4671 
f 508 5233 3193 
f 663 739 689 
f 1700 8370 657 
f 7065 1243 1886 
f 4836 9587 10384 
f 1186 1113 1067 
f 8707 8426 391 
f 1195 1117 1241 
f 1350 1267 1307 
f 1307 1234 1345 
f 7197 1414 1489 
f 1310 1272 1352 
f 3990 4755 2160 
f 2494 6654 10521 
f 9507 5668 10202 
f 62 7992 5617 
f 7379 7380 64 
f 1389 1416 7197 
f 3067 10486 10551 
f 1311 1310 1386 
f 778 422 4373 
f 9897 9747 9895 
f 337 5499 1404 
f 10565 2601 10654 
f 5186 4893 4751 
f 6987 337 1404 
f 3740 3804 6910 
f 8424 10519 5188 
f 3083 4582 1178 
f 6271 6551 5985 
f 1980 5571 2088 
f 7137 8017 8980 
f 4390 4988 4740 
f 3976 8578 6214 
f 2076 1287 2042 
f 2693 2207 8960 
f 2683 8811 42 
f 2663 7364 9053 
f 2692 4069 4071 
f 7969 6827 8303 
f 537 580 663 
f 5289 6147 4082 
f 8374 6871 7780 
f 9256 2951 2572 
f 2225 9265 1748 
f 1614 5045 8353 
f 2627 1057 1420 
f 2858 2859 2525 
f 5580 5338 6136 
f 2855 2678 2851 
f 1290 1213 1289 
f 6338 1135 7970 
f 5704 199 5705 
f 1630 1431 1395 
f 3806 3996 4202 
f 10126 10363 779 
f 6048 1448 10692 
f 10278 3536 10356 
f 10252 3432 2749 
f 3104 3506 1978 
f 5520 3558 10289 
f 4905 7877 4970 
f 7824 1982 1977 
f 8048 6411 7771 
f 8653 8705 8828 
f 2182 2180 2343 
f 1701 2053 7230 
f 7294 3240 4576 
f 8478 10577 3795 
f 107 109 10390 
f 4621 1589 7366 
f 9375 5577 2222 
f 2457 10025 8044 
f 4663 4517 4662 
f 7564 8682 5211 
f 6993 10600 4404 
f 1893 1856 1889 
f 6705 6014 9908 
f 6074 9890 7605 
f 4171 8859 5536 
f 6344 2451 3911 
f 160 161 8898 
f 5056 7740 10154 
f 9351 9352 7953 
f 5384 3715 10208 
f 6292 1236 9956 
f 10428 10425 10513 
f 10295 10318 8633 
f 3320 1796 3720 
f 5546 5526 7409 
f 2634 7440 5278 
f 839 835 3010 
f 1454 1483 1513 
f 603 3942 9596 
f 2734 608 2351 
f 4570 4744 4014 
f 8775 8773 9036 
f 513 4289 8445 
f 1275 1196 1242 
f 4856 8217 9216 
f 7832 8796 7636 
f 8167 460 4291 
f 9561 9570 9571 
f 1090 2603 2774 
f 8995 6708 18 
f 1192 1189 1267 
f 8365 8053 8092 
f 7148 823 8990 
f 1209 3809 1211 
f 7010 3478 4351 
f 1596 1228 2636 
f 971 8017 389 
f 2810 3728 1103 
f 1416 1386 1414 
f 346 1389 7197 
f 7764 4832 7767 
f 2023 577 961 
f 1317 1494 1316 
f 4904 3410 117 
f 7279 10642 7187 
f 4583 1617 3631 
f 8300 8362 8301 
f 1907 2842 7273 
f 426 2305 911 
f 4455 4305 3812 
f 8403 8243 3708 
f 7143 3229 3645 
f 4829 4671 4524 
f 4401 6639 3298 
f 1167 5501 5716 
f 10413 1 3 
f 7722 6465 9037 
f 8557 8470 8530 
f 1693 2355 6360 
f 3975 4183 4520 
f 10611 10135 10475 
f 3095 3446 6441 
f 1405 1345 1380 
f 9254 9160 9253 
f 4989 1624 4884 
f 2508 2507 9431 
f 9022 4202 4199 
f 4192 4523 4191 
f 7484 7256 7376 
f 10521 6654 3123 
f 9201 3409 9202 
f 3465 5928 5155 
f 1837 1100 7901 
f 1801 1803 1783 
f 1603 1641 1672 
f 1361 1329 1396 
f 1471 10624 5078 
f 4675 8175 4755 
f 5143 9022 6327 
f 955 4402 5075 
f 772 9659 6135 
f 5426 5702 5290 
f 1139 1212 1213 
f 1290 1289 1326 
f 5704 5705 5145 
f 1020 1216 8712 
f 9393 981 9853 
f 1437 1503 1473 
f 5641 6706 468 
f 618 2456 1371 
f 2094 4236 1915 
f 10663 10632 950 
f 136 335 1579 
f 1203 4666 425 
f 8425 8426 7367 
f 1666 3957 5799 
f 1879 412 1831 
f 1401 1373 1338 
f 9346 1268 8979 
f 8933 4631 1888 
f 8911 9026 243 
f 4401 3298 3081 
f 663 580 688 
f 4247 4689 3666 
f 10215 10295 8633 
f 8242 4311 3107 
f 8113 3881 4348 
f 1381 1345 1405 
f 4234 5338 5580 
f 10269 10411 10412 
f 2378 2044 1755 
f 6599 4004 3433 
f 10524 4815 9383 
f 9101 8994 9051 
f 1350 1307 1349 
f 6503 9462 8786 
f 7194 346 7197 
f 2875 3082 3491 
f 1416 1311 1386 
f 9345 9347 3554 
f 7921 4904 7121 
f 5931 7778 5932 
f 10642 4975 7189 
f 5377 951 7594 
f 5860 3012 2272 
f 1088 1132 7915 
f 8484 10492 2553 
f 919 882 10563 
f 842 2704 2161 
f 4614 2129 7246 
f 2676 2673 5845 
f 8593 8354 8520 
f 10273 10136 10180 
f 2218 4758 9300 
f 4241 5013 5193 
f 1868 4341 8305 
f 1179 1808 1767 
f 10640 3741 6703 
f 8222 5314 6335 
f 8703 4634 9441 
f 9249 9133 9036 
f 7380 7682 7382 
f 6847 2032 1726 
f 6638 5693 5833 
f 5382 1524 5383 
f 3595 2412 3549 
f 1292 1222 1253 
f 1462 6325 6144 
f 9022 4998 4839 
f 1997 1448 8736 
f 5004 5150 5152 
f 2024 2070 2148 
f 1469 1428 1427 
f 10200 10077 10150 
f 9881 1776 2931 
f 9534 8959 796 
f 8362 8410 8539 
f 2789 2883 2944 
f 8447 4771 3363 
f 8593 8520 8553 
f 2282 2897 8413 
f 247 251 4147 
f 2894 155 6321 
f 1034 7065 3878 
f 65 6016 6358 
f 1965 2286 2475 
f 9111 3768 9204 
f 3654 10144 3515 
f 304 63 347 
f 5760 9139 1911 
f 1852 4157 4153 
f 5279 5414 5557 
f 1377 4616 8684 
f 203 10517 8742 
f 5357 6552 10173 
f 5537 9763 10059 
f 6694 6792 4136 
f 1170 9092 4123 
f 2818 2861 10233 
f 598 5867 991 
f 2724 2727 3115 
f 5311 6261 10437 
f 1310 1242 1241 
f 2365 2478 5650 
f 2167 690 7268 
f 1619 1491 7040 
f 1445 1374 1444 
f 6069 8523 4887 
f 1113 948 1035 
f 10253 4547 9184 
f 10215 8633 8523 
f 1454 1381 1405 
f 6821 8776 8947 
f 1307 1189 1234 
f 2624 324 10577 
f 6271 5984 5827 
f 1239 1193 1267 
f 1136 904 5033 
f 1349 1345 1381 
f 8606 3872 95 
f 1350 1349 1382 
f 3040 2949 2993 
f 10454 927 4095 
f 4662 4346 4512 
f 3075 8230 9884 
f 7507 7355 117 
f 7270 7272 7155 
f 4790 104 6000 
f 4668 4829 4524 
f 9470 8852 10326 
f 2624 6600 8580 
f 4672 4359 4671 
f 7267 8965 10590 
f 9792 9649 9728 
f 7008 7149 7013 
f 8805 3333 3608 
f 3797 3796 3611 
f 8817 2298 1917 
f 6011 5914 2893 
f 1100 2175 7901 
f 5056 1837 9762 
f 10014 3479 4477 
f 4991 5137 5287 
f 1394 1996 9774 
f 5287 5285 5564 
f 1627 2449 4532 
f 9637 9514 71 
f 2101 2099 2182 
f 525 5712 4 
f 3030 1293 10370 
f 2361 380 342 
f 1442 10516 7129 
f 1259 6125 6284 
f 2035 2413 6708 
f 98 2431 164 
f 2526 1790 1909 
f 2912 2720 1005 
f 494 1474 1211 
f 7187 7959 7118 
f 8037 8908 9746 
f 8602 8501 3151 
f 10188 10678 2950 
f 2438 8666 1902 
f 1567 1563 1057 
f 284 3829 2685 
f 7245 7252 6785 
f 2691 8891 8914 
f 150 7246 8692 
f 1716 5045 1715 
f 1971 2070 2024 
f 1603 1645 1604 
f 2110 2073 2148 
f 3999 4203 4535 
f 7238 7809 9357 
f 9091 8356 2212 
f 2412 9421 7284 
f 3371 1638 3678 
f 10353 1212 10354 
f 2906 2348 6822 
f 695 937 668 
f 6484 8650 5814 
f 4688 4689 4247 
f 1868 9360 4341 
f 102 7676 5 
f 8225 8402 8055 
f 4561 3642 4612 
f 4906 7529 7625 
f 2408 7281 2524 
f 775 7645 25 
f 973 3068 1903 
f 346 2825 1460 
f 3642 3679 4391 
f 336 408 1613 
f 286 3324 1739 
f 1549 272 2860 
f 7307 10581 1705 
f 5115 61 2762 
f 6460 8291 4265 
f 3058 7017 2479 
f 10516 10429 10514 
f 3036 8802 5674 
f 9998 1559 3872 
f 1480 1450 1374 
f 6703 7534 10640 
f 10428 10513 10514 
f 1112 596 324 
f 6976 7112 7045 
f 1721 1695 2796 
f 1380 1305 1341 
f 1350 1239 1267 
f 1399 1276 2289 
f 1382 1349 1381 
f 2106 6061 5806 
f 5503 5546 3302 
f 7998 3306 7185 
f 3957 8149 5340 
f 8450 9915 7521 
f 5509 5510 1792 
f 6377 2973 3025 
f 7851 7904 1724 
f 1952 440 438 
f 1239 1352 1272 
f 1195 1118 1117 
f 2423 2424 7358 
f 9823 9820 9850 
f 10458 4041 375 
f 9761 7391 8440 
f 10705 10696 10168 
f 5074 4751 4904 
f 9605 9629 9080 
f 1770 6252 2969 
f 7056 2822 9164 
f 6293 10034 10044 
f 1364 1965 3 
f 2492 1248 6580 
f 2896 8337 2824 
f 4589 3322 2472 
f 1 5712 68 
f 6208 1834 6464 
f 10583 3835 1875 
f 9988 10130 9993 
f 692 923 2762 
f 3090 2993 3089 
f 3771 9657 6716 
f 1428 1630 1326 
f 2522 2345 2678 
f 3057 2851 2728 
f 10427 5138 2480 
f 1428 1469 1630 
f 1503 1435 1472 
f 1268 9346 461 
f 3839 3813 2806 
f 1431 1535 1607 
f 5283 5135 4985 
f 6192 8243 8239 
f 1587 1591 3079 
f 9941 4337 2020 
f 1888 4631 4798 
f 9300 2290 2402 
f 755 2026 754 
f 5981 6006 5958 
f 1977 1982 2012 
f 5986 5915 5982 
f 4523 4192 3975 
f 5557 5417 5279 
f 10221 10123 9746 
f 5283 6638 5562 
f 702 8474 4493 
f 6046 6127 6047 
f 4593 4669 4282 
f 9100 2386 9931 
f 9482 3340 9219 
f 10399 1392 10072 
f 4181 6190 4168 
f 266 6342 9540 
f 3005 5420 4766 
f 4191 3797 4192 
f 6806 1348 4114 
f 3796 3797 4191 
f 9659 3875 152 
f 6028 1608 9654 
f 499 5230 2529 
f 893 3324 7466 
f 9594 181 2187 
f 3421 3797 3611 
f 4169 8750 5275 
f 10238 10008 9856 
f 1812 3244 383 
f 5166 4357 2093 
f 4826 4984 4985 
f 6625 171 2518 
f 3715 3102 1100 
f 9290 6681 8757 
f 2167 818 690 
f 10295 10429 10430 
f 7214 8146 10656 
f 1229 1227 1304 
f 1229 1230 1140 
f 10384 1910 9180 
f 849 6977 6323 
f 5166 1910 10384 
f 1721 2796 9697 
f 6549 9652 369 
f 1511 1552 1513 
f 1513 1483 1480 
f 2176 1595 1454 
f 6710 7804 9391 
f 1454 1595 1382 
f 8880 8828 8989 
f 1412 1351 1410 
f 1381 1454 1382 
f 6106 1424 6107 
f 1351 1239 1350 
f 5681 3073 4645 
f 9100 2079 9079 
f 4688 4247 4871 
f 1150 5306 1830 
f 4855 9003 7278 
f 7921 1419 1460 
f 4182 5560 4104 
f 10245 5920 4377 
f 13 1558 5212 
f 10305 10304 9330 
f 7507 3308 3395 
f 7186 9789 10179 
f 3158 5990 1602 
f 4904 8324 3410 
f 7762 4038 55 
f 1699 2521 1622 
f 9814 9747 9673 
f 4729 4552 8253 
f 1183 2347 6318 
f 6351 5181 4380 
f 764 9073 364 
f 7508 7399 7505 
f 4028 7741 3573 
f 5269 5345 5172 
f 2545 2379 2544 
f 6253 7309 6170 
f 6541 6543 1133 
f 7193 9182 5182 
f 5045 1572 1715 
f 2691 2251 1901 
f 1472 1395 1431 
f 5330 3482 4056 
f 9328 3552 9042 
f 2412 3595 9421 
f 5636 9108 9476 
f 1707 1603 1672 
f 3999 4205 10147 
f 383 10147 3083 
f 3991 3615 3799 
f 3504 5459 9392 
f 4619 9365 3493 
f 1672 2225 1748 
f 10195 10269 10414 
f 6214 1529 699 
f 1439 9956 1236 
f 6563 7828 1691 
f 2485 46 10201 
f 4175 5874 1919 
f 669 2959 4198 
f 1753 4639 8755 
f 2060 2568 3670 
f 1742 4702 6172 
f 4151 8852 6148 
f 2762 7645 775 
f 10255 1429 10167 
f 8109 2047 4001 
f 10137 911 2797 
f 297 873 874 
f 1108 5233 987 
f 2804 376 3760 
f 1777 10405 3578 
f 9838 8099 4084 
f 3394 10197 606 
f 1836 1835 4370 
f 3644 4207 3827 
f 6805 7462 601 
f 7902 520 3812 
f 2539 6361 7127 
f 10295 10293 10428 
f 1450 1341 1374 
f 7450 4128 3326 
f 6203 7838 7846 
f 1067 1140 1230 
f 1370 9120 4887 
f 240 6488 94 
f 2093 1910 5166 
f 3668 2860 272 
f 4159 2950 2896 
f 4357 3732 899 
f 1726 1563 6847 
f 2470 6392 7586 
f 5168 10076 267 
f 5326 5495 423 
f 6457 5030 5356 
f 8377 8131 10476 
f 4771 8447 732 
f 3361 9232 1285 
f 3361 4982 9232 
f 1562 277 5787 
f 2594 9637 7546 
f 6 2285 5845 
f 4010 5053 10549 
f 4658 6505 2546 
f 8812 8753 1026 
f 8141 8140 8220 
f 6028 8405 1608 
f 4351 10590 1114 
f 1045 8583 3173 
f 6005 5500 4863 
f 10690 8139 3986 
f 10083 10008 10238 
f 7421 8162 7388 
f 5406 9025 103 
f 4104 10297 4182 
f 7151 1319 4097 
f 4181 4168 4517 
f 9944 8442 9550 
f 5872 6499 1199 
f 5227 6552 5039 
f 4524 4523 4668 
f 5132 5279 5417 
f 1360 1328 1395 
f 7400 7508 2170 
f 3059 1894 8703 
f 395 1282 393 
f 1604 1533 1603 
f 1500 1630 1469 
f 1971 1973 5657 
f 1783 1803 1805 
f 1789 982 5425 
f 1293 1812 1329 
f 1503 1472 1550 
f 36 996 9322 
f 1716 1715 1800 
f 5414 4981 5276 
f 2227 2412 7284 
f 9260 4275 9262 
f 1395 1326 1630 
f 4183 981 4181 
f 6446 3555 4418 
f 9113 9485 9484 
f 6854 6759 6660 
f 2368 2696 8567 
f 1572 1614 1550 
f 9856 10081 10156 
f 1973 1971 2024 
f 2266 5983 1164 
f 6084 9452 9535 
f 8497 9214 3811 
f 1595 2176 8251 
f 1798 9303 780 
f 2449 2298 1935 
f 9413 8436 5926 
f 1316 3789 1315 
f 6897 6898 3231 
f 5067 3623 9394 
f 5601 8976 1818 
f 5859 3863 3272 
f 8312 8952 8941 
f 2222 5923 6272 
f 6394 6554 8717 
f 9662 9661 5925 
f 6317 3051 6318 
f 6400 210 701 
f 9065 6549 369 
f 4081 6641 7212 
f 4699 8197 938 
f 4426 5218 4251 
f 7037 7237 5117 
f 5371 404 5369 
f 4741 5563 4778 
f 5722 10036 2985 
f 4689 4056 4048 
f 3161 5374 8446 
f 1230 1186 1067 
f 619 8474 7268 
f 9180 1910 10516 
f 6927 520 4465 
f 1127 9109 2628 
f 9841 2453 2501 
f 4870 4424 10470 
f 880 2796 1695 
f 3139 4357 5870 
f 5896 5898 4588 
f 8820 2364 4536 
f 4726 465 1200 
f 10657 10627 10566 
f 785 2802 2091 
f 5427 2674 5089 
f 3732 4357 5166 
f 10543 10474 5484 
f 4899 4988 4040 
f 723 8292 1248 
f 6600 8251 4493 
f 5941 6035 5963 
f 1351 1350 1410 
f 4877 5692 5260 
f 1489 1519 1560 
f 10278 10200 10150 
f 8743 6846 6943 
f 1298 193 385 
f 221 5943 1786 
f 6136 4710 4853 
f 917 10435 3232 
f 5983 10131 1885 
f 1454 1513 1552 
f 822 6372 679 
f 10374 10137 2797 
f 1646 2649 3758 
f 2425 2090 6635 
f 7626 7624 7818 
f 1430 2636 2302 
f 270 276 277 
f 4248 9141 5189 
f 8872 1026 8808 
f 481 2413 24 
f 2681 6011 6420 
f 8622 441 5332 
f 10583 6718 3835 
f 2586 531 535 
f 1805 1901 2251 
f 1955 5079 6753 
f 5727 2962 9970 
f 5843 9834 7316 
f 9583 9832 10369 
f 9788 9721 9799 
f 975 1543 1546 
f 764 6240 9073 
f 5637 9365 7498 
f 1426 1168 8215 
f 7281 2408 8815 
f 10147 5933 3083 
f 7129 1445 1442 
f 1358 10120 1427 
f 4095 927 9523 
f 5554 5757 17 
f 9068 2261 4874 
f 10277 4947 10182 
f 1360 1292 1328 
f 1533 1500 1469 
f 1329 1255 1292 
f 6116 5836 5835 
f 5984 5985 5691 
f 3059 9411 3169 
f 5132 4984 4983 
f 8356 1650 1679 
f 3612 3799 3615 
f 37 4506 2219 
f 8774 5050 10659 
f 5268 7765 1191 
f 4354 4665 4826 
f 4668 4523 4354 
f 5287 5137 5285 
f 4993 4361 4672 
f 5132 5417 6638 
f 8401 8529 570 
f 2645 5825 3733 
f 1255 1171 1222 
f 2760 7201 4301 
f 1329 1292 1360 
f 3028 3029 2827 
f 8009 8356 1679 
f 4360 3991 4194 
f 4360 4194 4359 
f 6406 2985 2625 
f 1681 2368 49 
f 6327 4197 4361 
f 5276 4981 5127 
f 7695 7282 7598 
f 4991 4671 4829 
f 5820 2645 5407 
f 9191 3497 4378 
f 6985 9650 4878 
f 5127 5273 5276 
f 1818 1820 1589 
f 1313 2504 9940 
f 2391 1270 4769 
f 5699 5564 5992 
f 5137 4668 5135 
f 3303 6940 10230 
f 5390 4042 9841 
f 4917 6448 4572 
f 4740 4374 4390 
f 4998 9022 5143 
f 10031 4599 8203 
f 2590 1881 1616 
f 1379 8473 2572 
f 4457 8748 2560 
f 3775 10091 1706 
f 5390 2501 4621 
f 5290 5702 199 
f 7691 2308 9630 
f 1289 1213 1212 
f 2247 1887 10182 
f 1106 9588 6553 
f 3138 5511 3302 
f 7863 7409 5824 
f 8813 8576 8483 
f 432 1713 756 
f 9697 2796 6069 
f 8406 1127 2628 
f 4716 5869 4717 
f 1113 1035 1067 
f 5222 6204 5486 
f 1341 1305 1304 
f 5543 5222 7322 
f 9715 5452 4392 
f 10644 2205 7634 
f 10200 10280 10153 
f 10325 4870 5951 
f 398 3458 396 
f 2585 2449 1937 
f 4987 4902 4994 
f 5206 1625 6647 
f 7068 9037 6465 
f 5186 2825 4893 
f 6600 4493 4851 
f 3542 7524 4982 
f 5180 8135 317 
f 3720 6822 3320 
f 1590 8479 1560 
f 10414 10488 8464 
f 10363 10126 10212 
f 2930 2854 2929 
f 9151 3190 8775 
f 3505 4543 5230 
f 3480 5450 4866 
f 10694 5461 2233 
f 2243 6114 2242 
f 1311 1242 1310 
f 6981 7117 7048 
f 370 6692 5300 
f 334 5369 404 
f 10678 1865 6000 
f 187 7363 6169 
f 6591 1318 5698 
f 10478 6043 10237 
f 1760 316 3184 
f 1662 1660 2487 
f 3077 8971 5451 
f 6416 3118 9616 
f 7459 640 7225 
f 7035 6723 6180 
f 7258 7266 10717 
f 263 195 2050 
f 979 703 1204 
f 6203 7846 3557 
f 8777 7201 4946 
f 783 5571 1980 
f 8674 7646 190 
f 9844 9819 9818 
f 7565 2424 2423 
f 3785 5419 6263 
f 3437 10625 3362 
f 9527 9363 9472 
f 3399 1120 860 
f 10699 2801 1096 
f 4876 4877 5677 
f 1059 2969 33 
f 10096 4353 4562 
f 548 10533 4553 
f 2662 3032 1296 
f 974 4948 8106 
f 10076 8700 5522 
f 2345 1212 2728 
f 284 1062 927 
f 4468 4676 4719 
f 8053 8383 7483 
f 4095 9582 1408 
f 9582 7860 1408 
f 1894 7947 6847 
f 9411 10354 3169 
f 1707 1672 1748 
f 1472 1360 1395 
f 1435 1396 1472 
f 141 73 70 
f 1292 1253 1328 
f 1857 3028 3024 
f 1858 1856 1893 
f 5865 2990 8955 
f 8278 9218 529 
f 6352 10538 9106 
f 2564 6502 6792 
f 3131 6794 10515 
f 10644 6313 10402 
f 6016 4532 5507 
f 2804 2005 5775 
f 4660 4512 4659 
f 1321 3825 5907 
f 5229 4522 201 
f 931 7949 6416 
f 5170 85 5213 
f 4659 4511 4508 
f 9688 4511 2179 
f 6269 6271 5827 
f 6670 6555 6764 
f 9997 728 5711 
f 4621 7366 2275 
f 3723 3716 10671 
f 5984 5557 5414 
f 6190 6483 2179 
f 6279 6120 5992 
f 8347 2780 2357 
f 1687 50 1423 
f 7113 4501 1343 
f 6106 6108 5826 
f 6165 6163 3542 
f 5352 9393 3210 
f 4973 5292 5304 
f 8490 8487 8588 
f 4672 4360 4359 
f 8916 9739 5578 
f 5586 7901 4986 
f 7960 8788 8145 
f 9530 5765 6188 
f 7200 10377 7297 
f 5657 1901 1805 
f 6972 1274 6973 
f 6096 10443 10522 
f 6698 1640 963 
f 4373 5254 2741 
f 117 7355 7121 
f 8269 495 9478 
f 952 871 907 
f 3797 3421 4192 
f 1230 1229 1305 
f 8586 8687 5605 
f 6685 6988 7100 
f 1812 1293 3244 
f 1556 10197 1557 
f 5145 4998 5143 
f 2009 6042 1714 
f 702 5870 899 
f 3274 3270 2547 
f 1485 1382 1595 
f 7683 3326 5457 
f 10580 6713 5626 
f 1412 1410 1382 
f 199 5997 6125 
f 2108 6173 1406 
f 1241 1117 1272 
f 10575 10546 10605 
f 74 7594 5363 
f 5196 9030 4274 
f 3641 3679 6814 
f 1685 808 5364 
f 10143 10145 10063 
f 7050 4751 4893 
f 396 3458 1298 
f 4898 125 7540 
f 1260 1938 8727 
f 3684 4612 6207 
f 1692 2986 5757 
f 7828 7826 4337 
f 8402 8225 8313 
f 1599 2125 2464 
f 9487 2373 2115 
f 2768 491 9451 
f 6331 8620 2017 
f 1383 5103 828 
f 10302 2808 2752 
f 4623 4621 2501 
f 2724 6201 2722 
f 8807 8806 8911 
f 9431 1553 1744 
f 10287 1671 12 
f 8482 7994 5431 
f 1924 4446 5079 
f 10613 10626 725 
f 1889 1887 2247 
f 4934 804 1675 
f 7517 8380 6521 
f 4591 5295 2468 
f 4605 8843 9152 
f 7901 5586 1837 
f 10105 3543 10038 
f 2359 1788 1879 
f 9414 1367 4281 
f 2352 2522 2523 
f 10426 9088 2833 
f 1361 1293 1329 
f 9707 696 2794 
f 9569 1784 9568 
f 9624 7046 7520 
f 1973 8891 1901 
f 7118 7959 3795 
f 10526 8926 5176 
f 10207 7740 10283 
f 3537 313 8241 
f 6557 2102 436 
f 1191 7209 1785 
f 9073 9206 9724 
f 10302 1302 2808 
f 2157 7680 1046 
f 1589 1583 1818 
f 9089 8822 7259 
f 6043 5402 7732 
f 4917 10496 10494 
f 1622 110 1766 
f 9339 1516 10553 
f 5055 7753 653 
f 4083 1471 2532 
f 2740 2280 140 
f 8274 8281 5912 
f 2433 949 3399 
f 8357 2317 3990 
f 2607 909 2305 
f 10343 8523 6069 
f 2098 7075 3824 
f 2082 8583 77 
f 10438 4518 4521 
f 9178 9029 9075 
f 3790 7038 10271 
f 522 729 382 
f 9388 4505 1960 
f 8951 1163 6299 
f 1953 1022 276 
f 8507 2890 9920 
f 1309 4406 820 
f 4809 9409 5082 
f 1627 2278 7331 
f 262 3967 1566 
f 1265 1186 1230 
f 5254 4373 7468 
f 1560 1518 1590 
f 10538 7748 9049 
f 8116 8204 7116 
f 7184 9118 7279 
f 10172 10329 10178 
f 2177 6428 685 
f 6411 8048 3608 
f 1421 8542 2910 
f 6244 10190 28 
f 2648 267 6009 
f 6600 456 1867 
f 8078 6186 1029 
f 8774 6662 8900 
f 10171 1816 2550 
f 438 2102 9014 
f 8959 9992 549 
f 3112 962 8371 
f 1955 1951 5079 
f 1184 2403 1124 
f 4403 9737 4498 
f 5327 5214 5215 
f 8041 1793 6790 
f 6919 1493 1600 
f 4556 6592 6811 
f 4346 4168 2179 
f 6735 6838 7049 
f 2041 2374 2540 
f 10499 10193 10194 
f 4346 4662 4168 
f 10105 1722 3543 
f 717 842 5530 
f 3780 1658 1182 
f 2404 2395 3547 
f 5135 5285 5137 
f 3184 8952 1760 
f 9415 8566 6103 
f 10193 10140 6505 
f 3960 3547 2395 
f 5426 4993 4992 
f 5356 1001 5798 
f 10277 9685 10145 
f 9973 5101 563 
f 4992 4671 4991 
f 5288 4991 5287 
f 330 10571 7546 
f 5992 6120 5839 
f 10160 9421 3595 
f 4992 4991 5288 
f 10063 9096 7952 
f 2364 2028 4536 
f 4947 4945 10182 
f 2217 10120 9441 
f 1576 1473 1550 
f 5143 6327 5290 
f 2415 2042 803 
f 1779 2251 1679 
f 5995 6122 5997 
f 2371 6348 9148 
f 8353 1783 1650 
f 10136 10056 9999 
f 2195 2247 4945 
f 7965 7972 7900 
f 500 511 498 
f 4361 4993 6327 
f 4462 6816 3634 
f 10372 8096 8097 
f 3761 1891 2291 
f 3536 3537 8241 
f 6225 1182 1285 
f 7752 9641 4345 
f 1243 1034 771 
f 5258 1095 9461 
f 9302 8541 4874 
f 49 2368 8567 
f 6043 10478 5402 
f 107 1865 109 
f 9445 10390 6353 
f 3573 7835 4028 
f 10279 10209 6881 
f 7556 177 286 
f 8449 8321 3219 
f 7858 6467 7857 
f 9322 223 269 
f 3430 3620 3580 
f 245 6350 886 
f 6739 4039 704 
f 10374 6171 986 
f 8633 10318 1370 
f 22 25 7645 
f 7743 543 8086 
f 9540 9294 9466 
f 3665 10365 1296 
f 7417 9533 7666 
f 2348 2906 9135 
f 4031 3959 3956 
f 9136 6700 9109 
f 1442 10429 10516 
f 4851 8580 6600 
f 8805 7938 8099 
f 2529 3598 1938 
f 4357 899 5870 
f 10588 770 10033 
f 9027 9074 8972 
f 5886 10188 2824 
f 7566 10652 2307 
f 8189 4661 3910 
f 6197 9989 2916 
f 7455 5446 4033 
f 1367 3669 5874 
f 8075 7980 8166 
f 4033 5446 5451 
f 8831 4383 4407 
f 2808 1302 1449 
f 3568 1617 876 
f 6643 6444 6888 
f 4344 6637 3832 
f 7680 49 8567 
f 4743 5666 8171 
f 5019 4962 9062 
f 6304 5144 8418 
f 9236 9235 9279 
f 4030 5385 7437 
f 9751 9627 9725 
f 1419 1391 1460 
f 2487 1622 2521 
f 3748 5608 9712 
f 7588 7515 7498 
f 10063 7952 2205 
f 2054 2428 8435 
f 8978 9085 8982 
f 3505 5043 2920 
f 9428 9035 843 
f 2961 3054 3011 
f 2579 1348 6806 
f 1791 1795 1707 
f 8118 5053 5016 
f 2626 10376 10481 
f 5428 2596 5083 
f 1046 10171 3022 
f 10313 10386 10317 
f 7546 9637 71 
f 9445 3627 10390 
f 8911 8806 8910 
f 8480 3466 8628 
f 9365 4619 7497 
f 10277 5769 4947 
f 86 2463 2461 
f 625 7536 5281 
f 10652 3207 4651 
f 3488 10279 6881 
f 2925 8939 6364 
f 8858 10715 5769 
f 8858 86 9467 
f 8514 1277 8914 
f 2049 4001 6536 
f 7750 9965 7656 
f 6292 2827 2828 
f 6292 9727 2827 
f 1608 5904 4945 
f 9843 2788 9368 
f 2036 9641 10324 
f 8914 3419 8514 
f 8417 6729 6630 
f 1278 5667 5658 
f 3 1056 1364 
f 5942 8691 5862 
f 6570 7248 7042 
f 2971 593 2972 
f 10553 5907 3825 
f 4639 326 8755 
f 10501 6762 3116 
f 9134 4350 4496 
f 2275 5390 4621 
f 3422 228 1018 
f 2278 78 9827 
f 2882 9370 7243 
f 1091 5286 5277 
f 5287 5564 5699 
f 1119 3434 635 
f 1030 807 850 
f 7593 5188 957 
f 8678 10243 2496 
f 2660 2662 2630 
f 4986 5501 5586 
f 4511 902 754 
f 9197 8989 9196 
f 9426 2254 2145 
f 10316 10318 10430 
f 6410 6675 6412 
f 9552 1891 3760 
f 6408 6407 6673 
f 853 653 3915 
f 5562 5564 5285 
f 5919 3770 352 
f 7934 4404 2424 
f 2246 7332 2381 
f 3581 3506 3475 
f 8899 2467 7160 
f 2598 7151 9868 
f 5836 6116 6277 
f 1485 1412 1382 
f 7247 2144 9388 
f 4565 4572 3076 
f 3440 3244 3439 
f 9146 113 1000 
f 7043 7041 7264 
f 4400 4313 4396 
f 4839 5434 2344 
f 665 5840 5839 
f 7894 7983 8169 
f 306 4319 9136 
f 6048 444 2361 
f 8577 8575 8702 
f 2003 6718 3717 
f 10324 6117 8211 
f 4191 4359 4194 
f 2700 7737 1423 
f 4556 6811 7035 
f 5358 10287 4398 
f 5115 923 2550 
f 1409 7552 6076 
f 1862 808 6452 
f 9382 898 6507 
f 929 293 8992 
f 4491 7000 3109 
f 9396 2514 5987 
f 4058 4060 3939 
f 522 969 6574 
f 3557 7846 3287 
f 5095 5326 6038 
f 5182 2805 8215 
f 2616 9300 4758 
f 5012 5013 5484 
f 9644 9463 6462 
f 53 50 1687 
f 4094 9737 1815 
f 4475 5678 1772 
f 1266 1097 924 
f 1866 2296 809 
f 6049 10107 10017 
f 1939 1893 2195 
f 4283 1617 3568 
f 10222 8877 10378 
f 587 10507 888 
f 9685 10182 1887 
f 10567 866 5391 
f 4618 7684 4635 
f 3060 2856 2855 
f 1396 1329 1360 
f 10277 10145 10275 
f 3557 3556 6204 
f 9534 796 8514 
f 10554 10486 3067 
f 1801 1800 1895 
f 1945 4003 5036 
f 724 9093 941 
f 10356 3536 8241 
f 1462 3418 4779 
f 8241 9049 10472 
f 10490 2657 1745 
f 5043 3503 3501 
f 5086 2475 2893 
f 9182 2805 5182 
f 10461 10398 10340 
f 9791 8222 8223 
f 10641 10009 6648 
f 1332 4232 10571 
f 3264 5954 394 
f 897 10002 3105 
f 10691 2454 10517 
f 2970 9735 546 
f 7212 1101 9916 
f 3516 2358 7132 
f 2985 10036 4170 
f 317 1465 9182 
f 7735 1836 6747 
f 7644 1737 9077 
f 3857 3933 3969 
f 3104 3475 3506 
f 4051 4053 3971 
f 8190 10559 5870 
f 8406 8544 1127 
f 976 1845 1786 
f 54 88 153 
f 4404 2210 2424 
f 7849 7733 3932 
f 10656 7892 8634 
f 8777 8326 1422 
f 9654 443 6028 
f 1795 1856 1797 
f 2331 1357 6195 
f 5419 701 2984 
f 8589 8823 4954 
f 3619 1857 3803 
f 2012 2303 2274 
f 2774 379 1090 
f 2561 775 25 
f 5076 334 2478 
f 1057 745 1567 
f 1908 8060 4802 
f 4097 6401 6635 
f 1818 7826 1820 
f 3389 969 3387 
f 5015 5084 5085 
f 6682 6872 6876 
f 3451 8584 5099 
f 313 3537 8009 
f 5145 5708 4998 
f 7338 6462 9392 
f 8314 550 2052 
f 25 22 1706 
f 2820 1789 1842 
f 7331 1816 10171 
f 8761 8636 4188 
f 2818 2632 6818 
f 8540 8476 8475 
f 8900 6662 7675 
f 3301 2459 8999 
f 5120 5556 6168 
f 10280 10504 10544 
f 7013 7150 7085 
f 6694 6788 9374 
f 2988 4683 5561 
f 7127 6361 8536 
f 8232 3262 2705 
f 4274 9030 8975 
f 10651 61 5115 
f 8519 10054 2780 
f 1745 1706 2515 
f 5245 8751 5619 
f 10402 6313 5391 
f 10661 10676 10681 
f 2446 7734 10485 
f 8750 1756 9309 
f 5127 4660 4978 
f 287 211 241 
f 1717 10122 2936 
f 10275 86 5769 
f 1715 1712 1797 
f 1940 1801 1895 
f 4984 4663 4983 
f 5846 1259 5848 
f 6108 5827 5826 
f 5992 5564 5836 
f 8607 1679 2251 
f 6072 4447 9010 
f 5009 6260 4907 
f 3514 2677 6931 
f 8832 8830 8882 
f 201 1919 7212 
f 4659 4816 4978 
f 5276 5273 5686 
f 8501 10089 1487 
f 7857 4580 7858 
f 6973 1274 7170 
f 5552 5407 2645 
f 9166 9975 6881 
f 6565 6288 6286 
f 5468 3714 790 
f 4983 5279 5132 
f 3623 5067 9165 
f 4983 4662 4821 
f 3132 9445 7612 
f 7400 7399 7508 
f 9601 8687 9366 
f 1591 2041 10362 
f 2471 2363 4256 
f 7400 7169 7168 
f 6279 5836 6277 
f 7909 7816 7716 
f 8266 4914 3383 
f 7988 7015 798 
f 3871 425 4666 
f 10385 7886 6523 
f 3724 1763 10440 
f 4849 1744 1553 
f 55 53 7762 
f 126 6771 528 
f 1875 2526 10583 
f 1222 8712 1216 
f 1322 6026 723 
f 5415 9 1951 
f 3060 2859 2858 
f 7334 6417 7344 
f 3118 5723 1884 
f 9179 2624 6155 
f 1499 9963 3549 
f 2659 7525 6927 
f 6949 1678 10565 
f 2189 4558 2549 
f 3294 3295 3491 
f 8808 1026 8753 
f 10631 5294 2811 
f 6219 4610 2077 
f 52 9986 5637 
f 2306 5148 8203 
f 3678 1638 8912 
f 4170 2625 2985 
f 7966 7874 8058 
f 6838 6734 6837 
f 931 4189 2730 
f 5932 8850 5931 
f 9077 10081 6862 
f 10459 10455 10495 
f 10204 10422 10205 
f 10224 1114 1409 
f 530 1434 1577 
f 972 7824 1703 
f 4277 5445 4207 
f 5323 5269 5215 
f 6626 539 10007 
f 2686 2688 4259 
f 3433 5519 8256 
f 8849 9267 865 
f 9060 6479 8971 
f 10329 10328 10539 
f 9342 5976 9625 
f 1730 2245 5491 
f 9979 8772 9982 
f 4438 7102 4461 
f 4785 3669 1859 
f 1706 22 3775 
f 1027 5879 4021 
f 2252 1205 8007 
f 1689 5255 10021 
f 7766 10624 1471 
f 235 4054 3338 
f 9633 8465 8549 
f 4907 9207 2108 
f 4658 854 9467 
f 5904 1939 2195 
f 443 4940 4941 
f 1527 3412 4363 
f 1396 1360 1472 
f 6028 443 4299 
f 10072 797 3536 
f 3752 1855 205 
f 1801 1716 1800 
f 6061 2106 3007 
f 841 9303 1798 
f 711 722 710 
f 5657 1803 1896 
f 8353 1650 1614 
f 816 5707 9068 
f 582 5400 3599 
f 4594 4637 4903 
f 1760 8952 8312 
f 8731 8216 454 
f 3926 6592 2245 
f 7529 4906 7528 
f 8046 3022 6947 
f 10263 10460 10253 
f 2099 2101 7444 
f 2652 2996 5659 
f 555 886 557 
f 8445 4289 386 
f 986 10373 10374 
f 1706 1745 1652 
f 2593 631 7638 
f 4180 4137 4224 
f 8706 1756 6621 
f 7512 7511 7601 
f 4036 1912 4802 
f 3835 6718 5525 
f 8674 1978 7646 
f 10387 1683 9252 
f 4542 4488 4486 
f 9440 10434 9611 
f 6093 6070 6156 
f 888 20 9053 
f 6333 7592 10247 
f 1069 8820 7417 
f 2579 1836 1662 
f 2498 4112 10481 
f 1526 990 644 
f 141 70 69 
f 2334 3191 3158 
f 2515 1706 10091 
f 1990 10233 2861 
f 2460 9323 1279 
f 71 67 5507 
f 10151 785 4701 
f 4961 4799 4798 
f 487 431 482 
f 1240 1752 3364 
f 3361 3542 4982 
f 7359 22 2413 
f 6552 5227 3746 
f 8263 9444 6211 
f 2257 4166 1949 
f 4913 3610 662 
f 701 680 1181 
f 6483 9688 2179 
f 4 6 525 
f 1180 9847 3205 
f 4194 3799 3796 
f 3417 2994 3210 
f 10278 10358 10200 
f 8030 7893 7798 
f 5410 1995 7354 
f 8567 46 8342 
f 8046 51 1681 
f 4235 650 781 
f 4520 4352 4665 
f 4830 7356 7915 
f 7284 7952 2227 
f 2627 7860 3484 
f 1970 5904 7765 
f 5273 5127 4978 
f 7610 7514 7405 
f 6028 4299 9783 
f 9467 2461 4658 
f 5426 4992 5288 
f 1576 1650 8356 
f 1716 1801 1783 
f 5688 5276 5686 
f 1627 1937 2449 
f 1392 9727 6292 
f 5679 5680 5407 
f 3419 2074 1014 
f 8002 1088 5197 
f 6078 59 9869 
f 7169 7080 7168 
f 9490 5997 6122 
f 1400 1433 1384 
f 8401 8298 8399 
f 10678 104 10012 
f 7614 7711 7616 
f 3619 3436 3028 
f 8368 2778 5711 
f 7578 7491 7790 
f 4293 4297 4238 
f 6421 833 8690 
f 2891 10170 5952 
f 8575 6815 1504 
f 8556 9955 9851 
f 9002 8117 8178 
f 10128 10603 10604 
f 4309 216 920 
f 3801 3615 3991 
f 1935 5507 4532 
f 4197 3991 4360 
f 10044 6493 6354 
f 2264 9419 9340 
f 8444 7635 6366 
f 2730 7949 931 
f 5349 3828 3827 
f 734 244 6518 
f 9282 9283 9241 
f 4870 10325 5477 
f 4639 5239 407 
f 9581 9634 9632 
f 5210 1079 2484 
f 4114 4783 7054 
f 2765 2764 2850 
f 4517 4168 4662 
f 1912 1788 1616 
f 6008 7404 10324 
f 10421 6347 2162 
f 8834 1302 10302 
f 6053 8617 8833 
f 7877 3426 129 
f 2334 8443 3191 
f 2290 2288 1920 
f 5793 9803 9790 
f 2449 2402 2867 
f 7774 7771 7958 
f 3100 3054 2960 
f 9174 3480 10418 
f 1979 1667 1663 
f 3623 9165 7787 
f 656 7239 3388 
f 4539 4441 5328 
f 9838 3333 8805 
f 1016 7441 9912 
f 2574 4879 10613 
f 2342 2180 6432 
f 4721 594 1833 
f 4189 931 2821 
f 3489 3930 6179 
f 9725 9766 9767 
f 3466 8627 2513 
f 2373 2370 1371 
f 2671 2342 3598 
f 648 781 8138 
f 5505 7691 716 
f 10097 6684 7536 
f 2145 2147 9426 
f 5159 8657 9706 
f 2217 9441 9963 
f 4833 4449 5061 
f 4658 5999 854 
f 3595 4634 10160 
f 3102 3715 5384 
f 5904 2195 4945 
f 8405 1555 7765 
f 4940 9467 4942 
f 10143 10194 2463 
f 9089 1320 6722 
f 10705 10605 10703 
f 10159 4980 5046 
f 4599 9614 8203 
f 5657 1896 1971 
f 1763 7731 7559 
f 9453 3953 6807 
f 4123 2154 9224 
f 3419 8914 8891 
f 797 2212 3537 
f 2451 5924 2163 
f 8492 7718 10319 
f 10335 903 10256 
f 3654 1357 10144 
f 7234 9537 2270 
f 3095 6811 3446 
f 9428 1703 7824 
f 8256 5519 5654 
f 8366 3906 10527 
f 1874 9580 10348 
f 10031 19 1941 
f 7738 4728 2478 
f 4484 7910 2913 
f 2349 4370 190 
f 5789 766 2229 
f 2490 7030 1646 
f 8940 5682 2913 
f 6305 8700 5168 
f 2974 9409 935 
f 9298 9349 6361 
f 9769 9701 9611 
f 1731 1992 2861 
f 6352 7748 10538 
f 1994 1992 9774 
f 9419 1602 5990 
f 9924 2094 2465 
f 4992 4672 4671 
f 8569 9134 6198 
f 7823 2038 3200 
f 2434 2101 2343 
f 9041 6267 7015 
f 5967 6091 4408 
f 656 3388 10507 
f 5119 412 1955 
f 8754 9804 1924 
f 7330 9873 6661 
f 5234 3181 1377 
f 2332 2124 5845 
f 1800 1797 1858 
f 5394 2319 5401 
f 2270 9537 10304 
f 2370 2681 1371 
f 2135 1362 897 
f 4920 4746 1368 
f 2671 2171 5845 
f 2458 1204 2204 
f 618 2115 2456 
f 2298 4598 1935 
f 4 2285 6 
f 544 1346 2971 
f 9268 9171 9363 
f 8308 3509 10655 
f 735 758 810 
f 7460 7639 7618 
f 1471 4083 7766 
f 7841 7618 7837 
f 10182 9685 10277 
f 6775 6414 9490 
f 10189 10165 2531 
f 4940 443 9654 
f 2915 1973 2024 
f 5835 5562 5833 
f 6863 7172 7290 
f 1856 1795 1889 
f 8241 10472 10356 
f 10472 10540 10473 
f 5617 7992 2531 
f 10541 10504 10473 
f 5283 5285 5135 
f 6329 2707 1455 
f 7232 3289 2749 
f 9718 408 409 
f 1826 1297 1438 
f 7588 7498 7509 
f 2254 809 2145 
f 5407 5552 5123 
f 8706 2549 10685 
f 1457 5023 7213 
f 5273 5123 5552 
f 6562 9490 6122 
f 6820 3785 2933 
f 7392 7081 6419 
f 4977 13 4096 
f 6004 6289 6421 
f 168 6002 6289 
f 1095 5258 6332 
f 6972 6973 6764 
f 4821 4981 5279 
f 3619 3806 3436 
f 2064 2022 2000 
f 5836 5564 5835 
f 5710 5300 5299 
f 6980 5736 5735 
f 6284 5997 9490 
f 582 8103 4515 
f 1014 9534 3419 
f 6055 6944 6788 
f 2065 4341 1732 
f 7059 4724 3524 
f 3886 2866 5334 
f 6366 4990 6915 
f 9822 9753 9679 
f 8211 2744 2036 
f 4341 9360 4236 
f 7276 359 700 
f 5650 697 2365 
f 3557 3287 3284 
f 2646 6665 6431 
f 4641 10521 10152 
f 8809 7452 5087 
f 1881 2346 1908 
f 9335 6317 6318 
f 2191 2245 6585 
f 10488 4590 5472 
f 7242 4909 3638 
f 9390 1579 3167 
f 189 188 192 
f 7037 2183 5971 
f 8366 1752 1240 
f 7035 6180 10659 
f 2135 897 1933 
f 10157 5384 10208 
f 10499 10004 10644 
f 9431 1744 9390 
f 10576 10037 4510 
f 5723 7949 2730 
f 2673 2676 2430 
f 993 1663 1667 
f 9067 9937 10083 
f 9934 8687 571 
f 5239 1514 1438 
f 6338 4140 5080 
f 2286 1965 2273 
f 506 4261 8765 
f 4009 4014 4034 
f 1584 10454 1575 
f 10044 4005 10042 
f 7849 3932 8013 
f 3688 9054 5566 
f 3812 520 2788 
f 1994 7866 1992 
f 4944 4942 4943 
f 7957 7793 7790 
f 7373 7478 7576 
f 2784 5216 1949 
f 1431 1630 1500 
f 7209 1555 9783 
f 8344 2021 4494 
f 3890 1298 3458 
f 2463 10194 10193 
f 2968 4541 1659 
f 1576 1614 1650 
f 1970 7765 5268 
f 1939 1858 1893 
f 7765 1555 1191 
f 7439 4200 857 
f 537 431 487 
f 2236 1979 4326 
f 444 6713 10580 
f 1679 8607 8009 
f 4977 2693 1781 
f 2168 2197 1165 
f 645 2730 405 
f 9068 9687 816 
f 4446 4256 6753 
f 5607 637 5126 
f 4548 3493 9986 
f 2818 6818 1731 
f 2361 342 8917 
f 5750 3106 3105 
f 4793 3590 159 
f 12 5489 3582 
f 2353 2356 4924 
f 6535 9802 9717 
f 19 10031 1904 
f 1783 8353 1716 
f 4350 8517 9296 
f 4491 10134 7000 
f 4193 7754 10714 
f 8134 8140 8095 
f 7152 7233 6243 
f 6053 6071 9413 
f 6199 8940 1461 
f 132 8106 4747 
f 3616 4246 3540 
f 4793 888 10507 
f 316 1736 1403 
f 9823 9788 9799 
f 6743 6690 3762 
f 10153 10077 10200 
f 4742 6667 4458 
f 1785 2066 1191 
f 8301 8362 7888 
f 7576 7478 1486 
f 10358 10278 10356 
f 2485 41 40 
f 2660 2630 6264 
f 7952 9096 2225 
f 7054 8784 10190 
f 6168 2921 2816 
f 7237 7037 1158 
f 10380 999 9722 
f 2398 2068 2248 
f 3796 3612 3611 
f 2128 1599 2385 
f 1864 6446 4418 
f 6117 4670 959 
f 8305 2065 2147 
f 7645 24 22 
f 8347 9606 7031 
f 412 1635 1955 
f 2064 847 1732 
f 4191 4194 3796 
f 5358 1671 10287 
f 8533 7717 8454 
f 4130 3303 3136 
f 698 10146 10102 
f 3064 868 7293 
f 1748 9265 1791 
f 1889 2247 1893 
f 2364 2164 2028 
f 34 9953 3157 
f 7847 532 8348 
f 10090 1763 3724 
f 4197 3803 3801 
f 7596 387 4334 
f 7514 7408 7405 
f 1534 556 773 
f 8600 3419 2915 
f 5833 5988 5835 
f 9667 9610 10051 
f 6863 6866 6768 
f 7985 5065 5334 
f 62 5617 6393 
f 9481 7320 9483 
f 10163 7185 3306 
f 6180 6723 5008 
f 7166 7399 7168 
f 6921 7221 761 
f 2072 3881 2234 
f 2302 426 1168 
f 2114 5972 1592 
f 6358 1378 65 
f 6412 6562 6122 
f 6054 2630 2415 
f 3785 6820 6400 
f 2076 7825 831 
f 2447 5670 3736 
f 3899 3897 2819 
f 1596 1430 1594 
f 4703 4045 3906 
f 5995 665 6122 
f 1410 1350 1382 
f 370 5300 5579 
f 10645 376 784 
f 1420 1408 2627 
f 3801 3991 4197 
f 9737 4094 10174 
f 2537 8439 2898 
f 2971 1346 593 
f 10285 10207 10366 
f 2585 6760 3669 
f 7006 1013 10618 
f 5850 5579 5300 
f 5415 1990 9 
f 1602 2655 3158 
f 6065 5043 6172 
f 6049 3983 1860 
f 1345 1234 1265 
f 10414 8464 10274 
f 5491 2189 3960 
f 6596 6351 4380 
f 3032 10426 3665 
f 7978 4004 4005 
f 5230 3889 3503 
f 7299 7519 7414 
f 2639 3009 6317 
f 7441 1016 1359 
f 3671 10529 6622 
f 4599 8060 1908 
f 1990 2861 7866 
f 2895 5684 2120 
f 4860 9916 1101 
f 4624 7843 7844 
f 7161 780 1611 
f 5328 5047 3846 
f 4091 4279 7228 
f 492 615 222 
f 4845 2561 2588 
f 8562 7447 1670 
f 5990 6880 9419 
f 9976 6881 9975 
f 969 968 967 
f 6010 5349 4052 
f 1388 2581 8258 
f 7000 3790 3109 
f 6151 4021 5879 
f 1679 1650 1779 
f 1367 8622 5332 
f 1014 4738 7567 
f 7567 9534 1014 
f 753 4580 2333 
f 8091 7963 8031 
f 6502 2564 3968 
f 5674 5106 7269 
f 9506 7641 7928 
f 9582 4095 9523 
f 5942 2777 5412 
f 1733 1731 6818 
f 9563 4704 674 
f 9510 9364 9362 
f 9828 10692 8695 
f 1900 2032 2367 
f 1628 1314 5051 
f 5756 5440 1872 
f 681 1690 912 
f 1951 1955 5415 
f 1579 335 3106 
f 2415 803 6054 
f 2227 7952 2225 
f 4770 6909 782 
f 3672 6229 3276 
f 2837 2836 2908 
f 1923 6297 2310 
f 6130 9847 6129 
f 525 6 7 
f 255 6620 3381 
f 10629 592 6051 
f 5754 8398 5225 
f 3291 536 10306 
f 2343 2180 2430 
f 4471 6751 120 
f 4576 2313 8232 
f 10527 4045 3671 
f 752 2209 1238 
f 9292 9294 9540 
f 8495 7444 2101 
f 1313 4459 4616 
f 2244 2402 2585 
f 9169 1986 8269 
f 6811 3095 6723 
f 6261 5311 5412 
f 3960 2395 5491 
f 4587 6012 3866 
f 6276 6407 6277 
f 5754 7801 8398 
f 4897 5629 4861 
f 9806 7787 9071 
f 5225 2266 1164 
f 6400 701 5419 
f 6066 759 4499 
f 10446 10294 10292 
f 10115 10274 10198 
f 6367 832 1089 
f 9244 9341 9247 
f 1923 2502 2667 
f 4901 4970 5572 
f 899 5891 8474 
f 7574 10701 7882 
f 5669 631 753 
f 854 4942 9467 
f 3019 4335 6434 
f 5985 6551 6113 
f 2286 6011 2475 
f 503 7011 10179 
f 9726 9645 9463 
f 5273 5552 3733 
f 5693 5691 5831 
f 482 431 5680 
f 1319 7151 2551 
f 814 763 691 
f 3701 4641 5905 
f 3188 2107 1904 
f 8240 5596 8329 
f 9467 4940 8858 
f 5290 4993 5426 
f 5287 5699 5288 
f 10235 8201 8018 
f 2363 1915 9360 
f 6116 5835 5988 
f 6555 6768 6407 
f 3457 1849 7352 
f 8562 5596 7447 
f 10237 3791 7967 
f 6972 6664 6971 
f 9056 8864 799 
f 495 1986 9544 
f 6562 6774 6775 
f 1069 7417 2998 
f 2148 2164 2110 
f 5513 4787 9520 
f 4770 351 6909 
f 7519 7614 7616 
f 5997 199 5995 
f 3081 5175 4401 
f 10532 8413 8025 
f 8439 2537 2372 
f 2450 2629 8732 
f 2274 2563 2573 
f 9469 9309 5634 
f 2012 1579 5750 
f 10335 10459 8582 
f 5568 5699 5839 
f 7816 7623 7716 
f 367 3099 5315 
f 10397 10340 10266 
f 9556 9148 6348 
f 5054 7035 10659 
f 7736 5479 7662 
f 1599 2464 2385 
f 227 1429 2040 
f 1100 4229 2175 
f 5145 5143 5704 
f 1365 5369 5076 
f 9853 3975 3421 
f 7135 7455 9145 
f 8081 8427 7990 
f 2737 1053 2736 
f 6284 9490 6414 
f 5086 10413 2475 
f 2458 2204 618 
f 4590 10488 10554 
f 1494 5183 1824 
f 186 7259 8923 
f 1162 8819 1639 
f 3167 1982 972 
f 2208 4510 1663 
f 4213 4540 4375 
f 10510 779 10363 
f 194 5830 2559 
f 63 1851 1778 
f 2681 5914 6011 
f 2670 2171 2671 
f 4932 881 6440 
f 8079 167 7791 
f 6603 6602 10646 
f 1468 1068 4833 
f 6977 4682 5621 
f 2808 1449 2666 
f 2284 10453 7631 
f 9883 2190 9881 
f 592 1833 6051 
f 9766 9776 9767 
f 131 9984 6916 
f 2256 2591 3775 
f 3062 2244 2585 
f 8488 6790 6233 
f 8471 8930 8978 
f 7567 207 9040 
f 4536 1785 467 
f 9852 6032 8463 
f 7799 7689 7893 
f 1742 3501 3498 
f 1191 1555 7209 
f 5988 5833 5831 
f 9960 797 10072 
f 901 4265 8291 
f 7970 1135 2436 
f 4034 5590 4736 
f 9960 9091 2212 
f 1895 1800 1858 
f 5492 1986 9169 
f 7448 8206 7039 
f 9646 9466 9645 
f 5767 6055 8143 
f 10354 1212 2345 
f 8613 841 1165 
f 3888 3501 3503 
f 10256 632 2040 
f 7249 7042 7248 
f 7645 2762 481 
f 217 10578 8005 
f 6352 8914 1277 
f 4628 5685 9913 
f 7752 4186 2874 
f 2064 1732 4341 
f 9913 9829 4628 
f 4022 7294 8232 
f 6444 3407 7324 
f 10646 6602 8953 
f 1043 7458 3516 
f 2060 2053 457 
f 1683 3913 8956 
f 4586 5334 2866 
f 10174 10221 4498 
f 645 10037 2417 
f 973 2300 3068 
f 6711 3121 4092 
f 4695 4397 4694 
f 3899 2997 3896 
f 1378 2278 65 
f 10571 330 10142 
f 61 10651 4504 
f 6201 2704 2722 
f 4042 8707 9841 
f 6040 3920 191 
f 10023 3809 1209 
f 10244 10323 10088 
f 1881 2590 2346 
f 4599 10031 3285 
f 7046 1902 10511 
f 2496 10243 6346 
f 6167 9474 3529 
f 5761 6226 4894 
f 2251 1779 1805 
f 4891 9533 6427 
f 7559 9092 10440 
f 1165 9929 34 
f 1165 2197 8613 
f 8575 3700 6815 
f 4419 3007 7731 
f 3877 8723 877 
f 7314 9758 773 
f 6570 6877 7248 
f 49 7680 2157 
f 805 8469 2936 
f 3909 9371 10141 
f 51 4038 7762 
f 8807 8911 243 
f 8549 8515 8711 
f 3313 8400 9943 
f 7259 7631 2172 
f 890 2301 8120 
f 2554 1332 10571 
f 5845 2285 2676 
f 9330 6680 7186 
f 907 1007 952 
f 8588 8487 8585 
f 10327 5754 5225 
f 2369 8495 2101 
f 2550 1109 10171 
f 5988 5831 6113 
f 1204 1959 2204 
f 8736 6048 2361 
f 5564 5562 5835 
f 201 9916 5229 
f 4826 4665 4984 
f 6269 6550 6271 
f 1086 4923 427 
f 115 116 47 
f 9390 2241 9431 
f 4512 4511 4659 
f 4852 8060 4599 
f 5285 5283 5562 
f 4993 4672 4992 
f 2525 2684 2527 
f 126 1898 6771 
f 4605 9152 879 
f 8431 8432 8345 
f 4852 1825 4036 
f 3030 10370 1398 
f 427 4923 8997 
f 2981 9432 3768 
f 613 8666 1770 
f 7172 6973 7170 
f 6125 1259 5846 
f 6434 4335 10536 
f 2364 1496 2164 
f 1073 484 719 
f 3376 9997 5711 
f 7522 7414 6886 
f 7476 7002 7800 
f 9534 9040 8959 
f 3157 2869 207 
f 7620 7619 7715 
f 8100 7817 7937 
f 8959 549 603 
f 6191 9734 846 
f 5831 5985 6113 
f 9022 4199 6327 
f 7834 9939 2863 
f 2105 126 3861 
f 6550 6664 6763 
f 2079 2789 4321 
f 9953 1799 10698 
f 5373 5116 10689 
f 10640 6494 6725 
f 7212 9916 201 
f 1908 2346 1183 
f 2685 3079 517 
f 2135 2273 1362 
f 1933 3106 335 
f 8706 10685 5634 
f 1368 4746 10158 
f 5275 503 10179 
f 6727 8795 8894 
f 3912 3838 3950 
f 6022 8051 4463 
f 5685 2233 5461 
f 5806 2620 2106 
f 7320 4157 1852 
f 9799 9787 9820 
f 7673 5832 8365 
f 7545 466 8560 
f 4381 5317 3071 
f 7739 7731 1763 
f 4326 10037 645 
f 3130 3133 3038 
f 6514 2403 1184 
f 538 437 435 
f 4102 5088 5136 
f 7121 5698 1393 
f 9397 9712 5592 
f 6910 2853 3740 
f 3501 6172 5043 
f 8804 8752 7108 
f 1733 3063 6646 
f 4220 8463 6032 
f 3970 8312 4243 
f 4738 2168 34 
f 4286 3489 3844 
f 4279 7828 7228 
f 5375 6854 6660 
f 9655 8390 6045 
f 6567 1830 7827 
f 2897 591 8413 
f 725 1548 10613 
f 9575 4413 2686 
f 4566 9115 10060 
f 10665 10636 10702 
f 1408 7860 2627 
f 2594 5212 9514 
f 4096 3703 4255 
f 8926 5483 5176 
f 1530 8616 4409 
f 8114 8011 8112 
f 7317 9784 7092 
f 4695 9990 5844 
f 2582 9894 9995 
f 6200 6014 6187 
f 9708 9855 148 
f 9355 3722 8281 
f 8381 4212 8738 
f 2147 2296 8305 
f 4746 4656 5828 
f 918 5906 10043 
f 2619 2618 5750 
f 2564 7320 1852 
f 2973 8791 3451 
f 6187 6014 6705 
f 6947 10171 1109 
f 1657 3697 10206 
f 4628 2233 5685 
f 3688 5566 5051 
f 140 9142 1172 
f 1798 1799 9929 
f 6016 65 4532 
f 3061 1945 5886 
f 5065 3279 10067 
f 6208 5899 1834 
f 9161 8941 8952 
f 2130 3981 1580 
f 10088 10087 10244 
f 2655 527 1941 
f 9101 9051 9162 
f 6750 8974 9173 
f 10507 3590 4793 
f 3371 3678 3867 
f 3613 3650 3696 
f 6182 9585 4244 
f 5091 9893 3936 
f 324 596 10577 
f 8739 9385 1050 
f 987 1383 3778 
f 1603 1571 1641 
f 2399 4937 1073 
f 475 6494 1246 
f 2450 2448 372 
f 3876 834 10397 
f 2153 2647 1578 
f 9687 3589 7879 
f 3671 4045 4046 
f 5103 2084 935 
f 179 3716 1101 
f 1589 4621 4623 
f 3608 3333 6411 
f 2230 2256 2255 
f 265 1701 556 
f 2576 6376 3770 
f 3339 6230 6339 
f 2621 813 2255 
f 7018 7093 7022 
f 7154 7087 7153 
f 1078 4649 9933 
f 6646 111 9774 
f 2288 2618 1920 
f 8996 2011 6678 
f 7801 5754 6680 
f 3840 3713 3802 
f 1618 10321 3821 
f 335 194 2269 
f 2296 2147 2145 
f 5691 5417 5557 
f 10706 10038 3543 
f 686 623 735 
f 5833 5693 5831 
f 2101 2182 2343 
f 9864 9863 10087 
f 1875 5525 4389 
f 807 682 755 
f 6550 6551 6271 
f 4985 4984 5132 
f 35 10 6730 
f 7156 2284 9410 
f 7815 6419 1049 
f 9988 6979 8037 
f 9807 8051 9887 
f 5000 2599 8254 
f 2720 5052 10584 
f 1917 2298 2867 
f 4985 6638 5283 
f 5825 433 6105 
f 3669 179 6641 
f 10002 1362 1364 
f 6654 2392 90 
f 4598 4117 75 
f 1602 9419 2264 
f 7253 6785 7252 
f 3821 9228 1618 
f 1635 412 1879 
f 2003 527 2264 
f 1876 7622 7305 
f 4580 7857 800 
f 6988 6685 6569 
f 9554 6102 186 
f 5212 2594 13 
f 2358 7073 7132 
f 1333 1432 1424 
f 3105 10002 2571 
f 1938 3598 8727 
f 283 1995 5410 
f 3161 341 9005 
f 10264 10406 8550 
f 8413 5094 2282 
f 335 136 194 
f 10061 10498 6687 
f 6209 468 8548 
f 10687 4604 9616 
f 3821 452 9228 
f 2078 1925 7034 
f 566 568 2759 
f 9604 3083 5933 
f 2948 9142 8846 
f 2898 1491 2374 
f 10636 10544 10597 
f 2370 2369 2366 
f 1966 1815 681 
f 5049 10160 745 
f 10131 1260 6432 
f 9908 6014 7880 
f 5933 10147 4205 
f 1935 71 5507 
f 1388 5763 2581 
f 491 7821 10710 
f 7638 4948 4638 
f 9230 111 3167 
f 1979 1663 4510 
f 7744 7746 6343 
f 2983 2726 8004 
f 775 692 2762 
f 9274 7071 7069 
f 1474 1765 1209 
f 7588 5745 5746 
f 140 821 9142 
f 10091 3775 2591 
f 3827 5338 5349 
f 753 3191 8443 
f 6733 2658 185 
f 8856 8841 941 
f 9772 4158 954 
f 9961 9895 10267 
f 1917 2571 8817 
f 10612 2726 10706 
f 1984 9427 10144 
f 5768 4958 1047 
f 8181 9987 8108 
f 8401 3966 402 
f 1066 1017 7364 
f 10144 1357 1984 
f 7556 1739 2149 
f 6297 1923 4543 
f 258 5105 296 
f 2103 2105 629 
f 821 8846 9142 
f 4758 2218 2254 
f 2583 677 3186 
f 1754 4602 8819 
f 3721 3637 3753 
f 4894 4792 6526 
f 6374 488 6368 
f 1606 10346 2350 
f 9774 1992 6646 
f 8455 5212 1558 
f 10002 1056 2143 
f 7007 2287 6294 
f 886 555 4172 
f 9734 9818 9796 
f 5618 5055 2224 
f 2904 1709 7721 
f 8340 5558 3817 
f 3836 2590 2360 
f 8886 9301 2486 
f 3348 4678 8656 
f 3276 6229 3272 
f 1761 4109 1582 
f 4905 4970 4901 
f 10572 10283 10544 
f 4270 4795 4067 
f 10687 4638 8870 
f 9847 6130 7480 
f 9804 9921 9924 
f 552 2500 2380 
f 5465 4390 4374 
f 10538 8607 9106 
f 10651 1816 9827 
f 3056 3016 3014 
f 6621 209 210 
f 7541 7718 8489 
f 1281 1318 6591 
f 10682 940 1671 
f 3121 5574 6368 
f 5199 2184 699 
f 9121 6481 6480 
f 10475 5752 10611 
f 3453 3925 3168 
f 6018 5926 8436 
f 4682 6977 2885 
f 6627 6354 2543 
f 5339 7870 4681 
f 2180 2342 2430 
f 1873 9713 2416 
f 9417 3408 8970 
f 8135 7932 1250 
f 729 683 3763 
f 2637 7394 5883 
f 9941 3474 8199 
f 5822 7141 7251 
f 8685 91 9802 
f 737 3962 8304 
f 2671 5845 2673 
f 5265 2156 10564 
f 8656 4678 1656 
f 2680 2893 5914 
f 7020 6819 5224 
f 3967 8361 9757 
f 1104 9660 9658 
f 5760 921 9565 
f 6557 756 9555 
f 2703 2427 2426 
f 7830 9655 6045 
f 3188 1904 10031 
f 1817 1342 681 
f 10075 3510 10537 
f 4341 4236 2064 
f 4491 10052 10134 
f 2670 2529 2667 
f 3778 6080 3962 
f 6301 1922 2214 
f 1581 1584 6912 
f 9432 2981 5234 
f 2118 1521 1520 
f 194 1371 6420 
f 7444 5754 10327 
f 2273 1364 1362 
f 1079 5011 6376 
f 8551 9042 8657 
f 10232 9970 2962 
f 2962 5727 7757 
f 8327 8414 8415 
f 8203 9614 2306 
f 2932 4128 2958 
f 10142 2554 10571 
f 900 1517 7058 
f 15 8455 2260 
f 2163 4469 2451 
f 6947 3022 10171 
f 3639 6459 5174 
f 7059 8130 9397 
f 5636 5635 7086 
f 1204 703 701 
f 9557 6702 6167 
f 9209 9211 2795 
f 7435 9118 7182 
f 1181 680 928 
f 1744 136 1579 
f 6398 6759 6548 
f 8384 678 676 
f 520 343 4465 
f 2435 8689 8623 
f 10593 7586 6392 
f 5522 10152 10521 
f 2223 10708 9640 
f 10654 1245 10152 
f 8373 3978 6339 
f 9282 9237 9333 
f 1082 2326 5583 
f 6562 6412 6773 
f 7557 7773 187 
f 8410 8362 8300 
f 833 6686 8690 
f 1544 9489 475 
f 3625 2801 3176 
f 6004 168 6289 
f 5963 6035 6037 
f 5568 5840 5702 
f 4646 9683 9271 
f 199 5704 5290 
f 613 8665 8666 
f 7619 7522 6886 
f 265 1634 1701 
f 2660 1821 3032 
f 1999 1996 1394 
f 4224 1065 4180 
f 3968 1852 8302 
f 5681 499 889 
f 4679 10395 4205 
f 8867 3736 5791 
f 2494 10521 4641 
f 4045 4703 4046 
f 10333 10455 10459 
f 9080 4153 9605 
f 10210 10293 10215 
f 6214 699 1878 
f 330 1935 72 
f 1155 370 728 
f 5999 7879 4943 
f 6305 5168 5474 
f 1846 9584 2740 
f 8052 1918 5622 
f 1161 3712 8951 
f 307 6776 2311 
f 3285 1825 4852 
f 7683 2562 7449 
f 1373 1341 1304 
f 3842 2860 6430 
f 8310 6893 8385 
f 10228 2763 420 
f 900 3412 497 
f 6993 4873 10456 
f 8854 8724 8722 
f 5433 8800 954 
f 4699 554 10404 
f 3603 3728 4782 
f 5080 901 4266 
f 5474 2153 6305 
f 10411 10110 10267 
f 3490 4590 3844 
f 6752 6879 7164 
f 5347 4612 4391 
f 326 407 8938 
f 7129 1910 2093 
f 7900 7972 8096 
f 5851 1793 8041 
f 1994 9804 8754 
f 6328 2221 3663 
f 9280 5776 5180 
f 3505 2920 4543 
f 2288 1882 2618 
f 8593 8553 8592 
f 4745 9857 7697 
f 6864 3515 10144 
f 6587 5892 8147 
f 301 1269 3354 
f 475 3725 1544 
f 1546 348 7030 
f 10508 9218 3974 
f 8337 3890 4003 
f 10261 7370 3510 
f 6592 3446 6811 
f 1993 8065 3348 
f 7838 5543 4749 
f 676 1458 2109 
f 5873 6027 5884 
f 4570 4271 4571 
f 7324 6937 6444 
f 6850 6989 2865 
f 2076 2042 2420 
f 9025 9714 103 
f 8621 4583 3631 
f 8467 9319 6005 
f 8009 3537 2212 
f 5844 2441 2821 
f 2128 2208 1633 
f 2660 6264 1821 
f 7500 4793 5791 
f 773 10342 7314 
f 10550 10288 10512 
f 5716 3615 3803 
f 2679 2893 2680 
f 1 4117 3 
f 4983 4663 4662 
f 9667 9622 9610 
f 8436 6431 6018 
f 3022 1681 2157 
f 7902 6623 520 
f 4166 9593 8729 
f 1496 2364 7756 
f 4541 4572 4565 
f 2912 5052 2720 
f 2923 3176 10697 
f 5366 3831 5560 
f 405 3780 2236 
f 3876 10266 3786 
f 2204 1959 2118 
f 2594 7546 3703 
f 974 132 10682 
f 1085 7211 1642 
f 7738 2119 4728 
f 5665 9526 734 
f 5358 8870 10682 
f 7946 2006 6761 
f 2464 2125 2458 
f 4543 1923 5230 
f 4715 4462 3814 
f 5681 889 564 
f 2269 1933 335 
f 5601 53 8976 
f 4200 7439 2743 
f 6526 6558 7892 
f 1867 8251 6600 
f 2487 2626 2312 
f 9850 9820 8996 
f 5830 2668 2559 
f 1397 1753 664 
f 8702 8942 8816 
f 2679 4900 2893 
f 10650 3977 3004 
f 889 1260 10131 
f 10564 2156 10591 
f 766 502 2229 
f 4149 4148 5244 
f 2332 2502 4255 
f 1549 6833 272 
f 1120 2146 956 
f 10538 313 8607 
f 2204 2118 618 
f 3792 3793 6848 
f 3231 9406 3281 
f 184 9322 9544 
f 10282 10279 10431 
f 5345 5269 5323 
f 209 8750 928 
f 2861 1992 7866 
f 10053 4155 3548 
f 4541 4565 1095 
f 6599 3433 8256 
f 2265 10609 6771 
f 6759 6398 6660 
f 8432 8635 8637 
f 4962 9866 10492 
f 817 741 815 
f 6853 6756 6963 
f 2434 2343 2676 
f 6676 7098 6595 
f 7389 7688 7690 
f 972 1703 843 
f 1996 9921 9804 
f 3733 5552 2645 
f 1463 2124 1464 
f 1260 889 1938 
f 2010 3583 799 
f 10212 10360 9381 
f 4821 4512 4660 
f 68 75 1 
f 3307 2584 3849 
f 2441 9319 5429 
f 2742 7340 4968 
f 1501 8500 8502 
f 1801 1940 1803 
f 6540 5375 1424 
f 5702 5426 5568 
f 3364 8064 8960 
f 1613 9718 983 
f 5995 5840 665 
f 2255 8064 3364 
f 6869 6773 6867 
f 10075 9651 6663 
f 8773 9130 9034 
f 4091 3970 8396 
f 6661 6923 7330 
f 2554 68 525 
f 6978 7408 7516 
f 8766 6063 8904 
f 2902 2977 2941 
f 2680 2676 2679 
f 6277 6116 6276 
f 6412 6675 6773 
f 7638 9616 6467 
f 6131 6004 6421 
f 6002 1259 6286 
f 4162 2776 2981 
f 457 2053 1701 
f 4017 4920 4066 
f 3743 1164 1885 
f 1316 1315 1419 
f 3663 10018 6383 
f 9360 1868 2363 
f 253 201 4522 
f 3070 7423 7626 
f 6515 658 10001 
f 9188 1678 6786 
f 10048 7478 7248 
f 1810 10443 855 
f 9643 4011 8826 
f 8181 2644 9987 
f 2303 2012 1882 
f 1999 2000 9921 
f 6263 5419 10026 
f 1984 1357 2447 
f 4064 1995 9980 
f 99 6355 1490 
f 1056 4598 2143 
f 1342 282 7819 
f 6264 6263 1821 
f 10541 10473 10540 
f 10215 10092 10210 
f 10385 10368 6817 
f 5755 9615 1764 
f 3446 6592 3926 
f 10236 6998 8900 
f 9603 7485 2840 
f 2254 9426 4758 
f 2395 1540 1730 
f 888 9053 587 
f 950 306 3237 
f 1175 3131 8295 
f 1959 1181 1521 
f 4341 2065 8305 
f 1682 233 6140 
f 3762 6690 10718 
f 9060 8971 3287 
f 4117 4598 1056 
f 6894 4742 4938 
f 10119 1058 1055 
f 6542 6487 5721 
f 130 1068 9261 
f 2420 2415 2630 
f 5313 8765 3248 
f 6482 4454 257 
f 4046 4703 4702 
f 4558 4559 10685 
f 9686 4964 4963 
f 2588 2561 25 
f 5189 3416 4577 
f 7394 9575 4259 
f 2752 37 4093 
f 5670 20 7500 
f 2610 2413 481 
f 3247 1211 3809 
f 1423 2696 1687 
f 10137 10373 8215 
f 7864 1853 2243 
f 4036 1825 1523 
f 1332 1463 4232 
f 2591 2256 2230 
f 9579 9567 9527 
f 10711 1475 10528 
f 8064 1781 2693 
f 10056 10191 2546 
f 8983 1123 4750 
f 2260 813 2621 
f 209 6621 1756 
f 217 10508 3974 
f 2277 5083 505 
f 753 2333 3191 
f 7887 7695 7792 
f 7905 6445 7906 
f 3876 924 1097 
f 1488 9554 4763 
f 359 7276 404 
f 10540 10472 9049 
f 365 10386 6622 
f 3062 2218 2244 
f 9488 10635 10609 
f 10420 10352 6736 
f 6772 9122 9019 
f 9524 8202 5490 
f 993 10359 7175 
f 1957 558 1807 
f 5891 899 778 
f 6216 6344 6630 
f 8109 8073 2047 
f 1920 1917 2290 
f 6651 8525 5415 
f 5830 2385 2464 
f 9503 5522 8700 
f 2366 2434 2680 
f 2124 1463 7 
f 2105 2257 126 
f 7936 6784 10432 
f 6680 10304 7801 
f 2285 4 4900 
f 7376 7581 7484 
f 4387 1119 7009 
f 5754 7444 7186 
f 8398 5346 8884 
f 525 68 5712 
f 3510 10075 7669 
f 5496 5022 8560 
f 3193 958 3779 
f 8884 2266 8398 
f 9996 2936 7291 
f 10370 1361 1435 
f 6447 8531 6409 
f 2068 3551 3126 
f 9665 9350 4377 
f 2237 9987 2644 
f 8323 6554 7719 
f 9983 8226 9496 
f 8884 5346 10587 
f 2440 2146 3193 
f 5750 1579 3106 
f 3538 3347 9498 
f 1522 1952 9918 
f 1426 2805 742 
f 6420 2462 194 
f 860 1120 321 
f 2979 5228 2083 
f 8935 6335 9906 
f 2676 2285 2679 
f 423 5495 10582 
f 7106 8547 3762 
f 6638 4985 5132 
f 3416 573 4955 
f 4577 4955 9306 
f 8150 8402 8490 
f 6539 562 7904 
f 7891 7890 8027 
f 2752 2808 37 
f 6859 8428 9305 
f 5977 6105 433 
f 9318 9266 9317 
f 6968 6854 6966 
f 8072 7980 7887 
f 1225 3429 5538 
f 5110 4568 10450 
f 293 2355 8395 
f 7607 7896 7608 
f 1070 1987 1839 
f 5035 5037 4980 
f 1274 7169 7288 
f 6638 5417 5693 
f 4102 5616 5603 
f 10164 1013 10251 
f 3624 6137 5854 
f 5688 5826 5827 
f 8978 8878 8471 
f 9090 8984 8982 
f 9455 8576 3065 
f 8318 6177 6133 
f 8603 10634 364 
f 9306 2613 4577 
f 2877 2982 3080 
f 1677 8864 6649 
f 1578 6716 7110 
f 2938 2939 2826 
f 3611 2994 3421 
f 31 6133 5353 
f 10231 6767 5240 
f 4886 2713 6653 
f 1876 7305 7100 
f 3420 9532 9531 
f 2902 2939 2977 
f 8993 8832 8882 
f 9599 5510 638 
f 9347 9288 3554 
f 9258 6669 9208 
f 2593 6467 7858 
f 933 669 1451 
f 977 6722 6695 
f 6178 8447 3363 
f 40 45 2485 
f 5999 8044 7879 
f 10659 6180 6662 
f 10461 9404 10398 
f 7044 6976 6975 
f 7074 7208 7303 
f 517 1075 9192 
f 4040 4988 4390 
f 4235 1897 100 
f 5022 4606 5611 
f 9283 9338 9244 
f 9117 8517 8569 
f 2186 6424 10498 
f 8069 1621 622 
f 2848 2850 2799 
f 7056 9164 7055 
f 7315 7150 5843 
f 4375 4540 6027 
f 6704 5071 5873 
f 10201 46 8567 
f 6534 10709 6701 
f 331 5002 368 
f 1236 2828 1398 
f 3903 10633 9175 
f 2298 2143 4598 
f 4684 4574 4608 
f 9423 742 1465 
f 2765 6375 2727 
f 3600 4643 6074 
f 10621 770 10588 
f 2139 3078 10556 
f 4403 7855 282 
f 5892 5895 5894 
f 3846 7797 3691 
f 9939 4142 9927 
f 3231 6898 5211 
f 9011 9018 10111 
f 4968 6917 4799 
f 4880 10030 4881 
f 8802 609 5674 
f 4233 9368 2788 
f 2735 2921 3037 
f 8358 10224 4338 
f 6294 8506 7007 
f 6428 2177 2771 
f 3037 3036 2732 
f 4633 10510 3163 
f 2471 2465 2094 
f 9171 9123 9266 
f 6379 9465 7245 
f 3888 2866 3498 
f 3955 533 9829 
f 4337 7228 7828 
f 6005 9319 9990 
f 9302 4874 2111 
f 2388 1880 8484 
f 5297 4652 4741 
f 3143 6174 10017 
f 2428 2054 7910 
f 3919 7021 7020 
f 29 2934 1723 
f 6236 5342 6159 
f 5048 4555 4563 
f 7356 4830 624 
f 6240 5336 6504 
f 7923 4756 9505 
f 5280 5408 840 
f 5105 9293 122 
f 2879 9932 3297 
f 4897 5205 5629 
f 6273 4966 8873 
f 8992 8227 929 
f 10596 2613 10117 
f 9306 801 3116 
f 4826 4668 4354 
f 8285 9458 8643 
f 4845 2588 1706 
f 7146 6502 4796 
f 8221 8141 8220 
f 5098 5325 4349 
f 5597 5182 8215 
f 4538 4228 4965 
f 8261 3304 9443 
f 5000 1475 2599 
f 157 124 8789 
f 10180 10475 10135 
f 7676 102 143 
f 4875 6283 9131 
f 5994 6326 4211 
f 10621 10588 10672 
f 7577 7375 7373 
f 6211 8866 8263 
f 3074 2941 2977 
f 2543 137 112 
f 3171 3031 3194 
f 3284 3556 3557 
f 7798 7687 7891 
f 6750 9173 3784 
f 2474 9930 6922 
f 2714 2713 2785 
f 2873 2783 2826 
f 3134 3089 3133 
f 8495 9789 7186 
f 10679 3945 10262 
f 6748 1188 6845 
f 2905 2835 2878 
f 8888 10183 2330 
f 2881 2839 2909 
f 3442 6502 3441 
f 2698 2717 9599 
f 10216 9333 9332 
f 638 5510 5509 
f 9190 9150 9085 
f 911 10137 426 
f 6021 5196 4274 
f 958 3402 3779 
f 5509 1792 9343 
f 10303 1199 6499 
f 250 10579 1092 
f 4783 4112 2498 
f 3241 3183 3268 
f 3554 9284 9343 
f 6763 6668 6551 
f 7092 10468 3723 
f 9112 3529 9474 
f 9693 5777 9760 
f 5270 482 5679 
f 2577 5059 3916 
f 3122 3008 727 
f 3949 3683 9649 
f 6105 5977 1333 
f 5243 5403 4654 
f 4931 5532 5531 
f 8245 8247 8075 
f 2275 2120 5684 
f 9162 9099 9205 
f 9442 7075 4525 
f 9159 9098 9253 
f 9784 7317 3144 
f 3046 3146 3215 
f 5668 8725 5863 
f 2846 2761 2845 
f 2957 2922 2956 
f 9116 8636 8896 
f 2884 2949 2952 
f 7792 7693 7883 
f 8464 4037 10416 
f 7693 7597 7690 
f 5573 2674 5659 
f 1872 8142 2608 
f 2724 3111 6201 
f 6125 5705 199 
f 6778 611 652 
f 2848 2922 2924 
f 8492 8631 5393 
f 6863 7408 6978 
f 6869 6867 7178 
f 2004 2334 4368 
f 6768 6555 6670 
f 2884 2844 2949 
f 6300 3814 9754 
f 9754 4008 6300 
f 9906 8013 8076 
f 7697 4865 4935 
f 5610 4861 5124 
f 10590 3478 7267 
f 6526 8146 5761 
f 3600 1507 4151 
f 6569 6288 6682 
f 9094 9196 8989 
f 186 8983 4750 
f 6986 7095 7183 
f 7626 312 7624 
f 6125 5846 5705 
f 6127 6046 6112 
f 5866 5818 5864 
f 2536 267 10076 
f 9242 9283 9244 
f 6422 6687 6424 
f 4857 1153 6903 
f 8151 9662 8148 
f 8473 932 2572 
f 6627 6293 6354 
f 2863 9939 9927 
f 7101 3365 2133 
f 1943 7702 8843 
f 4351 1114 10224 
f 404 7276 334 
f 2354 4483 2356 
f 970 8472 8407 
f 4054 235 7531 
f 2013 10357 8932 
f 9392 128 3504 
f 10210 10092 10024 
f 7656 8252 7750 
f 8054 837 7139 
f 1096 2801 261 
f 8102 6174 8142 
f 96 2221 6328 
f 6806 6747 2579 
f 5138 5616 5136 
f 9914 6429 7974 
f 10717 1892 5209 
f 3747 5149 3585 
f 5188 74 1077 
f 5107 3553 5255 
f 1933 2269 2135 
f 5549 8084 9904 
f 9015 3403 3398 
f 5717 7680 44 
f 4942 4944 4941 
f 5989 1497 2733 
f 2059 613 845 
f 6382 10095 5026 
f 3667 4474 5256 
f 9495 9539 9459 
f 9659 7039 8397 
f 9957 9813 9891 
f 1099 9069 128 
f 4600 6145 8677 
f 6081 5160 6083 
f 3477 4717 5869 
f 6340 2643 10569 
f 4060 4137 4061 
f 4227 3276 3273 
f 4409 8616 5809 
f 2574 5355 3860 
f 8340 646 5742 
f 4741 4778 5692 
f 9755 1556 9771 
f 6881 9976 3488 
f 4299 4890 4891 
f 10057 9919 9978 
f 3220 3171 3194 
f 1085 1642 1643 
f 10217 10216 4886 
f 2902 2830 2873 
f 4879 7741 4028 
f 9247 9341 9343 
f 4485 1539 10039 
f 4612 3684 8831 
f 9332 9279 9386 
f 8982 8878 8978 
f 2717 2714 2786 
f 2941 3031 2978 
f 4938 4363 2605 
f 8532 9104 8765 
f 1687 2696 51 
f 2712 2783 2830 
f 4355 183 157 
f 2873 2826 2939 
f 10217 4886 6653 
f 6397 2017 8617 
f 2389 10217 638 
f 9244 9338 9341 
f 2717 2698 2714 
f 2873 2830 2783 
f 2755 2719 2754 
f 6344 6216 5927 
f 9940 4459 1313 
f 2492 4039 723 
f 2756 2702 2755 
f 2280 821 140 
f 1070 10024 10343 
f 7150 7149 5843 
f 3713 3841 3805 
f 8943 8945 8879 
f 6711 1093 8033 
f 4092 1093 6711 
f 4716 6598 8926 
f 2844 2841 2949 
f 9258 9208 9205 
f 6672 911 1651 
f 3233 3226 3230 
f 6314 6389 9358 
f 9160 8993 9159 
f 321 1042 830 
f 4921 4656 4746 
f 8806 8807 8686 
f 5488 5611 3903 
f 2467 7096 7024 
f 8673 8724 5599 
f 3226 3328 3228 
f 44 7680 8342 
f 9254 9253 9295 
f 10272 8322 8043 
f 2629 7008 7700 
f 9408 5281 6584 
f 10109 8664 10677 
f 2645 433 5825 
f 7536 6584 5281 
f 3002 3001 3042 
f 6577 8696 6603 
f 3041 2995 3091 
f 3811 3006 8497 
f 1892 7273 2842 
f 17 1963 5554 
f 6105 1424 6106 
f 8492 5815 6375 
f 3733 5825 5686 
f 61 481 2762 
f 6756 6854 6540 
f 2850 2852 2765 
f 2926 2888 2924 
f 5211 6898 7564 
f 6918 6425 3043 
f 672 1830 6567 
f 2322 5627 6946 
f 10353 10354 9411 
f 7170 7288 7403 
f 4508 2026 4816 
f 3766 2237 3767 
f 10633 8093 9177 
f 5691 5557 5984 
f 5279 4981 5414 
f 8407 6601 2732 
f 6867 6866 6978 
f 3876 9594 2187 
f 8432 8346 8345 
f 6277 6407 6408 
f 4690 1111 9412 
f 7725 7918 8842 
f 9563 9673 9568 
f 6168 4968 5120 
f 685 6428 2769 
f 7997 7715 7714 
f 10603 10128 2703 
f 620 912 1690 
f 5158 4048 4056 
f 8846 7640 2948 
f 6668 6404 6551 
f 3294 3085 3295 
f 9909 2411 498 
f 8691 6957 5862 
f 8337 2896 3890 
f 7619 7620 7522 
f 4054 8087 3338 
f 3090 6231 3135 
f 9472 6702 9578 
f 8180 8345 8346 
f 10502 1070 3884 
f 7295 6992 9221 
f 1898 126 2257 
f 168 5434 5848 
f 4839 4998 5147 
f 943 728 3548 
f 220 6102 274 
f 5627 5631 5629 
f 10436 6438 7231 
f 5398 7064 1194 
f 5630 5629 5631 
f 9682 9753 9968 
f 9385 8739 1530 
f 504 2221 1417 
f 4827 9291 4492 
f 2202 2372 1906 
f 7685 8960 2207 
f 3583 2010 6919 
f 7569 38 10 
f 7913 7724 7818 
f 5603 4965 6159 
f 1879 1790 1635 
f 1600 9286 10517 
f 4513 4464 4971 
f 2935 1807 558 
f 8140 8097 8095 
f 7676 7047 713 
f 8416 143 102 
f 5175 5194 4882 
f 2584 5581 5335 
f 10060 486 4566 
f 1946 10260 2211 
f 6831 2689 216 
f 9415 6103 1969 
f 6153 6089 6127 
f 5584 4778 5563 
f 9573 9574 9558 
f 1461 8940 5665 
f 2470 1447 10367 
f 10439 10322 9356 
f 3283 3480 9174 
f 4450 5028 9001 
f 9276 9278 9185 
f 5178 7193 10270 
f 620 220 1107 
f 9275 9327 9181 
f 3142 3096 3042 
f 9599 2718 5510 
f 2786 2714 2785 
f 4490 6391 4379 
f 7536 6684 6584 
f 10217 6653 638 
f 4188 8636 9116 
f 3178 7040 8316 
f 2755 2754 2835 
f 6817 5462 7020 
f 3038 2909 2947 
f 2756 2755 2836 
f 2836 2755 2835 
f 8984 8937 8824 
f 4100 7348 3555 
f 9325 8865 9926 
f 1845 734 9526 
f 9244 9154 9242 
f 1403 2657 10490 
f 5869 4716 10444 
f 7425 7424 7580 
f 630 9712 9397 
f 3737 3696 3822 
f 8683 4912 5131 
f 9485 1019 9486 
f 5175 3081 5194 
f 3897 3110 2819 
f 10139 1172 1823 
f 9057 8954 9052 
f 3001 3041 3042 
f 4813 464 9942 
f 4123 10693 1170 
f 6201 2161 2704 
f 6837 6836 7141 
f 7577 7373 7576 
f 10260 1946 8343 
f 9297 819 2721 
f 717 8958 9795 
f 9323 2460 3213 
f 2543 7463 6627 
f 2847 2955 2799 
f 7635 5759 5760 
f 7348 1208 7542 
f 756 1713 1840 
f 2640 7055 9164 
f 4646 2116 861 
f 9211 9209 9208 
f 8143 3123 6654 
f 9258 2758 2790 
f 8821 6747 6244 
f 10153 10082 10077 
f 9759 9735 2970 
f 2957 3146 3046 
f 10202 7967 9507 
f 3640 905 561 
f 5527 2986 1692 
f 9757 7326 2442 
f 8492 8491 2731 
f 2806 5746 3655 
f 3522 6825 6363 
f 9840 9818 9734 
f 7278 575 4855 
f 2842 1907 434 
f 2177 510 2961 
f 2803 8491 2852 
f 2349 2347 3836 
f 10202 5863 92 
f 7578 7580 7491 
f 6739 6737 9884 
f 7072 6755 6959 
f 2665 5625 4673 
f 5048 4664 5046 
f 8385 6699 8295 
f 8570 5934 4158 
f 5192 5231 3406 
f 4899 4040 7090 
f 1294 7492 1907 
f 9151 9036 9133 
f 7272 7386 7587 
f 7602 7504 7503 
f 2097 782 9303 
f 1458 5112 5851 
f 3181 8389 1377 
f 6108 6106 6107 
f 9210 4483 3147 
f 7290 7170 7403 
f 3055 3014 2963 
f 6937 7324 5745 
f 6398 6108 6107 
f 4821 4660 4981 
f 765 695 817 
f 7400 7288 7169 
f 526 8288 7873 
f 10285 10366 10512 
f 6675 6410 6673 
f 6863 6978 6866 
f 3094 2160 8175 
f 1274 6972 6971 
f 5120 4799 4961 
f 10125 7098 10146 
f 8604 10203 3488 
f 8254 10156 10081 
f 6514 922 1844 
f 389 4869 2975 
f 6906 9754 3814 
f 8349 9639 8394 
f 6565 6414 6775 
f 8698 390 1399 
f 6276 6116 6404 
f 5662 1765 485 
f 6675 6673 6866 
f 2487 2312 1662 
f 8749 196 9025 
f 8415 5023 7447 
f 4734 1925 1152 
f 7622 7620 7716 
f 8468 8395 2355 
f 7620 7183 7522 
f 7622 7183 7620 
f 1354 6567 2228 
f 2070 1971 2066 
f 6733 10116 227 
f 2336 2335 1510 
f 4069 2875 4068 
f 7535 5520 10695 
f 1056 3 4117 
f 3635 10132 7632 
f 2893 4900 5086 
f 430 3155 298 
f 5077 4994 5046 
f 9031 9362 9364 
f 9031 8350 8909 
f 5653 5658 5003 
f 6700 1021 6745 
f 813 1781 8064 
f 8889 9038 10669 
f 7228 8199 1478 
f 10403 5029 219 
f 7128 7205 7378 
f 1403 10490 6862 
f 6739 1335 6737 
f 5464 8495 2369 
f 4587 5001 6012 
f 8549 8661 8662 
f 753 2593 7858 
f 1581 1738 1587 
f 5172 5345 1002 
f 9573 7961 9609 
f 5387 10159 5046 
f 4499 759 659 
f 3590 10507 3388 
f 3927 920 3973 
f 5817 5671 7506 
f 852 1527 7016 
f 3707 7916 3818 
f 5572 5575 4901 
f 8990 823 5544 
f 8512 9344 4631 
f 5176 5597 10526 
f 2103 8615 10396 
f 5071 4375 5873 
f 1724 7904 1385 
f 8556 5793 3963 
f 9566 10347 9436 
f 2539 338 9298 
f 8077 7839 8123 
f 8609 9313 896 
f 2694 5353 6177 
f 2941 2832 2902 
f 2832 2786 2785 
f 7893 8030 8031 
f 3885 7128 7071 
f 2880 2839 2837 
f 3039 2881 2909 
f 3123 8143 2536 
f 3198 3316 3199 
f 298 9296 3579 
f 9204 585 9111 
f 9710 9691 9721 
f 7862 6423 10006 
f 10565 10654 8847 
f 7915 1132 7176 
f 2841 2790 2839 
f 3590 89 159 
f 507 693 7940 
f 2790 6669 9258 
f 7741 4879 2574 
f 9104 2595 8765 
f 714 6315 6314 
f 4866 5446 6319 
f 6231 3233 3265 
f 3179 3134 3226 
f 842 626 2704 
f 6489 6836 9880 
f 3263 3321 3325 
f 9267 7267 865 
f 9057 9052 9102 
f 4955 801 9306 
f 2761 2798 626 
f 4728 157 8789 
f 9057 9793 9595 
f 2276 8987 2315 
f 9258 9254 9295 
f 2764 2722 2799 
f 7814 9857 4745 
f 3245 3215 3211 
f 3417 3421 2994 
f 9735 9721 9691 
f 1904 10506 19 
f 7967 3791 9507 
f 2479 3016 3058 
f 8481 9173 8730 
f 5137 4991 4829 
f 2957 3047 2922 
f 7653 9482 7800 
f 3357 3431 3312 
f 3350 10483 1086 
f 2146 1120 3399 
f 5067 9466 9294 
f 9947 9122 6772 
f 9162 9051 9099 
f 3771 5694 9657 
f 7919 6964 6671 
f 1168 426 10137 
f 2970 9745 9759 
f 4025 1086 427 
f 10111 8932 10357 
f 4812 4892 3108 
f 7502 5567 2665 
f 7386 7270 10717 
f 10158 2589 1368 
f 6386 4974 4971 
f 6756 7072 6963 
f 7072 6959 7159 
f 2670 2671 3598 
f 4792 6558 6526 
f 6824 761 10239 
f 2857 6830 2742 
f 4111 10569 2643 
f 2749 5421 7232 
f 1493 9286 1600 
f 454 453 6290 
f 771 9144 10225 
f 3341 8571 9191 
f 10691 10693 9224 
f 10031 8203 5148 
f 7290 7608 7405 
f 549 8668 306 
f 4431 3254 4626 
f 1951 9 1924 
f 2207 2693 4979 
f 7597 7277 7690 
f 2775 5842 3699 
f 2119 7738 1997 
f 1262 464 8606 
f 6773 6675 6867 
f 6407 6276 6555 
f 9224 2309 2454 
f 8920 1911 9139 
f 8324 4975 3410 
f 6279 5992 5836 
f 4596 4637 4365 
f 4825 1948 29 
f 5839 5699 5992 
f 7299 7178 7410 
f 6410 6279 6408 
f 2766 375 4591 
f 8050 641 3249 
f 8169 7982 8075 
f 6768 6670 6863 
f 4363 4458 7016 
f 4664 5387 5046 
f 10063 10145 9096 
f 6116 5988 6404 
f 2914 6109 4772 
f 7178 7299 6869 
f 9725 9694 9766 
f 4920 1054 4735 
f 665 5839 6120 
f 413 3982 3588 
f 1150 10199 5306 
f 5768 6094 4958 
f 10657 1751 7214 
f 10522 10443 8290 
f 7178 6978 7516 
f 4702 6065 6172 
f 7104 7311 7427 
f 6696 6309 8263 
f 7840 9677 4327 
f 6845 9417 8734 
f 2335 2336 1615 
f 4070 10482 9260 
f 3483 3445 3414 
f 7210 6527 9639 
f 2999 6330 2016 
f 8794 9448 8795 
f 5567 4828 5570 
f 10498 10061 6469 
f 5074 1460 5186 
f 7097 7025 6961 
f 8616 1354 7302 
f 8853 205 1855 
f 8405 7765 5904 
f 2046 1914 2044 
f 152 3875 2541 
f 6618 3518 3674 
f 2694 8486 5353 
f 6139 9413 349 
f 2713 2695 2712 
f 451 1041 2918 
f 5894 3467 5203 
f 3448 3447 3486 
f 4854 4696 5504 
f 10423 8587 224 
f 2982 2832 2978 
f 9767 9833 9812 
f 8022 2248 3126 
f 8197 4252 938 
f 2736 10245 10241 
f 9237 9147 9236 
f 2579 6747 1836 
f 2873 2939 2902 
f 10338 938 10407 
f 2718 9599 2717 
f 2907 2835 2905 
f 3226 3206 1215 
f 6632 9711 7496 
f 2836 2835 2907 
f 4506 2808 2666 
f 4411 5059 6232 
f 4736 5580 4009 
f 2879 6311 6578 
f 3086 3087 3035 
f 9525 3725 4531 
f 8011 7845 7941 
f 7088 2758 9258 
f 1269 301 387 
f 3084 3080 3124 
f 2839 2790 2758 
f 2841 2839 2881 
f 3461 3533 3463 
f 9586 9561 9571 
f 1972 3385 3379 
f 3135 3180 3091 
f 2847 2722 2798 
f 2722 2704 2798 
f 2949 2841 2881 
f 1215 3206 3225 
f 9793 2761 9595 
f 7773 4042 5684 
f 5530 2161 2443 
f 2721 7088 9297 
f 8687 9092 1170 
f 2088 6891 7091 
f 3183 3041 3091 
f 1607 1472 1431 
f 8426 5876 391 
f 6216 6489 6599 
f 2926 5668 9507 
f 3931 4007 3969 
f 4345 3006 7752 
f 9884 8230 4178 
f 2265 5236 5518 
f 3146 3044 3096 
f 10034 1899 7978 
f 8429 8255 8427 
f 3358 6956 1131 
f 10709 7778 8714 
f 1072 8453 6372 
f 8674 190 1835 
f 3046 3047 2957 
f 5046 4980 5077 
f 10398 2810 3203 
f 10700 5661 8451 
f 6189 9007 9006 
f 1091 4843 4840 
f 8539 8475 8362 
f 5925 9661 2960 
f 2353 2354 2356 
f 6341 1025 1621 
f 5925 10108 9662 
f 2889 2812 2769 
f 2963 2889 2771 
f 10016 4961 9344 
f 9741 8469 805 
f 847 2064 2000 
f 3056 3014 3055 
f 8087 4054 4442 
f 7964 7779 7872 
f 9164 10347 2641 
f 3883 7660 1538 
f 5990 3191 2333 
f 7876 7966 8061 
f 7202 8660 7203 
f 6755 7072 6756 
f 4767 4812 5157 
f 8845 1578 2452 
f 7280 7072 7159 
f 1424 5375 6107 
f 10323 10244 10391 
f 5306 6828 5360 
f 7894 7986 7703 
f 3337 3397 3357 
f 8235 8156 8233 
f 7403 7288 2170 
f 2092 1859 6760 
f 1865 9146 1000 
f 4781 5035 4730 
f 7167 253 4522 
f 8068 8067 8240 
f 4474 3667 5466 
f 7699 7508 7505 
f 4715 9135 2906 
f 8168 4864 521 
f 8172 7986 8336 
f 7363 6877 9521 
f 5255 5379 4865 
f 5107 6658 5108 
f 4607 3026 8171 
f 6548 6759 6857 
f 9371 2398 2387 
f 4902 4888 4994 
f 3572 818 8554 
f 6963 7280 7282 
f 7343 7425 7264 
f 7172 7170 7290 
f 9868 2090 8713 
f 8635 8636 8637 
f 6361 2539 9298 
f 243 6474 8968 
f 1465 317 8135 
f 5731 5701 5728 
f 1843 2267 9665 
f 8386 8383 6741 
f 10512 10366 10575 
f 7344 7257 6345 
f 5265 1097 3114 
f 9595 2761 626 
f 3435 5192 563 
f 2186 1725 10132 
f 6122 665 6412 
f 9315 4873 10604 
f 7507 3410 1166 
f 5656 2665 5567 
f 2653 915 5064 
f 6972 6764 6763 
f 2620 7321 3905 
f 4751 8324 4904 
f 8476 8477 8307 
f 7622 312 7305 
f 6765 5456 4714 
f 2783 2712 2695 
f 9000 6696 4296 
f 2830 2785 2712 
f 2783 2694 6177 
f 3196 3119 3171 
f 4765 3160 6475 
f 8260 8346 7847 
f 5509 9341 4519 
f 6290 8148 9778 
f 6286 1259 6284 
f 8318 1813 6177 
f 3328 3226 1215 
f 9649 9870 3949 
f 7988 8340 3817 
f 9150 9241 9283 
f 3518 10050 9054 
f 10217 9336 9333 
f 9295 7088 9258 
f 772 670 265 
f 5510 2719 2702 
f 3329 3386 3330 
f 3858 3737 3822 
f 5172 5217 5269 
f 2949 2881 2992 
f 7672 4528 3852 
f 3134 3206 3226 
f 424 3909 446 
f 5604 8859 2126 
f 2232 7008 2629 
f 3496 3698 3658 
f 5604 260 3392 
f 1215 3225 3263 
f 9793 9057 9102 
f 3287 3077 3284 
f 7449 2077 579 
f 5530 2397 8958 
f 9102 2795 9793 
f 5328 3846 4223 
f 9253 9098 9289 
f 3142 32 3096 
f 9793 2795 2761 
f 8222 9791 3462 
f 5473 5668 3217 
f 2347 2590 3836 
f 2926 2924 2922 
f 1463 1332 7 
f 6747 8821 7735 
f 6397 6466 2017 
f 2349 5242 2347 
f 515 8159 2127 
f 7140 6337 3856 
f 8011 7941 8074 
f 1136 2431 98 
f 990 1557 10197 
f 9206 9073 6242 
f 2418 3219 6391 
f 2147 9035 9426 
f 8404 8557 8472 
f 2504 8297 2468 
f 9255 5674 609 
f 3659 7564 1235 
f 10175 10341 10271 
f 3056 3055 4044 
f 1559 4496 5199 
f 10188 4159 2824 
f 8319 6871 8374 
f 6008 1367 5332 
f 5765 9143 7561 
f 8298 402 6249 
f 2664 10427 4959 
f 8546 8545 8658 
f 7256 7484 7379 
f 970 3777 8299 
f 1815 9737 1817 
f 5403 5253 10219 
f 3159 2553 5111 
f 2018 5249 2328 
f 592 10653 9194 
f 8918 3584 9631 
f 5424 1249 1734 
f 2492 112 137 
f 1562 687 270 
f 1057 5049 745 
f 7382 1214 7587 
f 287 373 290 
f 10717 7273 1892 
f 5308 2800 3919 
f 5430 5587 9350 
f 6634 6493 10042 
f 8698 7007 9925 
f 3009 1203 3051 
f 8533 8454 4789 
f 2813 9070 6597 
f 2111 2261 3109 
f 6395 3092 9010 
f 3075 7258 5209 
f 5473 8906 8725 
f 5358 4398 8870 
f 8221 10375 8141 
f 8238 8412 8414 
f 8487 8490 8402 
f 5082 711 5244 
f 1146 1492 687 
f 1705 1291 1011 
f 4121 2659 4465 
f 2810 9404 7136 
f 10642 7279 957 
f 1199 10303 9107 
f 2351 2738 2734 
f 7280 7159 7277 
f 8638 8346 8432 
f 1989 7355 7437 
f 8755 326 1128 
f 7158 6952 2623 
f 9275 8320 9327 
f 7983 7699 7982 
f 2785 2713 2712 
f 8486 2695 4886 
f 6756 6540 6755 
f 3069 3074 2977 
f 7057 5499 337 
f 118 1823 8953 
f 1773 2082 77 
f 7792 7598 7693 
f 2410 3192 2409 
f 7608 7403 7607 
f 2880 2837 2908 
f 6548 6269 6398 
f 5679 482 5680 
f 8145 8225 8055 
f 7703 2170 7701 
f 3198 3124 3080 
f 207 863 6582 
f 6202 8859 5604 
f 6555 6668 6764 
f 1514 1782 354 
f 7900 7694 7895 
f 6288 6565 6682 
f 6673 6407 6768 
f 3038 3087 3130 
f 9297 9289 9251 
f 6412 665 6120 
f 4633 10129 10127 
f 3179 3233 6231 
f 7336 7025 7162 
f 1792 5510 2702 
f 3263 3328 1215 
f 2992 2881 3039 
f 5704 5143 5290 
f 10399 9762 4692 
f 3130 3225 3206 
f 3228 3328 3379 
f 2795 9102 9209 
f 6872 6682 6565 
f 8954 9795 8958 
f 7622 1876 7183 
f 9102 9052 9101 
f 2952 2949 3040 
f 9253 9289 9295 
f 9756 9745 9744 
f 6019 10383 9291 
f 3044 3042 3096 
f 833 6685 6878 
f 3282 5473 3217 
f 8822 5153 3114 
f 2224 653 853 
f 5402 5757 2904 
f 7457 7374 918 
f 6077 7772 4765 
f 10491 8003 8649 
f 2759 2958 8039 
f 8062 366 10680 
f 6760 1859 3669 
f 8842 1413 338 
f 8148 9662 9778 
f 7009 3442 4387 
f 8827 8544 10696 
f 5945 8314 5944 
f 6042 392 1714 
f 5161 5208 4866 
f 8358 1484 9323 
f 8623 8627 8568 
f 5556 10016 8802 
f 3101 3054 3153 
f 149 151 116 
f 9752 1988 9658 
f 3735 2555 9427 
f 2963 2929 2889 
f 5674 9255 2469 
f 4726 1200 5154 
f 1887 1791 9265 
f 6922 6488 1407 
f 6179 6460 6814 
f 4717 4731 6598 
f 7322 5881 7119 
f 10297 1769 10299 
f 7082 7004 10598 
f 10487 4906 6370 
f 1131 9855 3826 
f 4372 9732 2568 
f 5031 4932 5032 
f 7865 10421 10604 
f 9067 10011 9862 
f 4358 5348 4362 
f 10710 7821 1697 
f 10073 5907 9892 
f 8484 1001 2388 
f 5451 6479 4033 
f 10243 789 667 
f 4656 4629 8844 
f 9130 8350 9364 
f 7221 7122 7461 
f 8152 6885 6248 
f 9847 7480 9967 
f 5470 4987 4994 
f 4762 7923 4567 
f 9974 10253 10460 
f 6511 9188 3110 
f 8947 8264 8321 
f 7739 1069 2998 
f 7433 7734 2400 
f 9032 8239 8243 
f 10427 4324 5162 
f 6669 2790 2841 
f 9901 2675 10625 
f 7653 7004 3340 
f 4261 506 736 
f 2181 3066 5264 
f 4926 1119 2516 
f 9835 5133 9834 
f 5431 1537 2019 
f 6570 7042 2565 
f 2506 4324 2664 
f 6672 2797 911 
f 5422 9216 5625 
f 7256 7052 7147 
f 1131 3826 3358 
f 4843 4844 4719 
f 4730 5312 5032 
f 4138 5342 6236 
f 1541 272 2219 
f 9235 9141 9185 
f 2832 2982 2877 
f 2978 2980 2982 
f 8434 4099 3027 
f 662 255 7636 
f 3448 3486 3517 
f 8011 8074 8112 
f 1018 6559 3494 
f 3031 2941 3074 
f 6581 5159 10309 
f 723 4039 1322 
f 3220 3286 3255 
f 2389 9336 10217 
f 3374 3317 3373 
f 9295 9289 9297 
f 9250 9347 9251 
f 3089 3179 3090 
f 9289 9203 9251 
f 1642 7211 8378 
f 2051 10085 5525 
f 2223 8558 6492 
f 5232 1151 2126 
f 4534 2077 7449 
f 2192 5232 7372 
f 7272 7270 7386 
f 9543 3616 3540 
f 3148 3046 3215 
f 3230 3329 3330 
f 2845 2795 2793 
f 5827 6108 6269 
f 1645 1603 1707 
f 7310 6315 714 
f 8835 9052 8954 
f 10237 28 10478 
f 2956 3044 2957 
f 3622 3581 3475 
f 1859 2425 10671 
f 433 5820 241 
f 1835 7735 7548 
f 190 6052 2349 
f 3397 3431 3357 
f 10213 5248 9657 
f 7980 7795 7794 
f 10282 10209 10279 
f 7419 891 9806 
f 10605 10637 10703 
f 2391 4769 4013 
f 5628 33 240 
f 2304 3980 1954 
f 3725 475 1246 
f 481 24 7645 
f 8522 8336 8519 
f 7794 7695 7887 
f 9251 9347 819 
f 10326 127 5018 
f 3100 9661 8057 
f 581 1111 1269 
f 3014 2929 2963 
f 9210 9323 3213 
f 1944 7769 6531 
f 2059 845 9050 
f 4044 3101 6044 
f 1111 581 1330 
f 2287 1187 8671 
f 3151 3153 3100 
f 6876 6988 6682 
f 8933 10555 8512 
f 8039 5177 2943 
f 529 9218 10508 
f 10440 8687 9601 
f 2981 2776 3181 
f 9521 6877 6570 
f 8311 10403 5411 
f 9929 841 1798 
f 8016 2341 2181 
f 1947 10041 5109 
f 5186 4751 5074 
f 7312 7427 3948 
f 4138 4951 5088 
f 5307 5271 1002 
f 2978 2832 2941 
f 9823 9799 9820 
f 2015 5628 94 
f 10455 10523 10525 
f 5970 7067 5718 
f 8089 8213 8090 
f 9497 1506 1657 
f 5335 3849 2584 
f 4903 4637 5301 
f 2480 5392 10695 
f 5401 915 2169 
f 5438 5110 8710 
f 10695 5164 5163 
f 5711 728 370 
f 1989 7437 1689 
f 7877 7878 5533 
f 9209 9101 9162 
f 3304 8642 9443 
f 168 5848 6002 
f 4677 4817 9890 
f 9565 9144 5760 
f 7218 7144 7138 
f 8726 9087 3048 
f 10556 8096 2139 
f 9159 9253 9160 
f 5497 7487 2262 
f 6281 6258 6302 
f 4973 5304 5291 
f 9062 10289 3558 
f 8028 5611 4386 
f 1740 5176 5483 
f 3998 4700 5257 
f 3861 2575 629 
f 129 5044 7877 
f 9784 1190 1668 
f 3477 5869 4633 
f 9300 2616 2288 
f 7193 5178 397 
f 1544 1543 975 
f 5034 1353 1153 
f 3401 3362 6605 
f 2330 9982 8701 
f 2980 3119 3120 
f 4650 5788 8783 
f 3403 9015 6121 
f 4240 4611 10543 
f 8297 2504 8388 
f 2815 4296 6098 
f 2630 2662 2420 
f 7643 7853 2409 
f 3444 3342 2677 
f 8912 7642 3556 
f 3128 3034 3127 
f 3757 9018 9011 
f 4386 3639 4911 
f 8297 8126 8210 
f 2783 2695 2694 
f 5057 7461 5436 
f 8782 9780 7436 
f 2718 2717 2787 
f 3120 3197 3198 
f 8534 8535 8348 
f 6728 9580 1874 
f 2832 2830 2902 
f 3805 3808 3713 
f 2631 2279 9240 
f 3259 3258 3317 
f 2835 2754 2878 
f 3034 3086 3035 
f 1596 1594 2444 
f 9331 1966 681 
f 2702 2719 2755 
f 10627 10657 7214 
f 10413 1965 2475 
f 3044 3146 2957 
f 3658 9543 3496 
f 3631 3673 4227 
f 2884 2793 2844 
f 8711 8659 8836 
f 9052 8994 9101 
f 8099 10465 5774 
f 7881 7688 7785 
f 3148 3047 3046 
f 9205 9160 9254 
f 8150 7964 7872 
f 2846 2845 2952 
f 2919 2846 2952 
f 4048 3666 4689 
f 2077 4534 6219 
f 9463 9394 4895 
f 28 5863 6244 
f 8821 8906 7548 
f 1145 463 5274 
f 5019 3558 4951 
f 5485 1547 3544 
f 4677 9541 6425 
f 8470 10569 8379 
f 7494 7155 7272 
f 1770 2438 9229 
f 10186 8936 9039 
f 1347 5671 6142 
f 2817 2964 1187 
f 1417 2221 96 
f 7070 6945 7155 
f 9412 5087 4690 
f 3151 8057 8602 
f 2865 505 6850 
f 2816 2854 2817 
f 8302 1852 4153 
f 7505 7795 7699 
f 8329 8562 8331 
f 8602 39 7384 
f 3037 8802 3036 
f 8338 8173 8172 
f 5221 6324 4059 
f 393 3264 394 
f 5825 6105 6106 
f 7280 7277 7597 
f 2113 2172 2109 
f 5690 4773 8152 
f 3101 3011 3054 
f 1317 1419 1393 
f 7255 8506 6294 
f 9644 9723 9435 
f 1714 8698 9925 
f 9340 9419 6880 
f 4524 4191 4523 
f 9211 2793 2795 
f 5940 8522 2780 
f 7504 7602 7505 
f 7504 7282 7503 
f 5281 10272 6801 
f 2877 2905 2878 
f 6971 7169 1274 
f 10443 1810 8290 
f 5291 5284 4973 
f 3426 7877 5533 
f 1175 8295 6699 
f 7805 7610 7706 
f 1863 9231 3252 
f 6670 6764 6973 
f 10444 4716 10446 
f 9976 8604 3488 
f 7405 6863 7290 
f 7339 2213 4121 
f 8875 5024 5026 
f 4103 4101 9775 
f 7961 877 8723 
f 7946 6706 4969 
f 7716 7623 7622 
f 3987 8590 8588 
f 8635 8526 8896 
f 10444 10292 10129 
f 2268 4146 978 
f 5595 5534 2025 
f 7997 7714 7811 
f 5021 8875 5237 
f 4723 4719 4844 
f 6100 7606 7601 
f 7522 7183 7095 
f 7100 7305 312 
f 6569 6289 6288 
f 9212 2403 2095 
f 3689 3759 3650 
f 7108 8611 2623 
f 6565 6286 6414 
f 6984 6774 6869 
f 99 166 10381 
f 7100 7984 6878 
f 1155 6692 370 
f 5191 8918 3438 
f 35 105 145 
f 8931 8933 1888 
f 728 9997 3548 
f 8363 1447 1330 
f 8598 8597 8737 
f 9303 10090 3724 
f 5162 7911 5185 
f 6850 9664 1083 
f 6216 6631 6489 
f 5284 1512 4973 
f 6092 5292 4805 
f 8444 10309 7635 
f 2139 10375 7064 
f 3558 5019 9062 
f 4030 5107 5385 
f 6688 5202 4700 
f 7464 7301 7527 
f 8982 9085 9150 
f 2769 3037 2732 
f 7599 825 7107 
f 6430 5948 3049 
f 1866 2363 2552 
f 3196 3171 3220 
f 7595 8604 9976 
f 10506 2107 5613 
f 1897 781 648 
f 3314 3194 2410 
f 5327 8678 2496 
f 8437 8372 7643 
f 3192 2410 3194 
f 10556 3078 3618 
f 3124 3198 3199 
f 2878 2787 2877 
f 10467 5330 10535 
f 3603 4782 9302 
f 1084 5868 2692 
f 3067 10551 4707 
f 5776 8135 5180 
f 3119 3031 3171 
f 5349 5338 4234 
f 5450 3480 3283 
f 1434 218 535 
f 6764 6668 6763 
f 6653 2714 2698 
f 3119 2980 3031 
f 4510 2508 10576 
f 10456 4873 9315 
f 1831 110 2359 
f 3194 3069 3192 
f 3255 3316 3197 
f 3038 2947 3035 
f 10420 10496 2968 
f 3226 3233 3179 
f 969 1090 379 
f 3427 3390 3332 
f 3089 2992 3039 
f 9004 8964 8963 
f 2010 8494 2384 
f 8837 8711 8836 
f 3969 1649 3857 
f 629 2575 5937 
f 5432 5678 1147 
f 3433 4004 7978 
f 7363 9225 228 
f 7869 7774 7958 
f 5225 3743 10327 
f 6443 3252 2056 
f 9294 3392 9071 
f 6534 7704 6491 
f 9241 9150 9190 
f 8674 7548 6693 
f 3811 9214 786 
f 5252 3830 5666 
f 4070 9260 3093 
f 8594 8718 2192 
f 2126 8859 7372 
f 4946 7201 2760 
f 4687 6928 7850 
f 7407 4442 4054 
f 7049 6843 6735 
f 2264 2001 2003 
f 8145 7994 8482 
f 10003 2213 7339 
f 2769 2812 2735 
f 7494 7587 7590 
f 5232 2192 8718 
f 7389 7494 7688 
f 10379 2723 534 
f 6751 6755 1432 
f 3281 5663 1487 
f 2817 2857 2816 
f 7506 1598 4171 
f 3011 3055 2963 
f 9661 9662 8151 
f 139 837 6732 
f 5467 6794 1175 
f 6068 5962 6031 
f 4468 4725 5695 
f 1432 6755 6540 
f 5101 4464 4551 
f 8718 1151 5232 
f 4944 4890 4941 
f 2192 7372 1598 
f 9878 9418 9877 
f 7690 7688 7881 
f 2611 951 6457 
f 1432 1333 5977 
f 5914 2366 2680 
f 9087 8726 2031 
f 5889 9669 3455 
f 6550 6269 6548 
f 6212 1365 5652 
f 8652 4819 3659 
f 8638 8639 7847 
f 7657 5521 7912 
f 7703 7701 7894 
f 6577 6603 8677 
f 2223 7550 2511 
f 8081 7898 7897 
f 2170 7607 7403 
f 10362 2041 2378 
f 354 1782 743 
f 8068 7881 8067 
f 5024 5021 5408 
f 10384 9587 3129 
f 4521 4518 3853 
f 10183 10689 10694 
f 7794 7795 7602 
f 7360 10222 10378 
f 7769 1944 7768 
f 6120 6279 6410 
f 9849 9775 1734 
f 738 6504 5102 
f 7711 7903 8183 
f 9376 2455 5690 
f 8462 8465 8466 
f 9863 9862 10011 
f 1016 6815 3700 
f 3849 5335 4762 
f 10498 6469 3162 
f 8660 8657 7203 
f 1876 6986 7183 
f 6869 7299 6984 
f 10444 10129 5869 
f 2056 10099 2055 
f 9159 8993 8882 
f 6568 10061 6878 
f 354 743 651 
f 9041 10683 9905 
f 7942 4349 5443 
f 6774 6773 6869 
f 10291 3338 7660 
f 2572 932 9256 
f 7890 7793 7962 
f 4976 5356 5257 
f 3012 5860 571 
f 9936 8212 9740 
f 10695 5392 7535 
f 2264 527 1602 
f 5598 5282 3366 
f 232 579 4610 
f 3344 3286 3370 
f 7909 8094 7816 
f 1279 9323 1484 
f 3194 3031 3074 
f 9063 2140 9065 
f 9295 9297 7088 
f 3344 1446 3288 
f 2878 2754 2787 
f 1841 3992 6438 
f 7423 6568 7984 
f 9617 5059 4411 
f 6653 2698 638 
f 3565 3449 3520 
f 3316 3198 3197 
f 1298 2531 7992 
f 5022 3297 9932 
f 3258 3199 3316 
f 3202 3086 3128 
f 3034 3128 3086 
f 3490 5472 4590 
f 7335 7254 7416 
f 5697 6110 10113 
f 2822 4775 9436 
f 4392 10613 4879 
f 4610 2635 232 
f 4265 901 4140 
f 3133 3039 3038 
f 3534 3469 3390 
f 2702 2756 3495 
f 7797 5092 3691 
f 3040 2993 3090 
f 3888 3498 3501 
f 10191 10136 10273 
f 8958 8836 8954 
f 9595 9795 9057 
f 5611 4667 5022 
f 1402 9423 5399 
f 9060 8563 4026 
f 4909 3639 3638 
f 2909 2880 2947 
f 2548 9157 1623 
f 10512 10288 3204 
f 5683 10203 10205 
f 2955 2919 3001 
f 7349 7221 7461 
f 1178 4582 1171 
f 626 717 9795 
f 3580 3620 3621 
f 7083 7084 2232 
f 1248 8292 811 
f 5506 8571 3341 
f 4759 5567 7502 
f 2141 649 5955 
f 4121 2213 2141 
f 10449 581 3550 
f 1309 7298 7627 
f 2745 8148 6290 
f 8989 8943 9094 
f 3137 1902 8666 
f 1612 800 121 
f 4811 10021 7026 
f 1300 10026 2984 
f 8579 5865 8890 
f 7874 7682 7779 
f 4004 6599 6489 
f 8168 521 2506 
f 6150 6153 6127 
f 3129 9587 7468 
f 10108 8737 8597 
f 5018 3050 2689 
f 4791 4794 4831 
f 2019 1537 8086 
f 5480 3239 5647 
f 3586 9650 9631 
f 6586 2010 914 
f 4933 1001 5111 
f 3943 5616 5138 
f 8408 8233 8058 
f 5575 4835 4593 
f 1028 9718 409 
f 9816 9719 259 
f 8145 8482 8225 
f 10702 10636 10663 
f 7950 10139 1823 
f 8585 8487 8402 
f 5466 5444 5454 
f 10029 5403 5310 
f 4238 4297 4110 
f 545 10286 6642 
f 7710 7573 7511 
f 5551 5656 5550 
f 7307 7265 1601 
f 6181 771 1034 
f 2522 2678 2856 
f 7977 8068 8163 
f 1523 2003 3717 
f 5089 2018 5427 
f 4445 7681 4892 
f 10431 10279 10281 
f 8150 7872 8402 
f 7389 7155 7494 
f 3400 3667 5256 
f 2437 428 5853 
f 6853 6854 6756 
f 1053 8175 4675 
f 9421 864 7284 
f 8336 8338 8172 
f 5998 6384 5996 
f 1759 8599 4527 
f 5126 637 246 
f 2877 2786 2832 
f 7897 7987 8081 
f 7982 7699 7795 
f 3201 3258 3260 
f 8522 8521 8338 
f 6763 6551 6550 
f 3069 3194 3074 
f 3201 3127 3124 
f 9443 3343 9491 
f 5702 5840 5995 
f 3224 3174 3260 
f 3710 3630 3709 
f 3342 3444 3414 
f 7288 7170 1274 
f 3120 2982 2980 
f 7907 4244 1004 
f 6863 7405 7408 
f 3259 3374 3375 
f 5261 5804 6092 
f 7805 7706 7898 
f 8616 6138 1354 
f 3325 3328 3263 
f 3120 3119 3196 
f 7982 7980 8075 
f 3224 3128 3174 
f 2614 7091 8420 
f 3127 3174 3128 
f 3810 3721 3753 
f 6986 6872 7095 
f 2839 2757 2837 
f 8077 10469 6827 
f 6986 6876 6872 
f 9840 9734 6191 
f 2993 2992 3089 
f 6683 1046 7680 
f 8789 124 10192 
f 9345 2702 3495 
f 10346 1226 10419 
f 3277 3245 3243 
f 2845 2793 2884 
f 3087 3038 3035 
f 3180 3268 3183 
f 3379 3329 3228 
f 1637 1044 1149 
f 7100 6988 1876 
f 5278 760 4533 
f 10208 3715 5056 
f 3773 5842 2775 
f 3215 3146 3211 
f 8644 8267 8535 
f 3508 3506 3581 
f 6878 6685 7100 
f 8137 2603 8842 
f 9718 1613 408 
f 6732 837 8054 
f 6286 6284 6414 
f 9214 872 628 
f 8054 83 7104 
f 4047 3472 3355 
f 474 9304 245 
f 2506 2664 8168 
f 5171 878 4565 
f 8363 581 10449 
f 6915 4990 4310 
f 4690 3229 3354 
f 3498 8508 1742 
f 7265 5248 10213 
f 10224 1409 6076 
f 9778 10108 8731 
f 1235 6436 3659 
f 727 9547 9560 
f 96 6280 6980 
f 7939 6322 8372 
f 5912 5913 3143 
f 3689 3816 3759 
f 641 402 10104 
f 8796 964 3697 
f 2518 1665 6625 
f 5786 1664 3567 
f 8217 4673 9216 
f 4442 3254 4431 
f 3294 2770 3085 
f 2506 521 2056 
f 4237 7003 7005 
f 2975 1810 389 
f 5534 2058 4474 
f 2094 1915 2471 
f 3573 4283 6813 
f 4622 2948 7640 
f 10716 5856 6691 
f 466 5496 8560 
f 4952 4953 5500 
f 4351 10224 2747 
f 1340 378 10055 
f 2553 3159 8484 
f 6184 4188 9116 
f 7681 10614 978 
f 2838 1337 5122 
f 6240 738 6242 
f 142 3048 4693 
f 2194 2187 181 
f 7755 7829 7723 
f 3401 6605 6083 
f 8757 9379 8747 
f 8806 8804 8910 
f 6437 9184 2707 
f 3238 2635 3234 
f 6589 6591 1989 
f 5109 3405 3798 
f 6142 8198 5023 
f 1188 3402 1108 
f 5570 5205 4939 
f 8544 9531 10168 
f 7582 7379 7484 
f 5544 5396 9835 
f 8888 8705 8890 
f 3075 2612 64 
f 4861 5632 4897 
f 3963 9790 6823 
f 5209 1892 8230 
f 5165 5163 5164 
f 5090 1661 5096 
f 250 3992 6529 
f 1087 9067 10240 
f 8027 8090 8217 
f 7258 7380 7382 
f 7677 7869 7872 
f 785 3572 4701 
f 9491 6211 9444 
f 1092 5266 3992 
f 8964 621 8893 
f 1704 1676 3370 
f 4471 1294 6959 
f 10445 8585 8313 
f 6321 2931 1776 
f 3300 3224 3260 
f 7971 7881 7785 
f 796 8959 603 
f 3448 3374 3373 
f 6635 6401 2425 
f 3261 3225 3202 
f 215 6381 10547 
f 3651 141 195 
f 7896 7703 7986 
f 3089 3039 3133 
f 3130 3087 3086 
f 9307 7422 966 
f 1023 1840 1456 
f 7505 7399 7504 
f 1764 7871 9055 
f 8789 10192 308 
f 3496 3396 3428 
f 2721 3495 2757 
f 6966 6854 6853 
f 6857 6968 7080 
f 7987 7986 8172 
f 3539 3540 3472 
f 3971 3937 3858 
f 6664 6550 6548 
f 4129 1649 3969 
f 4875 5682 1256 
f 4012 6744 1580 
f 9333 10216 10217 
f 3469 3534 3575 
f 3469 3535 3470 
f 52 7515 639 
f 7172 6670 6973 
f 6866 6673 6768 
f 7269 2706 3036 
f 32 3335 4047 
f 8432 8431 8635 
f 2761 2795 2845 
f 3351 3349 3423 
f 7778 8669 10406 
f 2919 2952 2995 
f 9057 9795 8954 
f 7794 7503 7695 
f 8751 8756 8957 
f 5885 7558 7349 
f 7908 7716 7715 
f 8422 8247 8245 
f 7990 8427 8255 
f 7894 8169 7986 
f 8169 8075 8247 
f 3836 2360 110 
f 1593 9603 7968 
f 4095 1408 4307 
f 6886 7714 7619 
f 3116 6533 7603 
f 9667 546 9668 
f 9101 9209 9102 
f 9635 8218 8216 
f 7384 301 10089 
f 9406 3231 7017 
f 522 968 969 
f 6988 6876 6986 
f 1580 3981 4012 
f 1905 6469 10061 
f 7811 6886 7616 
f 8200 4032 8264 
f 9034 9248 9249 
f 8147 6477 8202 
f 9551 9907 9168 
f 3615 4986 3612 
f 6390 4395 5855 
f 8445 386 8137 
f 2603 1090 1390 
f 6533 4955 573 
f 6686 6687 6422 
f 2233 9982 2330 
f 1314 423 6209 
f 1681 51 2368 
f 7624 7623 7816 
f 9079 4779 3418 
f 5089 5139 5140 
f 139 57 650 
f 5535 6156 6070 
f 9364 10434 9130 
f 7677 7872 7679 
f 109 7854 9583 
f 9658 9586 9627 
f 9094 8986 9154 
f 9819 9844 8996 
f 9442 3824 7075 
f 2214 1922 2258 
f 4284 9660 1104 
f 664 1827 504 
f 3697 1506 8796 
f 5822 6837 7141 
f 5749 254 5797 
f 4706 3827 3828 
f 4760 5783 9846 
f 9585 178 4244 
f 1563 9794 1420 
f 6586 4620 6919 
f 10130 10123 10271 
f 4059 56 5221 
f 885 1871 10545 
f 2661 5862 6957 
f 4052 4240 4241 
f 1835 7548 8674 
f 5567 4960 5550 
f 2819 5910 5911 
f 8700 8845 9503 
f 2337 4939 5646 
f 10509 9231 1863 
f 4584 8344 10484 
f 3290 8926 6598 
f 4403 1817 9737 
f 10715 1608 4947 
f 5577 9375 2120 
f 9028 2025 5408 
f 563 5195 3435 
f 1753 1782 1514 
f 5919 2576 3770 
f 313 8009 8607 
f 3725 9525 1543 
f 8636 8635 8896 
f 3497 9191 6960 
f 5350 6829 5780 
f 8836 8659 8835 
f 3199 3258 3201 
f 3080 3084 2905 
f 2628 9109 6700 
f 7883 7881 8068 
f 3079 3829 1587 
f 9735 9759 9721 
f 10370 1435 1437 
f 2978 3031 2980 
f 3120 3198 2982 
f 6131 6421 8690 
f 1228 1596 2444 
f 2636 1231 2302 
f 830 6307 321 
f 5367 5531 6780 
f 3890 3458 4003 
f 1237 879 10252 
f 3039 2909 3038 
f 2909 2839 2880 
f 2993 2949 2992 
f 7771 7774 7579 
f 829 828 4144 
f 2148 2028 2164 
f 3091 3040 3135 
f 10466 10677 8664 
f 3091 3180 3183 
f 3351 3423 3492 
f 1649 3900 3857 
f 9208 6669 9211 
f 5774 8948 421 
f 8258 10408 1388 
f 10101 10573 2542 
f 8158 7971 8235 
f 4427 5771 256 
f 6737 6735 6843 
f 8756 8751 9116 
f 7532 7006 2295 
f 7783 7785 7590 
f 10703 10637 10665 
f 3321 3351 3325 
f 2289 1276 6830 
f 455 8216 8218 
f 7372 5232 2126 
f 7273 10717 7270 
f 7971 7785 8156 
f 1347 8595 2192 
f 6581 8444 7202 
f 8466 8465 9633 
f 10276 5072 4943 
f 10046 3579 6676 
f 4783 2498 3006 
f 8691 5412 8419 
f 38 7569 114 
f 219 5549 10704 
f 2329 10614 7681 
f 7688 7494 7590 
f 9318 9171 9266 
f 2550 923 1109 
f 1449 7533 10423 
f 6857 6664 6548 
f 10437 5676 10438 
f 8336 7986 8335 
f 7857 6467 3118 
f 8420 8245 8244 
f 6968 6857 6759 
f 8521 8427 8338 
f 1859 3716 4785 
f 4229 3102 1839 
f 2521 1699 101 
f 7897 7898 7706 
f 2956 2922 2848 
f 4114 10190 6806 
f 4764 6605 362 
f 504 1417 9621 
f 479 3896 9651 
f 8519 8336 8423 
f 4607 9810 1058 
f 5595 3874 5555 
f 8173 8427 8081 
f 2615 4691 9511 
f 8423 8336 8335 
f 6673 6410 6408 
f 4944 3905 3923 
f 1460 1391 1389 
f 8175 2737 3094 
f 5329 5437 5405 
f 7409 3136 5546 
f 6481 9121 7078 
f 8843 1144 1943 
f 5676 4636 10438 
f 6984 6775 6774 
f 8645 8649 8267 
f 5088 4102 4138 
f 7019 7119 5881 
f 10101 985 6246 
f 6800 6907 6809 
f 7909 8267 8094 
f 1564 3570 9714 
f 5395 8103 3599 
f 5024 8875 5021 
f 5151 4767 8875 
f 7209 467 1785 
f 8643 7973 7538 
f 4094 181 9594 
f 2889 2769 6428 
f 1205 2252 7629 
f 8661 8711 8837 
f 312 7188 7100 
f 1869 1688 10053 
f 812 1985 5289 
f 9032 982 8239 
f 5151 10095 4720 
f 2354 390 1538 
f 6380 8110 97 
f 4913 3636 3610 
f 2337 4362 1510 
f 291 9500 7360 
f 9779 7313 9966 
f 778 4373 4701 
f 2999 2016 129 
f 6127 6111 6149 
f 4693 7912 10518 
f 6018 5899 5926 
f 6906 8208 4284 
f 8918 6217 9006 
f 2069 6519 7390 
f 2248 2387 2398 
f 1535 1431 1500 
f 2661 8931 3208 
f 3370 3286 3314 
f 8620 4372 8617 
f 3867 4261 3251 
f 3255 3196 3220 
f 6320 3273 3278 
f 7647 8437 8434 
f 5578 7433 7432 
f 803 1287 5670 
f 10126 10209 10212 
f 5056 3715 1100 
f 9405 10602 9495 
f 4716 4717 6598 
f 3035 2908 2907 
f 10535 5477 10393 
f 3531 3385 3528 
f 3816 3730 3854 
f 8964 4855 621 
f 3073 5681 659 
f 4207 3644 4277 
f 5515 3750 6618 
f 34 9929 9953 
f 466 3559 6461 
f 3521 3601 3523 
f 498 9910 9909 
f 1762 3706 7014 
f 5161 1718 8532 
f 1201 9245 5476 
f 8951 3712 1163 
f 1802 2224 853 
f 9472 9363 9318 
f 8626 2500 6188 
f 7743 260 543 
f 8722 8721 8854 
f 3698 3496 3614 
f 3761 328 327 
f 4012 3981 4061 
f 7032 6929 5457 
f 6402 5063 4642 
f 10375 1194 7064 
f 3859 3901 7471 
f 7761 1126 3576 
f 3002 2955 3001 
f 10698 2869 9953 
f 5913 8281 3527 
f 6701 9408 6584 
f 4670 11 87 
f 6294 8671 5524 
f 6194 1542 5378 
f 504 1827 10018 
f 8272 9699 9700 
f 3589 9687 8541 
f 3697 1657 1506 
f 6064 5535 6068 
f 4044 6044 3281 
f 6561 2103 6218 
f 2492 704 4039 
f 3794 3818 10242 
f 7038 10130 10271 
f 2735 2812 2854 
f 7843 9368 9039 
f 9208 9209 9162 
f 5111 4935 4933 
f 7590 5125 7783 
f 7754 4285 5373 
f 1045 7081 7485 
f 9762 10399 10077 
f 434 2271 256 
f 8493 8591 1151 
f 9393 5352 3275 
f 8067 8066 8238 
f 9770 3474 1736 
f 2200 1729 1900 
f 9651 10537 479 
f 1180 895 3160 
f 8070 6628 6399 
f 6256 6141 6280 
f 5237 5286 5081 
f 1214 7382 7682 
f 5539 309 2030 
f 9483 9373 9367 
f 7108 6614 8804 
f 2326 648 8138 
f 5125 1214 7781 
f 6159 4228 6330 
f 7282 6966 6853 
f 1746 7650 1747 
f 2357 5799 9606 
f 4800 4562 4353 
f 2397 8790 8958 
f 7164 6879 7263 
f 4737 5447 5455 
f 6891 8519 8423 
f 7166 6966 7282 
f 5815 3115 6375 
f 3241 3318 3271 
f 8335 8247 8423 
f 3599 8624 5395 
f 5602 7451 5201 
f 5750 1882 2012 
f 8335 7986 8169 
f 7505 7602 7795 
f 2562 8883 7156 
f 259 5267 3222 
f 7740 10207 10154 
f 9007 6146 9006 
f 5653 5060 1723 
f 2535 848 8439 
f 8581 8511 8510 
f 8496 9400 2293 
f 9716 1794 802 
f 1898 2257 5216 
f 1729 1727 1900 
f 896 2538 8950 
f 6412 6120 6410 
f 9124 8766 8904 
f 8878 533 3591 
f 6073 7438 9170 
f 7607 7703 7896 
f 3123 10076 5522 
f 5198 6146 8746 
f 8346 8260 8180 
f 8177 7991 7990 
f 1955 1367 5119 
f 550 2383 2052 
f 8866 6211 7939 
f 173 145 172 
f 435 333 1060 
f 3201 3124 3199 
f 7831 9939 7834 
f 5169 400 5474 
f 8434 8437 4099 
f 4065 2876 3085 
f 3162 6517 2186 
f 6754 4739 8160 
f 8644 8535 8767 
f 3893 1946 4481 
f 3127 3084 3124 
f 4289 8775 3190 
f 3225 3086 3202 
f 3198 3080 2982 
f 3300 3260 3319 
f 4022 2752 4093 
f 6878 7984 6568 
f 3898 3816 3854 
f 3569 3647 3606 
f 4163 4122 4161 
f 5901 3050 2709 
f 3676 967 4150 
f 6258 4950 4560 
f 2696 1423 8567 
f 8909 8644 4995 
f 6807 1793 5851 
f 3330 3386 3427 
f 3330 3427 3332 
f 8021 8283 3460 
f 1367 9641 5119 
f 755 623 2026 
f 4065 9451 9269 
f 6034 9591 1050 
f 3470 3334 3390 
f 2760 10641 6648 
f 8284 931 6416 
f 2952 2845 2884 
f 7831 7727 7537 
f 2726 2983 10249 
f 9193 1613 983 
f 10021 4811 1284 
f 6601 8557 1702 
f 28 10237 92 
f 9248 10434 9440 
f 954 9634 9772 
f 4441 5193 5328 
f 6693 4617 3104 
f 3243 32 3336 
f 2229 502 687 
f 10481 4186 7752 
f 3836 2487 1660 
f 9931 8283 4116 
f 9007 6189 6149 
f 210 6400 6621 
f 8363 10449 7339 
f 8508 1264 3500 
f 7951 5747 7115 
f 3863 5859 5181 
f 6486 5433 5600 
f 357 416 358 
f 5385 5255 1689 
f 7962 7793 8089 
f 1963 366 8062 
f 7537 7723 7829 
f 7668 7664 7665 
f 2169 2293 9400 
f 2446 9986 52 
f 3045 2870 10574 
f 5397 5677 5660 
f 9247 9154 9244 
f 9440 7914 9133 
f 9002 6852 5784 
f 3363 2649 6178 
f 9694 9656 9674 
f 5301 4555 4927 
f 3025 6492 6378 
f 599 600 3782 
f 347 5813 4364 
f 1228 590 2607 
f 283 5598 1995 
f 6302 6258 6359 
f 4872 5448 4929 
f 1499 1427 2217 
f 6081 10610 8929 
f 3829 3079 2685 
f 8574 5365 8922 
f 7162 7025 7097 
f 7521 8328 8792 
f 3608 9636 8805 
f 3250 6351 6596 
f 4647 4685 4648 
f 5231 5192 3435 
f 8099 9838 8805 
f 1001 5356 4976 
f 8918 5348 3584 
f 7590 7785 7688 
f 4074 4327 9677 
f 5397 5660 5651 
f 8493 8233 8408 
f 2842 434 256 
f 2724 2722 2764 
f 8327 8067 8238 
f 1888 3208 8931 
f 8739 5730 1530 
f 1798 7161 1799 
f 8493 1151 8718 
f 9236 9187 9235 
f 5457 6929 678 
f 8945 8701 8772 
f 8235 7971 8156 
f 8493 8718 8594 
f 3005 3546 7524 
f 9984 5626 9828 
f 8144 8178 8098 
f 4900 4 5086 
f 1757 8424 10649 
f 4162 9111 164 
f 2215 6931 8098 
f 1912 1909 1790 
f 7701 7699 7983 
f 1906 2537 9676 
f 8372 8437 7647 
f 2540 2378 2041 
f 1542 8655 6261 
f 9523 9999 10567 
f 3487 3374 3448 
f 10322 8171 5666 
f 7896 7897 7705 
f 7608 7705 7405 
f 6759 6854 6968 
f 7598 7280 7597 
f 3225 3261 3263 
f 8483 8576 9455 
f 3084 3035 2907 
f 7987 7897 7896 
f 3485 3563 3486 
f 2170 7703 7607 
f 3349 3300 3319 
f 47 16 4356 
f 9140 4350 9296 
f 7504 7166 7282 
f 4951 4138 5019 
f 9969 10047 9826 
f 2206 8595 1347 
f 7813 6387 4490 
f 4378 3497 6162 
f 3202 3128 3224 
f 8270 1086 4025 
f 9015 7802 6232 
f 2995 2952 3040 
f 3816 3687 3730 
f 3265 3330 3267 
f 1328 1290 1326 
f 7898 7991 7805 
f 3385 3329 3379 
f 8085 7991 8177 
f 450 9539 9495 
f 3241 3271 3142 
f 4340 4217 4250 
f 6984 7299 7095 
f 4120 1658 3780 
f 7816 7818 7624 
f 8870 4398 8699 
f 6702 9557 9558 
f 671 2117 5298 
f 7903 7808 7993 
f 7410 7178 7516 
f 10049 7850 3391 
f 1735 1574 1729 
f 7903 7993 8183 
f 3334 3318 3268 
f 4647 4648 4609 
f 7903 7711 7808 
f 3337 3355 3397 
f 3387 379 3190 
f 3729 5059 6547 
f 10013 10148 9652 
f 1622 2487 3836 
f 10047 10118 10352 
f 4464 4513 4551 
f 1460 1389 346 
f 1586 1313 4616 
f 8267 8351 8535 
f 2923 2541 1129 
f 6081 8929 7521 
f 8230 3075 5209 
f 8480 8307 8477 
f 9481 9367 9424 
f 7506 7180 1854 
f 4282 5373 4285 
f 1723 6597 5653 
f 417 6363 6825 
f 9257 10401 4276 
f 73 6805 601 
f 9608 4739 4957 
f 4226 4831 4794 
f 6403 8288 8157 
f 7726 2557 1425 
f 7404 10 38 
f 628 561 905 
f 6322 6270 8372 
f 5349 5218 4426 
f 6784 1749 10432 
f 2665 4673 7502 
f 3568 5171 5305 
f 1548 7970 10668 
f 1095 6332 4541 
f 8259 2324 2646 
f 9032 7769 4837 
f 7707 8915 6345 
f 10336 9891 9888 
f 992 6297 10417 
f 5875 5114 5113 
f 4823 8459 3626 
f 5482 5372 1299 
f 6091 6088 4408 
f 9174 3556 3284 
f 7339 10367 8363 
f 1638 5319 7642 
f 5297 5687 4584 
f 7013 7149 7150 
f 5165 5184 5423 
f 10710 1697 8287 
f 761 7221 7225 
f 7318 7224 8016 
f 5520 5165 10695 
f 8124 4591 375 
f 9683 4646 861 
f 10481 4503 2312 
f 915 5401 5064 
f 3832 4347 4344 
f 5886 8337 3061 
f 3814 9135 4715 
f 2615 9572 9577 
f 5609 5124 5588 
f 4764 939 10610 
f 8242 5502 4311 
f 9683 1490 6308 
f 2955 2847 2919 
f 1743 3883 6042 
f 9358 8320 9275 
f 9241 9190 9237 
f 8784 7054 8716 
f 8011 8013 7845 
f 4896 7449 2562 
f 8715 4106 10383 
f 4827 3794 10242 
f 10577 7048 6983 
f 7784 8214 8223 
f 327 2005 3761 
f 687 8708 270 
f 8561 530 1577 
f 9044 9042 7039 
f 7679 7582 7581 
f 2998 6210 4419 
f 3317 3316 3288 
f 3630 3560 3709 
f 7783 5125 7876 
f 8493 8408 8591 
f 3373 3447 3448 
f 8412 8238 8158 
f 3174 3127 3201 
f 3288 1446 3373 
f 2908 2836 2907 
f 4996 10350 887 
f 3344 3415 1446 
f 1962 260 5604 
f 7395 2466 5302 
f 3601 3721 3602 
f 4424 4870 4871 
f 4163 4210 4249 
f 3218 8547 7106 
f 2781 1842 8433 
f 1795 1791 1889 
f 6310 1199 9107 
f 4122 4163 4125 
f 10036 7185 10163 
f 8235 8594 8412 
f 8005 1787 2555 
f 2844 6669 2841 
f 3268 3180 3267 
f 8067 7881 8066 
f 7268 8505 8580 
f 301 4019 387 
f 3135 3040 3090 
f 7422 783 8709 
f 8546 8460 8545 
f 3539 3396 3496 
f 7608 7290 7403 
f 1493 6919 4620 
f 7598 7597 7693 
f 7503 7282 7695 
f 3767 2237 8001 
f 10170 14 5952 
f 9703 6045 6802 
f 8422 6891 8423 
f 6773 6774 6562 
f 9396 10479 6119 
f 2313 10447 8232 
f 3337 3277 3336 
f 7898 8081 7990 
f 3277 3243 3336 
f 6806 6244 6747 
f 3621 3620 2775 
f 3859 7471 3823 
f 4137 4060 4098 
f 7982 7795 7980 
f 7548 8906 6693 
f 2559 2458 618 
f 7610 7405 7705 
f 8347 7031 8957 
f 996 36 976 
f 2548 2831 7562 
f 192 713 189 
f 8345 8180 8257 
f 3009 3581 4666 
f 5863 8725 6244 
f 5834 5797 254 
f 8635 8431 8526 
f 4206 4079 4115 
f 7033 3927 5456 
f 8344 4550 2021 
f 4673 5625 9216 
f 8185 7909 7908 
f 950 10632 5795 
f 9983 8154 2481 
f 8168 5163 4864 
f 2653 5064 2652 
f 3584 5610 5609 
f 4104 5623 6752 
f 5211 5524 2479 
f 10607 4653 10606 
f 10350 4996 8107 
f 4138 6528 9866 
f 4568 5110 5438 
f 1001 8484 3159 
f 8644 8767 4995 
f 6196 5947 6727 
f 8902 7344 8744 
f 8137 2774 2603 
f 1757 3618 5030 
f 378 7312 3948 
f 7579 7145 7375 
f 571 8586 6456 
f 8741 2592 8794 
f 10292 5537 10129 
f 9973 563 5192 
f 7741 3673 3573 
f 8931 8932 8933 
f 5363 3395 3308 
f 68 2554 10142 
f 7782 8355 4964 
f 5309 3462 9791 
f 7031 9606 5340 
f 9989 76 9520 
f 6799 9700 1750 
f 5672 5260 5220 
f 4348 1697 1848 
f 941 774 8856 
f 2804 2802 784 
f 4362 2337 5646 
f 2745 8059 8151 
f 6319 1718 5161 
f 5405 8746 2493 
f 5194 3928 4883 
f 8197 4611 4090 
f 6320 8621 3273 
f 4915 4707 5449 
f 4271 4853 4710 
f 7217 7120 5068 
f 6090 9768 1861 
f 2820 1842 2781 
f 5293 2580 2016 
f 4392 7012 9715 
f 5545 823 7144 
f 2672 7643 7989 
f 7853 2672 3342 
f 8861 8178 8117 
f 3628 3560 10314 
f 2917 355 2829 
f 8663 7436 501 
f 1460 2825 5186 
f 7130 1941 19 
f 6656 5471 1654 
f 3288 3286 3344 
f 3344 3372 3415 
f 7459 7223 640 
f 4936 6178 2649 
f 8437 2409 4099 
f 3517 3487 3448 
f 3259 3317 3374 
f 3086 3225 3130 
f 3554 2702 9345 
f 3919 5462 5308 
f 1038 1950 5361 
f 3423 3349 3319 
f 4115 4201 4204 
f 4163 4161 4245 
f 2625 7717 8533 
f 10241 2737 2736 
f 9369 10630 6574 
f 7830 6132 9470 
f 3617 9522 9093 
f 706 490 6995 
f 3265 3267 3180 
f 2045 1161 3305 
f 3169 2522 2352 
f 3461 3385 3531 
f 5384 10024 1070 
f 2639 3508 3581 
f 2956 3002 3044 
f 2284 4750 1123 
f 3859 3739 3769 
f 6230 4214 1775 
f 4112 1348 4503 
f 1327 584 9349 
f 10680 7541 2061 
f 1185 5792 3947 
f 7783 7876 8156 
f 7054 10190 4114 
f 8412 8158 8235 
f 8984 8824 533 
f 6324 4266 7036 
f 530 4534 3681 
f 3987 1151 8591 
f 4190 84 8719 
f 8829 1962 3987 
f 7782 4964 7678 
f 5021 840 5408 
f 5487 4655 4630 
f 2046 3429 1914 
f 8875 10095 5151 
f 9082 2729 1890 
f 2068 7920 3551 
f 10275 10143 2463 
f 2423 2121 6278 
f 4593 4820 5575 
f 8595 8414 8412 
f 4874 9687 9068 
f 10450 1961 142 
f 8848 8191 4146 
f 1838 4185 1842 
f 7751 6303 6433 
f 7977 7792 7883 
f 4134 10674 4177 
f 4681 2988 5339 
f 7169 6971 7080 
f 6963 7072 7280 
f 5671 1347 1598 
f 8556 9943 8400 
f 6222 9967 6220 
f 367 2985 6406 
f 8423 8247 8422 
f 9225 7363 187 
f 2322 4963 2323 
f 1387 7656 7943 
f 7987 8172 8173 
f 8247 8335 8169 
f 4780 6056 1031 
f 3103 2386 2283 
f 8078 5790 10392 
f 6763 6664 6972 
f 3260 3174 3201 
f 6913 5842 3773 
f 3192 4099 2409 
f 9353 8761 1554 
f 7031 5619 8957 
f 3483 3514 3561 
f 7990 7991 7898 
f 1570 9680 3473 
f 3373 1446 3447 
f 7991 7808 7708 
f 7414 7095 7299 
f 7997 7811 8183 
f 9310 806 9648 
f 3317 3288 3373 
f 3319 3259 3375 
f 10687 9616 7638 
f 7705 7897 7706 
f 8086 7419 7743 
f 6872 6775 6984 
f 9876 9881 2231 
f 629 6218 2103 
f 4206 4204 4242 
f 2599 2230 1752 
f 7095 6872 6984 
f 3526 3423 3523 
f 8976 53 55 
f 8904 8764 9024 
f 5578 3366 6882 
f 6637 4343 1280 
f 8773 8771 8350 
f 4326 405 2236 
f 3379 3328 3325 
f 9135 6300 2348 
f 3904 3981 2130 
f 7108 8752 8611 
f 3539 3496 9543 
f 8775 513 8773 
f 3739 3772 3616 
f 437 4788 3235 
f 3414 1676 3342 
f 312 7622 7623 
f 6041 1379 934 
f 2013 8931 2661 
f 3312 3104 4617 
f 1174 1692 10478 
f 7471 3938 3902 
f 2459 4288 8999 
f 3937 3901 3858 
f 7646 1978 3508 
f 2347 2346 2590 
f 10139 1846 2740 
f 2312 4503 1348 
f 10614 2329 10586 
f 1098 6911 8574 
f 5243 4654 10484 
f 8708 10669 1953 
f 6716 4926 3771 
f 6706 6761 5643 
f 5195 5101 5100 
f 4602 8269 8819 
f 4049 16 54 
f 1486 10048 3422 
f 1264 3498 2866 
f 4499 659 2715 
f 5594 3097 4286 
f 10391 10244 10464 
f 2025 9028 5595 
f 5430 2605 5587 
f 4418 2144 7247 
f 2964 2817 2930 
f 5469 8155 4757 
f 9016 289 9017 
f 10404 8197 4699 
f 4641 3701 2494 
f 2088 10054 6891 
f 9866 5019 4138 
f 7133 7443 1720 
f 1985 812 176 
f 4767 5151 4445 
f 4308 4356 16 
f 3943 10234 5616 
f 2708 9184 4547 
f 10350 7615 8537 
f 235 10291 1743 
f 7576 2942 7577 
f 9885 3092 6395 
f 8489 8492 2731 
f 3401 5006 4145 
f 9497 892 1506 
f 10337 5027 3947 
f 6012 3886 516 
f 1335 704 137 
f 4144 828 4809 
f 6828 1258 1402 
f 7840 4327 4367 
f 1728 7951 7115 
f 6133 9276 9327 
f 565 2483 8693 
f 3798 2813 6597 
f 1950 683 5361 
f 689 666 583 
f 8654 8581 8653 
f 9768 6090 6089 
f 5628 7560 1059 
f 10637 10546 10572 
f 2133 1891 9552 
f 7190 7356 7361 
f 3113 3242 4230 
f 2589 4745 2584 
f 5596 8327 8415 
f 7643 2409 8437 
f 1732 847 972 
f 6717 7937 1930 
f 3870 10515 1176 
f 1363 7968 6900 
f 10307 10314 6931 
f 8594 8235 8493 
f 8325 5814 8650 
f 2787 2786 2877 
f 10284 5118 3377 
f 6900 2840 6884 
f 9343 1792 3554 
f 10445 8829 8585 
f 7827 4678 3377 
f 3260 3258 3259 
f 3192 3069 4099 
f 8490 8588 8590 
f 3314 2410 1704 
f 3521 3319 3449 
f 1707 1795 1645 
f 7587 7494 7272 
f 3452 3319 3521 
f 9806 891 421 
f 9521 6169 7363 
f 3321 3349 3351 
f 1823 1172 1039 
f 3566 3602 3686 
f 3332 3334 3268 
f 3091 2995 3040 
f 7584 7379 7582 
f 8163 8164 8072 
f 3496 3575 3614 
f 8224 6298 6343 
f 8166 7980 8072 
f 5294 5308 2811 
f 2461 2463 10193 
f 9794 1575 4307 
f 3574 3534 3571 
f 3353 3335 3318 
f 3280 3277 3337 
f 2223 10714 10708 
f 3217 5668 2926 
f 7189 4975 8324 
f 7701 7983 7894 
f 2847 2798 2846 
f 8238 8414 8327 
f 4184 4656 4921 
f 2798 2761 2846 
f 8282 1771 9620 
f 383 3083 1178 
f 3658 3739 3616 
f 7074 6999 3516 
f 9602 9501 9600 
f 7168 7080 7166 
f 2597 6331 2017 
f 5434 5299 5150 
f 8043 2476 3111 
f 8440 5721 6487 
f 3586 1052 9650 
f 8228 1570 1004 
f 964 3741 3697 
f 6743 3762 5778 
f 5658 6597 9070 
f 7080 6971 6857 
f 6129 6095 6093 
f 9740 6657 6840 
f 2780 8522 8519 
f 8756 5940 8957 
f 7330 712 9873 
f 4308 16 561 
f 5940 2780 8347 
f 10325 5951 5952 
f 3249 6778 10574 
f 4808 3985 4801 
f 7613 7410 7516 
f 5475 7865 7292 
f 7727 7834 8537 
f 9623 4146 2268 
f 10500 2466 7395 
f 4762 2553 7923 
f 2823 5378 7163 
f 6041 7028 760 
f 8135 5776 7932 
f 7160 7022 7093 
f 8929 10610 8894 
f 6885 3880 5792 
f 8820 7756 2364 
f 9713 10301 5922 
f 3114 4763 1850 
f 1177 2584 3307 
f 4450 6248 1185 
f 7695 7598 7792 
f 338 10055 7630 
f 7553 7538 7973 
f 5410 7090 6295 
f 4175 1367 5874 
f 7213 966 9186 
f 4640 4804 4709 
f 10453 2284 8384 
f 559 446 7547 
f 10029 6189 5253 
f 2142 2282 5740 
f 4824 10242 9518 
f 10704 5411 219 
f 4824 9086 6019 
f 5892 5203 5766 
f 10665 10696 10703 
f 9199 2084 4949 
f 648 3936 1897 
f 10371 9422 5743 
f 3003 9995 10667 
f 8746 6146 6101 
f 10474 10539 5484 
f 4209 2883 5409 
f 2409 7853 2410 
f 3286 3220 3314 
f 1676 3414 3372 
f 4707 3843 3067 
f 4822 4318 3150 
f 4616 1377 1586 
f 397 5180 317 
f 6888 3391 7850 
f 8434 7812 7647 
f 7653 7002 7079 
f 8623 8540 2435 
f 2787 2717 2786 
f 4179 4135 4222 
f 8322 2476 8043 
f 3561 3596 3445 
f 863 207 2869 
f 3319 3260 3259 
f 6461 7652 5174 
f 7013 7700 7008 
f 7835 5347 4028 
f 9368 9155 9843 
f 3319 3375 3449 
f 7609 1247 6728 
f 4270 4184 4921 
f 3325 3351 1972 
f 7016 428 852 
f 3523 3452 3521 
f 2305 1231 2607 
f 1173 35 6730 
f 2205 7284 864 
f 3263 3261 3321 
f 10100 3156 5240 
f 3845 3685 3751 
f 1651 911 1038 
f 10613 4392 10626 
f 1231 1228 2607 
f 10157 10425 10293 
f 1972 3379 3325 
f 5433 5934 5600 
f 4632 4518 4557 
f 8536 8780 7728 
f 3878 2459 89 
f 8920 9139 6181 
f 2601 10565 7062 
f 9423 1402 742 
f 3857 3819 3933 
f 3739 3658 3698 
f 4807 8106 5669 
f 9374 9373 9483 
f 5091 648 1006 
f 3650 3574 3649 
f 3575 3534 3613 
f 8805 9636 7938 
f 8136 5428 2277 
f 1202 2249 749 
f 8313 8585 8402 
f 7086 5635 6769 
f 2847 2846 2919 
f 3901 3937 3787 
f 8233 8156 8061 
f 10379 534 10645 
f 7121 1393 7921 
f 8408 8490 8591 
f 7787 8948 3623 
f 1092 3992 250 
f 7587 7386 7266 
f 7963 7893 8031 
f 3848 3921 3924 
f 7471 3901 3787 
f 5125 7587 1214 
f 5806 6061 6210 
f 3865 3862 3939 
f 6411 3333 8788 
f 8058 8150 8408 
f 6493 7430 6354 
f 5140 2018 5089 
f 1699 1622 1766 
f 2752 4022 10302 
f 3558 7535 4951 
f 9475 7713 9415 
f 2178 5563 4741 
f 3599 6781 8625 
f 5569 1512 2391 
f 1437 1473 1439 
f 8089 8209 8213 
f 1740 6311 4862 
f 4610 6219 7458 
f 4018 207 6582 
f 3530 7213 8198 
f 29 1723 4834 
f 6217 9631 6189 
f 5444 3405 5443 
f 8390 6050 6045 
f 1375 5250 6234 
f 5746 9442 3655 
f 9602 9689 9504 
f 2542 10573 8516 
f 9911 5393 6801 
f 8672 8596 8593 
f 8653 8581 8579 
f 4929 80 4872 
f 9083 707 1551 
f 9501 9602 9238 
f 5368 3149 4596 
f 8840 1323 893 
f 8785 7948 3345 
f 2170 7288 7400 
f 5940 8756 8632 
f 7907 6914 4691 
f 10283 10280 10544 
f 8338 8336 8522 
f 8767 8535 8534 
f 10114 10116 2892 
f 5085 5084 5129 
f 8904 6063 8764 
f 7168 7399 7400 
f 7809 7617 9357 
f 7768 1944 5602 
f 7293 4743 5235 
f 8328 8038 8792 
f 8780 8536 2862 
f 7410 7614 7519 
f 158 124 183 
f 6646 3063 111 
f 4550 4584 5687 
f 9023 8762 8761 
f 5372 5239 1438 
f 6852 6496 7651 
f 7711 7614 7808 
f 6189 6150 6149 
f 7708 7613 7514 
f 7099 7027 7336 
f 338 7725 8842 
f 7895 7965 7900 
f 969 379 3387 
f 10491 8445 8007 
f 2964 2930 3016 
f 9322 184 223 
f 2505 10226 10573 
f 3564 3563 3682 
f 9350 5587 4377 
f 7817 9058 4823 
f 3092 7438 9010 
f 3560 3514 10314 
f 10324 7404 6117 
f 10594 2913 2054 
f 3560 3561 3514 
f 10307 3675 3628 
f 6493 6634 6636 
f 8742 4646 617 
f 3317 3258 3316 
f 4857 5175 4882 
f 7598 7282 7280 
f 10334 10474 10477 
f 7652 6025 3638 
f 3520 3685 3565 
f 3602 3523 3601 
f 5338 3827 4207 
f 3528 3385 1972 
f 9269 5878 4277 
f 5484 4423 5012 
f 4085 4118 4161 
f 10248 2488 10549 
f 3321 3300 3349 
f 8892 8962 2203 
f 3566 3726 3643 
f 10567 5391 9582 
f 8909 4995 9031 
f 3332 3267 3330 
f 6448 3076 4572 
f 8417 3358 2565 
f 6401 4097 7317 
f 165 172 105 
f 6203 5222 5543 
f 10081 7609 6728 
f 3687 3648 3730 
f 9632 4726 9581 
f 3251 6596 3371 
f 5585 6704 5884 
f 9867 10015 824 
f 3133 3206 3134 
f 1672 2227 2225 
f 4616 4459 9155 
f 3622 4666 3581 
f 3720 1796 255 
f 7914 10630 9369 
f 3386 3329 3385 
f 251 5103 4147 
f 8986 8825 9043 
f 9013 8191 9913 
f 3335 3353 3396 
f 8827 1127 8544 
f 4150 4149 6349 
f 6308 9271 9683 
f 2644 2469 3757 
f 3243 3211 32 
f 7646 6052 190 
f 9143 962 7561 
f 4722 10220 8023 
f 3215 3246 3148 
f 2452 6183 8847 
f 1461 1814 1479 
f 9516 3620 3430 
f 3613 3574 3650 
f 3216 7901 2175 
f 9300 2402 2218 
f 7646 3508 9335 
f 5331 4700 3998 
f 4474 5466 1661 
f 3455 7354 5889 
f 507 1224 2140 
f 10252 669 1237 
f 8591 8490 8590 
f 6009 267 2536 
f 5023 8415 2206 
f 8444 6366 6915 
f 8788 7994 8145 
f 9605 9424 9562 
f 8381 10419 3976 
f 4555 5301 4637 
f 10419 95 3976 
f 8482 2019 8313 
f 2098 10259 2418 
f 2169 5318 5401 
f 2315 9855 1131 
f 7779 7582 7679 
f 2396 6654 90 
f 6037 4765 5963 
f 8557 8598 1702 
f 8058 8061 7966 
f 8240 8163 8068 
f 7561 3112 4290 
f 9165 5067 9294 
f 1666 5571 783 
f 7523 1224 7537 
f 6137 6255 6256 
f 5664 10299 1808 
f 4268 3052 8035 
f 6784 496 1536 
f 5952 10172 2891 
f 6326 7603 4211 
f 4492 10383 3989 
f 8929 8042 8328 
f 7406 6719 10432 
f 10378 2650 7360 
f 9175 10633 9177 
f 269 223 5954 
f 557 6350 592 
f 1890 4798 9082 
f 10598 7004 7144 
f 895 3205 1208 
f 2791 2132 3706 
f 8130 3122 9560 
f 4189 3780 405 
f 7941 7841 8074 
f 7603 6533 562 
f 10622 10561 10621 
f 4231 3209 9499 
f 573 10124 6533 
f 6282 6283 5179 
f 3751 3564 3682 
f 6496 8178 8144 
f 6889 6524 8165 
f 5245 5619 9680 
f 7616 7414 7519 
f 39 8059 4019 
f 3736 7500 5791 
f 3562 3445 3596 
f 9716 8023 5887 
f 3709 3560 3628 
f 7614 7410 7613 
f 1653 3628 3675 
f 3802 1653 3800 
f 8632 8896 8526 
f 1103 3203 2810 
f 3521 3449 3565 
f 3180 6231 3265 
f 4115 4113 4201 
f 7902 4305 2158 
f 4364 462 413 
f 3850 3815 3727 
f 3423 3452 3523 
f 2235 9271 6308 
f 3261 3202 3224 
f 3921 3848 3891 
f 729 3763 382 
f 4653 10513 10550 
f 3329 3230 3228 
f 7888 8475 8476 
f 8445 10491 513 
f 9571 9618 9586 
f 8035 9655 154 
f 446 559 6057 
f 9805 6194 2532 
f 5758 3232 10069 
f 10216 8486 4886 
f 8641 6558 914 
f 10210 10157 10293 
f 1953 276 270 
f 3555 2144 4418 
f 3739 3698 3769 
f 3312 3282 3280 
f 7543 7542 3205 
f 3246 3217 3148 
f 382 874 968 
f 3472 4047 3539 
f 9106 2691 6352 
f 6943 8733 9698 
f 10473 10504 10358 
f 8301 7888 8187 
f 3871 4666 3622 
f 1470 5648 9592 
f 3869 3871 3622 
f 4420 7797 3846 
f 5242 2349 6052 
f 10638 2436 1135 
f 6693 1978 8674 
f 746 954 514 
f 2001 6718 2003 
f 10206 6725 9489 
f 4701 5891 778 
f 470 560 7556 
f 736 6320 3251 
f 4689 10535 5330 
f 2398 424 2071 
f 5164 10695 5165 
f 625 2377 7536 
f 1644 6370 9450 
f 4328 6995 3529 
f 4021 6151 3071 
f 5089 2674 7309 
f 7244 9521 6570 
f 2942 5480 8048 
f 8971 3077 3287 
f 8498 1344 5514 
f 10543 5484 5013 
f 4251 7649 4254 
f 8604 9597 8503 
f 8957 5940 8347 
f 1610 2911 8704 
f 9184 2708 1455 
f 4630 4655 5098 
f 8385 6893 6699 
f 3955 9829 9913 
f 4889 4445 4720 
f 6362 6383 2976 
f 1471 5078 3714 
f 2331 2404 1357 
f 8422 7091 6891 
f 9337 6198 4813 
f 721 10593 2158 
f 549 306 5795 
f 2297 2136 3984 
f 10118 10045 10198 
f 6620 3610 5694 
f 5237 4705 5277 
f 692 2561 4038 
f 1166 1077 3308 
f 2323 4963 4964 
f 2219 2666 1541 
f 9906 8076 8608 
f 4716 8926 3851 
f 5197 1051 8002 
f 2491 9348 5788 
f 3516 7132 7074 
f 6086 891 1537 
f 1001 4933 3476 
f 10581 7307 1601 
f 82 975 1546 
f 8988 8333 3413 
f 186 6102 340 
f 7989 8565 5263 
f 9542 7928 6590 
f 3517 3486 3563 
f 8086 543 10445 
f 3485 3415 3562 
f 3596 3561 3630 
f 5774 106 8948 
f 8591 8590 3987 
f 3632 3562 3596 
f 8156 7785 7783 
f 10280 10283 10153 
f 298 10046 430 
f 3375 3374 3487 
f 3561 3445 3483 
f 9511 1784 2615 
f 7966 7781 7874 
f 3847 3753 3845 
f 7872 7779 7679 
f 8885 8545 8832 
f 84 2408 90 
f 1285 1658 10100 
f 5913 4990 5917 
f 3520 3517 3564 
f 3601 3521 3565 
f 118 1771 7950 
f 3997 3891 3918 
f 3643 3646 3566 
f 8743 6922 6497 
f 9739 3366 5578 
f 8985 608 2734 
f 3261 3224 3300 
f 5975 3369 2740 
f 3601 3565 3637 
f 3492 3528 1972 
f 2321 8804 6614 
f 9122 9947 1037 
f 8734 9103 9198 
f 8871 3018 5918 
f 3090 3179 6231 
f 3179 3089 3134 
f 5039 6552 3515 
f 3539 4047 3396 
f 3754 3810 3891 
f 6138 6567 1354 
f 3390 3463 3571 
f 6695 6722 1320 
f 721 4300 10014 
f 3461 3386 3385 
f 5245 9680 10489 
f 2758 7088 2721 
f 3848 3924 3815 
f 8632 8429 8521 
f 6499 10184 9447 
f 3869 3699 3865 
f 4666 1203 3009 
f 4766 8189 3546 
f 7519 7299 7410 
f 9516 1631 3540 
f 5282 5872 1199 
f 799 8494 2010 
f 8991 8880 8989 
f 8431 8257 8255 
f 10373 1137 5597 
f 4246 3773 2775 
f 802 8023 9716 
f 8762 8639 8638 
f 5516 8927 4437 
f 3865 3699 3862 
f 2916 10608 4312 
f 6497 6846 8743 
f 4806 9584 2763 
f 9124 8904 9239 
f 4614 1796 3922 
f 10154 10285 10208 
f 4481 10226 10227 
f 3556 9174 8912 
f 3713 3682 3711 
f 7153 7087 7014 
f 8306 8249 8246 
f 2319 2327 5748 
f 2168 4738 2074 
f 7334 7344 6556 
f 9158 5695 3108 
f 5032 5312 6382 
f 9347 9250 9288 
f 6815 1016 9944 
f 5109 5187 5443 
f 9741 605 8469 
f 3567 469 42 
f 8796 1506 892 
f 7330 5406 712 
f 10247 8096 10556 
f 4493 619 4851 
f 6070 6035 6068 
f 1648 7441 1708 
f 7202 7203 6581 
f 10634 7534 764 
f 6273 4365 4594 
f 5896 5893 5941 
f 4866 6319 5161 
f 7259 4750 7631 
f 5856 5181 5859 
f 8844 4629 5020 
f 6767 10100 5240 
f 3756 7394 4259 
f 1115 3275 5352 
f 6003 1675 222 
f 5878 491 381 
f 6104 5565 9117 
f 9009 4481 1946 
f 6486 8800 5433 
f 6830 2287 2289 
f 9472 9361 6702 
f 10158 4745 2589 
f 6041 730 7028 
f 10470 10328 5951 
f 7005 7003 4223 
f 5638 8382 7611 
f 650 994 837 
f 1123 9410 2284 
f 3827 4706 3644 
f 4745 10158 8855 
f 7822 9819 9787 
f 1132 1088 5183 
f 10539 10328 10470 
f 4481 9619 3893 
f 2876 4706 4539 
f 8995 8438 15 
f 3841 3713 3840 
f 10297 5764 1769 
f 3989 3950 4492 
f 821 2280 10284 
f 5707 816 10330 
f 3449 3375 3487 
f 3445 3372 3414 
f 3645 6898 6897 
f 3754 3726 3686 
f 4113 4115 4031 
f 713 7047 769 
f 8475 2435 8540 
f 3751 3685 3564 
f 3330 3265 3230 
f 7419 1537 891 
f 3682 3808 3751 
f 9956 9960 10072 
f 7576 1486 3239 
f 3730 3648 3727 
f 3261 3300 3321 
f 7432 7433 2400 
f 3180 3135 6231 
f 4333 1597 4336 
f 8564 6249 8559 
f 3341 6894 5506 
f 10064 10133 10065 
f 3815 3850 3848 
f 4197 6327 4199 
f 3613 3534 3574 
f 9471 215 9643 
f 3230 3226 3228 
f 1600 2454 3583 
f 5265 5153 7848 
f 3643 3648 3647 
f 3472 1631 3355 
f 3355 3336 4047 
f 7630 8056 7725 
f 3850 3754 3891 
f 2779 1299 1297 
f 3606 3687 3609 
f 3357 3312 3280 
f 8864 2620 6649 
f 7584 7582 7779 
f 8653 8579 8705 
f 6573 1551 9910 
f 3397 3355 1631 
f 8664 6109 2914 
f 9175 4410 7932 
f 1173 7047 7791 
f 3396 3353 3428 
f 2046 2044 2379 
f 1203 425 9614 
f 4429 5368 8311 
f 2603 1390 1413 
f 1569 8032 9696 
f 9759 9745 9787 
f 3051 1780 1183 
f 9056 799 2309 
f 6088 1644 5542 
f 9904 7851 10098 
f 2325 5804 5967 
f 987 3778 1108 
f 9566 3740 2853 
f 7911 2058 5185 
f 4332 604 9755 
f 6980 630 96 
f 4939 4834 5570 
f 10023 1545 3394 
f 9560 9397 8130 
f 2556 8367 4913 
f 5479 10592 1114 
f 2527 2200 2367 
f 7221 7349 7225 
f 4275 3783 8332 
f 9074 9132 9075 
f 6780 2503 6246 
f 58 9742 9384 
f 8461 8460 8546 
f 9915 8907 7707 
f 6511 6510 3701 
f 8599 1929 8694 
f 8700 6305 8845 
f 6425 9541 3043 
f 4713 4568 5438 
f 9171 10308 9123 
f 6798 6291 1509 
f 7817 6640 7937 
f 64 2612 6843 
f 3720 255 3381 
f 8695 9593 8615 
f 1556 1557 9796 
f 7705 7608 7896 
f 8526 8255 8429 
f 493 1474 494 
f 8766 8534 6063 
f 3910 4661 6902 
f 7269 3777 2706 
f 7708 7805 7991 
f 1793 6807 540 
f 10631 4016 2927 
f 1530 6138 8616 
f 337 5197 7057 
f 9263 2432 6399 
f 7678 9686 7571 
f 7275 8651 3852 
f 2576 7948 1686 
f 7459 7349 7558 
f 3288 3316 3255 
f 7708 7514 7610 
f 8301 2049 8300 
f 2215 10307 6931 
f 7393 3749 3794 
f 6667 8997 1233 
f 2107 3188 3200 
f 7501 7271 7431 
f 3794 3707 3818 
f 3562 3632 3563 
f 6889 8165 7421 
f 9335 6318 5242 
f 9010 4447 4823 
f 8282 9615 7836 
f 8166 8072 8164 
f 5577 5923 2222 
f 6441 6205 3095 
f 7739 10090 1069 
f 3710 3802 3711 
f 831 7825 1296 
f 6012 5001 3886 
f 3253 1278 1863 
f 9082 4798 4799 
f 3601 3637 3721 
f 3860 3672 3673 
f 3520 3487 3517 
f 3602 3721 3686 
f 2659 4121 5955 
f 3447 3415 3485 
f 8448 10697 10699 
f 9064 200 229 
f 9572 9569 9750 
f 1972 3351 3492 
f 1982 3167 1579 
f 3894 3854 3924 
f 3396 4047 3335 
f 4009 4853 4570 
f 10267 10265 10410 
f 1062 2685 9192 
f 8044 10180 2457 
f 2153 8934 2647 
f 5277 5286 5237 
f 4079 4206 4118 
f 6606 6463 1669 
f 3523 3602 3526 
f 3423 3319 3452 
f 9161 5459 8944 
f 3534 3390 3571 
f 655 715 10462 
f 3470 3390 3469 
f 5222 6152 7322 
f 4473 2326 1082 
f 3470 3535 3428 
f 3819 3731 3759 
f 1115 4229 1987 
f 8684 5234 1377 
f 3969 3933 3931 
f 3246 3245 3280 
f 4234 4736 5218 
f 8608 8076 10655 
f 737 590 7955 
f 3736 8867 1984 
f 3923 4891 4890 
f 1631 9516 3430 
f 9382 10184 4683 
f 10039 4868 4485 
f 7464 7527 7729 
f 1129 3625 2923 
f 6310 6882 3366 
f 8676 1702 8598 
f 8875 4767 4705 
f 3953 10382 6807 
f 592 6350 1833 
f 8942 4243 8312 
f 6359 6328 3663 
f 8814 9030 7281 
f 6895 6499 5872 
f 6860 6804 7477 
f 2901 9903 2711 
f 7720 2966 2809 
f 4797 4470 4795 
f 270 8708 1953 
f 8550 8553 10264 
f 2002 9219 1505 
f 7325 4130 9108 
f 5439 4554 4320 
f 1086 8618 345 
f 3673 3631 1617 
f 6266 6757 6925 
f 7257 7344 8421 
f 8000 7744 7999 
f 4397 8699 4398 
f 2097 3724 9366 
f 5905 7062 6511 
f 6716 2647 4926 
f 7568 7415 8601 
f 4723 4725 4719 
f 7156 8883 8384 
f 3792 2027 8481 
f 8863 9215 9462 
f 5947 8795 6727 
f 8061 8156 7876 
f 4366 5974 2294 
f 7487 8542 7232 
f 6330 5073 2016 
f 3849 4762 4567 
f 783 637 1666 
f 5116 4928 2750 
f 1301 7026 4865 
f 5096 5097 6440 
f 5523 6382 5312 
f 7306 5493 3702 
f 4748 5470 5077 
f 1161 8483 9455 
f 7710 8844 7573 
f 5286 5073 6330 
f 8734 9417 9493 
f 266 9466 9646 
f 2514 9396 673 
f 3163 4910 4732 
f 3342 1704 7853 
f 10224 6076 4338 
f 8837 8790 8661 
f 1049 3913 7815 
f 1473 1503 1550 
f 9666 9719 9667 
f 7618 7527 7460 
f 9932 2879 4026 
f 9080 9629 10615 
f 3562 3415 3372 
f 1049 1720 7443 
f 3596 3710 3632 
f 2771 2889 6428 
f 8091 8095 7965 
f 3751 3808 3887 
f 5595 5555 5534 
f 8989 8828 8945 
f 9484 9202 8610 
f 8637 8636 8761 
f 4029 4113 3956 
f 7424 7420 7491 
f 1740 5483 6311 
f 9353 9238 9024 
f 3520 3449 3487 
f 7714 7715 7619 
f 7808 7614 7613 
f 6063 8534 532 
f 5940 8521 8522 
f 8751 6184 9116 
f 2274 2573 2600 
f 7993 7808 7991 
f 8185 7997 8184 
f 3685 3520 3564 
f 8632 8526 8429 
f 6652 1828 7289 
f 3239 5480 7576 
f 8535 8351 8348 
f 3682 3563 3632 
f 3275 981 9393 
f 7908 7997 8185 
f 3528 3646 3647 
f 3891 3810 3918 
f 8644 8645 8267 
f 3486 3447 3485 
f 3606 3647 3648 
f 4336 4204 4333 
f 1427 1428 1358 
f 222 1059 6003 
f 3726 3850 3727 
f 2103 6561 3053 
f 9151 5370 3389 
f 10059 9837 10057 
f 3965 3894 3924 
f 7723 1224 507 
f 3754 3721 3810 
f 9008 2184 5199 
f 3533 3531 3609 
f 1482 1484 7766 
f 6734 6836 6837 
f 3650 3649 3689 
f 5761 8146 10331 
f 3940 9191 4378 
f 10693 4123 9224 
f 3463 3533 3571 
f 3268 3318 3241 
f 9078 184 9555 
f 3526 3646 3528 
f 4254 938 4252 
f 3533 3461 3531 
f 3649 3533 3609 
f 1385 9277 1724 
f 2130 3871 3904 
f 9927 6274 2863 
f 8882 8880 8991 
f 3739 3859 3772 
f 8296 8399 8298 
f 8982 8984 8878 
f 4237 8008 3491 
f 7502 8213 8209 
f 9690 6676 3579 
f 3622 3580 3621 
f 8695 4997 9593 
f 1969 427 2497 
f 10299 5664 1960 
f 10527 6622 10386 
f 5545 7306 3702 
f 7766 1484 4338 
f 3781 5249 5140 
f 988 9757 2442 
f 2056 3252 10099 
f 4427 256 6522 
f 5045 1716 8353 
f 4505 2144 7348 
f 874 4150 968 
f 3627 4790 107 
f 3705 1476 3309 
f 783 1980 8709 
f 1400 2556 4925 
f 5367 6780 6246 
f 7454 4424 4420 
f 10227 10226 2505 
f 4840 4416 4838 
f 2301 774 2782 
f 3168 6441 3453 
f 8950 9591 1452 
f 6417 8797 8744 
f 6315 7310 7538 
f 1018 6941 3422 
f 7521 8929 8328 
f 6072 7327 4447 
f 7134 677 8887 
f 2484 1079 10652 
f 4195 8279 4293 
f 1561 1485 1867 
f 3398 7068 10707 
f 6471 6501 6470 
f 10040 10043 5906 
f 9463 9645 9394 
f 9106 8607 2251 
f 9186 966 8709 
f 9725 9767 9751 
f 8944 8816 8941 
f 8814 8815 2513 
f 2481 3409 9886 
f 8310 8385 10585 
f 8385 1767 10585 
f 7157 9672 673 
f 1098 8360 9398 
f 6387 6391 4490 
f 8730 9016 8895 
f 8730 8881 8481 
f 6964 8063 6666 
f 1969 4025 427 
f 5690 6248 4450 
f 7327 9439 7323 
f 9271 2448 9222 
f 4201 4239 4204 
f 2408 84 8815 
f 4492 3950 3838 
f 4623 2501 2700 
f 3753 3637 3685 
f 1951 1924 5079 
f 3682 3632 3711 
f 4827 7393 3794 
f 3407 3824 9442 
f 3463 3427 3386 
f 4821 4662 4512 
f 2750 4676 4468 
f 2059 9050 8373 
f 4577 9033 5189 
f 345 8618 896 
f 9017 289 9103 
f 3686 3726 3566 
f 1715 1572 1712 
f 8209 8128 7502 
f 32 3271 3335 
f 4225 5144 7836 
f 9525 4531 5945 
f 8419 5412 5311 
f 3526 3566 3646 
f 6342 9649 3683 
f 5539 5540 8977 
f 9019 9020 8910 
f 9741 6003 7560 
f 8395 8992 293 
f 3569 3528 3647 
f 4026 2879 4035 
f 7888 8362 8475 
f 6517 7034 2186 
f 5431 7994 7262 
f 4002 3894 3965 
f 6210 2998 7666 
f 3696 3737 3614 
f 9349 8536 6361 
f 4219 4263 4314 
f 8077 8123 10469 
f 3402 1188 1822 
f 5118 3369 7302 
f 1436 1443 956 
f 4315 4264 4314 
f 4684 9705 4647 
f 351 4092 3121 
f 3696 3650 3731 
f 1532 7886 2834 
f 3649 3609 3689 
f 7325 2940 3154 
f 8431 8255 8526 
f 9263 6655 6590 
f 7993 7991 8085 
f 514 350 746 
f 3353 3334 3470 
f 5545 3745 5544 
f 8427 8521 8429 
f 3318 3335 3271 
f 7811 7616 7711 
f 3282 3217 3246 
f 3902 3938 3939 
f 4246 3772 3773 
f 10632 10540 1271 
f 6913 3902 3862 
f 4137 4098 4179 
f 9310 7192 10254 
f 8771 8909 8350 
f 8909 8645 8644 
f 9839 9695 9763 
f 9708 148 7244 
f 1780 3051 1203 
f 5259 5673 4963 
f 10133 9842 9923 
f 4550 8411 5320 
f 10250 3456 3313 
f 630 1417 96 
f 258 296 257 
f 364 2512 8603 
f 606 757 10023 
f 9192 5752 1062 
f 6725 475 9489 
f 121 800 2241 
f 6115 4011 9808 
f 5978 5957 6001 
f 4080 3456 7796 
f 7790 7793 7578 
f 10618 1878 7006 
f 9457 3704 9167 
f 9043 8825 8937 
f 4811 1132 5183 
f 2914 10466 8664 
f 4102 5603 5342 
f 5313 3678 5208 
f 9272 4070 7482 
f 2864 2886 5156 
f 2314 4828 4759 
f 6446 3656 3764 
f 3073 3279 3072 
f 4290 8626 5765 
f 517 2081 518 
f 7821 491 2768 
f 5809 8616 7302 
f 5433 4158 5934 
f 1343 10259 7113 
f 7679 7581 7677 
f 1740 3297 9280 
f 7678 4964 9686 
f 8656 1656 5360 
f 6259 1507 3600 
f 5853 2439 5975 
f 1245 10654 2601 
f 48 16 47 
f 4784 205 9127 
f 284 927 10454 
f 3961 5549 219 
f 6179 8291 6460 
f 8479 9246 4893 
f 3422 6941 3239 
f 8367 1384 3636 
f 4927 4555 5048 
f 5041 5435 5523 
f 5444 4349 5454 
f 6006 5981 6024 
f 5041 5035 4980 
f 6390 574 4757 
f 4280 2729 2823 
f 3561 3560 3630 
f 3483 3414 3444 
f 3800 3840 3802 
f 2615 9577 6182 
f 10314 3514 6931 
f 3492 3423 3526 
f 4031 4115 4079 
f 8206 8397 7039 
f 8361 3967 3570 
f 156 211 212 
f 528 10635 9942 
f 7735 8821 7548 
f 10197 644 990 
f 4122 3964 3997 
f 10594 5665 8940 
f 3918 3917 3995 
f 3845 3753 3685 
f 3637 3565 3685 
f 8562 1670 7859 
f 3845 3914 3847 
f 3528 3569 3531 
f 6281 4950 6258 
f 4801 4066 4794 
f 6027 4540 4553 
f 8392 8461 2987 
f 161 160 9865 
f 9854 7313 5428 
f 8739 1050 9591 
f 8505 7268 690 
f 4797 4795 4808 
f 3390 3427 3463 
f 2416 262 1873 
f 3434 2647 8934 
f 546 9667 2970 
f 3318 3334 3353 
f 270 277 1562 
f 3268 3267 3332 
f 2172 9089 7259 
f 3686 3721 3754 
f 4132 4051 4176 
f 637 5607 6914 
f 4135 4098 4058 
f 3211 3146 3096 
f 3051 6317 3009 
f 7932 3903 9175 
f 3211 3243 3245 
f 3552 1932 3117 
f 6725 10206 3741 
f 3215 3245 3246 
f 3969 4007 4129 
f 6367 1089 7234 
f 8928 8925 6795 
f 2843 5748 5542 
f 7733 9450 6370 
f 8391 8392 8584 
f 9860 9937 9067 
f 818 793 6173 
f 6690 5608 8543 
f 8542 7487 6017 
f 9410 2562 7156 
f 7077 7079 7001 
f 8975 8814 8812 
f 1570 3359 10489 
f 5140 5139 7479 
f 5380 5466 3667 
f 4560 6256 6257 
f 723 6026 8292 
f 9140 9008 4350 
f 3963 5793 9790 
f 8186 6037 6093 
f 278 299 8749 
f 808 3701 6510 
f 3690 1422 8006 
f 9499 4322 4803 
f 3985 4808 4795 
f 2624 9179 6600 
f 8481 2027 9173 
f 826 2538 8895 
f 561 628 4308 
f 6934 7141 6836 
f 2096 1324 709 
f 486 10698 4566 
f 4909 7242 4622 
f 1741 1658 4120 
f 9305 9948 8020 
f 802 8019 8023 
f 6779 5114 3783 
f 599 500 2411 
f 549 3942 603 
f 3783 4208 6779 
f 8183 7811 7711 
f 4410 1250 7932 
f 1036 8513 8511 
f 846 1526 2473 
f 6753 5079 4446 
f 8764 8639 8762 
f 8649 8645 8771 
f 5806 7319 7321 
f 3495 819 9345 
f 8764 6063 8639 
f 5381 2813 3405 
f 10618 10164 1655 
f 2727 2724 2764 
f 9695 9693 9763 
f 6628 6325 6458 
f 6268 7655 9380 
f 6507 898 6520 
f 2570 8559 5469 
f 7100 7188 7984 
f 4285 7754 4999 
f 2783 6177 1813 
f 10487 6088 5481 
f 4876 4769 4877 
f 10661 10561 10676 
f 3220 3194 3314 
f 10307 3628 10314 
f 2215 8178 8861 
f 3626 7817 4823 
f 2214 2258 10686 
f 4027 4110 4029 
f 3818 6506 9518 
f 3528 3492 3526 
f 8953 1823 1039 
f 4027 4029 3952 
f 1604 1500 1533 
f 3647 3646 3643 
f 3997 3918 3995 
f 10046 6595 6529 
f 4423 4424 7454 
f 4160 4161 4118 
f 3810 3753 3847 
f 4204 4239 4333 
f 6846 607 747 
f 3386 3461 3463 
f 3649 3571 3533 
f 396 1232 401 
f 5068 5071 4187 
f 320 198 8740 
f 6924 4154 9172 
f 9756 9773 9745 
f 9989 6197 6582 
f 2641 2606 6515 
f 3428 3353 3470 
f 3689 3687 3816 
f 3759 3731 3650 
f 6010 5193 4441 
f 2234 3013 2072 
f 5716 3803 1857 
f 4222 4135 4221 
f 3769 3737 3858 
f 4132 4053 4051 
f 3666 4048 5715 
f 3820 3731 3819 
f 9182 742 2805 
f 4252 4426 4251 
f 1659 6332 6486 
f 4484 2913 5682 
f 5643 6761 3752 
f 5004 5639 8640 
f 8278 7065 2991 
f 9270 8375 8376 
f 4617 8906 5473 
f 3540 3539 9543 
f 9277 9087 3088 
f 3245 3277 3280 
f 7970 6707 6338 
f 3772 3823 3773 
f 3540 4246 9516 
f 1099 106 8818 
f 2775 3699 3621 
f 8948 2029 3623 
f 4919 6360 2355 
f 3066 4013 5264 
f 8862 2215 8861 
f 8702 8818 8577 
f 6980 6141 5736 
f 5256 7911 3400 
f 4696 3925 5227 
f 1537 5431 6086 
f 8194 7851 9904 
f 473 10148 10040 
f 8665 4214 3137 
f 9838 4084 6086 
f 8692 7246 2129 
f 4172 555 3864 
f 8812 8814 2513 
f 9677 7840 985 
f 7293 5235 3064 
f 8895 2538 9425 
f 6236 3426 6528 
f 8202 9524 8147 
f 8450 8915 8907 
f 1198 2339 1804 
f 8998 8679 9549 
f 4801 4794 4800 
f 9002 8178 6496 
f 1089 1936 10587 
f 4280 2661 3208 
f 6885 8152 5113 
f 2272 4078 8033 
f 4074 9677 3113 
f 9126 6916 6561 
f 3136 9108 4130 
f 239 9131 6336 
f 5162 2055 7911 
f 5178 1740 397 
f 4389 8525 6651 
f 5694 3610 10213 
f 8220 4509 8221 
f 4630 5195 5100 
f 9423 1250 4410 
f 7436 9780 5350 
f 2335 1615 4825 
f 4974 4513 4971 
f 5523 5312 5041 
f 4582 3083 9604 
f 8888 8890 8955 
f 6079 6580 6104 
f 5252 5796 3830 
f 6459 466 6461 
f 2729 4280 1890 
f 10216 9332 9386 
f 9547 654 2185 
f 6722 977 7848 
f 8098 8178 2215 
f 8825 8772 9979 
f 1441 3525 3722 
f 9486 9484 9485 
f 95 1226 8606 
f 3726 3727 3643 
f 6926 8000 9859 
f 10376 101 2874 
f 596 6260 10560 
f 913 748 744 
f 2176 1454 1552 
f 4376 1597 4333 
f 4024 4076 4107 
f 10242 4824 4827 
f 3917 3847 3914 
f 6252 240 2969 
f 3678 3248 3867 
f 3918 3810 3847 
f 6595 4718 6529 
f 3664 7180 7289 
f 4336 1573 4242 
f 3563 3485 3562 
f 3854 3815 3924 
f 4722 8103 10220 
f 3496 3428 3535 
f 9501 9238 9353 
f 3855 3759 3816 
f 4179 4098 4135 
f 4262 8927 4263 
f 4126 4218 4043 
f 6316 6691 5859 
f 4219 4176 4263 
f 7747 1471 3714 
f 3616 3772 4246 
f 3698 3614 3737 
f 8399 8296 8294 
f 4995 8767 9128 
f 4461 2292 4438 
f 3622 3699 3869 
f 3765 3763 683 
f 1908 1183 1780 
f 5851 9453 6807 
f 4732 4731 3163 
f 513 10491 8649 
f 2263 3065 1411 
f 8267 8649 8003 
f 5163 4502 5512 
f 490 4650 2123 
f 615 492 7667 
f 9187 9081 9141 
f 8101 10231 5129 
f 6846 6497 6650 
f 3748 8543 5608 
f 6896 9655 7830 
f 9199 9287 1539 
f 3962 829 586 
f 7153 7014 7152 
f 7392 6419 7702 
f 6663 3511 10075 
f 2557 7726 6331 
f 5854 3705 3624 
f 9480 2185 1397 
f 8577 10361 8575 
f 3309 3624 3705 
f 4901 5575 5439 
f 3307 4735 1054 
f 4866 5208 3480 
f 8787 6338 5080 
f 3477 4633 3163 
f 5044 129 2580 
f 9386 8486 10216 
f 9553 7999 7917 
f 7477 9405 9495 
f 6766 7655 6777 
f 4777 3817 2063 
f 10316 1442 1445 
f 5427 2653 5659 
f 10127 10510 4633 
f 9685 1887 9265 
f 3413 6097 8988 
f 7684 1312 6633 
f 410 509 652 
f 2640 6515 10001 
f 4801 4804 4808 
f 2951 4819 8652 
f 9533 467 6427 
f 8844 7710 5828 
f 6078 5897 9630 
f 3013 2234 5517 
f 5600 5934 4015 
f 9639 6527 8394 
f 661 634 325 
f 4230 9499 4803 
f 5073 5293 2016 
f 6855 9810 6176 
f 8579 8510 5865 
f 4367 4327 4075 
f 8461 8515 8462 
f 6106 5826 5825 
f 533 8878 8984 
f 3912 3840 3838 
f 8899 5971 2238 
f 10646 4601 6603 
f 8803 7976 8234 
f 10389 6096 1722 
f 4110 4027 4077 
f 3710 3709 3802 
f 3959 3887 3958 
f 3958 3956 3959 
f 4115 4204 4206 
f 4201 4110 4239 
f 5208 10418 3480 
f 3606 3531 3569 
f 7338 9580 9642 
f 1139 1020 1625 
f 10051 9609 9648 
f 3964 3965 3921 
f 6629 6471 8853 
f 3689 3609 3687 
f 3855 3931 3933 
f 6980 9712 630 
f 9723 6462 9642 
f 4136 6788 6694 
f 21 2117 6861 
f 420 9972 6304 
f 3661 3620 9516 
f 3193 3779 2440 
f 8481 3793 3792 
f 6340 8404 839 
f 9748 9790 9776 
f 4267 4221 4177 
f 3894 4006 3898 
f 3769 3698 3737 
f 4314 8927 7102 
f 4396 4619 4460 
f 4061 3865 4060 
f 511 607 512 
f 9173 8974 8730 
f 6800 6809 7919 
f 6297 992 2310 
f 9778 8731 454 
f 10674 4134 4055 
f 1220 1221 6215 
f 4133 3787 4132 
f 4343 4315 4438 
f 4221 4267 4222 
f 3965 4089 4002 
f 8975 1026 8810 
f 8725 5668 5473 
f 6244 6806 10190 
f 1280 4343 4438 
f 2130 2306 425 
f 128 9392 4895 
f 870 9192 1075 
f 9417 8970 1258 
f 8730 8895 8881 
f 5889 7181 9669 
f 1065 4224 4818 
f 7265 3331 5248 
f 7318 8016 5117 
f 8029 7640 942 
f 5111 9433 4935 
f 1967 474 1921 
f 1956 8662 8790 
f 5140 5249 2018 
f 5834 6396 5953 
f 10071 3895 3712 
f 1830 672 1150 
f 6353 10369 1081 
f 6046 6006 6024 
f 5019 9866 4962 
f 638 4519 2389 
f 166 2116 4786 
f 4560 5854 6256 
f 3451 5502 2973 
f 4869 6991 2975 
f 2989 2990 4062 
f 7126 7287 7191 
f 7885 7957 7790 
f 1199 6310 5282 
f 5849 5938 5893 
f 9273 9473 9570 
f 8293 6542 6645 
f 8515 8546 8659 
f 3879 4208 10482 
f 1961 3048 142 
f 5782 7482 9380 
f 3880 3946 5792 
f 9561 9273 9570 
f 5658 5667 5003 
f 2792 7074 7303 
f 2792 7303 7465 
f 9070 2813 10509 
f 9070 10509 1863 
f 10203 8503 10205 
f 7777 1145 5397 
f 9167 3704 8735 
f 5193 5013 5012 
f 7697 5582 5581 
f 6516 6856 10030 
f 1817 4403 282 
f 8351 8267 7909 
f 10492 9866 5533 
f 5492 9169 9014 
f 8351 8185 8348 
f 8872 10595 2739 
f 3675 10307 3707 
f 9536 8182 2476 
f 7475 8719 84 
f 8234 7976 5966 
f 7328 8100 9259 
f 6165 3542 3361 
f 9036 9151 8775 
f 3727 3648 3643 
f 6042 10619 1743 
f 6168 2816 2857 
f 704 1335 6739 
f 3818 9518 10242 
f 1160 6247 9287 
f 10033 770 7998 
f 4077 4107 4238 
f 8958 717 5530 
f 3914 3887 3959 
f 2079 182 2789 
f 99 1064 6355 
f 4546 4453 4495 
f 4421 4573 4479 
f 4443 236 792 
f 3770 8139 10690 
f 935 9110 2974 
f 4245 4382 4210 
f 6971 6664 6857 
f 4546 4495 4579 
f 3687 3606 3648 
f 1397 4934 1782 
f 3293 6598 4731 
f 4548 2198 4437 
f 3296 144 5413 
f 3900 3822 3820 
f 4132 4219 4133 
f 4173 4007 4043 
f 3684 6207 6448 
f 4726 5154 9381 
f 2131 7394 3756 
f 6437 1811 2151 
f 3820 3819 3857 
f 3855 3816 3898 
f 8611 8538 7158 
f 3614 3575 3613 
f 7562 4321 2789 
f 942 8065 1993 
f 9423 4410 5399 
f 4424 4423 10470 
f 3334 3332 3390 
f 4134 4058 4055 
f 7066 197 9387 
f 9986 6644 2198 
f 4681 3693 9382 
f 6523 10409 5661 
f 6448 3471 4383 
f 1065 898 8518 
f 9382 8518 898 
f 10227 2505 5531 
f 3066 2181 2341 
f 2469 2644 5106 
f 2837 2756 2836 
f 5397 1145 4876 
f 5163 8168 2173 
f 8727 6432 1260 
f 3681 1123 9076 
f 938 10338 4699 
f 2564 1852 3968 
f 5162 5614 10427 
f 4972 4974 6386 
f 8952 9281 9161 
f 5454 5463 5466 
f 1068 130 418 
f 934 730 6041 
f 8189 3910 3519 
f 80 9505 4872 
f 8443 2004 4807 
f 6728 6862 10081 
f 8818 9069 1099 
f 3116 6326 10501 
f 7063 2602 7126 
f 6306 7809 7451 
f 2405 8278 2991 
f 9380 6633 5782 
f 9947 1551 9061 
f 3418 6143 2283 
f 2127 7944 6073 
f 9155 4624 4616 
f 1657 10206 6402 
f 8033 1762 7087 
f 8161 8272 6521 
f 7482 6874 8380 
f 9076 218 3681 
f 8565 7651 6496 
f 6757 8919 6925 
f 2540 1491 1619 
f 5534 5555 2058 
f 9127 4292 4754 
f 7198 171 7296 
f 6356 5314 2843 
f 3108 978 9158 
f 5368 8726 3149 
f 1157 1156 9017 
f 2019 8482 5431 
f 1847 2151 1244 
f 7045 5009 6976 
f 1554 9716 10664 
f 7367 7244 8425 
f 6372 8453 4010 
f 8862 7916 3707 
f 6889 7421 496 
f 3936 648 5091 
f 8413 591 589 
f 4239 4110 4297 
f 793 818 2091 
f 3954 3952 4029 
f 3805 3841 3954 
f 7798 7583 7687 
f 8963 8892 2203 
f 4336 1597 4422 
f 6822 3381 2906 
f 9570 9618 9571 
f 3901 3859 3769 
f 4098 4060 4058 
f 6666 9886 3409 
f 1648 3494 9681 
f 3965 3964 4089 
f 8373 1775 2059 
f 523 570 612 
f 6803 7875 6812 
f 1651 5361 6574 
f 7375 5822 7251 
f 7515 7588 639 
f 9520 76 5513 
f 822 2622 9996 
f 3933 3819 3855 
f 12 5410 5465 
f 3869 3904 3871 
f 4683 4681 9382 
f 2879 3297 4862 
f 5148 2306 8619 
f 8610 9113 9484 
f 3983 675 9848 
f 6499 9447 10303 
f 6790 8488 8041 
f 8619 6744 3188 
f 4313 4400 8927 
f 10299 1769 1808 
f 9382 3693 8518 
f 8638 8432 8637 
f 3508 2639 6317 
f 5672 5660 5677 
f 9631 6217 8918 
f 10664 9501 1554 
f 5830 4849 2385 
f 8257 8085 8177 
f 7264 7041 7343 
f 10489 9680 1570 
f 9508 9128 9124 
f 1993 8656 9177 
f 5044 4970 7877 
f 5548 4805 4973 
f 6273 8311 4365 
f 1328 1253 1290 
f 7080 6968 7166 
f 4701 2741 10151 
f 7700 7013 7014 
f 7160 5971 8899 
f 10101 2542 984 
f 7914 9701 9285 
f 585 3182 7940 
f 10059 9763 9837 
f 8506 7255 9256 
f 5746 5745 9442 
f 4327 4074 4075 
f 7911 5256 2058 
f 9248 9440 9249 
f 9058 7817 8100 
f 1038 909 1950 
f 7551 7637 7633 
f 6930 4417 9699 
f 9681 9375 2222 
f 8488 6695 1320 
f 10654 10152 9503 
f 1529 8578 3872 
f 2689 3050 5901 
f 4171 7372 8859 
f 3694 204 231 
f 7006 1878 1877 
f 2398 9371 2534 
f 3080 2905 2877 
f 516 5065 10067 
f 2606 7871 6515 
f 1902 9624 2438 
f 8382 920 216 
f 9943 6504 3313 
f 4561 8831 5472 
f 5483 8926 3290 
f 8230 5771 4178 
f 4713 5438 4720 
f 8058 7874 7964 
f 3189 395 394 
f 8701 8705 8888 
f 2435 8539 8614 
f 10450 4657 10452 
f 3874 5595 9985 
f 2629 2002 1505 
f 5035 4781 5037 
f 5486 5319 6151 
f 8710 5110 10568 
f 1600 3583 6919 
f 514 954 8800 
f 10704 10098 1724 
f 9290 9460 7933 
f 2723 10379 8406 
f 8442 9944 6439 
f 877 9558 9557 
f 3214 10702 10663 
f 9845 9701 9769 
f 8333 8988 9001 
f 5747 5786 5718 
f 4201 4029 4110 
f 4753 2182 10327 
f 4990 6366 6175 
f 3711 3632 3710 
f 4366 2294 1306 
f 6252 1407 6488 
f 1509 7944 6798 
f 7388 6513 7421 
f 9820 9787 9819 
f 6640 3626 9518 
f 6897 3231 3281 
f 5580 4736 4234 
f 4161 4122 4085 
f 10481 7752 2498 
f 2424 7565 2427 
f 1760 1736 316 
f 3914 3994 3917 
f 9069 8944 3504 
f 6728 1874 6862 
f 4333 4239 4297 
f 10561 10525 10523 
f 4569 4680 4608 
f 7022 6954 7018 
f 3609 3531 3606 
f 3526 3602 3566 
f 4530 6480 4569 
f 4160 4242 1573 
f 3858 3901 3769 
f 3786 9594 3876 
f 4681 4683 2988 
f 3854 3730 3815 
f 4526 4467 7206 
f 8245 8420 8422 
f 9066 1102 6234 
f 4314 7102 4315 
f 8980 8017 971 
f 3927 3973 5456 
f 4267 4315 2716 
f 4306 4276 10401 
f 7230 7351 5882 
f 2824 8337 5886 
f 1580 6744 8619 
f 5289 1983 10667 
f 7593 7591 7592 
f 8686 8752 8806 
f 1066 7364 2663 
f 2171 2502 2332 
f 10612 10706 5266 
f 8355 7782 7776 
f 9790 9748 9823 
f 9306 2669 2613 
f 4908 4884 6624 
f 10385 7709 7886 
f 8214 2652 5064 
f 5593 4580 121 
f 3053 6561 9765 
f 7482 5782 6874 
f 6049 1860 2152 
f 8668 4312 306 
f 10492 7878 4756 
f 399 7413 6951 
f 7067 8309 925 
f 10403 8873 5029 
f 9033 4577 2613 
f 1332 2554 7 
f 6158 3624 3507 
f 9665 4377 5920 
f 3003 10700 9995 
f 10080 7697 9857 
f 8502 6822 2348 
f 4285 4999 4554 
f 3293 4731 4732 
f 2587 2551 2598 
f 9202 9484 9201 
f 9754 6906 1988 
f 2916 9520 10608 
f 10601 10636 10665 
f 3777 7269 3000 
f 3548 944 943 
f 7411 1741 3156 
f 7664 7658 7310 
f 169 1974 8973 
f 8737 510 8676 
f 3157 7567 4738 
f 9013 5685 6796 
f 4767 5157 4705 
f 1097 10564 3876 
f 9470 2569 6896 
f 2510 7550 3107 
f 10440 9601 3724 
f 5987 2166 1828 
f 8341 8162 8165 
f 10287 4374 4398 
f 2706 970 8407 
f 4316 6039 9479 
f 8803 7328 9259 
f 7078 6950 9334 
f 2661 6957 2013 
f 6039 9439 9479 
f 4057 3507 7542 
f 5631 2323 8355 
f 10294 10065 10133 
f 4288 10508 8999 
f 3805 3954 3958 
f 10225 9565 10629 
f 9714 196 1564 
f 3218 7106 7784 
f 4544 4732 4910 
f 9923 9839 5537 
f 4118 4206 4160 
f 3956 3954 4029 
f 3190 379 386 
f 6352 2691 8914 
f 6104 9117 8569 
f 3711 3802 3713 
f 4437 4460 4548 
f 3726 3754 3850 
f 9256 6746 2951 
f 1981 5592 6743 
f 2623 2351 608 
f 7914 9440 9701 
f 3891 3848 3850 
f 229 323 9898 
f 6823 9823 9850 
f 8228 178 3359 
f 9798 8827 10665 
f 6 5845 2124 
f 7047 170 769 
f 4437 4400 4460 
f 8035 3052 1254 
f 2189 2933 3960 
f 3696 3731 3820 
f 3924 3921 3965 
f 992 10417 4979 
f 4645 9777 5681 
f 4174 4262 4176 
f 3819 3759 3855 
f 9577 9679 9753 
f 8357 3094 8418 
f 8737 8676 8598 
f 3820 3857 3900 
f 4241 5193 6010 
f 8930 8471 307 
f 3441 3968 8302 
f 2866 3886 1264 
f 4053 4132 3787 
f 3855 3898 3931 
f 7102 4438 4315 
f 2501 7737 2700 
f 4055 3787 10674 
f 3902 3939 3862 
f 4061 3981 3865 
f 2356 4483 9210 
f 2134 1387 798 
f 4681 7870 3693 
f 2334 19 10506 
f 1912 1616 1881 
f 826 8895 1156 
f 4769 5272 4013 
f 3594 4967 4594 
f 10289 9062 1880 
f 5853 428 5809 
f 10099 7911 2055 
f 5266 10706 7231 
f 2048 2928 4537 
f 3833 2566 2340 
f 5439 4320 5458 
f 4803 3113 4230 
f 9420 9260 9262 
f 5809 2393 4409 
f 1462 6144 10589 
f 4483 2354 1538 
f 5543 7838 6203 
f 9715 7012 3641 
f 7960 7869 7958 
f 466 6459 5496 
f 1282 395 1456 
f 1488 2194 1130 
f 9255 609 9344 
f 5195 7942 5187 
f 345 8950 4923 
f 2183 2181 5264 
f 8073 8109 8010 
f 6924 505 2865 
f 3544 4311 5485 
f 8835 8658 8545 
f 7417 8820 9533 
f 9644 9860 9726 
f 1588 6202 7226 
f 8330 8925 9545 
f 3070 7724 7311 
f 2947 2908 3035 
f 5252 7293 4625 
f 10133 10292 10294 
f 5764 10297 4104 
f 9493 1258 10199 
f 10095 5523 5689 
f 3450 5502 3451 
f 3404 2440 3779 
f 5531 5367 4369 
f 956 2146 1436 
f 1903 3068 6833 
f 601 7462 66 
f 5099 5620 3450 
f 4036 8060 4852 
f 4640 4797 4804 
f 4367 4369 5367 
f 1452 9591 6034 
f 3922 1339 1337 
f 1968 7132 7073 
f 8063 9859 8280 
f 5931 8720 8592 
f 8595 8412 8594 
f 784 10151 10645 
f 4675 4755 7842 
f 5069 3719 2953 
f 3402 1822 3779 
f 4824 9518 9086 
f 3800 3749 4492 
f 10637 10601 10665 
f 6889 332 6524 
f 5126 7422 2166 
f 3887 3808 3958 
f 4110 4077 4238 
f 3709 3628 1653 
f 9541 9506 3043 
f 6356 7849 9906 
f 4574 4486 4482 
f 4453 4432 4495 
f 8507 6442 4546 
f 10697 3176 10699 
f 1814 6329 1455 
f 1137 986 10446 
f 9030 5196 7281 
f 9831 9689 9600 
f 4546 4579 4615 
f 9986 2198 4548 
f 1367 2585 3669 
f 3499 4712 8196 
f 1402 1430 1426 
f 4724 2401 3593 
f 3921 3891 3997 
f 5154 1200 5038 
f 7901 3425 4986 
f 3822 3696 3820 
f 3404 3779 2027 
f 5582 9433 4762 
f 5853 5975 2437 
f 3109 3203 1103 
f 3237 306 9136 
f 8584 8791 8391 
f 10284 3377 10505 
f 3115 3111 2724 
f 379 2774 386 
f 3425 2994 3611 
f 9343 9341 5509 
f 5887 10664 9716 
f 3858 3822 3900 
f 4135 4058 4134 
f 2198 6644 4461 
f 10506 5613 8857 
f 8622 1367 9414 
f 3862 5842 6913 
f 9978 10126 10057 
f 2292 4549 1280 
f 2720 10584 8548 
f 8257 8180 8085 
f 5154 5038 6449 
f 3869 3865 3904 
f 2520 154 2569 
f 10292 9923 5537 
f 4377 5576 10245 
f 2202 6912 1735 
f 1336 5004 5152 
f 9830 30 9600 
f 4564 7236 7237 
f 9845 9769 10064 
f 3603 9302 2111 
f 8155 2870 4395 
f 729 6574 5361 
f 2672 5263 2677 
f 4531 8603 2512 
f 7621 7529 7464 
f 8547 384 2007 
f 1028 1021 4787 
f 5876 8425 2315 
f 2570 3209 4231 
f 6023 5978 6001 
f 5755 1764 10022 
f 4801 3985 4017 
f 6143 1462 10589 
f 4067 4795 4444 
f 2009 2634 3512 
f 9285 1651 10630 
f 6930 2767 4417 
f 8671 6294 2287 
f 1407 9229 2474 
f 8950 1452 4923 
f 4925 9497 844 
f 1724 9277 3088 
f 8839 6325 6628 
f 10007 56 6626 
f 4034 4014 3097 
f 4052 5349 4426 
f 9385 1530 4409 
f 185 7473 7760 
f 6359 6258 6257 
f 9043 9090 9242 
f 4380 4381 6596 
f 3382 10713 733 
f 5586 5501 9727 
f 3639 5174 3638 
f 9904 7617 8194 
f 3557 6204 6203 
f 1388 10408 4780 
f 7835 6207 5347 
f 6311 3290 6578 
f 9231 10509 3400 
f 8947 8449 6821 
f 4466 4636 5471 
f 935 9409 5103 
f 2703 10364 7736 
f 465 746 350 
f 5468 790 5467 
f 3454 2823 1279 
f 7831 7755 8001 
f 6143 3418 1462 
f 4319 10608 6700 
f 9801 697 5650 
f 1754 709 4602 
f 1275 1242 1311 
f 3596 3630 3710 
f 7925 6478 6524 
f 3954 3841 3952 
f 4608 4574 4482 
f 3808 3682 3713 
f 1573 4245 4160 
f 5853 5809 2439 
f 9145 4544 5038 
f 1099 2029 8948 
f 1987 1070 10502 
f 1461 1479 6199 
f 4304 4303 4452 
f 7249 7141 6934 
f 871 817 815 
f 9180 10516 10514 
f 4041 10458 8034 
f 566 3834 3953 
f 4217 4218 4126 
f 4891 7319 7666 
f 7021 7122 6920 
f 9641 2036 4345 
f 976 269 734 
f 6852 8642 5784 
f 2656 2651 9941 
f 8730 289 9016 
f 5496 4606 5022 
f 1531 3367 8605 
f 8977 8930 5539 
f 4043 4218 4173 
f 135 10712 3604 
f 7509 6937 5745 
f 9788 9736 9721 
f 9855 2315 148 
f 4174 4051 4129 
f 1526 9525 2473 
f 1011 1124 1022 
f 5545 7144 7306 
f 4058 3939 3938 
f 4624 7844 325 
f 9107 1280 4549 
f 6229 3672 849 
f 3475 3312 3431 
f 4947 5769 10715 
f 3200 3188 6744 
f 4317 4269 4222 
f 2609 1443 2297 
f 5148 3188 10031 
f 6744 4012 7124 
f 6895 3582 5489 
f 3664 1854 7180 
f 1828 6652 10479 
f 6953 2489 7087 
f 3507 3309 4505 
f 7023 8377 6958 
f 5213 5214 5170 
f 5463 5454 5325 
f 7891 2226 8030 
f 10479 9396 5987 
f 230 271 9138 
f 6967 6844 4589 
f 5360 4410 8656 
f 9782 7926 5701 
f 10463 3961 5029 
f 3856 6337 2582 
f 4966 10463 5029 
f 6158 4057 6222 
f 8519 6891 10054 
f 10013 869 10043 
f 8624 9826 9971 
f 5118 2228 3377 
f 8513 8457 8511 
f 2542 6720 10406 
f 3068 8694 6833 
f 6290 4334 2745 
f 5360 1656 5306 
f 9910 1551 9947 
f 3718 1566 988 
f 5945 5944 9525 
f 1443 2609 6901 
f 6776 9623 2268 
f 2975 6991 4789 
f 9017 9493 1150 
f 9167 8330 9457 
f 3513 10625 3437 
f 9379 8047 4516 
f 1746 1179 8295 
f 450 10602 9861 
f 5451 5446 5450 
f 9373 9321 9367 
f 8348 8185 8184 
f 8815 4190 2513 
f 5677 5397 4876 
f 5041 4980 10159 
f 2408 2524 2396 
f 5910 3339 8188 
f 5231 3435 10041 
f 8392 8391 8460 
f 8348 8183 8260 
f 5550 5656 5567 
f 7890 7578 7793 
f 10363 10212 5154 
f 9236 9147 9187 
f 7782 7678 8601 
f 7124 4061 4180 
f 8773 513 8649 
f 1957 3782 600 
f 6218 9126 6561 
f 6335 5314 6356 
f 6478 6418 7078 
f 7604 4908 1507 
f 9657 5248 6296 
f 10014 4477 10300 
f 4027 3912 3950 
f 1949 5216 2257 
f 6339 1775 8373 
f 4107 4077 4024 
f 3952 3841 3912 
f 7235 7152 6243 
f 1511 7129 3139 
f 4382 4245 1573 
f 7998 7185 10033 
f 7122 7221 6921 
f 9079 3418 2283 
f 8021 3460 1467 
f 9617 6765 4714 
f 3126 1425 8022 
f 4507 3018 8871 
f 4382 4430 4303 
f 656 587 8778 
f 8479 2825 346 
f 4217 4340 4342 
f 6316 7308 5585 
f 4685 4647 9705 
f 2198 5516 4437 
f 8787 56 10007 
f 4006 3894 4002 
f 2447 2008 803 
f 9381 5154 10212 
f 205 4784 3752 
f 4436 4342 4388 
f 9987 838 8108 
f 3967 988 1566 
f 4421 1597 4478 
f 8478 6155 2624 
f 10065 986 6171 
f 4263 4176 4262 
f 10418 3678 8912 
f 7487 5421 2262 
f 2289 2287 7007 
f 2688 4071 3882 
f 1937 2092 6760 
f 3535 3469 3575 
f 4177 4221 4134 
f 9715 4265 5452 
f 1108 3778 7955 
f 10485 7734 6882 
f 7432 3839 8916 
f 4224 4179 4269 
f 8416 102 73 
f 3693 7870 5613 
f 3853 4518 887 
f 10342 633 2376 
f 10184 5561 4683 
f 3310 1076 5883 
f 9337 4813 9488 
f 5067 9645 9466 
f 4523 3975 4354 
f 5082 4144 4809 
f 3331 6262 10232 
f 4441 3828 6010 
f 2714 6653 2713 
f 8236 8237 3113 
f 255 8667 7636 
f 5603 5616 10234 
f 523 524 358 
f 2871 2023 961 
f 9792 9870 9649 
f 8654 1036 8581 
f 4607 1210 3026 
f 1752 8366 8254 
f 10588 10033 5722 
f 5073 5286 1091 
f 1072 6372 822 
f 4959 2173 2664 
f 3154 8456 9559 
f 5794 6826 515 
f 6099 8309 6100 
f 9198 8974 6750 
f 2088 2614 1980 
f 786 1174 8127 
f 2500 8956 2380 
f 745 8703 1567 
f 8110 1217 10186 
f 5936 5016 7300 
f 10014 4300 3479 
f 9260 9420 3093 
f 10197 1556 604 
f 8045 8901 7906 
f 129 3426 2999 
f 9425 2538 896 
f 3084 3127 3034 
f 5343 1091 4840 
f 4709 1547 5532 
f 10442 4791 4526 
f 8458 4243 1504 
f 117 3410 7507 
f 5725 4881 4884 
f 6291 7327 6072 
f 4079 3994 4031 
f 4448 6950 9121 
f 5952 5951 10328 
f 4181 4352 4183 
f 8198 6142 1854 
f 5282 6310 3366 
f 9999 1684 10475 
f 4029 4201 4113 
f 10103 9952 10027 
f 4169 9789 1934 
f 10195 10112 10269 
f 3706 4078 2791 
f 9959 9813 10106 
f 4210 4163 4245 
f 9899 9962 9900 
f 4452 4385 4250 
f 4085 3997 3995 
f 1776 2894 6321 
f 4125 3964 4122 
f 4245 4161 4160 
f 7766 4083 1482 
f 4382 1573 4428 
f 2549 6820 2933 
f 3964 3921 3997 
f 3931 3898 4006 
f 8065 7640 8846 
f 4515 4722 8019 
f 7498 7515 5637 
f 8520 8349 8394 
f 892 2556 4913 
f 4314 4263 8927 
f 4549 2292 10485 
f 4435 4436 4388 
f 4385 4433 4388 
f 4173 4129 4007 
f 4260 4174 4173 
f 5488 3903 5776 
f 5515 6618 3674 
f 9054 3688 3518 
f 6442 4433 4453 
f 3938 4055 4058 
f 9416 7634 864 
f 6916 9765 6561 
f 4177 10674 4133 
f 4626 3254 3478 
f 9504 9430 9602 
f 3938 7471 3787 
f 9447 3832 10303 
f 7433 5578 6882 
f 1273 1252 1251 
f 9128 8767 8766 
f 9362 9031 9128 
f 4818 4224 4269 
f 3213 2460 3212 
f 2546 10000 10056 
f 5651 5388 7776 
f 4411 6232 7802 
f 779 10127 10057 
f 9917 9689 9831 
f 5041 10159 5435 
f 5829 3690 2690 
f 4594 4903 3594 
f 978 10614 2268 
f 9830 6206 6087 
f 9845 10064 10066 
f 5370 9369 6574 
f 8269 9478 1639 
f 6234 1102 5969 
f 10080 1301 7697 
f 8149 3957 637 
f 7006 1877 2295 
f 4343 4344 2716 
f 3045 4395 2870 
f 3511 6663 2748 
f 10481 10376 4186 
f 4709 4931 4640 
f 633 6982 470 
f 1636 9719 9816 
f 9304 1967 1323 
f 1249 2079 9100 
f 4320 4554 4467 
f 4228 5081 6330 
f 9781 2152 3519 
f 8416 197 143 
f 8352 6910 10351 
f 7454 5012 4423 
f 7211 6587 8378 
f 8115 5351 4729 
f 4022 2705 8834 
f 8097 8096 7972 
f 876 1617 4583 
f 6814 3489 6179 
f 10017 6174 8102 
f 4404 7934 6993 
f 1368 2589 1177 
f 876 4583 2595 
f 2875 5868 3082 
f 2511 4440 7206 
f 7768 4832 7769 
f 1955 6753 4256 
f 1697 10480 8287 
f 3108 5695 4725 
f 7923 9505 80 
f 4106 8715 4316 
f 6513 7388 6873 
f 6950 4448 5802 
f 9731 138 2782 
f 9760 9837 9693 
f 6999 7387 7077 
f 2190 8051 6022 
f 4466 7263 4632 
f 8787 10007 1135 
f 894 5882 6036 
f 4156 5017 8279 
f 5766 8147 5892 
f 5892 6587 5895 
f 4077 4027 4024 
f 9451 4065 3085 
f 7455 4544 9145 
f 10432 1749 1750 
f 4433 4385 4432 
f 4898 560 81 
f 3845 3751 3887 
f 3997 4085 4122 
f 3049 5948 7672 
f 4396 4342 4436 
f 4488 4303 4430 
f 422 3129 7468 
f 5923 7366 1589 
f 5587 4814 2407 
f 4284 8207 10615 
f 9190 9085 9147 
f 7102 8927 5516 
f 3683 3949 7226 
f 10527 595 8366 
f 5180 397 9280 
f 9072 7743 7419 
f 43 45 40 
f 1087 10086 9067 
f 3377 3348 10505 
f 4006 4002 4126 
f 4342 4340 4388 
f 4215 4167 4304 
f 4573 4421 4478 
f 8927 4262 4313 
f 4260 4313 4262 
f 8088 3662 8498 
f 10320 1087 10388 
f 9875 9876 2231 
f 4221 4135 4134 
f 3661 9516 4246 
f 6637 4344 4343 
f 1828 2166 9307 
f 1681 49 2157 
f 5952 10328 10172 
f 3858 3900 3971 
f 9912 1648 9681 
f 3900 1649 3971 
f 4264 4315 4267 
f 4061 4137 4180 
f 8161 4618 4635 
f 3799 4194 3991 
f 8155 8050 2870 
f 8284 2821 931 
f 6282 6281 6302 
f 8980 1404 7137 
f 10176 10258 10027 
f 10195 9964 10112 
f 5542 4408 6088 
f 6427 9783 4299 
f 9882 10027 9952 
f 1013 7006 7532 
f 4935 9433 7697 
f 4311 3195 5485 
f 1273 1251 4406 
f 9811 9807 9887 
f 3042 3041 3183 
f 5458 4320 4226 
f 219 5411 10403 
f 7513 7606 5529 
f 10410 10486 10411 
f 2241 9390 121 
f 5293 1091 5343 
f 129 2016 2580 
f 966 3530 9307 
f 177 7556 560 
f 2849 3849 4567 
f 10265 10338 10407 
f 4901 5439 5458 
f 5595 9028 5280 
f 8103 582 3599 
f 5253 9650 6985 
f 1799 9953 9929 
f 9968 9821 10045 
f 10000 2546 10140 
f 8968 2739 243 
f 7803 6485 7788 
f 9572 9678 9577 
f 9517 884 10249 
f 2406 6970 1927 
f 8430 6860 7477 
f 6624 7530 3050 
f 10019 5561 940 
f 3544 10096 3107 
f 4810 1698 10227 
f 1892 2842 256 
f 8345 8257 8431 
f 4705 5157 5277 
f 5788 4650 2491 
f 8377 6374 6368 
f 5277 5157 4844 
f 2896 2950 3890 
f 10129 5537 10127 
f 2472 9193 2445 
f 4416 4840 4676 
f 9227 9363 9473 
f 1277 8514 796 
f 1509 7438 6073 
f 8180 8183 7993 
f 9693 9695 5777 
f 7759 7670 6611 
f 10453 676 2109 
f 7944 2127 1883 
f 852 428 2437 
f 2003 1523 1825 
f 9166 9977 9831 
f 2088 7091 2614 
f 2807 3545 684 
f 4348 791 8113 
f 9600 10664 9830 
f 8364 7753 6476 
f 802 4188 6184 
f 9600 30 9831 
f 4396 4258 4342 
f 4428 4430 4382 
f 2403 3758 4771 
f 4167 4215 4126 
f 1950 8304 683 
f 240 94 5628 
f 4478 4569 4573 
f 4043 3931 4006 
f 9437 6373 8531 
f 7965 7895 7963 
f 7086 3154 2940 
f 1611 780 6909 
f 6450 6187 6537 
f 3290 6598 3293 
f 6464 6544 7570 
f 4126 4002 4167 
f 9440 9611 9701 
f 8253 5014 4729 
f 4260 4173 4218 
f 3098 5590 4034 
f 3898 3854 3894 
f 6313 7634 3484 
f 4570 4853 4271 
f 10431 9634 10360 
f 4707 4915 3843 
f 3278 3250 6320 
f 317 9182 397 
f 3828 4441 4706 
f 5607 4704 9511 
f 4249 4125 4163 
f 4258 4396 4313 
f 3902 3823 7471 
f 6324 5221 5080 
f 4437 8927 4400 
f 47 87 115 
f 10713 10533 733 
f 3993 3604 5058 
f 5516 2198 4461 
f 726 1025 3164 
f 5477 4688 4871 
f 5012 7454 5047 
f 10573 2503 2505 
f 10435 917 8393 
f 10184 6507 9447 
f 3971 4129 4051 
f 10350 8107 7615 
f 3191 5990 3158 
f 6998 7011 5739 
f 2369 2370 2112 
f 3937 3971 4053 
f 8294 3242 8237 
f 5894 5203 5892 
f 1203 9614 1780 
f 1468 1470 8897 
f 3172 3170 6423 
f 9634 7945 9772 
f 4917 4572 4541 
f 4429 5411 2031 
f 4874 8541 9687 
f 489 6545 7864 
f 5119 2874 101 
f 10127 10059 10057 
f 3555 417 4100 
f 778 899 422 
f 6679 6476 7753 
f 9862 9863 9729 
f 7092 10671 6401 
f 8854 8721 8851 
f 10150 10072 10278 
f 4322 792 4444 
f 9435 9937 9860 
f 3591 533 8848 
f 2804 3760 2005 
f 7800 9482 1609 
f 4416 2750 4928 
f 1084 2692 4413 
f 259 757 9816 
f 8096 10372 2139 
f 3861 464 1262 
f 6256 5854 6137 
f 10043 10040 10148 
f 5904 1970 1939 
f 2505 2503 6780 
f 3207 1829 4651 
f 309 307 2311 
f 5448 5447 4929 
f 8012 1425 3126 
f 9760 5777 9504 
f 3370 3314 1704 
f 10339 7635 10309 
f 3007 7559 7731 
f 2455 6674 4773 
f 8187 8109 4001 
f 10407 5449 4707 
f 10470 5951 4870 
f 377 435 437 
f 4711 4657 10450 
f 9681 3494 9375 
f 1194 5423 5398 
f 7552 5928 3465 
f 10410 10407 10551 
f 10110 10112 9961 
f 10689 10183 9640 
f 3309 1476 1960 
f 2040 632 2971 
f 5943 221 319 
f 10187 9957 10336 
f 4693 3048 573 
f 10274 10349 10198 
f 9097 9203 9098 
f 7157 9807 9811 
f 6276 6668 6555 
f 10417 7685 2207 
f 7554 9402 7555 
f 8154 7719 6901 
f 6736 10496 10420 
f 7641 6566 6721 
f 8647 10094 9950 
f 4151 6148 7368 
f 9952 8051 9882 
f 2514 2166 5987 
f 4486 4428 4482 
f 673 9673 9563 
f 8604 7595 9597 
f 4515 8103 4722 
f 8515 8461 8546 
f 799 1677 8494 
f 4304 4249 4303 
f 1130 1107 274 
f 4217 4215 4250 
f 4542 4486 4609 
f 1226 10346 1606 
f 8757 6681 8121 
f 8232 2705 4022 
f 2723 1832 534 
f 8625 9682 9826 
f 322 410 1063 
f 4304 4125 4249 
f 4167 4002 4089 
f 9611 10434 9364 
f 9850 4644 6823 
f 9837 9760 9919 
f 408 336 9552 
f 4089 3964 4125 
f 10344 7143 3645 
f 9980 1995 9739 
f 5979 7368 6148 
f 1138 5678 8697 
f 4505 7348 3507 
f 4460 4400 4396 
f 8835 8545 8885 
f 10064 10065 10066 
f 318 320 5482 
f 4549 6310 9107 
f 5561 10019 4747 
f 7318 7236 7235 
f 5925 510 8737 
f 1998 4912 2 
f 1399 2289 8698 
f 5442 643 5418 
f 10010 8419 5311 
f 6620 237 3381 
f 5370 9151 9133 
f 5320 2021 4550 
f 1200 465 7135 
f 839 8472 4287 
f 5533 6528 3426 
f 3293 6578 3290 
f 7664 10501 7665 
f 5447 5448 4226 
f 846 9734 1557 
f 800 1884 2240 
f 9834 8990 9835 
f 4746 4918 4921 
f 7544 8261 9444 
f 5300 5152 5299 
f 9916 4860 7612 
f 9401 7164 7263 
f 8832 1036 8654 
f 4669 4838 4416 
f 6335 8935 10005 
f 9388 2144 4505 
f 4854 5504 3660 
f 2849 4929 4737 
f 2099 10327 2182 
f 9067 10083 10240 
f 4736 4009 4034 
f 7667 10462 715 
f 9632 9634 954 
f 7942 5098 4349 
f 4720 4445 5151 
f 1585 3636 1384 
f 4193 4774 4999 
f 8280 6842 8226 
f 4817 4848 5725 
f 6617 6583 6726 
f 2281 7265 2085 
f 185 7760 6733 
f 10568 10518 7912 
f 2429 445 444 
f 1728 4394 7951 
f 7223 7459 7558 
f 4563 4596 10452 
f 4655 4748 5324 
f 4277 4065 9269 
f 3411 2481 2609 
f 984 985 10101 
f 10205 7770 10204 
f 3922 3320 1339 
f 1850 8822 3114 
f 9969 9968 10045 
f 4293 4238 4195 
f 8162 8341 4316 
f 8005 2555 1528 
f 10079 9422 8840 
f 8165 8162 7421 
f 2432 7928 7641 
f 161 322 9896 
f 526 1539 9287 
f 4028 4393 4879 
f 4210 4382 4303 
f 4478 1597 4530 
f 10275 5769 10277 
f 3529 3877 6167 
f 3956 3958 3954 
f 5072 10276 6649 
f 3256 5034 4882 
f 10156 8254 595 
f 3918 3847 3917 
f 10692 6713 6048 
f 1562 5787 5789 
f 4548 4460 4619 
f 6802 6928 4687 
f 9729 9726 9862 
f 6172 3501 1742 
f 3482 3481 4883 
f 7899 8195 7904 
f 7075 4073 4525 
f 2890 3391 6888 
f 2416 9873 712 
f 1034 3878 3629 
f 6706 5641 4969 
f 1659 5600 2968 
f 2108 1406 4907 
f 10650 4514 3837 
f 3779 1822 3784 
f 8349 8237 8236 
f 4089 4125 4304 
f 6260 7114 6981 
f 1690 1162 620 
f 4126 4215 4217 
f 10027 9882 10176 
f 2190 6022 1502 
f 9104 5258 9461 
f 9038 3165 5763 
f 4530 4569 4478 
f 4043 4006 4126 
f 10470 4423 10539 
f 507 2140 9063 
f 4608 4680 4684 
f 2255 3364 2230 
f 7748 1277 9596 
f 2220 7635 1911 
f 10103 10027 10181 
f 4267 4177 4264 
f 2716 4315 4343 
f 9888 9811 9887 
f 1225 5538 1922 
f 4347 4269 4317 
f 8096 7696 7900 
f 3407 7113 3824 
f 8676 510 2177 
f 8464 10416 10274 
f 8165 6524 9334 
f 1191 2066 5268 
f 9149 9012 997 
f 8988 6097 9376 
f 2328 2293 2018 
f 7686 7578 7890 
f 3745 5134 5261 
f 8496 3747 4494 
f 5908 3008 5553 
f 5624 1375 6234 
f 5136 5616 4102 
f 10489 4515 5245 
f 9568 4704 9563 
f 9821 9899 9900 
f 2348 1501 8502 
f 10094 10172 10178 
f 7882 5673 7954 
f 10493 4383 10349 
f 3248 3678 5313 
f 4951 7535 5392 
f 5537 10059 10127 
f 3108 4725 4723 
f 3773 3823 6913 
f 9864 10015 9792 
f 6364 10214 4295 
f 7879 10025 9687 
f 4473 1147 1006 
f 895 6475 3160 
f 9049 7748 10540 
f 2444 1303 1228 
f 9597 8504 8503 
f 7663 8965 9267 
f 10118 6736 10352 
f 6796 5116 5559 
f 9425 8881 8895 
f 5237 5081 5021 
f 3208 1890 4280 
f 4062 5865 8510 
f 6946 5627 5205 
f 8981 9517 9346 
f 9509 7637 6604 
f 10253 9974 4547 
f 2179 4168 6190 
f 3613 3696 3614 
f 9532 10168 9531 
f 2283 6143 3103 
f 9364 8350 9031 
f 9510 9362 9508 
f 247 2159 251 
f 9842 9508 9695 
f 8490 8408 8150 
f 10286 8179 8108 
f 8311 8873 10403 
f 3020 6378 8558 
f 1928 10122 6952 
f 1720 1049 6904 
f 4297 4293 4376 
f 7936 10432 6719 
f 6278 2121 3714 
f 7925 6719 7633 
f 7429 2551 2587 
f 8210 8126 2431 
f 1374 1341 1373 
f 9479 8162 4316 
f 3994 3914 3959 
f 834 10497 10397 
f 2944 5638 4086 
f 3371 3867 3251 
f 9473 9363 9527 
f 5409 1734 4714 
f 5922 10301 5921 
f 3995 3917 3994 
f 3831 5366 10070 
f 8755 1334 1827 
f 4680 4643 7368 
f 5612 8634 8641 
f 7497 4436 6442 
f 5488 4667 5611 
f 5766 3660 5645 
f 3860 6013 3672 
f 5247 6495 10392 
f 6086 7262 9838 
f 2211 10260 4772 
f 4612 8831 4561 
f 7498 9365 9920 
f 3471 6448 4917 
f 2929 2812 2889 
f 4542 4579 4495 
f 6132 9705 5979 
f 4342 4218 4217 
f 4174 4129 4173 
f 4043 4007 3931 
f 4167 4089 4304 
f 6055 6009 2536 
f 1673 7791 5655 
f 8190 4493 2176 
f 6190 4181 981 
f 4314 4264 4219 
f 7202 3944 3346 
f 9979 8824 8825 
f 9432 3766 3768 
f 4175 4281 1367 
f 3500 5001 6639 
f 8118 1297 1826 
f 5508 7815 10387 
f 2411 600 599 
f 3276 4227 3673 
f 7479 5316 3781 
f 4716 6020 10446 
f 4353 3544 1547 
f 3677 6624 3050 
f 5101 4551 5100 
f 7070 7155 7277 
f 971 8981 8980 
f 6930 9699 6932 
f 652 6855 10503 
f 8817 2143 2298 
f 5034 1153 4857 
f 6159 4965 4228 
f 4356 4308 959 
f 4888 4902 4927 
f 7144 7004 7079 
f 2218 2402 2244 
f 3481 10531 3256 
f 10320 10388 10530 
f 4469 3358 3911 
f 9377 6202 5604 
f 10182 4945 2247 
f 1654 5764 6656 
f 4139 5455 5447 
f 5195 5187 3435 
f 5777 9124 9239 
f 4838 5343 4840 
f 301 9299 10089 
f 225 509 410 
f 1708 9636 5647 
f 8941 9161 8944 
f 9202 3411 3984 
f 8110 1218 1217 
f 3149 1961 10452 
f 2771 3011 2963 
f 6463 6715 6608 
f 4083 2532 6194 
f 7572 7571 9686 
f 2862 8536 9349 
f 10586 5521 7657 
f 2329 7681 4889 
f 2176 4493 8251 
f 571 5860 9934 
f 485 493 484 
f 4563 10452 4657 
f 6291 6072 1509 
f 914 5773 8641 
f 10103 9887 9952 
f 6722 5153 9089 
f 6246 7840 5367 
f 9964 9962 10112 
f 5364 84 90 
f 4079 4118 3994 
f 673 9396 7157 
f 7929 6022 4463 
f 4156 4076 4106 
f 7497 4619 4436 
f 10036 10163 5010 
f 9993 870 960 
f 10486 10554 10412 
f 4613 4648 4687 
f 10493 4037 4407 
f 4407 5472 8831 
f 4218 4342 4258 
f 3391 2890 8507 
f 3067 3843 3177 
f 545 5234 8684 
f 2615 1784 9572 
f 6050 6928 6802 
f 4218 4258 4260 
f 9655 8035 8390 
f 4303 4249 4210 
f 4321 5640 9326 
f 4250 4215 4304 
f 8041 1458 5851 
f 4177 4133 4264 
f 9739 1995 5598 
f 3902 6913 3823 
f 5933 4205 10395 
f 9337 8648 7463 
f 3493 5637 9986 
f 8129 3979 7975 
f 1280 9107 6637 
f 7310 10501 7664 
f 8138 57 8136 
f 5149 5249 3781 
f 6848 3404 3792 
f 6531 9032 8243 
f 6708 1378 18 
f 4872 9505 4905 
f 7615 8107 7456 
f 10619 9949 1743 
f 5569 5226 1512 
f 10212 10209 10282 
f 8755 1827 664 
f 5865 4062 2990 
f 10434 9248 9130 
f 996 9213 9149 
f 5789 5787 5788 
f 2050 9146 1945 
f 9842 9695 9839 
f 30 9166 9831 
f 10281 7945 10431 
f 927 1062 1684 
f 5597 1137 10526 
f 4637 4596 4555 
f 7064 5331 3078 
f 9923 9842 9839 
f 5747 7951 9846 
f 9635 6933 10471 
f 1880 2388 8026 
f 7147 7145 7376 
f 7535 3558 5520 
f 4073 3592 4525 
f 4388 4433 4435 
f 4803 4322 4074 
f 5157 4723 4844 
f 5970 6100 8309 
f 5677 4877 5260 
f 9401 4466 5471 
f 1745 2515 1737 
f 5458 4872 4901 
f 8472 839 8404 
f 6890 2965 2967 
f 216 8277 6831 
f 4027 3950 4024 
f 2875 3491 8008 
f 4383 3684 6448 
f 1698 5620 9619 
f 3250 3251 6320 
f 2738 558 2734 
f 5652 5924 5927 
f 7105 238 4127 
f 9477 2567 9905 
f 10371 9163 4859 
f 5355 1548 2885 
f 10265 10106 10187 
f 2015 94 1807 
f 7062 5905 1245 
f 8765 5313 8532 
f 5330 4056 4689 
f 3691 4223 3846 
f 9129 9027 9125 
f 4810 5532 5485 
f 9629 9605 9586 
f 9918 1324 4842 
f 2651 1736 3474 
f 9257 2520 8277 
f 2960 510 5925 
f 9217 10690 3986 
f 3446 3453 6441 
f 8675 10716 4603 
f 4316 8715 6039 
f 8507 4546 4615 
f 6183 2452 7110 
f 4643 6480 6074 
f 3168 3172 6441 
f 7368 4684 4680 
f 8835 8885 8994 
f 2478 2365 5076 
f 4085 3995 3994 
f 4687 7850 10049 
f 10049 4613 4687 
f 9474 9317 9112 
f 2188 371 7457 
f 3391 8507 4615 
f 9067 10086 10011 
f 1578 8845 2153 
f 3143 10017 8105 
f 4262 4174 4260 
f 6017 7487 5497 
f 3971 1649 4129 
f 3366 9739 5598 
f 8848 4146 9623 
f 2563 4758 9426 
f 4878 9589 6985 
f 2400 7734 2446 
f 10116 6733 8738 
f 9177 8656 4410 
f 5735 8543 3748 
f 9850 8996 6678 
f 10186 9368 7525 
f 5726 4068 4216 
f 6074 6480 9889 
f 2231 9456 9875 
f 10178 10177 10094 
f 8648 4698 6627 
f 4763 3114 1266 
f 10328 10329 10172 
f 9377 3392 9294 
f 10375 8221 1194 
f 6161 10298 3137 
f 5249 5149 3747 
f 5781 5808 5762 
f 7540 9546 6040 
f 5544 823 5545 
f 2725 2133 336 
f 6597 2934 3798 
f 8017 7137 7063 
f 5504 4696 5351 
f 10176 10177 10178 
f 9814 9813 9959 
f 10269 10112 10110 
f 7656 7558 7943 
f 4987 5541 2421 
f 1708 5647 6941 
f 5203 3467 3468 
f 2706 2732 3036 
f 7958 7771 6411 
f 8354 8237 8349 
f 5695 9013 5559 
f 10336 554 10338 
f 4838 4669 4593 
f 6396 6235 6384 
f 6301 6979 1225 
f 2863 6274 7868 
f 3843 3844 3177 
f 7039 9659 152 
f 786 5527 1174 
f 7456 7457 918 
f 6222 8265 6158 
f 3524 8130 7059 
f 4067 4184 4270 
f 4800 4353 4597 
f 2872 9720 2071 
f 308 5650 2478 
f 4241 6010 4052 
f 9813 9671 9891 
f 4752 10496 4917 
f 2357 2780 10054 
f 4745 7697 5581 
f 5467 6699 6893 
f 7358 2210 176 
f 5975 2740 9047 
f 7327 6291 6873 
f 4565 3076 5171 
f 1657 844 9497 
f 2997 2007 9704 
f 6134 9732 4372 
f 8165 9334 8341 
f 3974 9218 10457 
f 4385 4452 4432 
f 10422 10424 10205 
f 9619 10227 1698 
f 4677 9890 9889 
f 7581 7579 7774 
f 3278 3863 3250 
f 4495 4452 4488 
f 9555 184 6557 
f 9917 9831 9977 
f 4453 4546 6442 
f 9047 2740 9584 
f 5578 7432 8916 
f 8896 8632 8756 
f 1271 5795 10632 
f 10137 8215 1168 
f 4579 4542 4609 
f 5642 3988 3839 
f 779 10057 10126 
f 7945 9634 10431 
f 4176 4051 4174 
f 7324 3407 9442 
f 9769 9842 10064 
f 5979 9705 4684 
f 7755 7831 7829 
f 10698 1799 7161 
f 4340 4250 4385 
f 698 767 4846 
f 6926 6809 7744 
f 5770 10259 1343 
f 4579 4648 4613 
f 8264 4379 6391 
f 10254 7192 719 
f 671 4620 4792 
f 7446 5635 9476 
f 3582 5282 12 
f 7516 7408 7514 
f 3787 3937 4053 
f 5083 9664 6850 
f 2932 568 7032 
f 9157 7530 1623 
f 8461 8392 8460 
f 1266 2194 1488 
f 1757 5377 10519 
f 4905 9505 7878 
f 5784 7329 9002 
f 3826 9855 9708 
f 9852 3382 9436 
f 4309 3927 7722 
f 5188 1077 957 
f 2318 2327 2319 
f 2384 914 2010 
f 9838 7262 3333 
f 5198 9006 6146 
f 1056 10002 1364 
f 7757 6183 2962 
f 6665 7880 5871 
f 4835 2580 5343 
f 1793 540 9372 
f 4100 1208 7348 
f 5038 1200 9145 
f 6378 3020 8457 
f 2740 3369 2280 
f 10201 2453 2485 
f 4477 3479 9940 
f 10270 5182 5597 
f 2009 9925 3017 
f 1072 822 7291 
f 1656 7827 1830 
f 9980 3988 4063 
f 10141 4294 2386 
f 1487 9299 10344 
f 7950 1771 9972 
f 9066 5179 6283 
f 1786 5943 2499 
f 6235 4972 6386 
f 9851 5793 8556 
f 8294 8296 3242 
f 5774 10465 10361 
f 5994 7665 6326 
f 5654 5519 5371 
f 7115 5718 7067 
f 7110 2452 1578 
f 824 10170 9945 
f 8214 7784 7106 
f 4046 4702 1153 
f 1078 8887 3019 
f 4883 4056 3482 
f 10257 10176 10178 
f 3481 4882 5194 
f 5034 10530 10388 
f 10176 9882 10177 
f 10334 10258 10474 
f 10246 14 10015 
f 1808 1747 5664 
f 5325 5098 5324 
f 2437 5975 4806 
f 3093 7806 9380 
f 4754 9189 4742 
f 7317 4097 9815 
f 3688 4378 6162 
f 2311 6776 7657 
f 1643 191 3920 
f 2007 5778 8547 
f 517 9192 2685 
f 4251 5590 7649 
f 9863 9864 9728 
f 427 8997 2497 
f 4468 5695 5559 
f 10688 7912 4693 
f 5449 7649 4915 
f 5217 1568 5066 
f 9542 6590 6560 
f 9076 1331 311 
f 4034 3097 3098 
f 7928 2432 6590 
f 10139 7950 1846 
f 9876 9950 9883 
f 2748 3218 10005 
f 10177 9882 9950 
f 10185 554 10336 
f 8523 10343 10092 
f 10177 9950 10094 
f 10185 10103 10181 
f 3043 9506 9542 
f 10231 5085 5129 
f 10267 10106 10265 
f 4396 4436 4619 
f 4561 3680 3642 
f 8619 3188 5148 
f 10517 2454 1600 
f 9821 9822 9679 
f 4313 4260 4258 
f 4684 7368 5979 
f 3592 5642 4525 
f 9719 5267 259 
f 9750 9747 9897 
f 8449 5770 6821 
f 3677 127 1507 
f 6861 540 21 
f 3844 3843 4286 
f 9816 9744 1636 
f 9773 9787 9745 
f 3207 8849 7407 
f 5118 10284 3369 
f 5472 4037 10488 
f 4519 9341 9338 
f 8745 8797 9549 
f 7128 1102 7069 
f 10411 10486 10412 
f 3853 7868 10010 
f 9201 9484 9486 
f 1243 7065 1034 
f 865 4442 7407 
f 1819 6138 8670 
f 3923 7321 7319 
f 9362 9128 9508 
f 9919 10057 9837 
f 8438 18 6358 
f 3450 3195 5502 
f 4551 5541 4585 
f 3678 10418 5208 
f 4579 4613 10049 
f 10251 1722 6096 
f 249 4355 342 
f 7566 7531 9949 
f 6060 6090 6030 
f 3457 7352 7395 
f 7876 5125 7781 
f 5223 9232 4982 
f 6440 881 5090 
f 8972 9075 9029 
f 8141 10375 10372 
f 10424 8570 4761 
f 1896 2066 1971 
f 9145 1200 7135 
f 154 9655 6896 
f 6190 3275 1115 
f 5966 6674 8234 
f 3292 4732 3935 
f 9310 9648 9609 
f 8857 7870 5339 
f 5785 5747 9846 
f 9862 9860 9067 
f 2872 446 5095 
f 5614 3874 3943 
f 7689 7583 7798 
f 7437 7355 3395 
f 10492 8484 4962 
f 3722 3525 3527 
f 7057 1088 7356 
f 8083 9418 9878 
f 6915 7202 8444 
f 3322 7101 2725 
f 2516 7745 3634 
f 5455 4920 4735 
f 176 812 2422 
f 9761 6498 6697 
f 3966 569 611 
f 3295 3085 2876 
f 10022 9055 7654 
f 10023 757 3809 
f 10208 5056 10154 
f 353 3004 6426 
f 4689 4688 10535 
f 9045 5944 8314 
f 5068 5061 7217 
f 9292 9540 6342 
f 9074 9027 9129 
f 6274 9797 7868 
f 6725 3741 10640 
f 476 381 10710 
f 9439 6873 7388 
f 2481 3411 3409 
f 1682 8992 233 
f 3955 8191 8848 
f 6058 6059 6023 
f 10616 696 1497 
f 389 855 884 
f 2130 425 3871 
f 7878 10492 5533 
f 9055 1640 7654 
f 4311 5502 3195 
f 6419 6904 1049 
f 1416 1275 1311 
f 8864 1677 799 
f 7630 10055 378 
f 1211 3222 494 
f 4242 4160 4206 
f 9971 10047 8572 
f 9920 7497 8507 
f 6738 6604 7551 
f 4118 4085 3994 
f 2587 2338 5717 
f 4641 10152 1245 
f 6991 6990 2683 
f 4433 6442 4435 
f 4573 4569 4608 
f 7368 3600 4151 
f 7163 5378 2777 
f 8997 4923 1452 
f 6903 1153 4702 
f 7185 10036 10033 
f 5158 4056 4883 
f 7395 5302 3457 
f 1588 7226 4847 
f 4112 4783 4114 
f 8965 5479 10590 
f 3392 260 9072 
f 6802 6045 6050 
f 8880 8653 8828 
f 3949 9456 2931 
f 996 495 9544 
f 4655 5470 4748 
f 2854 2812 2929 
f 8693 6582 863 
f 9511 6914 5607 
f 9523 927 1684 
f 10258 10176 10257 
f 133 103 9714 
f 6440 5032 4932 
f 3103 6143 3909 
f 10404 4611 8197 
f 9895 9961 9897 
f 4216 5092 5726 
f 6937 6888 6444 
f 9515 5547 2341 
f 10412 10488 10414 
f 5013 4241 4240 
f 3813 7432 2400 
f 3098 3097 5594 
f 7593 10647 5188 
f 5480 3608 8048 
f 10488 4037 8464 
f 10265 10336 10338 
f 9563 674 2514 
f 8190 2176 10559 
f 9961 9962 9897 
f 673 9563 2514 
f 4383 10493 4407 
f 2716 4317 4222 
f 7366 5923 5577 
f 7923 80 4567 
f 1047 4958 1048 
f 175 114 7569 
f 10045 9821 9964 
f 9968 9822 9821 
f 8571 5506 5430 
f 5184 10289 5202 
f 5234 2981 3181 
f 10259 2098 3824 
f 10045 9964 10115 
f 4251 5218 5590 
f 1022 1953 1031 
f 5581 2584 4745 
f 9597 7595 6206 
f 2421 4902 4987 
f 10274 10195 10414 
f 8191 9013 9158 
f 203 10691 10517 
f 10174 4498 9737 
f 8153 7289 1828 
f 4416 4676 2750 
f 4932 5408 2025 
f 2055 4324 2506 
f 4721 9403 594 
f 9640 10183 8955 
f 3552 3117 9706 
f 6014 6200 1834 
f 4075 4074 4322 
f 1529 1559 5199 
f 4748 5077 5037 
f 7206 4440 4526 
f 2341 5547 5262 
f 10496 6736 10494 
f 7506 155 2894 
f 9605 9562 9586 
f 6368 488 3121 
f 811 8292 10073 
f 7881 7883 7690 
f 9763 9693 9837 
f 9772 4761 8570 
f 1143 4761 7945 
f 1384 4339 1585 
f 4521 3853 10010 
f 10096 4562 10442 
f 1816 10651 5115 
f 746 465 9632 
f 4015 5934 8570 
f 4862 3297 1740 
f 2746 4211 6539 
f 1875 6651 1955 
f 2652 10718 2996 
f 6418 7633 7637 
f 7658 8285 7538 
f 4603 10716 6027 
f 5456 5409 4714 
f 9619 5620 2899 
f 2664 2173 8168 
f 9020 9123 9026 
f 8995 2035 6708 
f 5420 4661 4766 
f 1128 1334 8755 
f 9045 9844 9840 
f 7219 5436 7461 
f 7078 6418 6481 
f 8081 7987 8173 
f 1896 1803 1940 
f 7928 9542 9506 
f 6427 467 7209 
f 9383 6841 10524 
f 4648 4579 4609 
f 3071 5319 4381 
f 1082 5583 6924 
f 3297 4667 9280 
f 1734 1249 9849 
f 6878 6686 833 
f 3490 6814 3679 
f 4035 6479 9060 
f 5451 8971 6479 
f 3930 3489 4286 
f 7368 4643 3600 
f 5092 7797 3666 
f 506 4583 8621 
f 5102 4644 738 
f 490 2491 4650 
f 8291 4744 4571 
f 4482 4428 4479 
f 5222 6203 6204 
f 4495 4432 4452 
f 7125 7361 7285 
f 3672 3276 3673 
f 4033 6479 3935 
f 8420 7859 2614 
f 1209 1545 10023 
f 466 7545 3559 
f 7560 605 9741 
f 537 487 580 
f 733 10533 9436 
f 3882 4072 3298 
f 4292 1969 9189 
f 5486 6151 6152 
f 7396 450 6810 
f 10661 10681 965 
f 4652 5297 4584 
f 890 774 2301 
f 8357 4225 2317 
f 4773 3513 4145 
f 10087 10088 9864 
f 10391 10531 3482 
f 10099 3252 9231 
f 2349 3836 1660 
f 5145 5705 5708 
f 4968 6168 2742 
f 14 10246 10325 
f 8892 8793 8850 
f 10485 6882 4549 
f 7064 5398 5331 
f 10325 10246 10393 
f 2951 934 2572 
f 7662 8965 7663 
f 4871 4870 5477 
f 7472 2282 2142 
f 10404 554 10185 
f 2931 7226 3949 
f 7199 10441 4439 
f 7649 3098 4915 
f 2020 1652 2656 
f 10323 10391 10467 
f 9670 9622 9668 
f 9930 9038 8889 
f 5193 5012 5047 
f 5623 5624 6879 
f 4223 3691 7005 
f 4216 3691 5092 
f 5013 4240 10543 
f 3846 7454 4420 
f 1618 8693 863 
f 4539 4706 4441 
f 10336 9888 10185 
f 7861 4145 5006 
f 9887 10103 9888 
f 9897 9962 9899 
f 6641 5874 3669 
f 5066 5084 4953 
f 4397 4695 4604 
f 2281 6262 3331 
f 10349 4383 10494 
f 4252 8197 4090 
f 3781 5140 7479 
f 10410 10411 10267 
f 1911 329 2220 
f 10427 5614 5138 
f 2154 7559 3007 
f 6457 5377 5030 
f 7819 9994 3065 
f 706 707 2491 
f 1784 9569 9572 
f 4384 5216 2784 
f 341 3161 8728 
f 10554 3067 3177 
f 10496 4752 2968 
f 5472 3680 4561 
f 4410 5360 5399 
f 9320 9132 9273 
f 8035 154 4268 
f 9227 9129 9125 
f 5185 2058 5555 
f 2226 7891 8027 
f 9977 9166 10209 
f 5815 8043 3115 
f 4918 4746 4920 
f 4368 2334 8857 
f 4654 2178 10484 
f 8624 8504 5395 
f 744 748 315 
f 30 9975 9166 
f 1712 1572 1605 
f 4737 4929 5447 
f 624 9857 7814 
f 4725 4468 4719 
f 9638 8179 10286 
f 2951 8652 934 
f 9128 8766 9124 
f 4676 4840 4843 
f 1091 5293 5073 
f 10708 10714 7754 
f 7358 2422 2423 
f 5081 840 5021 
f 6808 8696 6312 
f 4282 4285 4593 
f 6578 3293 3292 
f 8851 8963 8964 
f 4033 4544 7455 
f 10281 1143 7945 
f 1331 9076 8983 
f 6697 6538 9761 
f 7066 5655 143 
f 9081 5540 5189 
f 8567 7737 10201 
f 27 4937 2399 
f 5843 8990 9834 
f 1512 5284 2391 
f 9150 9283 9242 
f 3352 10476 452 
f 7870 8857 5613 
f 350 1718 7135 
f 7528 7469 7470 
f 1318 1393 5698 
f 9889 6480 4677 
f 909 1038 911 
f 4151 1507 127 
f 509 225 3651 
f 6957 8691 9797 
f 1624 7530 4884 
f 2527 2684 2530 
f 3219 8321 6391 
f 1608 8405 5904 
f 146 174 175 
f 4486 4574 4609 
f 2346 2347 1183 
f 10589 6144 7474 
f 2938 2826 6098 
f 3573 6813 7835 
f 2797 6672 93 
f 8397 8452 6135 
f 3159 5111 1001 
f 2555 1787 6864 
f 10315 59 6078 
f 10227 9619 4481 
f 3395 7355 7507 
f 80 4929 2849 
f 5026 10095 8875 
f 3476 6658 2611 
f 6455 5645 5504 
f 7176 4830 7915 
f 7323 6039 8459 
f 5238 1125 769 
f 6450 6537 6657 
f 5027 9836 9001 
f 7003 2876 4539 
f 10412 10414 10269 
f 4317 2716 4344 
f 792 9499 4443 
f 5392 5088 4951 
f 1003 9213 9590 
f 939 4764 362 
f 2608 6175 6366 
f 2850 2848 2924 
f 10531 3481 3482 
f 1884 7857 3118 
f 5429 8467 5085 
f 10529 1353 5034 
f 1087 10320 10464 
f 2686 4259 9575 
f 1465 8135 1250 
f 5322 5323 5214 
f 3503 3889 3888 
f 10391 5330 10467 
f 800 7857 1884 
f 1285 10100 3361 
f 4463 6652 7929 
f 9157 3050 7530 
f 7418 7335 7572 
f 5341 8447 6178 
f 9883 9882 8051 
f 10407 4707 10551 
f 1371 194 2559 
f 6603 4601 4600 
f 10539 10474 10329 
f 4223 4539 5328 
f 7295 2518 171 
f 10091 1475 10711 
f 4282 4928 5116 
f 8782 8663 4867 
f 4883 3481 5194 
f 10096 3544 4353 
f 9574 9578 6702 
f 5542 1644 2843 
f 4254 7649 5449 
f 5421 9252 2262 
f 8752 8804 8806 
f 10106 9957 10187 
f 3877 9557 6167 
f 9269 9451 491 
f 3530 3664 8153 
f 9065 4480 9063 
f 10110 9961 10267 
f 4383 3471 10494 
f 10474 10257 10329 
f 10407 10410 10265 
f 938 5449 10407 
f 9499 3209 4443 
f 1544 975 5063 
f 5756 2911 1610 
f 4669 4928 4282 
f 3359 1570 8228 
f 5108 6658 3476 
f 4219 4132 4176 
f 9968 9753 9822 
f 3416 2030 3021 
f 4919 119 8813 
f 4090 4240 4052 
f 4414 4591 8124 
f 721 2158 4300 
f 10477 10543 4611 
f 9678 9750 9899 
f 4838 4593 4835 
f 5116 2750 5559 
f 10349 10274 10416 
f 4606 6459 3639 
f 3787 4055 3938 
f 9962 9961 10112 
f 10582 6209 423 
f 6486 6332 5258 
f 6524 332 7925 
f 3910 3755 9781 
f 9408 2476 8322 
f 9976 9975 6087 
f 9569 9747 9750 
f 6856 6516 6245 
f 598 3356 5867 
f 10593 721 5011 
f 7397 6770 7391 
f 10640 7534 10634 
f 4422 1573 4336 
f 6831 10326 5018 
f 9489 6402 10206 
f 9695 9508 9124 
f 2406 1927 328 
f 6449 3163 10510 
f 3695 3125 2067 
f 5683 10205 10424 
f 4912 3323 2 
f 2653 2652 5659 
f 2696 2368 51 
f 9917 9760 9689 
f 10550 10512 10575 
f 9970 10232 6262 
f 350 7135 465 
f 4255 1464 2332 
f 9280 4667 5488 
f 3493 9365 5637 
f 9632 465 4726 
f 2595 4583 506 
f 9598 1719 4291 
f 1013 10164 10618 
f 10526 6020 3851 
f 4467 4554 4774 
f 5722 2985 5315 
f 2006 7946 6629 
f 9381 9581 4726 
f 5485 3195 4810 
f 7176 10080 4830 
f 216 2689 7611 
f 9701 9845 9285 
f 8311 5411 4429 
f 7354 7090 5410 
f 8350 9130 8773 
f 4905 4901 4872 
f 3306 10164 10163 
f 10156 10238 9856 
f 3868 361 358 
f 5272 4769 4876 
f 5257 4700 8026 
f 1071 7698 7617 
f 6615 10310 9383 
f 8768 1677 8541 
f 4856 5512 7661 
f 2173 4959 10695 
f 8271 2882 518 
f 10266 10175 9874 
f 3380 5007 4952 
f 6730 170 1173 
f 5344 5345 5323 
f 4747 10019 132 
f 9435 9786 10008 
f 1248 2492 723 
f 8219 7661 8220 
f 3256 10531 10530 
f 2158 6623 7902 
f 6622 10529 365 
f 5158 3928 5156 
f 311 2868 4858 
f 1883 8273 6799 
f 2570 4768 8559 
f 10464 10086 1087 
f 3553 5108 4933 
f 3889 9777 4586 
f 9982 4628 9979 
f 7296 2650 10377 
f 3108 5157 4812 
f 7668 8285 7658 
f 7210 984 6527 
f 7226 6202 3683 
f 4871 4247 4420 
f 2768 1848 7821 
f 2226 8132 8030 
f 8983 340 285 
f 10080 9857 4830 
f 3404 1436 2146 
f 655 3008 715 
f 7377 7378 7205 
f 6942 5 713 
f 4871 4420 4424 
f 9950 9882 9883 
f 4467 4831 4320 
f 7113 10259 3824 
f 5328 5193 5047 
f 7907 4691 6182 
f 10329 10257 10178 
f 8946 6057 559 
f 9019 8910 2321 
f 5632 4358 4362 
f 3085 2770 9451 
f 613 1770 615 
f 5887 10220 6206 
f 4463 8051 9807 
f 9821 9678 9899 
f 6845 1188 1303 
f 3844 3489 3490 
f 3641 7012 4391 
f 8120 406 890 
f 965 919 10563 
f 10185 10181 10334 
f 4230 4768 4231 
f 3177 3844 4590 
f 9282 9241 9237 
f 6628 6458 6399 
f 9899 9750 9897 
f 8946 2086 4108 
f 5692 5297 4741 
f 9231 3400 10099 
f 2520 9257 4276 
f 3677 5018 127 
f 9900 9962 9964 
f 10438 4636 4557 
f 8212 3403 9740 
f 3459 10547 7275 
f 9750 9678 9572 
f 8 7098 2155 
f 6914 8149 637 
f 10422 10204 10420 
f 8322 10272 5281 
f 10269 10110 10411 
f 4226 5448 5458 
f 1811 6608 6609 
f 3589 10276 7879 
f 10204 8572 10352 
f 10338 554 4699 
f 867 1129 2541 
f 5471 10585 1654 
f 8460 8391 8513 
f 6734 6634 10042 
f 3707 10307 8862 
f 2031 3088 9087 
f 9942 3861 528 
f 7878 9505 4756 
f 5220 5124 5672 
f 10450 142 10518 
f 5305 6813 3568 
f 4718 7204 250 
f 4228 840 5081 
f 5388 5649 5630 
f 7935 3597 514 
f 9610 9612 9574 
f 4227 3273 8621 
f 8198 7213 5023 
f 10360 9581 9381 
f 5388 5630 5631 
f 10494 3471 4917 
f 5683 10424 4761 
f 7501 7431 7692 
f 6458 2887 8763 
f 8029 7241 7640 
f 5869 10129 4633 
f 6319 7455 7135 
f 8489 7721 1709 
f 281 429 366 
f 4988 4899 5500 
f 5154 6449 10510 
f 1103 3728 3603 
f 9151 3389 3387 
f 2328 5249 3747 
f 6672 1651 9285 
f 5165 5520 5184 
f 5597 5178 10270 
f 2493 5329 5405 
f 10369 6353 10390 
f 4042 7773 8707 
f 9122 9020 9019 
f 5926 5899 6397 
f 4762 5335 5582 
f 7026 1301 2900 
f 10209 10126 9978 
f 2085 7307 1010 
f 892 9497 2556 
f 8463 10713 3382 
f 3170 3172 3168 
f 5408 4932 5031 
f 10349 10416 10493 
f 10274 10196 10195 
f 3237 9136 3214 
f 10087 10011 10086 
f 521 5121 6443 
f 1407 6252 9229 
f 10530 5034 3256 
f 2138 8207 7745 
f 8254 2599 1752 
f 5603 6159 5342 
f 4369 4367 4470 
f 1583 5601 1818 
f 5910 6786 3339 
f 4139 4226 4794 
f 569 652 611 
f 3451 5099 3450 
f 4090 4611 4240 
f 5590 3098 7649 
f 4413 4412 8113 
f 10088 10323 10246 
f 2894 7180 7506 
f 6321 5536 1588 
f 3928 5194 3081 
f 8964 8893 8854 
f 4883 3928 5158 
f 10258 10334 10181 
f 2465 4256 4446 
f 4539 4223 7003 
f 4882 5034 4857 
f 5715 5156 5726 
f 985 984 7210 
f 4237 3295 7003 
f 7641 9506 6738 
f 4779 9326 5640 
f 8238 8066 8158 
f 7003 3295 2876 
f 7551 7406 6738 
f 6596 3251 3250 
f 599 747 500 
f 10115 9964 10196 
f 7943 646 1387 
f 9509 4677 6481 
f 9315 10421 2567 
f 10274 10115 10196 
f 653 2224 5055 
f 6185 5993 5964 
f 9671 7157 9811 
f 4393 5347 4391 
f 6402 844 1657 
f 5439 5575 4820 
f 5157 3108 4723 
f 4286 3843 5594 
f 2407 10241 10245 
f 6729 2565 7042 
f 2259 8586 5605 
f 7225 6996 761 
f 4065 4277 3644 
f 2596 5428 7313 
f 1334 1128 2976 
f 10493 10416 4037 
f 636 544 903 
f 4234 5218 5349 
f 3177 4590 10554 
f 7364 587 9053 
f 10327 2099 7444 
f 3543 1722 8441 
f 1942 2708 4547 
f 8029 4911 4909 
f 1287 803 2042 
f 10494 6736 10349 
f 1390 967 3676 
f 6798 5040 6689 
f 469 2518 7295 
f 9249 9440 9133 
f 7661 4509 8220 
f 10409 825 7599 
f 8882 8830 8880 
f 3734 2862 9176 
f 10253 6437 1847 
f 7700 8732 2629 
f 3951 3532 2558 
f 4864 5498 5121 
f 921 5759 8448 
f 1739 1921 2149 
f 8819 1411 1754 
f 9628 4782 3728 
f 4133 4219 4264 
f 2236 3780 1182 
f 4604 8699 4397 
f 6819 6610 6609 
f 3438 5198 5405 
f 5512 4864 5163 
f 1334 10018 1827 
f 6814 6460 3641 
f 10608 4319 4312 
f 662 3610 255 
f 10007 10638 1135 
f 3283 3077 5451 
f 644 5950 1526 
f 7286 7285 7510 
f 8015 9802 9801 
f 7135 1718 6319 
f 4212 8381 6214 
f 6204 7642 5486 
f 65 1627 4532 
f 7361 624 7814 
f 4844 4843 1091 
f 7895 7799 7963 
f 1865 107 6000 
f 7728 8780 6519 
f 6492 7550 2223 
f 7230 2053 2753 
f 8876 3990 2317 
f 5458 5448 4872 
f 295 829 873 
f 8484 9062 4962 
f 4820 4554 5439 
f 4593 4285 4554 
f 4407 4037 5472 
f 10714 2511 4193 
f 8484 1880 9062 
f 3544 3107 4311 
f 4835 5572 2580 
f 4066 5455 4139 
f 9955 4080 2814 
f 1339 3320 8502 
f 10442 4526 4440 
f 8520 8394 8553 
f 3025 6378 6377 
f 6362 6385 239 
f 8866 8262 6696 
f 2073 2074 8600 
f 8802 3037 2921 
f 2472 2445 2566 
f 6325 1462 4779 
f 4687 4685 6802 
f 6014 5871 7880 
f 8128 8209 7957 
f 2063 3980 1998 
f 540 6861 9372 
f 7043 7171 7111 
f 9271 9222 4646 
f 8258 9970 6262 
f 236 4629 4184 
f 4584 10484 4652 
f 10428 10429 10295 
f 5320 5394 5318 
f 5181 5856 4023 
f 7424 7341 7420 
f 6255 8265 6254 
f 2422 2122 2121 
f 8011 8114 8076 
f 8576 1411 3065 
f 3597 9104 8532 
f 6752 5764 4104 
f 9978 9919 9917 
f 7678 7568 8601 
f 10235 6782 1569 
f 10231 3360 6767 
f 3027 4099 3069 
f 7502 8128 4759 
f 2020 2656 9941 
f 6087 7595 9976 
f 3006 2498 7752 
f 8986 8879 8825 
f 6940 4130 8781 
f 2557 2558 1425 
f 6492 8242 7550 
f 6941 5647 3239 
f 3540 1631 3472 
f 3371 6596 1638 
f 7740 9762 10082 
f 3542 6163 3005 
f 7251 7373 7375 
f 4781 4730 6440 
f 5443 4349 5444 
f 7468 7445 5254 
f 1948 2934 29 
f 2052 9844 9045 
f 2831 5640 4321 
f 348 1526 5950 
f 5408 5280 9028 
f 9481 9424 9605 
f 1272 1310 1241 
f 1139 1625 3057 
f 10000 866 10567 
f 7162 7097 7254 
f 5175 4857 8688 
f 5632 5646 4897 
f 840 4228 4538 
f 3298 6639 3882 
f 6183 7757 10565 
f 5971 7160 7037 
f 3324 893 1323 
f 8846 10505 8065 
f 8945 8828 8705 
f 6918 4848 6425 
f 433 241 5977 
f 1930 8117 6717 
f 5298 2116 9286 
f 4596 4563 4555 
f 9777 4645 3072 
f 6856 1624 4989 
f 5174 6459 6461 
f 4422 1597 4421 
f 571 6456 2791 
f 8824 8937 8825 
f 4445 4812 4767 
f 10576 9431 9429 
f 384 9704 2007 
f 5063 9489 1544 
f 6658 4030 951 
f 4655 5324 5098 
f 3736 1984 2447 
f 3406 3438 5405 
f 7657 6776 10586 
f 1833 6350 245 
f 8391 8387 8513 
f 8710 10568 5521 
f 2421 5541 4974 
f 2517 40 1047 
f 4541 6332 1659 
f 1163 3712 3895 
f 8013 9906 7849 
f 4936 485 484 
f 10234 9985 4538 
f 1965 1364 2273 
f 5614 5162 3874 
f 9107 10303 6637 
f 3406 5231 2336 
f 5550 5003 5551 
f 3798 2934 1947 
f 5516 4461 7102 
f 2886 5726 5156 
f 9982 2233 4628 
f 4057 6158 3507 
f 6888 7850 6643 
f 2719 2718 2754 
f 3592 4073 4686 
f 4859 8193 9809 
f 7813 4490 1849 
f 9319 8467 5429 
f 6416 4604 8284 
f 1477 4711 4568 
f 10653 9565 921 
f 1829 3207 7407 
f 9739 8916 9980 
f 4454 6482 10006 
f 9403 9163 2991 
f 2441 4120 2821 
f 4988 5500 6005 
f 8923 1850 9554 
f 3639 4386 4606 
f 9902 667 9669 
f 834 3876 10564 
f 38 11 7404 
f 3597 350 514 
f 5205 5570 6946 
f 2055 2506 2056 
f 983 4787 5513 
f 8134 8031 8132 
f 9282 9333 9336 
f 303 5591 10684 
f 9840 6191 9045 
f 4719 4676 4843 
f 9527 9578 9613 
f 10582 468 6209 
f 5498 6443 5121 
f 8667 255 1796 
f 8508 8688 6903 
f 4756 2553 10492 
f 8569 9337 6079 
f 5620 5099 2899 
f 10491 7913 8003 
f 9973 5437 5329 
f 5521 2329 8710 
f 2092 2090 2425 
f 228 10048 6877 
f 5689 1477 4713 
f 4180 1065 7823 
f 980 9277 1385 
f 5958 5935 5981 
f 4974 5541 4513 
f 7777 399 463 
f 5435 5689 5523 
f 1477 5435 5387 
f 9084 8977 9081 
f 2887 6458 6325 
f 9755 9744 4332 
f 4376 4293 4530 
f 10679 1564 3945 
f 4448 4530 4293 
f 6698 1565 2979 
f 4935 4865 5379 
f 2581 5763 3165 
f 8593 8592 8672 
f 4795 4270 3985 
f 2789 182 2883 
f 5380 3400 10509 
f 5318 2169 9400 
f 7203 5159 6581 
f 5503 5478 5441 
f 5550 4960 5003 
f 4226 4320 4831 
f 5020 4629 6099 
f 10013 6549 5633 
f 6066 9200 752 
f 5138 5614 3943 
f 4965 10234 4538 
f 7601 5020 6100 
f 1417 630 9560 
f 7215 2776 2604 
f 9123 9226 9266 
f 8132 2226 8217 
f 5967 5494 6091 
f 8220 8140 8219 
f 4247 7797 4420 
f 1421 825 1219 
f 3218 7784 10005 
f 4409 1233 1050 
f 1903 6833 1549 
f 2466 5382 5321 
f 367 7283 3099 
f 9125 10308 9268 
f 1182 1667 2236 
f 5615 7304 8070 
f 4664 5048 4563 
f 1873 2067 9713 
f 3094 900 7058 
f 3591 8471 8878 
f 9087 9277 10124 
f 3897 3896 479 
f 8217 8213 4673 
f 7520 3165 9624 
f 4999 4774 4554 
f 9676 1591 1738 
f 2202 2201 2535 
f 4819 2951 6746 
f 1652 1745 2657 
f 9724 9206 550 
f 881 1661 5090 
f 3299 9741 805 
f 4618 6874 1312 
f 2493 6883 5329 
f 9710 9670 9691 
f 5633 602 869 
f 2268 10586 6776 
f 4568 4713 1477 
f 3621 3699 3622 
f 6867 6675 6866 
f 119 293 929 
f 5583 2326 8138 
f 2667 2502 2670 
f 5033 4480 7659 
f 7354 3455 3380 
f 6297 4543 2920 
f 4817 5725 7605 
f 8763 1015 6516 
f 3189 5954 9078 
f 6465 5042 7802 
f 2007 3221 5778 
f 8361 10679 7326 
f 4903 2421 4972 
f 8510 8511 3020 
f 3136 7409 7863 
f 2209 2131 1238 
f 2480 5136 5392 
f 6992 7884 9221 
f 5031 6382 5026 
f 4476 414 9893 
f 10224 8358 2747 
f 8296 8298 8564 
f 4015 10424 10422 
f 1880 5202 10289 
f 5534 881 2025 
f 5529 5970 5718 
f 8613 7749 9303 
f 8361 1564 10679 
f 7943 7558 5885 
f 4487 7030 348 
f 4072 2886 2864 
f 8194 7617 8403 
f 7335 7162 7254 
f 929 8227 4842 
f 7424 7425 7261 
f 6005 4863 8467 
f 7662 7663 7292 
f 5015 4953 5084 
f 1492 1146 6650 
f 4390 6295 4040 
f 3752 6761 1855 
f 4281 8622 9414 
f 645 2417 5723 
f 7888 8476 8306 
f 3013 6648 10009 
f 5908 3978 9223 
f 9985 3943 3874 
f 9518 7937 6640 
f 9568 9673 9569 
f 8188 6339 3978 
f 8502 3320 6822 
f 5030 3618 3998 
f 9627 9586 9618 
f 2395 2331 1540 
f 7106 3762 10718 
f 8026 4700 5202 
f 4399 4143 5832 
f 6382 5523 10095 
f 4762 5111 2553 
f 3979 8287 7975 
f 4103 3916 4101 
f 8125 8034 10458 
f 4470 4075 4795 
f 4527 8599 2753 
f 5613 2038 3693 
f 6330 5081 5286 
f 5026 5024 5031 
f 1441 3722 5093 
f 6824 10239 472 
f 2868 2499 5943 
f 8848 9623 3591 
f 5487 5470 4655 
f 4971 5996 6384 
f 9277 980 10124 
f 4594 4967 6273 
f 5368 4365 8311 
f 7107 825 1421 
f 4071 2686 2692 
f 2320 5625 5551 
f 4786 21 10381 
f 5454 4349 5325 
f 3667 3400 5380 
f 5972 2937 4301 
f 5077 4980 5037 
f 5987 1828 10479 
f 2197 2168 2110 
f 6031 6030 6062 
f 8316 7833 3178 
f 7823 8518 2038 
f 6601 8407 8472 
f 9784 1668 10468 
f 8258 5727 9970 
f 6504 5336 5823 
f 9075 8972 9074 
f 1886 2991 7065 
f 1217 835 661 
f 4280 5862 2661 
f 2998 4419 7739 
f 5672 5677 5260 
f 9235 9185 9278 
f 8824 9829 533 
f 2832 2785 2830 
f 2480 10695 4959 
f 1960 1476 10299 
f 406 123 7549 
f 4737 5455 4735 
f 4526 4831 4467 
f 881 4932 2025 
f 10248 651 2488 
f 6989 6519 10262 
f 5080 5221 8787 
f 5822 7145 6939 
f 5060 5653 4960 
f 1397 1782 1753 
f 10639 6659 10638 
f 3616 9543 3658 
f 7350 7045 7112 
f 4318 4822 7401 
f 7037 7160 1158 
f 6087 9975 30 
f 5227 3453 3746 
f 5172 1568 5217 
f 8012 6134 1425 
f 4953 5015 4863 
f 5062 5007 8678 
f 5217 5062 5215 
f 5066 5062 5217 
f 10365 3665 10394 
f 10394 2833 4451 
f 10222 5796 4625 
f 5481 5493 8913 
f 6065 4703 2920 
f 4242 4204 4336 
f 5205 4897 4939 
f 8485 8628 10261 
f 1735 2201 2202 
f 8737 10108 5925 
f 2874 4186 10376 
f 8141 10372 8097 
f 611 10104 3966 
f 4976 5257 8026 
f 293 4919 2355 
f 3607 8439 9378 
f 7036 3175 9314 
f 3506 3508 1978 
f 2507 1553 9431 
f 10442 4562 4791 
f 9025 9143 9530 
f 4597 4804 4800 
f 5044 5572 4970 
f 3001 2919 3041 
f 1891 3761 3760 
f 1547 4709 4597 
f 6186 777 10032 
f 8287 3979 10710 
f 2070 1785 2028 
f 8354 8349 8520 
f 8294 8237 8354 
f 6902 4661 5420 
f 4500 7115 925 
f 6377 6378 8457 
f 10326 8852 127 
f 3475 3580 3622 
f 1048 1853 7864 
f 5722 5315 10588 
f 390 8698 1714 
f 9766 9694 9692 
f 7347 7275 4885 
f 2056 521 6443 
f 307 9623 6776 
f 4279 9550 8442 
f 4959 10427 2480 
f 6685 833 6421 
f 8726 4429 2031 
f 3233 3230 3265 
f 5965 3585 5149 
f 3173 1263 6904 
f 5214 5213 5322 
f 5659 2996 5573 
f 3477 4731 4717 
f 6434 5070 10028 
f 9185 9181 9276 
f 10694 2330 10183 
f 6847 1567 1894 
f 8027 7890 7962 
f 9668 9622 9667 
f 5444 5380 5381 
f 6775 6872 6565 
f 5136 5088 5392 
f 9037 8776 4309 
f 2544 2379 2378 
f 5184 5398 5423 
f 5007 3380 789 
f 2526 1909 10583 
f 4716 3851 6020 
f 2528 2535 2201 
f 4863 5015 8467 
f 8931 2013 8932 
f 10684 10296 303 
f 639 5746 2806 
f 3546 4982 7524 
f 2262 2500 5497 
f 3547 2034 6263 
f 5066 4953 4952 
f 6152 5222 5486 
f 3688 5051 5052 
f 9078 5954 223 
f 1291 1705 4339 
f 994 2078 6517 
f 4391 7012 4393 
f 6589 1989 1689 
f 5211 7017 3231 
f 7465 7467 2792 
f 5134 3745 3702 
f 5967 5134 5494 
f 7467 7529 7528 
f 1206 1055 4415 
f 2489 4674 6033 
f 5660 5649 5651 
f 3253 3252 6443 
f 8580 324 2624 
f 7480 7479 5139 
f 10099 3400 7911 
f 10509 5381 5380 
f 1723 5060 4834 
f 2942 7576 5480 
f 1843 6960 9191 
f 8090 7962 8089 
f 4513 5541 4551 
f 10450 4568 4711 
f 6126 6101 6146 
f 6647 2794 6495 
f 1139 2728 1212 
f 3057 2728 1139 
f 9370 1075 517 
f 2522 2856 2523 
f 4674 5574 6033 
f 4834 4939 4825 
f 5380 5444 5466 
f 254 4967 3594 
f 3270 2859 3269 
f 3296 5622 9234 
f 2379 10562 2046 
f 5975 9047 4806 
f 2138 7745 4387 
f 848 2528 2530 
f 7745 8207 8208 
f 7246 150 8667 
f 3438 3406 2336 
f 10614 10586 2268 
f 9932 4026 8563 
f 10359 1633 7175 
f 840 4538 5280 
f 10437 8655 5676 
f 5256 4474 2058 
f 225 197 8416 
f 1172 2948 1039 
f 2617 2663 10365 
f 5683 4761 1143 
f 10179 9789 5275 
f 4509 5165 5423 
f 5165 4509 4502 
f 3692 7662 7292 
f 10702 3214 9798 
f 6952 7158 8300 
f 9527 9472 9578 
f 4828 5673 5570 
f 3597 8532 1718 
f 556 1534 265 
f 9624 1902 7046 
f 640 369 9652 
f 10199 1150 9493 
f 4391 3679 3641 
f 6707 7970 725 
f 5452 6707 10626 
f 3930 4744 6179 
f 9210 3147 2747 
f 5307 1002 5241 
f 4525 3655 9442 
f 2331 2395 2404 
f 10711 10528 1737 
f 7813 85 9749 
f 6475 3522 6077 
f 9749 6387 7813 
f 5049 3484 9416 
f 9487 2115 1520 
f 2417 9429 2240 
f 5173 1568 5172 
f 4740 4988 6005 
f 5767 8143 2396 
f 1806 8778 587 
f 1358 1428 1326 
f 5642 3655 4525 
f 9292 9377 9294 
f 248 2743 3223 
f 3464 5247 5790 
f 2335 4825 4939 
f 3310 5883 7369 
f 4769 1270 4877 
f 7674 7776 7782 
f 3057 3266 2851 
f 6263 6264 6054 
f 1587 3829 1581 
f 3993 5058 5758 
f 9123 9020 9122 
f 4864 5121 521 
f 6296 5248 3331 
f 10358 10356 10473 
f 9011 4142 8001 
f 9676 2374 2041 
f 5337 5316 5535 
f 1405 1380 1450 
f 6007 6046 6047 
f 4574 4684 4647 
f 1804 10415 9730 
f 3555 7348 2144 
f 5697 1804 2339 
f 10579 250 7204 
f 4348 10480 1697 
f 5819 165 8079 
f 10348 9281 1874 
f 632 544 2971 
f 6126 9007 6149 
f 1484 8358 4338 
f 3640 17 2986 
f 2763 9584 420 
f 9781 8274 9991 
f 9618 9570 9656 
f 4693 573 10688 
f 6118 5965 9768 
f 9738 411 10681 
f 6729 6731 6631 
f 9589 10219 6985 
f 9645 9726 9646 
f 9035 2147 2065 
f 4468 5559 2750 
f 8833 6071 6053 
f 1359 3424 7441 
f 1219 7232 1421 
f 9396 6119 7157 
f 5035 5041 5312 
f 4084 8099 5774 
f 3254 7267 3478 
f 3798 3405 2813 
f 2437 4806 930 
f 3195 3450 1698 
f 7652 6461 3559 
f 8457 8387 6377 
f 1528 8999 217 
f 10262 2069 10679 
f 8113 1084 4413 
f 4961 10016 5120 
f 7450 7683 7449 
f 9313 3788 3793 
f 6236 2999 3426 
f 5162 5185 3874 
f 3247 757 259 
f 10505 821 10284 
f 8969 1768 4582 
f 2080 8289 4402 
f 9103 289 8974 
f 7077 7387 7138 
f 5134 5967 5804 
f 2073 8600 2915 
f 1435 1361 1396 
f 2530 10290 9378 
f 10252 2749 2959 
f 9981 253 7167 
f 6250 5442 3719 
f 7395 8212 10500 
f 4164 7591 7593 
f 9722 999 7539 
f 2855 3464 3060 
f 6902 5069 3910 
f 6495 5247 5206 
f 2547 7250 10290 
f 9902 4686 5811 
f 10262 6519 2069 
f 3138 10230 3140 
f 667 6346 10243 
f 9232 6225 1285 
f 2833 10394 3665 
f 10682 8870 974 
f 4383 8831 3684 
f 6246 985 7840 
f 4409 2393 1233 
f 2535 2372 2202 
f 8601 7674 7782 
f 2378 1620 2544 
f 10400 3607 1495 
f 2325 6092 5804 
f 3618 1757 10649 
f 9824 2598 9868 
f 9345 819 9347 
f 8267 8003 8094 
f 5324 5097 5325 
f 4475 414 4476 
f 62 6393 7381 
f 2173 10695 5163 
f 3438 8918 5198 
f 9628 7136 9647 
f 2174 597 1525 
f 1862 3510 7370 
f 5191 3438 2336 
f 2267 8571 9350 
f 591 2897 593 
f 2635 1043 3234 
f 8945 8772 8879 
f 3185 3550 7596 
f 7036 4271 4710 
f 4641 1245 5905 
f 4196 6085 4059 
f 7661 5512 4502 
f 5329 4464 9973 
f 911 2305 909 
f 5793 1632 9803 
f 3246 3280 3282 
f 9120 1338 1227 
f 2648 4136 7146 
f 8713 6683 2338 
f 10041 1947 1948 
f 563 5101 5195 
f 5031 5024 5408 
f 10093 5308 5294 
f 5342 4138 4102 
f 6491 7704 5932 
f 9216 5422 4856 
f 7786 8967 2829 
f 3747 5243 4494 
f 4777 2567 9477 
f 5878 4273 5445 
f 5588 5124 5220 
f 6678 6242 738 
f 7821 1848 1697 
f 1987 6483 6190 
f 5672 5649 5660 
f 5424 1734 5409 
f 950 3214 10663 
f 1568 5084 5066 
f 10591 2156 10657 
f 8865 8863 6714 
f 4686 2098 5811 
f 6845 3408 9417 
f 5376 531 2586 
f 6453 5420 3005 
f 8678 5007 789 
f 6912 1906 1738 
f 5321 5302 2466 
f 1940 1895 1970 
f 638 2698 9599 
f 5723 2417 1884 
f 1768 8969 300 
f 5627 2322 2323 
f 9006 5198 8918 
f 6980 6280 6141 
f 7316 5696 7224 
f 7625 7733 4906 
f 8703 9441 3059 
f 5348 2336 1510 
f 10053 9922 4155 
f 3584 4358 5610 
f 4887 9120 9697 
f 10616 1497 1169 
f 3274 2684 3270 
f 5798 1001 3476 
f 7479 7480 6157 
f 2684 2859 3270 
f 8462 2987 8461 
f 4960 5567 5570 
f 2851 2678 2728 
f 2528 2201 2200 
f 4825 29 4834 
f 3750 3551 7920 
f 3060 2858 2856 
f 2604 8126 7215 
f 3864 261 7314 
f 9214 7600 786 
f 3425 3611 3612 
f 5280 4538 9985 
f 1510 4362 5348 
f 9580 1247 9642 
f 8497 4345 2036 
f 4387 2516 1119 
f 5348 8918 5191 
f 2540 1620 2378 
f 5291 5304 5687 
f 8612 7780 10400 
f 3837 60 10650 
f 1710 7205 3885 
f 1969 2497 9189 
f 6126 6146 9007 
f 2149 2376 633 
f 2322 6946 5259 
f 776 10132 1725 
f 3747 8496 2328 
f 638 5509 4519 
f 7090 3380 4899 
f 5919 7948 2576 
f 1129 867 1534 
f 1677 10276 3589 
f 7268 4851 619 
f 3112 501 4290 
f 5274 4876 1145 
f 6953 7018 4674 
f 964 7832 6703 
f 2419 2387 2248 
f 4501 6444 1254 
f 3946 4627 5794 
f 9025 5406 9143 
f 4490 4032 3398 
f 3136 3303 5546 
f 9828 8695 3053 
f 5321 5344 5322 
f 5553 4425 5908 
f 3459 3852 4528 
f 125 973 1903 
f 7892 8146 6526 
f 4952 5500 4899 
f 5124 5630 5649 
f 6999 7076 1043 
f 6789 7402 7712 
f 8231 9465 8229 
f 8411 5304 5292 
f 2823 7163 4280 
f 5394 5675 2318 
f 1511 1445 7129 
f 6089 6047 6127 
f 5528 5261 6092 
f 5292 5394 8411 
f 2325 2318 5675 
f 5176 1740 5178 
f 4515 10489 582 
f 8876 3367 3990 
f 4372 8620 7726 
f 2595 9104 9461 
f 2325 5675 6092 
f 8872 8968 8972 
f 4889 5438 8710 
f 8778 8704 1680 
f 10628 10676 10622 
f 6383 6362 6359 
f 5181 4023 4380 
f 7920 2068 2398 
f 3064 5235 3026 
f 4246 2775 3661 
f 2223 2990 2989 
f 6983 7184 7118 
f 7412 4708 8939 
f 8268 8132 8217 
f 1317 1316 1419 
f 8838 6221 2495 
f 1029 3269 5790 
f 2092 2425 1859 
f 7998 10523 10451 
f 2580 5572 5044 
f 4861 5610 5632 
f 300 3311 9576 
f 4825 1615 1948 
f 9906 8608 8935 
f 10020 1020 8712 
f 7370 8719 7475 
f 5310 6128 6153 
f 10380 694 7789 
f 8558 6378 6492 
f 2169 915 2293 
f 1355 9046 5888 
f 6088 10487 6370 
f 1270 5284 5297 
f 7542 7543 4057 
f 4256 2363 1367 
f 3270 3269 1029 
f 10290 2530 3274 
f 3745 5261 5396 
f 6899 3223 5303 
f 8016 5696 9515 
f 5332 6730 10 
f 2743 248 7250 
f 10575 10366 10546 
f 2295 10436 7532 
f 7458 6219 2358 
f 5435 1477 5689 
f 5272 5264 4013 
f 2544 1620 7357 
f 5606 8448 1453 
f 10074 5296 2925 
f 6110 5697 2339 
f 4498 6905 7855 
f 6399 2432 9308 
f 4200 6186 857 
f 8043 5815 10272 
f 6391 5811 2418 
f 9187 9141 9235 
f 1931 5005 9538 
f 5547 5226 5262 
f 5219 108 8101 
f 1167 9727 5501 
f 5386 5418 643 
f 4379 8264 4032 
f 9037 4309 7722 
f 5219 8101 5129 
f 9304 474 1967 
f 4702 1742 6903 
f 5460 5441 5478 
f 286 1739 7556 
f 3519 3910 9781 
f 5241 3005 5307 
f 7842 4755 3367 
f 10093 5294 5131 
f 9154 8986 9043 
f 5362 9938 4954 
f 6221 8317 7751 
f 7220 2258 10562 
f 2453 10201 7737 
f 1952 1522 1369 
f 6058 10068 6101 
f 9514 67 71 
f 3904 3865 3981 
f 4805 5528 6092 
f 2735 3037 2769 
f 4381 5319 1638 
f 6778 3249 10104 
f 557 886 6350 
f 8498 8748 8088 
f 8127 3811 786 
f 6118 6128 3585 
f 8564 3242 8296 
f 4464 5996 4971 
f 6584 6534 6701 
f 7556 2149 470 
f 5281 6801 625 
f 7470 9607 7387 
f 9082 6917 3212 
f 5381 3405 5444 
f 766 5789 9348 
f 8184 7997 8183 
f 3865 3939 4060 
f 391 62 6094 
f 8968 8872 2739 
f 2997 2401 3221 
f 1726 9794 1563 
f 7084 7083 7148 
f 9400 2021 5320 
f 3974 8116 10578 
f 10005 8222 6335 
f 5804 5261 5134 
f 5291 5297 5284 
f 7106 10718 8214 
f 2076 2420 2533 
f 857 6186 10032 
f 8026 5202 1880 
f 9936 10500 8212 
f 4795 4075 4444 
f 1534 867 265 
f 5018 3677 3050 
f 8716 3006 3811 
f 3719 5442 5511 
f 3570 133 9714 
f 3730 3727 3815 
f 4606 4386 5611 
f 3941 7061 10394 
f 1201 60 3837 
f 5247 3266 5206 
f 2684 2525 2859 
f 6346 5811 9749 
f 7250 2547 4200 
f 9088 10359 9954 
f 2528 2200 2527 
f 9108 5636 7325 
f 4236 2022 2064 
f 6163 3360 3005 
f 2859 3060 3269 
f 8990 7227 7148 
f 2813 5381 10509 
f 6899 8612 10400 
f 5675 5394 5292 
f 3593 5956 5553 
f 7780 8439 3607 
f 7167 1125 5238 
f 601 69 70 
f 4939 2337 1510 
f 2898 7780 6871 
f 5109 10041 5187 
f 10262 2865 6989 
f 327 660 5775 
f 8374 8612 6594 
f 9242 9154 9043 
f 5697 5246 1804 
f 9971 8504 8624 
f 2710 7819 10686 
f 282 1926 2216 
f 6746 9256 7255 
f 2029 4895 9394 
f 1952 9014 9918 
f 4617 6693 8906 
f 2102 6557 9014 
f 4529 4439 8651 
f 8537 7834 2863 
f 7255 5211 8682 
f 7474 8839 2086 
f 6030 6090 6062 
f 5046 4994 4888 
f 4071 2688 2686 
f 2999 6159 6330 
f 5473 3282 3312 
f 9218 8278 2405 
f 7181 4063 5642 
f 10173 3926 1730 
f 3247 259 3222 
f 8497 2744 9214 
f 9749 2496 6346 
f 5307 5219 5271 
f 2442 9176 710 
f 5172 5271 5173 
f 2617 1066 2663 
f 4766 4661 8189 
f 3005 3360 108 
f 6152 6151 5879 
f 3695 2067 1873 
f 7228 1478 4091 
f 3633 724 1306 
f 3055 3011 3101 
f 9424 9367 9320 
f 8656 1993 3348 
f 5251 10648 10643 
f 2989 8558 2223 
f 708 3125 3695 
f 5466 5463 1661 
f 9913 5685 9013 
f 9826 10047 9971 
f 5854 10070 3705 
f 9193 3322 2725 
f 4854 310 3168 
f 4269 4179 4222 
f 7309 6220 10161 
f 6679 4868 8205 
f 2653 2018 2293 
f 3977 5228 1418 
f 1745 3577 10490 
f 1843 4022 6960 
f 7184 7048 7117 
f 5331 6688 4700 
f 3236 7481 8646 
f 4047 3336 32 
f 4324 2055 5162 
f 6582 6197 4018 
f 1626 3804 6193 
f 540 10382 21 
f 9936 6840 6537 
f 4859 9809 8840 
f 5219 5173 5271 
f 1002 5345 5386 
f 1029 6186 2547 
f 4895 6462 9463 
f 1566 1873 262 
f 3361 3360 6165 
f 4875 4484 5682 
f 3346 3944 7325 
f 3873 777 10138 
f 6453 6250 6902 
f 6453 3005 5241 
f 7789 694 10032 
f 3873 10138 10616 
f 3138 3140 2953 
f 415 5991 9528 
f 10380 7789 999 
f 10032 777 6994 
f 3546 3005 4766 
f 7119 8677 6145 
f 1698 4810 3195 
f 2350 2697 1606 
f 9674 9653 9670 
f 2855 2851 3266 
f 3148 3217 2926 
f 4331 5813 1778 
f 2530 2528 2527 
f 10427 2664 4324 
f 4550 8344 4584 
f 6899 248 3223 
f 7849 9450 7733 
f 8055 7872 7869 
f 10392 2794 696 
f 7001 3234 7076 
f 5171 3076 5305 
f 1491 2540 2374 
f 550 5945 9724 
f 1510 2335 4939 
f 2772 5130 9137 
f 2566 3587 3578 
f 4502 4509 7661 
f 5735 5736 6275 
f 2754 2718 2787 
f 357 271 230 
f 9988 8271 4456 
f 6334 419 1040 
f 5100 4585 4630 
f 4365 4637 4594 
f 1686 7948 3207 
f 6597 1723 2934 
f 1905 6568 3070 
f 731 7275 10547 
f 5170 9749 85 
f 1881 1908 4802 
f 10184 6499 5561 
f 2338 2587 9824 
f 3398 10707 9015 
f 2376 2149 1921 
f 6250 5389 5442 
f 6828 5399 5360 
f 5759 7635 10339 
f 10078 8378 9524 
f 3920 6040 716 
f 8008 4068 2875 
f 8750 503 5275 
f 8570 4158 9772 
f 3729 6657 6121 
f 4514 3004 353 
f 7650 1746 10515 
f 10500 9936 6530 
f 1941 3285 10031 
f 3765 295 297 
f 986 10294 10446 
f 5646 4939 4897 
f 7895 7692 7799 
f 6920 6921 472 
f 7298 7297 8877 
f 7798 7891 8030 
f 5911 3899 2819 
f 8958 8790 8837 
f 7087 2489 8033 
f 2178 10219 9589 
f 5310 6153 10029 
f 5778 3221 1981 
f 8411 5394 5320 
f 10484 2178 4652 
f 5322 5213 5302 
f 278 8697 5432 
f 5312 4730 5035 
f 6127 6149 6150 
f 5871 6018 6665 
f 7352 3403 8212 
f 5069 6250 3719 
f 3302 5478 5503 
f 4740 6005 9990 
f 8492 8489 7718 
f 610 743 1675 
f 6828 1402 5399 
f 6796 5461 10694 
f 5097 4781 6440 
f 9177 4410 9175 
f 10484 4494 5243 
f 6688 5398 5184 
f 1819 672 6567 
f 81 973 4898 
f 6440 4730 5032 
f 4721 8193 9403 
f 7138 7144 7079 
f 8092 7253 6783 
f 9462 6714 8863 
f 3985 4921 4918 
f 6808 10001 9615 
f 5887 9830 10664 
f 706 6995 4328 
f 8655 1542 6194 
f 7839 820 8123 
f 8552 3311 8969 
f 2519 2141 8218 
f 498 6573 9910 
f 5575 5572 4835 
f 8813 2096 709 
f 1286 5936 1694 
f 4474 881 5534 
f 9049 313 10538 
f 6627 7463 8648 
f 1670 1457 9186 
f 9722 851 10380 
f 8213 8217 8090 
f 4663 4665 4352 
f 7350 7428 7431 
f 6604 7637 7551 
f 9846 483 5785 
f 5405 5198 8746 
f 719 7192 8723 
f 8791 8387 8391 
f 2904 5757 5554 
f 274 1107 220 
f 6453 5389 6250 
f 3634 7745 8208 
f 8078 10392 10138 
f 9036 8773 9034 
f 6039 6019 9086 
f 5172 1002 5271 
f 5023 2206 1347 
f 6832 3895 10071 
f 7574 7488 7418 
f 643 5442 5389 
f 8439 848 9378 
f 3915 3718 853 
f 5843 7149 7227 
f 6634 6838 6735 
f 10074 6473 356 
f 2711 7220 2545 
f 10044 6354 6293 
f 10375 2139 10372 
f 2820 8239 1789 
f 8957 5619 8751 
f 5658 9070 1278 
f 8182 9536 2443 
f 4398 4374 4694 
f 7014 7085 7152 
f 4563 4657 4664 
f 9944 9550 6815 
f 1357 2008 2447 
f 10017 1066 2617 
f 5489 5561 6895 
f 8588 8829 3987 
f 8687 10440 9092 
f 6185 6435 6537 
f 7757 6161 10565 
f 3114 5153 5265 
f 9456 9871 9875 
f 5441 5416 6166 
f 8436 8452 6431 
f 2622 822 679 
f 2630 6054 6264 
f 3618 10649 10556 
f 5422 2320 5512 
f 1961 8726 3048 
f 2360 2590 1616 
f 9186 1457 7213 
f 8027 8217 2226 
f 10556 6333 10247 
f 7581 7582 7484 
f 9951 9915 7707 
f 5032 6382 5031 
f 5687 5297 5291 
f 8639 6063 532 
f 6153 6150 10029 
f 2468 2766 4591 
f 6436 4690 5087 
f 7867 9908 7446 
f 1327 3676 6349 
f 3204 10208 10285 
f 9329 9328 2541 
f 8388 2504 7810 
f 3154 3346 7325 
f 5340 8149 7907 
f 5955 4121 2141 
f 5432 299 278 
f 8570 10424 4015 
f 7885 7790 7574 
f 6702 9558 9574 
f 4675 9245 1053 
f 5405 5437 3406 
f 10181 10027 10258 
f 8823 8589 6426 
f 2320 5498 5512 
f 5030 3998 5257 
f 2556 9497 4925 
f 6246 2503 10101 
f 3802 3709 1653 
f 6023 6001 10068 
f 4747 8106 4807 
f 10548 9815 2242 
f 3527 8281 3722 
f 2969 240 33 
f 3629 1680 8920 
f 5383 1524 5418 
f 3665 1296 3032 
f 5441 6166 5503 
f 3644 4706 2876 
f 557 1096 555 
f 5003 5667 5551 
f 5528 5204 5261 
f 9251 9203 9250 
f 5260 5692 4778 
f 6985 10219 5253 
f 8134 8268 8219 
f 9310 9609 7961 
f 6647 10020 9576 
f 9331 1130 1966 
f 7416 7254 7415 
f 3457 85 1849 
f 8712 1171 1768 
f 8024 8128 7957 
f 1380 1341 1450 
f 4471 156 7492 
f 1966 4094 1815 
f 6301 2216 1926 
f 2743 7250 4200 
f 5130 7996 9137 
f 2695 2713 4886 
f 5257 5356 5030 
f 3223 2743 851 
f 2392 6654 2494 
f 7040 6871 8319 
f 7886 1532 6523 
f 4819 8682 7564 
f 1932 9329 10697 
f 9137 7996 6594 
f 3136 7863 9108 
f 3412 900 4278 
f 3895 4087 1163 
f 1543 9525 348 
f 6537 6435 6530 
f 2637 9575 7394 
f 5625 2665 5656 
f 69 195 141 
f 2683 9221 7884 
f 9026 8911 9020 
f 7909 7716 7908 
f 8076 8013 8011 
f 5296 10074 58 
f 8095 8091 8134 
f 7416 7415 7568 
f 8030 8132 8031 
f 4841 8869 7342 
f 7779 7682 7584 
f 6989 6850 1083 
f 1747 1179 1746 
f 827 5058 4000 
f 10549 5053 8118 
f 4776 9302 4782 
f 838 9987 2237 
f 643 1002 5386 
f 5093 2953 3140 
f 8999 1528 3301 
f 2499 311 1003 
f 1664 5786 5785 
f 9006 6217 6189 
f 5553 3122 3524 
f 2391 5284 1270 
f 2597 2577 6331 
f 5672 5124 5649 
f 6385 2976 6265 
f 5498 5551 5667 
f 3076 6207 5305 
f 5362 10218 9938 
f 5563 4878 1052 
f 2336 5231 1615 
f 7586 10593 10670 
f 1991 10594 2054 
f 5796 8248 3830 
f 10319 8631 8492 
f 10533 10713 4553 
f 7909 8185 8351 
f 3394 1545 5950 
f 6920 6819 7021 
f 6472 8714 10677 
f 5884 10716 6691 
f 9994 7819 2710 
f 2431 8126 2604 
f 3963 5102 9943 
f 4811 7026 2900 
f 1453 10309 3117 
f 2390 887 10350 
f 6478 7633 6418 
f 4813 6198 9998 
f 1105 8630 6712 
f 7418 7336 7335 
f 6896 2569 154 
f 3491 3082 3294 
f 7776 7777 5651 
f 8114 10655 8076 
f 2461 9467 86 
f 2178 9589 5563 
f 7678 7571 7568 
f 8940 2913 10594 
f 5632 5610 4358 
f 5359 1459 4330 
f 236 4443 6099 
f 5753 5737 5734 
f 8406 7131 3420 
f 3657 10084 7599 
f 8713 2338 9824 
f 2553 4756 7923 
f 9985 10234 3943 
f 2823 3454 5378 
f 5555 3874 5185 
f 773 6036 10342 
f 10394 4451 3941 
f 6742 660 1958 
f 9985 5595 5280 
f 5463 5325 5096 
f 5950 1545 348 
f 8485 7669 8308 
f 8953 1039 10646 
f 8932 10111 10555 
f 993 995 9954 
f 409 2723 1028 
f 5443 5187 7942 
f 5397 5651 7777 
f 8969 9604 8552 
f 878 9461 1095 
f 5570 5259 6946 
f 1625 5206 3057 
f 1768 1171 4582 
f 5673 5259 5570 
f 300 10020 1768 
f 5806 7321 2620 
f 9078 9555 3189 
f 3026 1210 3064 
f 4200 2547 6186 
f 4728 8789 308 
f 955 3166 3384 
f 1343 4501 1254 
f 5100 4551 4585 
f 1278 3253 5667 
f 999 7789 1913 
f 4673 8213 7502 
f 4155 3166 944 
f 6832 8316 6962 
f 5195 5098 7942 
f 1666 637 3957 
f 7880 7446 9908 
f 438 9014 1952 
f 7572 7335 7416 
f 3712 2045 10071 
f 6597 5658 5653 
f 6553 9588 9922 
f 9014 184 5492 
f 3432 10252 879 
f 4768 3242 8564 
f 6299 6360 8951 
f 5718 7115 5747 
f 7480 6130 6129 
f 8034 5033 7659 
f 6235 3594 4972 
f 912 620 1130 
f 8808 8689 10595 
f 5584 5563 1052 
f 5199 699 1529 
f 5243 5310 5403 
f 1665 483 7360 
f 5609 5610 5124 
f 8696 1647 9620 
f 4910 6449 5038 
f 9430 9504 5777 
f 6934 7042 7249 
f 7893 7689 7798 
f 5117 7237 7318 
f 600 2734 1957 
f 10393 10467 10535 
f 684 1814 6518 
f 5426 5288 5568 
f 9869 5974 3468 
f 5535 6064 5337 
f 5692 1270 5297 
f 6357 9293 5105 
f 5689 4713 10095 
f 5670 1287 20 
f 10220 5887 8023 
f 7777 7776 7674 
f 5258 9104 7935 
f 10487 7528 4906 
f 5692 4877 1270 
f 988 2442 1802 
f 309 3021 2030 
f 6381 2946 10547 
f 5037 4781 5097 
f 1863 1278 9070 
f 3435 5187 10041 
f 6257 6280 6328 
f 3695 3718 708 
f 4925 1844 1400 
f 3798 1947 5109 
f 2822 1027 4775 
f 3932 7625 7845 
f 7571 7416 7568 
f 2341 8016 9515 
f 7577 2942 7771 
f 8498 169 7922 
f 6396 3594 6235 
f 8148 2745 8151 
f 7555 8293 6645 
f 2721 2757 2758 
f 3153 3151 5663 
f 1163 4087 6299 
f 6133 9327 8318 
f 6193 9438 10662 
f 10008 9937 9435 
f 2853 2606 2641 
f 8332 3783 8902 
f 2126 1151 3987 
f 2792 6999 7074 
f 7143 10344 9299 
f 7999 9553 8000 
f 1749 6784 1536 
f 935 8874 9110 
f 6623 6392 2470 
f 7628 5949 7764 
f 3758 2403 9212 
f 2609 8154 6901 
f 6436 5087 3659 
f 10602 9512 9861 
f 5113 5114 6885 
f 8673 8524 8722 
f 7323 9439 6039 
f 836 9080 10615 
f 6081 9946 5160 
f 1336 2371 5639 
f 8402 7872 8055 
f 6307 264 321 
f 2403 6514 2095 
f 8640 9604 5933 
f 612 570 8529 
f 5190 3311 8552 
f 10608 1021 6700 
f 1640 6698 7654 
f 7146 400 5169 
f 8963 8851 8892 
f 777 8078 10138 
f 8503 10203 8604 
f 4148 4149 874 
f 5946 7761 6237 
f 955 5075 3166 
f 4124 4733 1169 
f 4419 7731 7739 
f 7759 7767 7670 
f 4949 9287 9199 
f 5299 5152 5150 
f 543 8829 10445 
f 1235 7564 6898 
f 6215 5055 1220 
f 5741 5762 5724 
f 955 3384 2080 
f 5737 5713 5709 
f 4634 9963 9441 
f 3166 4124 7216 
f 7933 6834 7930 
f 3223 851 2316 
f 6139 670 6135 
f 8973 8393 6571 
f 5910 2819 6786 
f 203 617 5605 
f 5662 7030 1765 
f 8939 242 6364 
f 10415 5246 1918 
f 6785 7253 7240 
f 5622 1918 9234 
f 8574 8922 8360 
f 9596 3942 1271 
f 8205 8201 5714 
f 4011 9471 8826 
f 10637 10572 10601 
f 8160 9512 9407 
f 7412 8939 2925 
f 8726 5368 4429 
f 3978 4425 8188 
f 8753 8623 8689 
f 9545 8925 9548 
f 7123 2432 7641 
f 8380 6874 6521 
f 8499 8795 9448 
f 2015 2935 605 
f 9551 8339 9549 
f 3354 3229 7143 
f 8433 9458 8285 
f 594 1243 6051 
f 2081 10362 5900 
f 10249 2983 9517 
f 6169 7367 7557 
f 9012 6102 220 
f 4323 2165 1466 
f 9878 1295 9879 
f 4334 4019 2745 
f 5784 8642 9398 
f 8687 1170 5605 
f 9752 9751 4008 
f 8219 8140 8134 
f 4519 9336 2389 
f 6471 8276 8853 
f 6099 4629 236 
f 1313 7810 2504 
f 6326 7665 10501 
f 7180 2894 7289 
f 1840 9555 756 
f 6270 7989 7643 
f 7651 8565 7989 
f 9592 8897 1470 
f 9181 4248 10596 
f 7989 6270 7651 
f 9938 2382 7333 
f 8447 5787 277 
f 7339 10449 10003 
f 2892 4212 1655 
f 254 4966 4967 
f 8524 8354 8596 
f 1385 7904 562 
f 9858 6556 8915 
f 4025 6103 4957 
f 10401 6821 4306 
f 8947 8200 8264 
f 8441 10251 1013 
f 5040 6798 6799 
f 2810 10398 9404 
f 10042 4005 9880 
f 6097 9058 8234 
f 2096 8813 119 
f 2887 1015 8763 
f 8176 7953 9352 
f 9796 9771 1556 
f 1453 3117 5606 
f 8663 501 3112 
f 6799 7944 1883 
f 6366 7635 2220 
f 5344 5383 5386 
f 1700 6405 9354 
f 7092 6401 7317 
f 432 1943 1144 
f 7861 7720 5113 
f 4591 4414 10300 
f 6322 9491 3343 
f 63 5813 347 
f 7056 1027 2822 
f 7521 8792 8450 
f 9664 5083 2596 
f 4571 901 8291 
f 8717 6554 9502 
f 8568 3466 8480 
f 8837 8836 8958 
f 5464 2369 1934 
f 6296 7110 6716 
f 4323 7333 2043 
f 5239 5372 5482 
f 9643 4528 9808 
f 8627 3466 8568 
f 4529 7347 7199 
f 2828 2827 3029 
f 4972 2421 4974 
f 7238 7451 7809 
f 1857 1167 5716 
f 6181 9144 771 
f 4337 9941 8199 
f 5749 5728 5720 
f 7768 7670 7767 
f 1499 1571 1533 
f 5810 5808 5847 
f 7401 3502 4318 
f 1777 3578 226 
f 7216 4124 5989 
f 8074 8010 8111 
f 3873 10616 4733 
f 7629 7311 7724 
f 5762 5812 5724 
f 3232 2699 10069 
f 8157 8014 6403 
f 5282 3582 5872 
f 8364 5849 8369 
f 1495 9378 10290 
f 5075 4733 4124 
f 4978 4660 4659 
f 5075 1913 4733 
f 7373 7249 7478 
f 3729 6547 7570 
f 4364 1774 347 
f 1152 3152 4131 
f 8679 8998 8863 
f 3152 1152 9114 
f 1705 1011 1010 
f 6075 7483 6611 
f 9137 5303 4708 
f 749 4846 767 
f 6481 6418 9509 
f 9050 9223 8373 
f 5169 5474 5168 
f 4747 4272 5561 
f 9514 5212 15 
f 5813 4331 9434 
f 5003 4960 5653 
f 9276 6133 31 
f 2925 5296 7412 
f 4399 6834 4143 
f 5296 768 7412 
f 8769 9948 6935 
f 3907 3946 3880 
f 1837 5056 1100 
f 9374 8409 9178 
f 2986 5527 905 
f 4948 631 5669 
f 8793 8672 8720 
f 4103 3532 3951 
f 10315 5128 59 
f 1271 10540 7748 
f 5295 4477 9940 
f 9764 8893 10558 
f 4827 4492 7393 
f 9886 8226 2481 
f 3100 2960 9661 
f 3785 2034 2933 
f 3525 8781 3944 
f 1411 1162 2263 
f 6360 4919 8483 
f 7015 7988 10683 
f 5278 4533 5210 
f 8652 3659 7452 
f 7636 8667 7832 
f 6652 4463 6119 
f 5785 5786 5747 
f 4143 8365 5832 
f 8251 1867 1595 
f 10455 10451 10523 
f 6365 8205 4868 
f 10223 7865 5475 
f 2104 2552 2363 
f 8155 4395 4757 
f 5855 4371 5744 
f 4412 3881 8113 
f 5815 8492 9911 
f 4444 4075 4322 
f 774 10673 9233 
f 7211 5895 6587 
f 4403 4498 7855 
f 1538 392 3883 
f 8283 4294 2419 
f 6123 6415 657 
f 3660 310 4854 
f 926 10536 8080 
f 7446 6769 5635 
f 624 4830 9857 
f 5402 10478 1692 
f 6421 6569 6685 
f 1968 8561 1577 
f 7477 9495 8430 
f 486 2869 10698 
f 1509 6073 7944 
f 2815 1813 8318 
f 8121 6405 4165 
f 4771 3758 3363 
f 2525 2367 2362 
f 10514 10513 10552 
f 7421 6513 496 
f 8386 1126 7761 
f 9779 7312 378 
f 5816 5772 5797 
f 2791 6456 2132 
f 9904 1071 7617 
f 5841 5800 5838 
f 7926 9782 8680 
f 10098 10704 5549 
f 8084 3961 10433 
f 8701 9982 8772 
f 8201 6365 8018 
f 9273 9129 9227 
f 5751 5772 5816 
f 10387 9152 5508 
f 4839 4679 9022 
f 7822 9796 9818 
f 6365 7873 8018 
f 5781 5762 5741 
f 7500 3736 5670 
f 8965 7662 5479 
f 7390 7326 2069 
f 4541 4752 4917 
f 5738 5713 5737 
f 10070 4950 3831 
f 6251 10062 2037 
f 8450 8038 7852 
f 3551 3750 3141 
f 940 10682 10019 
f 2367 2525 2527 
f 4413 2692 2686 
f 7398 9675 7713 
f 1928 2049 6536 
f 8761 1794 1554 
f 7754 5373 10708 
f 1218 8110 6380 
f 6284 6125 5997 
f 6542 8315 9311 
f 1508 388 6071 
f 1913 6994 4733 
f 944 3166 7216 
f 2733 9556 5989 
f 2794 10392 6495 
f 9915 9946 7521 
f 7216 5989 9556 
f 6469 1905 83 
f 3029 3439 3030 
f 1255 1222 1292 
f 1838 8741 5947 
f 7315 6243 7233 
f 997 9478 9149 
f 3929 7539 999 
f 3929 999 1913 
f 10214 7539 9528 
f 10442 2510 10096 
f 1106 214 2089 
f 2228 6567 7827 
f 6832 9903 3315 
f 9889 9890 6074 
f 5254 7445 9532 
f 8961 9935 9548 
f 7996 8374 6594 
f 5619 7031 3473 
f 6110 5130 2772 
f 312 7423 7188 
f 4796 635 400 
f 58 10113 5296 
f 8798 8280 9859 
f 6588 7758 9311 
f 6521 4618 8161 
f 10286 634 9638 
f 10071 2045 2711 
f 6110 2772 768 
f 10113 768 5296 
f 1918 1288 9234 
f 6936 6964 7919 
f 97 8110 7525 
f 1324 4602 709 
f 1283 7314 261 
f 2491 707 9348 
f 2329 5521 10586 
f 469 3567 1664 
f 4609 4574 4647 
f 8605 8876 10022 
f 3673 4283 3573 
f 5483 3290 6311 
f 6798 7944 6799 
f 8359 4578 539 
f 8045 7906 8770 
f 1592 8777 5829 
f 8769 7684 6633 
f 5873 4375 6027 
f 3000 8299 3777 
f 2674 5573 6170 
f 9402 8293 7555 
f 772 6135 670 
f 5592 7059 9397 
f 345 896 8950 
f 6923 6661 6077 
f 4814 4363 3412 
f 3749 1653 3675 
f 4780 10408 6056 
f 2548 2642 2831 
f 9189 2497 6667 
f 4070 3879 10482 
f 8551 8657 8456 
f 10617 4020 10643 
f 6166 5964 5526 
f 3801 3803 3615 
f 8279 5017 5801 
f 1906 6912 2202 
f 3914 3845 3887 
f 8559 6249 8050 
f 282 1342 1817 
f 6429 4165 6307 
f 7752 2874 9641 
f 1496 7756 7749 
f 7438 1509 6072 
f 9933 7675 9958 
f 10620 1257 1344 
f 3831 4950 5250 
f 1508 8833 2568 
f 10505 3348 8065 
f 3444 3514 3483 
f 8084 10433 8083 
f 1615 5231 10041 
f 8882 9048 9159 
f 5901 2709 7611 
f 6273 4967 4966 
f 2720 8548 5643 
f 649 2519 8104 
f 4600 8677 6603 
f 5955 649 6380 
f 3594 6396 254 
f 7767 7761 7764 
f 5701 5731 9782 
f 6948 5996 6883 
f 3651 8416 73 
f 2634 5278 3512 
f 8201 10235 1569 
f 9297 9251 819 
f 6679 7753 5055 
f 5201 7670 5602 
f 10652 7566 2484 
f 695 741 817 
f 5772 5728 5797 
f 5821 5890 5916 
f 5741 5713 5738 
f 5781 5738 5807 
f 8509 6373 8176 
f 6247 7856 8288 
f 4868 5055 4485 
f 9464 7253 9465 
f 8577 8818 106 
f 826 1156 1157 
f 389 1810 855 
f 5866 5847 5818 
f 8560 5022 9932 
f 2074 2073 2110 
f 7698 8083 9878 
f 5045 1614 1572 
f 1157 5730 826 
f 7641 6721 7123 
f 5947 6196 1838 
f 5700 5720 5701 
f 375 6267 8124 
f 6283 6282 9131 
f 10138 696 10616 
f 6868 9311 8315 
f 7713 7712 7398 
f 9479 7388 8162 
f 2763 10228 1517 
f 7981 7526 9702 
f 9576 2794 6647 
f 2558 8021 1467 
f 6647 1625 10020 
f 10194 10143 10004 
f 9604 8969 4582 
f 7836 5144 8282 
f 1398 2828 3030 
f 384 3218 2748 
f 5639 2371 9148 
f 4399 5973 6123 
f 944 7216 943 
f 8196 3347 3538 
f 3929 4402 8289 
f 8368 5579 5850 
f 991 5991 1106 
f 7953 8176 6373 
f 1892 256 5771 
f 7936 332 6784 
f 3008 3122 5553 
f 4867 8371 6923 
f 4708 2316 242 
f 4943 4942 5999 
f 3762 8547 5778 
f 3925 3453 5227 
f 5066 5007 5062 
f 2339 7996 5130 
f 5811 6346 9902 
f 805 2622 9324 
f 5765 9530 9143 
f 4331 1778 9234 
f 8619 2306 2130 
f 6331 2577 2557 
f 518 1914 3429 
f 9320 9561 9424 
f 6893 5468 5467 
f 3576 1126 8650 
f 5533 9866 6528 
f 6989 1083 7728 
f 275 231 279 
f 574 6390 5744 
f 9818 9819 7822 
f 1429 227 10167 
f 3879 6779 4208 
f 7062 10565 1678 
f 6315 7544 6223 
f 6657 7570 6544 
f 4087 3895 6962 
f 8397 8259 8452 
f 260 7743 9072 
f 8981 4434 8980 
f 4908 3677 1507 
f 5080 4266 6324 
f 2312 1348 2579 
f 8881 3793 8481 
f 2451 5927 5924 
f 3357 3280 3337 
f 9663 6239 3576 
f 23 8987 9717 
f 6873 6689 6513 
f 8758 9452 6758 
f 6741 8650 1126 
f 5749 5720 10463 
f 4425 5553 5956 
f 7742 8326 8728 
f 9496 10035 9454 
f 9685 9096 10145 
f 4405 2688 4587 
f 8485 8480 8628 
f 8787 1135 6338 
f 7546 71 330 
f 1340 10055 2539 
f 5000 10081 10528 
f 5801 4316 8341 
f 5487 4585 4987 
f 8053 8365 9389 
f 8320 9358 9000 
f 7564 3659 4819 
f 6192 2746 8195 
f 4531 1246 8603 
f 10309 1453 10339 
f 2647 6716 1578 
f 1685 2392 2494 
f 3576 8650 9663 
f 2013 6274 10357 
f 3919 7020 5462 
f 8329 5596 8562 
f 9797 6274 6957 
f 9389 8325 7671 
f 8895 9016 1156 
f 6342 3683 9292 
f 7681 4445 4889 
f 10433 5720 5700 
f 4966 254 5749 
f 2411 8985 600 
f 4955 4577 3416 
f 5706 5703 5734 
f 9852 4775 4021 
f 2640 9164 2641 
f 8046 6947 3023 
f 10068 6948 2493 
f 5224 6817 7020 
f 5866 5864 5959 
f 6619 9438 6632 
f 5807 5738 5753 
f 5803 5753 5779 
f 5866 5909 5890 
f 91 23 9717 
f 2937 288 5146 
f 1111 4690 3354 
f 1548 5355 2574 
f 6818 10557 1733 
f 5890 5821 5847 
f 4697 668 1696 
f 10301 9713 2067 
f 617 203 8742 
f 2228 5118 1354 
f 2690 926 7229 
f 2534 424 2398 
f 10596 10117 9359 
f 8637 8762 8638 
f 7652 7838 4749 
f 6254 6275 5736 
f 6800 6677 6797 
f 8240 8327 5596 
f 8660 7202 9559 
f 3883 392 6042 
f 4903 4972 3594 
f 10268 122 9958 
f 6781 9753 9682 
f 7599 2039 3657 
f 332 496 6784 
f 4923 1086 345 
f 4003 398 5036 
f 7820 6447 3704 
f 9539 6583 9459 
f 8640 10395 5004 
f 9707 3311 5190 
f 1402 1594 1430 
f 2733 1497 5190 
f 1050 1233 6034 
f 986 10065 10294 
f 4842 1324 2096 
f 9783 6427 7209 
f 2086 8946 559 
f 6348 943 9556 
f 9930 3165 9038 
f 8246 8111 8187 
f 9377 3683 6202 
f 5700 9418 10433 
f 9728 9864 9792 
f 6001 5998 6948 
f 10261 7669 8485 
f 10602 450 9495 
f 242 10214 6364 
f 8374 8316 8319 
f 7995 5661 2927 
f 1359 3700 10465 
f 8226 6842 9496 
f 8679 9325 9907 
f 9502 9454 8735 
f 7628 7852 9446 
f 7105 4331 9492 
f 10030 6560 6516 
f 2355 1693 9743 
f 3381 4715 2906 
f 8331 8164 8329 
f 4708 5303 3223 
f 6583 6617 8428 
f 6501 6471 6892 
f 7164 6656 6752 
f 2967 2965 9383 
f 1508 6071 8833 
f 4165 6405 6307 
f 9290 8747 8770 
f 7320 6792 6694 
f 4919 293 119 
f 4454 7060 2193 
f 6583 8430 9459 
f 8657 9559 8456 
f 1119 4926 2647 
f 7098 4712 6595 
f 1197 1315 1637 
f 8524 8596 8722 
f 2820 2781 2746 
f 2297 2137 2136 
f 8333 9001 9836 
f 625 4841 7342 
f 7774 7677 7581 
f 575 2682 621 
f 9512 7398 9861 
f 5577 2275 7366 
f 2800 2304 5436 
f 697 5924 5652 
f 2137 1443 1436 
f 5862 4280 7163 
f 1433 1291 4339 
f 710 1802 2442 
f 8425 5876 8426 
f 8378 6587 9524 
f 5014 1787 8005 
f 6779 3880 5114 
f 6496 6852 9002 
f 7390 8780 3734 
f 6554 7974 7719 
f 8675 8463 4220 
f 2677 3342 2672 
f 3076 6448 6207 
f 8893 621 10558 
f 4530 1597 4376 
f 6098 8262 7812 
f 2821 4120 4189 
f 10680 8799 10319 
f 4760 9846 7951 
f 7429 5717 489 
f 1496 2197 2164 
f 10648 162 6965 
f 2509 8709 1980 
f 3972 7856 7673 
f 9462 7334 8786 
f 4581 479 6452 
f 9080 836 8302 
f 206 281 208 
f 4784 1005 3752 
f 5701 7926 5700 
f 5937 1606 9126 
f 9079 9326 4779 
f 5728 5772 5751 
f 10351 6910 3804 
f 1181 928 1521 
f 3953 568 566 
f 551 9696 5713 
f 752 10149 6066 
f 1590 6155 8478 
f 5810 5762 5808 
f 5959 5958 6006 
f 7979 8032 9464 
f 10223 3345 7948 
f 5278 5210 3512 
f 10699 3176 2801 
f 9464 9465 8231 
f 3141 7196 8012 
f 5812 5821 5849 
f 4178 6739 9884 
f 7017 3058 9406 
f 8954 8836 8835 
f 3063 1733 10557 
f 2991 9163 2405 
f 7274 4958 6393 
f 6803 6859 9305 
f 7497 6442 8507 
f 3770 6376 721 
f 191 7466 7540 
f 2715 659 10306 
f 10299 1476 10297 
f 7453 515 2127 
f 9946 9951 2966 
f 4450 8988 9376 
f 7338 10348 9580 
f 6454 6490 9183 
f 3879 4070 3907 
f 10128 4873 7934 
f 1486 3422 3239 
f 8905 6851 8903 
f 9552 336 2133 
f 6655 6560 6590 
f 2497 8997 6667 
f 877 7961 9573 
f 2517 6545 43 
f 6692 1155 2371 
f 1501 6300 4008 
f 9875 8647 9876 
f 4070 6826 4627 
f 4462 8208 6906 
f 10264 6527 10406 
f 8552 2733 5190 
f 9914 8531 8122 
f 606 4332 757 
f 1100 3102 4229 
f 1725 2186 7034 
f 1171 8712 1222 
f 1004 5340 7907 
f 9399 3378 6221 
f 7191 6990 7126 
f 994 7139 837 
f 598 991 252 
f 10124 3048 9087 
f 6473 3356 4253 
f 6887 7396 8049 
f 6697 6498 6709 
f 3070 6568 7423 
f 3923 3905 7321 
f 7216 9556 943 
f 991 1106 2089 
f 5075 4124 3166 
f 8250 8114 8249 
f 9742 9492 1288 
f 10520 1256 3605 
f 3580 3475 3431 
f 8368 6131 1356 
f 8903 6851 6588 
f 10155 9492 9742 
f 10124 980 6533 
f 4127 462 4364 
f 994 650 4235 
f 6036 5882 6982 
f 8052 10415 1918 
f 2045 2710 2711 
f 1291 1433 922 
f 2683 42 9221 
f 2544 7357 2901 
f 3551 3141 3126 
f 10071 2711 9903 
f 3352 10060 6374 
f 10322 5666 3830 
f 4635 9494 8170 
f 709 1754 8576 
f 106 10361 8577 
f 8994 8885 9051 
f 9001 5028 5027 
f 10425 10428 10293 
f 7727 602 7523 
f 4059 6324 9314 
f 6939 7147 7049 
f 10034 4698 5518 
f 3973 920 8382 
f 1327 6349 584 
f 8327 8240 8067 
f 1069 7756 8820 
f 10251 10163 10164 
f 1185 5028 4450 
f 5784 9398 1141 
f 1481 1899 5518 
f 6950 7078 9121 
f 9156 8989 9197 
f 830 1042 7719 
f 7267 9267 8965 
f 7707 8907 8915 
f 9920 7509 7498 
f 8136 2277 8138 
f 10533 548 9711 
f 10141 9371 2387 
f 8436 9413 6139 
f 6143 10589 7547 
f 9409 2974 722 
f 4837 9448 8794 
f 3372 3344 3370 
f 5395 8504 9597 
f 9224 2154 2309 
f 7702 5508 8843 
f 392 1538 390 
f 9449 9351 9452 
f 10185 9888 10103 
f 10091 2591 1475 
f 6084 1325 6758 
f 6484 5814 7905 
f 9259 7976 8803 
f 2918 10623 2482 
f 8710 2329 4889 
f 9924 2022 2094 
f 4966 5749 10463 
f 1003 9590 2499 
f 7981 6576 7526 
f 5709 5734 5737 
f 5472 3490 3680 
f 9696 551 1569 
f 10674 3787 4133 
f 8962 6684 10097 
f 8784 8716 8127 
f 5958 5903 5935 
f 594 9403 1886 
f 5781 5818 5808 
f 5959 5960 5909 
f 5847 5808 5818 
f 1575 9794 1574 
f 5915 5961 5916 
f 5729 1013 7532 
f 2249 1202 1268 
f 6630 6344 3911 
f 7364 1017 587 
f 8853 8276 9475 
f 9612 9610 9622 
f 4815 6057 8946 
f 1938 889 499 
f 2706 3777 970 
f 7371 7200 7969 
f 10038 10162 10105 
f 2563 2274 2303 
f 439 6956 4469 
f 6724 8903 6868 
f 4866 5450 5446 
f 6211 9491 7939 
f 2799 2955 2848 
f 3537 3536 797 
f 2708 1479 1455 
f 1618 565 8693 
f 8996 9820 9819 
f 9402 6858 6935 
f 2557 3951 2558 
f 8224 6849 6812 
f 3424 1708 7441 
f 6164 6160 9519 
f 6689 6291 6798 
f 9832 6805 192 
f 5182 10270 7193 
f 6475 6825 3522 
f 207 7567 3157 
f 7946 6761 6706 
f 9620 118 8953 
f 3369 10284 2280 
f 2502 2171 2670 
f 9113 8609 896 
f 1312 7684 4618 
f 6452 10537 1862 
f 9758 7314 1283 
f 789 3380 3455 
f 585 98 164 
f 1222 1216 1253 
f 598 3982 462 
f 4381 4380 5317 
f 2300 2753 8599 
f 7139 83 8054 
f 6859 6860 8428 
f 9808 2860 8587 
f 2512 5945 4531 
f 10558 478 616 
f 2188 5968 7378 
f 1037 9226 9122 
f 4131 3152 252 
f 7560 6003 1059 
f 8553 8394 10264 
f 6348 2371 1155 
f 3130 3206 3133 
f 2551 7864 2243 
f 9485 9113 8618 
f 9132 9321 9075 
f 1631 3430 3397 
f 7539 3929 8289 
f 309 8930 307 
f 9816 4332 9744 
f 1865 10678 10188 
f 9677 985 7210 
f 6572 6490 6454 
f 7245 9465 7252 
f 8047 9379 6451 
f 8316 6832 3315 
f 7488 7337 7418 
f 523 612 614 
f 1910 7129 10516 
f 6473 4295 3356 
f 7392 7485 7081 
f 9918 9169 1324 
f 9455 3065 3305 
f 4127 238 3356 
f 6934 6731 6729 
f 8767 8534 8766 
f 2344 5434 5150 
f 9553 8961 8000 
f 6247 8288 526 
f 10330 4491 5707 
f 3778 3962 737 
f 10165 3145 10548 
f 246 7422 5126 
f 4948 974 8870 
f 5972 288 2937 
f 204 9095 231 
f 2085 1010 2687 
f 8201 551 5714 
f 9296 9339 3579 
f 10468 1668 3132 
f 4627 6826 5794 
f 10357 4142 10111 
f 3193 5233 958 
f 6554 6394 7974 
f 6739 4178 4039 
f 1682 1363 8192 
f 6674 2455 8234 
f 6681 7933 9354 
f 10405 2340 2566 
f 4562 4800 4794 
f 1714 9925 2009 
f 1826 10248 10549 
f 5301 4927 4903 
f 5713 5741 551 
f 8942 8702 1504 
f 3515 6864 1787 
f 5029 8873 4966 
f 5834 5837 5797 
f 10433 3961 10463 
f 2701 9869 59 
f 1401 10318 10316 
f 10068 2493 6101 
f 9422 10079 10078 
f 8752 8686 8611 
f 5895 5897 5894 
f 4616 4624 8684 
f 5909 5866 5959 
f 8080 4335 2583 
f 5960 5959 6007 
f 3625 9758 1283 
f 5890 5847 5866 
f 6705 5993 6187 
f 749 767 916 
f 5849 5821 5916 
f 4190 8628 3466 
f 1534 9758 1129 
f 6145 6025 4749 
f 4469 6956 3358 
f 712 5406 103 
f 8369 3125 708 
f 9303 7749 10090 
f 8606 9998 3872 
f 8776 6821 10401 
f 6871 1491 2898 
f 6483 1987 7648 
f 6503 6714 9462 
f 314 8446 1936 
f 5146 288 5888 
f 803 3547 6054 
f 5146 10684 4325 
f 130 3892 135 
f 7990 8255 8177 
f 4952 4899 3380 
f 884 10162 10249 
f 6588 6454 7758 
f 9285 10630 7914 
f 6868 6726 6724 
f 2237 2644 3757 
f 1932 3552 9329 
f 8494 1677 8768 
f 7623 7624 312 
f 8849 8785 9267 
f 9539 6724 6726 
f 8000 8779 9859 
f 6607 6797 6677 
f 8978 8930 9084 
f 1612 121 4580 
f 6611 7483 8383 
f 7572 7416 7571 
f 5027 5028 3947 
f 8747 4516 8759 
f 634 545 325 
f 6044 5663 3281 
f 7515 52 5637 
f 10670 6287 7586 
f 9008 2381 2184 
f 9732 1758 3670 
f 8664 10109 6109 
f 8227 1522 4842 
f 9485 8618 1019 
f 9357 9879 6612 
f 9519 9468 9220 
f 1491 6871 7040 
f 2311 7912 3021 
f 9841 8707 391 
f 1664 2518 469 
f 3473 9680 5619 
f 8374 6962 8316 
f 7643 8372 6270 
f 648 2326 1006 
f 3368 3940 2912 
f 5303 6594 8612 
f 5093 3140 1441 
f 832 10028 314 
f 6432 4753 10131 
f 9169 8269 4602 
f 7371 8966 7198 
f 1169 5989 4124 
f 8295 1179 8385 
f 1515 9751 9812 
f 9879 1295 6612 
f 5069 6902 6250 
f 1204 701 1181 
f 3312 4617 5473 
f 3350 4739 6754 
f 139 6732 9966 
f 3972 7673 8092 
f 9761 7123 7391 
f 7240 6075 6785 
f 4127 3356 462 
f 8963 4850 9004 
f 3441 8302 836 
f 8509 6451 8122 
f 6848 3788 2136 
f 9519 6298 6164 
f 4569 6480 4643 
f 6935 6858 8769 
f 10677 10466 1956 
f 4364 5813 9434 
f 8107 4996 2188 
f 10312 10311 6709 
f 2387 2419 4294 
f 7105 4127 9434 
f 867 3875 772 
f 2799 2722 2847 
f 9520 4787 1021 
f 8483 8951 6360 
f 10066 6171 93 
f 1583 1589 4623 
f 862 948 1113 
f 8293 8315 6542 
f 7815 5508 7702 
f 5709 9696 7979 
f 9922 9588 3384 
f 4912 10169 5131 
f 10317 10083 10238 
f 5714 551 5724 
f 3774 10619 5210 
f 4475 1772 6508 
f 1682 440 1369 
f 10075 3511 3509 
f 4456 518 3429 
f 1805 1779 1783 
f 7065 2459 3878 
f 5652 2365 697 
f 4585 5541 4987 
f 10433 10463 5720 
f 5880 5858 5877 
f 5652 5927 6212 
f 4141 2100 9538 
f 1411 8576 1754 
f 3315 7357 7833 
f 5713 9696 5709 
f 5779 5800 5803 
f 7979 9696 8032 
f 5025 6285 2631 
f 5816 5797 5858 
f 1787 8253 3515 
f 6147 1176 4082 
f 815 740 763 
f 10578 8116 8115 
f 6047 5982 6007 
f 7600 628 905 
f 6707 4140 6338 
f 9119 2560 3934 
f 397 9182 7193 
f 6532 794 946 
f 9785 750 5852 
f 5915 5890 5909 
f 5981 5980 6024 
f 5087 9412 8809 
f 8282 5144 1771 
f 3028 2827 3024 
f 6581 10309 8444 
f 5903 5841 5935 
f 3354 7143 301 
f 9261 885 10545 
f 5938 5849 5916 
f 3125 8369 5849 
f 708 3718 3915 
f 2428 6265 8740 
f 10220 5395 9597 
f 2979 2083 1531 
f 2048 4537 2903 
f 4485 1221 1539 
f 8029 942 8093 
f 1314 1628 5326 
f 7445 10607 10666 
f 137 7430 1335 
f 6848 1976 3404 
f 6253 6275 6254 
f 2158 4305 4300 
f 4198 1451 669 
f 3437 3401 4145 
f 6749 6677 6800 
f 4444 792 4067 
f 9614 4599 1780 
f 7028 5011 1079 
f 6849 7763 6835 
f 4575 4449 4833 
f 7493 7580 7686 
f 3706 8732 7700 
f 1086 10483 8618 
f 2470 7586 2075 
f 10712 135 3892 
f 3212 2460 2729 
f 3000 5106 8181 
f 7344 8902 8421 
f 9181 10596 9275 
f 4428 4422 4479 
f 9758 3625 1129 
f 2442 3734 9176 
f 7761 3576 6237 
f 3430 3431 3397 
f 9943 5102 6504 
f 2317 5755 8876 
f 2036 10324 8211 
f 7551 6719 7406 
f 4936 4937 6178 
f 9407 6839 6607 
f 3645 3229 1235 
f 8334 9262 4275 
f 9152 10387 9252 
f 4165 6429 9914 
f 5366 1476 3705 
f 1438 1297 5372 
f 9604 8640 8552 
f 6529 430 10046 
f 1356 6422 3635 
f 2947 2880 2908 
f 6058 6023 10068 
f 196 9714 9025 
f 8580 4851 7268 
f 7143 9299 301 
f 7742 1422 8326 
f 9448 9446 8499 
f 9966 9854 139 
f 6904 7081 3173 
f 7851 8194 7899 
f 573 3416 10688 
f 1171 1812 1178 
f 6473 6613 4295 
f 991 7177 5991 
f 7704 6534 6684 
f 7177 991 5867 
f 7770 8503 8504 
f 8975 9029 4274 
f 7801 10304 9537 
f 7781 7682 7874 
f 1439 9091 9960 
f 10624 4338 6076 
f 6396 5998 5957 
f 238 10155 4253 
f 6625 2650 171 
f 1004 1570 3473 
f 7728 6519 6989 
f 10105 10389 1722 
f 3519 1860 9848 
f 9588 415 2080 
f 6046 6024 6059 
f 9709 245 9304 
f 5753 5738 5737 
f 5903 5958 5861 
f 1039 4622 10646 
f 908 2807 933 
f 8675 4023 5856 
f 2925 6364 6613 
f 7968 144 1851 
f 1724 3088 10704 
f 1736 1760 9770 
f 3432 8573 5421 
f 133 3570 262 
f 1363 6140 7968 
f 9195 4727 9638 
f 1566 3695 1873 
f 8371 5406 7330 
f 8112 8111 8246 
f 5862 7163 5942 
f 1424 6105 1333 
f 8309 7067 5970 
f 2394 7852 6241 
f 875 10121 6546 
f 1481 5519 1899 
f 4604 4695 8284 
f 9402 6616 8293 
f 4698 6293 6627 
f 6892 6572 8905 
f 8154 9983 8323 
f 5046 4888 5048 
f 7394 2131 7369 
f 9072 7419 9806 
f 6677 8160 6607 
f 1539 526 10039 
f 9529 6769 6793 
f 3137 8666 8665 
f 2063 5558 3980 
f 8204 8202 7116 
f 9357 7698 9879 
f 8378 10078 1642 
f 7930 4399 6123 
f 7820 8919 9437 
f 2129 5122 2814 
f 8294 8354 8524 
f 7927 6697 8071 
f 4233 6927 7525 
f 6839 6804 6835 
f 1201 4514 10447 
f 6266 9858 9395 
f 273 361 279 
f 8384 676 10453 
f 5742 5057 1954 
f 10368 7995 4016 
f 1276 2353 3033 
f 3999 3440 3807 
f 7561 4290 5765 
f 2095 4642 718 
f 6657 6544 6450 
f 9931 4294 8283 
f 7523 9817 1224 
f 3604 3993 135 
f 5416 6530 6435 
f 4293 5802 4448 
f 6709 10311 8071 
f 235 9949 7531 
f 9064 202 174 
f 5848 5434 5708 
f 231 9095 273 
f 9912 9944 1016 
f 6306 1944 6531 
f 748 913 916 
f 463 1145 7777 
f 2161 6201 8182 
f 6925 8919 6503 
f 5963 5921 5898 
f 175 202 180 
f 9217 352 10690 
f 607 6846 6650 
f 8530 8597 8598 
f 7269 3036 5674 
f 8795 5947 8794 
f 9039 9368 10186 
f 1817 681 1815 
f 6339 8188 3339 
f 299 1082 9172 
f 9951 6371 2809 
f 1412 1352 1351 
f 5763 10669 9038 
f 1974 10435 8393 
f 9697 9120 9928 
f 5071 7120 4375 
f 4208 3783 4275 
f 659 759 3073 
f 8450 7852 2394 
f 7380 7379 7584 
f 681 1342 1690 
f 7142 526 7873 
f 6935 9305 8428 
f 753 631 2593 
f 9691 9670 9668 
f 2011 9844 2052 
f 9460 6834 7933 
f 2791 4078 3012 
f 8868 7812 8262 
f 678 8883 5457 
f 5929 5857 5957 
f 10079 1643 1642 
f 5880 5877 5929 
f 254 6396 5834 
f 2634 8473 7440 
f 5930 5880 5929 
f 5734 5779 5753 
f 9647 10627 10656 
f 5981 5935 5980 
f 356 58 10074 
f 6783 7253 6782 
f 7311 7104 1905 
f 5841 5880 5930 
f 139 9854 57 
f 8112 8074 8111 
f 8133 7034 1925 
f 242 8939 4708 
f 1894 3059 2352 
f 2512 364 9724 
f 5982 5960 6007 
f 2531 3890 10189 
f 7825 2076 2533 
f 8611 7158 2623 
f 8364 6476 5812 
f 6893 8310 9805 
f 10214 242 9722 
f 5849 8364 5812 
f 1221 4485 6215 
f 6723 7035 6811 
f 868 1309 7627 
f 486 10321 2869 
f 91 10192 124 
f 7105 10155 238 
f 1490 166 99 
f 7579 7577 7771 
f 1678 9188 7062 
f 3205 7542 1208 
f 1566 3718 3695 
f 8121 6681 6405 
f 5941 5963 5898 
f 4331 9234 9492 
f 6095 9847 1180 
f 8289 2080 415 
f 5962 5961 6031 
f 4290 501 5780 
f 9861 7398 7402 
f 10127 779 10510 
f 1376 2102 438 
f 10063 2205 10004 
f 9169 4602 1324 
f 9190 9147 9237 
f 2299 2646 6793 
f 1342 3065 2263 
f 4908 6624 3677 
f 7746 6907 7763 
f 4088 2405 10371 
f 5636 9476 5635 
f 4155 944 3548 
f 4295 9528 5991 
f 216 4309 8277 
f 8922 9901 8921 
f 684 244 3264 
f 1899 5519 3433 
f 4674 2489 6953 
f 7599 10084 8451 
f 1691 2062 6563 
f 7376 7579 7581 
f 6373 9437 8919 
f 3488 10203 1143 
f 4417 9700 9699 
f 10003 10449 3550 
f 77 8583 304 
f 7668 7658 7664 
f 6037 6070 6093 
f 7314 10342 3864 
f 4884 7530 6624 
f 3988 9980 8916 
f 10457 8204 3974 
f 2936 8469 1717 
f 8193 4859 9163 
f 10666 10605 10705 
f 8259 6431 8452 
f 9344 8512 9255 
f 10232 6296 3331 
f 2597 6466 5059 
f 5085 8467 5015 
f 7562 4086 2548 
f 5944 6191 2473 
f 7856 6247 5973 
f 6205 6441 3172 
f 633 10342 6036 
f 1670 7447 1457 
f 2719 5510 2718 
f 4149 4150 874 
f 3527 4310 5913 
f 10524 5495 5326 
f 9141 4248 9185 
f 4108 5615 6615 
f 2608 477 5756 
f 6626 6085 10534 
f 7377 2188 7378 
f 6345 7257 6371 
f 2667 5230 1923 
f 7531 1829 4054 
f 4296 2815 9000 
f 10510 10363 5154 
f 2116 4646 8742 
f 9250 9197 9288 
f 231 275 3694 
f 559 7474 2086 
f 419 6334 4119 
f 5648 4050 5621 
f 9454 9167 8735 
f 8902 3783 5875 
f 4062 8558 2989 
f 8778 7239 656 
f 6559 2895 2120 
f 7975 4325 8129 
f 3842 9546 125 
f 8630 8631 8799 
f 9205 9099 9160 
f 10355 1871 885 
f 5754 7186 6680 
f 6797 6607 6839 
f 6239 1440 6237 
f 6337 9894 2582 
f 10471 8379 8104 
f 1744 4849 5830 
f 518 2081 5900 
f 3264 393 2807 
f 4630 5098 5195 
f 10069 1308 4449 
f 5929 5877 5857 
f 5935 5841 5930 
f 2113 1458 8041 
f 2504 2468 5295 
f 5935 5930 5980 
f 3872 8578 95 
f 6058 6149 6111 
f 5915 5909 5960 
f 6476 5724 5812 
f 64 6843 7052 
f 9785 4109 750 
f 8667 1796 7246 
f 6030 5986 6029 
f 5945 2512 9724 
f 1169 1497 5989 
f 7978 1899 3433 
f 1970 1895 1939 
f 9698 94 6488 
f 9873 2416 9713 
f 8219 4856 7661 
f 7508 7701 2170 
f 3008 655 727 
f 6095 1180 3160 
f 6424 6687 10498 
f 6348 1155 943 
f 8186 6095 3160 
f 3384 3166 4155 
f 4108 4815 8946 
f 3110 4581 6511 
f 996 9478 495 
f 8133 1869 9513 
f 10584 5051 1314 
f 1106 6553 214 
f 7789 6994 1913 
f 10562 2545 7220 
f 7391 7123 6721 
f 5867 4295 7177 
f 7936 7925 332 
f 3571 3649 3574 
f 768 2772 7412 
f 1918 5246 1288 
f 5995 199 5702 
f 8052 9743 10415 
f 4295 10214 9528 
f 1105 368 8069 
f 2726 10612 8004 
f 356 4253 10155 
f 1694 6154 1577 
f 9395 6084 9535 
f 9856 10008 9786 
f 7683 7450 3326 
f 939 9399 6433 
f 7707 6371 9951 
f 2089 214 252 
f 8744 7344 6417 
f 7434 7589 7435 
f 8228 4244 178 
f 4605 1237 344 
f 773 9758 1534 
f 8 10102 10146 
f 8576 8813 709 
f 9223 7667 715 
f 1683 8956 2500 
f 4378 3688 5052 
f 5147 5434 4839 
f 10569 8470 8404 
f 8675 10713 8463 
f 6729 6631 6630 
f 9733 654 1415 
f 6615 5615 10311 
f 7256 7147 7376 
f 2163 4497 439 
f 10254 806 9310 
f 5453 9675 8566 
f 7974 6429 7719 
f 10431 10360 10282 
f 8596 8354 8593 
f 8435 221 1991 
f 7407 4054 1829 
f 2470 343 6623 
f 7807 5228 3977 
f 6058 6126 6149 
f 1028 4787 9718 
f 10652 1079 1686 
f 8359 5359 7401 
f 6202 1588 5536 
f 5112 678 6929 
f 3543 8441 5729 
f 562 980 1385 
f 893 7466 191 
f 6566 6485 7397 
f 9323 9210 8358 
f 6074 6259 3600 
f 3121 6033 5574 
f 10593 5011 7028 
f 9549 8339 8745 
f 5728 5751 5731 
f 9206 6242 2383 
f 140 1172 10139 
f 2782 774 941 
f 5166 10384 3129 
f 10260 8462 8466 
f 6740 1040 419 
f 2495 6911 8838 
f 9238 9602 9430 
f 6564 1261 4000 
f 6665 2646 2299 
f 4375 7120 4213 
f 6241 1440 1325 
f 8020 6803 9305 
f 5058 3604 4000 
f 10501 7310 6762 
f 7644 10490 3577 
f 3734 2442 7390 
f 9710 9736 9748 
f 5930 5929 5978 
f 1861 6062 6090 
f 5741 5738 5781 
f 1555 8405 9783 
f 3500 6639 4401 
f 5980 5930 5978 
f 6886 7414 7616 
f 5497 8626 4290 
f 5903 5861 5841 
f 3567 5529 5786 
f 6312 8696 6577 
f 5916 5890 5915 
f 5807 5818 5781 
f 1399 390 2354 
f 46 2485 45 
f 1502 1776 2190 
f 1700 264 6405 
f 6046 6059 6112 
f 5982 5915 5960 
f 10104 611 6778 
f 123 406 7889 
f 6024 6023 6059 
f 4148 4144 5082 
f 5986 5982 6029 
f 10223 6347 7865 
f 5938 5916 5961 
f 9388 7053 7247 
f 5406 8371 962 
f 6085 4196 476 
f 4354 4520 4665 
f 5407 5680 5820 
f 402 8298 8401 
f 4915 3098 5594 
f 2123 2399 1073 
f 5498 5667 3253 
f 3760 3761 2005 
f 4914 2196 4592 
f 7772 6661 5922 
f 5656 5551 5625 
f 9536 8714 6472 
f 1279 2823 2460 
f 9036 9034 9249 
f 5965 5149 5337 
f 7357 3178 7833 
f 7404 11 4670 
f 1844 4642 6514 
f 8953 8696 9620 
f 7312 7195 7427 
f 6079 6104 8569 
f 5848 1259 6002 
f 2339 5130 6110 
f 6538 7123 9761 
f 6178 4937 27 
f 1340 2539 1083 
f 319 2868 5943 
f 8729 9593 4997 
f 768 10113 6110 
f 362 6605 2675 
f 6388 6727 10610 
f 6303 1838 6196 
f 6554 8323 9502 
f 9275 9359 9358 
f 5268 1896 1940 
f 2550 1816 5115 
f 366 331 9626 
f 2778 1356 3635 
f 5049 1057 2627 
f 5406 962 9143 
f 4799 6917 9082 
f 5867 3356 4295 
f 10680 366 8799 
f 9137 4708 7412 
f 8649 8771 8773 
f 2031 10704 3088 
f 6717 9259 8100 
f 1106 5991 415 
f 7819 3065 1342 
f 2080 3384 9588 
f 9730 1198 1804 
f 4708 3223 2316 
f 10331 6226 5761 
f 4557 4636 4466 
f 10050 3518 6618 
f 8317 9458 4185 
f 9112 4328 3529 
f 2925 6613 10074 
f 651 743 610 
f 4370 1835 190 
f 8262 8866 8868 
f 214 4734 4131 
f 6623 343 520 
f 9743 8468 2355 
f 8891 1973 2915 
f 4019 8059 2745 
f 10714 2223 2511 
f 9010 9058 6395 
f 2678 2345 2728 
f 2159 860 264 
f 7713 9475 8276 
f 5718 5786 5529 
f 3027 2939 2938 
f 8325 9389 6908 
f 5949 9446 9448 
f 9399 6221 7751 
f 159 6015 7109 
f 8421 7720 2809 
f 8195 7899 3708 
f 7545 8563 9060 
f 8868 8866 7939 
f 1912 3717 1909 
f 7340 3033 4924 
f 6726 6583 9539 
f 504 10018 2221 
f 8418 7058 10228 
f 5857 5837 5834 
f 9796 7822 9771 
f 8778 1806 8704 
f 3585 5965 6118 
f 5841 5861 5803 
f 2036 2744 8497 
f 5965 5337 1861 
f 4536 9533 8820 
f 8887 1078 9933 
f 827 8949 6571 
f 232 4128 7450 
f 3377 4678 3348 
f 7377 7205 1710 
f 497 1517 900 
f 5861 5753 5803 
f 8659 8658 8835 
f 6129 6157 7480 
f 133 2416 712 
f 8614 8686 8807 
f 10225 9144 9565 
f 5805 8728 8326 
f 8369 708 7753 
f 9954 10359 993 
f 3934 8949 1261 
f 7829 7831 7537 
f 2834 3289 1219 
f 9317 9226 9112 
f 3257 9592 5648 
f 1257 9240 302 
f 9504 9689 9760 
f 4459 9843 9155 
f 10234 4965 5603 
f 7330 6923 8371 
f 6642 9432 5234 
f 9449 8759 4516 
f 8070 8071 5615 
f 8359 1459 5359 
f 8472 970 4727 
f 9389 8365 6908 
f 6455 5504 5351 
f 4869 6990 6991 
f 6480 6481 4677 
f 2642 5640 2831 
f 7804 6485 7803 
f 7134 122 9293 
f 6936 8063 6964 
f 7120 1308 4213 
f 2606 8352 7871 
f 8360 1098 8574 
f 4465 7339 4121 
f 8421 8902 5875 
f 10067 1238 10448 
f 5354 750 1761 
f 6758 6239 9663 
f 3175 4273 5878 
f 9601 9366 3724 
f 7922 8748 8498 
f 10100 6767 3361 
f 417 3555 6446 
f 2644 8181 5106 
f 8597 8731 10108 
f 6894 4754 4742 
f 1885 10131 4753 
f 9046 5354 2100 
f 3131 1746 8295 
f 661 8936 1217 
f 1238 10149 752 
f 9790 9823 6823 
f 5409 3973 4209 
f 1368 1054 4920 
f 4083 6194 5378 
f 5983 889 10131 
f 6720 4772 6109 
f 9704 6663 9651 
f 9460 8770 7906 
f 7522 7095 7414 
f 6123 8370 7930 
f 2700 1423 50 
f 5710 168 6004 
f 7302 1354 5118 
f 90 2392 5364 
f 234 1160 4949 
f 1340 2596 9779 
f 5850 5710 6004 
f 7195 9966 6732 
f 9853 981 4183 
f 8121 9379 8757 
f 7538 7544 6315 
f 4235 100 2078 
f 10187 10336 10265 
f 10162 10038 2726 
f 5800 5732 5751 
f 594 6051 1833 
f 930 4806 2763 
f 10400 248 6899 
f 4615 10049 3391 
f 9870 9867 9871 
f 2779 5936 1286 
f 5795 306 950 
f 8272 9700 8273 
f 9434 4331 7105 
f 2093 3139 7129 
f 9082 3212 2729 
f 8618 9113 896 
f 10155 9742 356 
f 9342 6916 9126 
f 7657 7912 2311 
f 9730 10415 9743 
f 5978 5929 5957 
f 5953 5857 5834 
f 7154 7089 7087 
f 2654 8468 8052 
f 6001 5957 5998 
f 2271 213 1372 
f 1682 6140 1363 
f 4922 8192 1943 
f 5980 5978 6023 
f 6059 6058 6111 
f 5841 5838 5880 
f 3522 4867 6077 
f 7836 9615 5755 
f 4108 6615 4815 
f 3308 7507 1166 
f 6788 8409 9374 
f 9934 5860 4770 
f 10078 5743 9422 
f 3032 2662 2660 
f 5160 3401 6083 
f 2222 6439 9681 
f 5959 5864 5958 
f 8486 2694 2695 
f 6031 5961 5986 
f 5961 5939 5938 
f 10293 10295 10215 
f 9756 9755 9771 
f 7621 7464 7729 
f 6884 7392 1943 
f 1980 2614 2509 
f 5476 60 1201 
f 4848 6918 4880 
f 7475 84 5364 
f 2422 2121 2423 
f 8614 8807 10595 
f 10144 9427 6864 
f 3767 3182 9204 
f 9189 4754 4292 
f 5389 1002 643 
f 7919 6809 6936 
f 4786 10381 166 
f 3324 1323 1967 
f 5526 5503 6166 
f 10537 3510 1862 
f 3583 2454 2309 
f 791 2770 3294 
f 9913 8191 3955 
f 8513 8545 8460 
f 9552 376 534 
f 6839 7763 6797 
f 6852 6322 3343 
f 8176 9352 8047 
f 2123 6995 490 
f 7347 6955 451 
f 2960 2961 510 
f 1557 9734 9796 
f 8270 4025 4957 
f 539 4578 10639 
f 10028 936 314 
f 4854 3925 4696 
f 10388 1087 10240 
f 6491 10709 6534 
f 5650 8015 9801 
f 5962 6068 6035 
f 3457 5302 5213 
f 4693 10518 142 
f 5171 3568 876 
f 1064 99 3834 
f 2931 4847 7226 
f 5215 5269 5217 
f 2397 5530 2443 
f 9933 9958 8887 
f 1993 8093 942 
f 7545 9060 7846 
f 8259 8206 2324 
f 9039 8936 7844 
f 7867 5993 6705 
f 8881 9425 9313 
f 8919 6757 7953 
f 9170 3092 9885 
f 6433 6388 939 
f 10534 8376 4330 
f 6066 9005 341 
f 6928 6643 7850 
f 9720 2872 6038 
f 10534 1459 6626 
f 251 2159 234 
f 5430 9350 8571 
f 8874 2084 9199 
f 516 3886 5334 
f 4412 4413 9575 
f 8847 6183 10565 
f 2240 2241 800 
f 677 7134 9293 
f 8083 1071 8084 
f 2620 3905 5072 
f 556 894 773 
f 730 8809 10670 
f 10083 9937 10008 
f 7713 9675 5453 
f 247 508 949 
f 1560 1519 1518 
f 6468 1040 946 
f 5648 1470 1468 
f 3993 5758 10069 
f 4571 4744 4570 
f 9446 8042 8499 
f 4318 6468 3150 
f 8726 1961 3149 
f 3021 309 2311 
f 7904 8195 6539 
f 5241 5389 6453 
f 6444 4501 3407 
f 4361 4197 4360 
f 1956 8790 2397 
f 4202 3996 4199 
f 378 1340 9779 
f 7312 9779 9966 
f 4890 4944 3923 
f 3162 7139 6517 
f 7034 6517 2078 
f 4222 4267 2716 
f 10122 1928 7291 
f 7167 1081 189 
f 5850 6004 6131 
f 473 10040 1916 
f 7466 3324 286 
f 6883 2493 6948 
f 3205 895 1180 
f 10053 3548 9997 
f 5387 5435 10159 
f 6553 9922 1688 
f 3982 3152 3588 
f 5864 5861 5958 
f 6129 9847 6095 
f 2741 4701 4373 
f 776 7632 10132 
f 2772 9137 7412 
f 6089 6118 9768 
f 9434 4127 4364 
f 1869 10053 776 
f 3356 598 462 
f 7864 6545 1048 
f 5809 7302 2439 
f 3296 9234 1778 
f 10053 3376 776 
f 10113 9384 5697 
f 10053 9997 3376 
f 3785 6400 5419 
f 1746 3131 10515 
f 436 756 6557 
f 1861 6064 6062 
f 1050 9385 4409 
f 6064 6068 6031 
f 6812 7875 8224 
f 1550 1614 1576 
f 8192 440 1682 
f 7968 6140 144 
f 9183 8082 6454 
f 7702 1943 7392 
f 5213 85 3457 
f 1811 6609 6610 
f 1150 672 9017 
f 4640 4931 4369 
f 8997 6034 1233 
f 1540 2331 6195 
f 10048 228 3422 
f 6500 2974 9110 
f 6509 5574 6954 
f 2384 4776 5773 
f 7248 6877 10048 
f 7248 7478 7249 
f 1139 1213 1020 
f 9286 8742 10517 
f 5974 4366 3468 
f 9256 932 8506 
f 8970 1594 1402 
f 1608 10715 9654 
f 2773 7842 2083 
f 8539 8410 8538 
f 3467 5897 6078 
f 8280 9886 8063 
f 662 7636 892 
f 10331 6233 6226 
f 5475 8785 3345 
f 10607 7468 9587 
f 6803 6812 6859 
f 7629 8056 3948 
f 447 6173 2108 
f 9051 8993 9099 
f 8650 6484 9663 
f 6433 9399 7751 
f 1842 1789 5425 
f 6758 9452 6084 
f 9965 7659 1159 
f 9991 8274 10107 
f 8654 8653 8830 
f 9626 8630 8799 
f 7668 7665 5994 
f 4757 1728 5469 
f 9373 9374 9178 
f 9086 8459 6039 
f 524 614 616 
f 593 2897 2972 
f 10480 8286 8287 
f 871 952 910 
f 10406 6527 984 
f 6020 10526 1137 
f 4682 2885 10668 
f 4657 4711 4664 
f 1586 1377 8389 
f 5957 5953 6396 
f 8673 8528 8524 
f 8211 959 872 
f 6060 6089 6090 
f 4449 4575 10069 
f 7077 7001 7076 
f 4663 4984 4665 
f 1290 1216 1213 
f 4630 4585 5487 
f 9843 4459 4455 
f 3812 9843 4455 
f 6112 6059 6111 
f 514 8800 7935 
f 6385 6362 2976 
f 6692 1336 5152 
f 8761 9353 9023 
f 5471 4636 10585 
f 9727 1392 10399 
f 3530 8198 3664 
f 9195 835 4287 
f 3586 5588 1052 
f 6093 6095 8186 
f 6030 6029 6060 
f 936 339 314 
f 7859 8331 8562 
f 718 5063 975 
f 9312 7956 4325 
f 6007 5959 6006 
f 8496 2293 2328 
f 2632 2333 5593 
f 6035 5939 5962 
f 1217 8936 10186 
f 3181 2776 7215 
f 6157 6129 6156 
f 6181 9139 9144 
f 5765 8626 6188 
f 8996 9844 2011 
f 4604 6416 9616 
f 6567 6138 1819 
f 3856 1864 7140 
f 9268 9227 9125 
f 8371 8663 3112 
f 2484 3774 5210 
f 693 98 585 
f 6262 10408 8258 
f 10169 4912 1998 
f 964 8796 7832 
f 5089 7309 10161 
f 9326 2079 4321 
f 3948 7427 7629 
f 806 494 3222 
f 8265 6222 6254 
f 8054 7195 6732 
f 6709 6487 10312 
f 3948 8056 7630 
f 5546 5503 5526 
f 9611 9364 9510 
f 5850 6131 8368 
f 9086 9518 3626 
f 1165 34 2168 
f 5877 5837 5857 
f 7626 7423 312 
f 8690 6686 6422 
f 8127 1174 8784 
f 10061 6568 1905 
f 4809 5103 9409 
f 5579 8368 5711 
f 5579 5711 370 
f 4363 7016 1527 
f 9170 9885 9836 
f 3237 3214 950 
f 6553 1688 3742 
f 2548 4086 9157 
f 5813 63 1778 
f 9234 1288 9492 
f 9730 9743 1693 
f 5215 5214 5323 
f 7133 5104 1138 
f 4272 2988 5561 
f 2789 2944 7562 
f 7323 4447 7327 
f 2971 2658 2040 
f 6572 6890 6490 
f 7133 1720 5104 
f 1802 853 988 
f 7032 567 6929 
f 9911 6801 10272 
f 9090 9043 8937 
f 1682 8227 8992 
f 4842 2096 929 
f 10511 3137 10298 
f 7451 5602 1944 
f 10383 4076 3989 
f 10348 9161 9281 
f 9287 6247 526 
f 144 3296 1851 
f 7713 6470 7712 
f 1845 9526 1991 
f 5793 9851 5122 
f 8501 5663 3151 
f 8650 6741 8325 
f 7809 6306 7617 
f 6098 2826 1813 
f 887 2390 3853 
f 8421 2809 7257 
f 9391 2767 6930 
f 6099 4443 8309 
f 2565 6729 8417 
f 6212 5654 1365 
f 9110 1220 5618 
f 8048 7771 2942 
f 6932 8161 8170 
f 8440 6498 9761 
f 6841 5495 10524 
f 6389 9000 9358 
f 10706 5729 7231 
f 420 6304 10228 
f 5201 7238 6870 
f 420 1846 9972 
f 7846 3559 7545 
f 703 2984 701 
f 4938 5506 6894 
f 789 3455 667 
f 7683 8883 2562 
f 7640 7241 4622 
f 6047 6060 6029 
f 8563 7545 8560 
f 6060 6047 6089 
f 2324 6793 2646 
f 7351 2300 81 
f 6118 6089 6128 
f 568 567 7032 
f 3205 3653 7543 
f 5310 3585 6128 
f 8544 10168 10696 
f 844 6402 4642 
f 5139 5089 10161 
f 9522 9731 9093 
f 10062 4152 2037 
f 6077 4867 6923 
f 4292 9415 1969 
f 4145 8152 4773 
f 1626 6193 2279 
f 3783 5114 5875 
f 8903 6887 8905 
f 10376 2521 101 
f 4348 3881 10480 
f 8174 9457 8865 
f 6830 1187 2287 
f 10306 536 2715 
f 1593 63 304 
f 6487 8082 10312 
f 8915 8450 2394 
f 6241 1325 9395 
f 5266 6438 3992 
f 9252 5421 8573 
f 7261 7341 7424 
f 2802 5775 793 
f 7394 7369 5883 
f 2699 8924 548 
f 10368 10385 7995 
f 7788 6485 7406 
f 6717 8117 7329 
f 6429 6307 830 
f 2048 5514 2928 
f 917 6571 8393 
f 6012 4595 3866 
f 10455 10333 10451 
f 9376 5690 4450 
f 2469 9255 10555 
f 9931 4105 9849 
f 2887 4779 5640 
f 472 6921 6824 
f 7956 10641 2937 
f 7742 339 936 
f 6489 6631 6731 
f 2117 21 4786 
f 8133 4734 3742 
f 7922 169 8973 
f 6139 8452 8436 
f 8070 6399 7927 
f 3207 10652 1686 
f 8543 2996 6690 
f 7974 6394 9914 
f 6383 10018 1334 
f 8022 1425 1467 
f 55 4038 2561 
f 3153 5663 6044 
f 6464 6547 6208 
f 7917 9168 9553 
f 8331 8420 8244 
f 5512 4856 5422 
f 3284 3077 3283 
f 8998 6417 9215 
f 8912 9174 10418 
f 6345 8915 6556 
f 1536 496 6513 
f 9617 4101 3916 
f 2476 9408 6701 
f 8459 4447 7323 
f 4837 7769 4832 
f 324 8580 1112 
f 6535 6956 439 
f 8690 6422 1356 
f 6629 4969 9684 
f 2259 617 787 
f 6473 4253 356 
f 3443 4489 5805 
f 3635 6424 10132 
f 1877 7332 2295 
f 3376 5711 2778 
f 7630 7725 338 
f 9854 9966 7313 
f 1006 1147 4476 
f 8038 9446 7852 
f 1819 8670 1157 
f 252 214 4131 
f 4075 4470 4367 
f 3982 598 252 
f 3498 1264 8508 
f 8383 8053 7671 
f 6309 6314 6315 
f 5413 2654 5622 
f 5678 4476 1147 
f 3742 1869 8133 
f 3026 5235 4743 
f 1869 776 9513 
f 77 1774 1773 
f 795 10503 3045 
f 7127 8536 7728 
f 1138 1772 5678 
f 2082 1772 1138 
f 565 1618 9228 
f 10490 7644 6862 
f 7349 7461 5057 
f 9957 9891 10336 
f 9354 7933 8370 
f 4576 8232 7294 
f 1693 1198 9730 
f 4473 1006 2326 
f 9222 617 4646 
f 10060 3352 486 
f 8379 10569 4111 
f 7669 10075 3509 
f 10219 4654 5403 
f 1052 4878 9650 
f 914 6558 6586 
f 365 10317 10386 
f 454 455 453 
f 3892 10545 7486 
f 6023 6024 5980 
f 10462 7667 492 
f 6029 5982 6047 
f 6156 5316 6157 
f 374 7639 4010 
f 6062 6064 6031 
f 1861 9768 5965 
f 9063 693 507 
f 7250 1495 10290 
f 6089 6153 6128 
f 8044 4658 10191 
f 7429 2587 5717 
f 5147 5708 5434 
f 2459 7065 4288 
f 6367 7234 2270 
f 6337 3870 9894 
f 1960 5664 9388 
f 1747 7650 7053 
f 3582 6895 5872 
f 9494 7554 8170 
f 7712 6470 6789 
f 6662 8774 10659 
f 4695 4694 9990 
f 8108 6642 10286 
f 7007 8698 2289 
f 3768 4162 2981 
f 9883 8051 2190 
f 9010 7438 6072 
f 6671 6666 9201 
f 4822 1871 7401 
f 7401 4578 8359 
f 6019 9291 4824 
f 1156 9016 9017 
f 6298 7917 6343 
f 8234 9376 6097 
f 720 710 722 
f 10420 2968 10422 
f 10700 3003 5661 
f 3564 3517 3563 
f 3186 6357 6865 
f 2675 9901 3378 
f 9127 4754 4784 
f 6309 6389 6314 
f 10660 2279 6193 
f 2777 1542 6261 
f 1985 3323 8683 
f 8928 10035 8798 
f 1504 6815 8458 
f 1665 7360 6625 
f 7526 10582 9702 
f 7245 6612 6379 
f 4560 4950 10070 
f 4638 10687 7638 
f 9729 9646 9726 
f 4208 4275 10482 
f 10250 7931 7796 
f 6501 8049 6787 
f 7352 8212 7395 
f 7486 1871 4822 
f 2301 138 8860 
f 6244 8725 8821 
f 3908 9046 1355 
f 2212 8356 8009 
f 10271 10341 3790 
f 2044 2378 2379 
f 8241 313 9049 
f 10591 10461 10497 
f 8459 9086 3626 
f 3272 6229 6316 
f 6704 4187 5071 
f 10713 4603 4553 
f 3069 2977 3027 
f 10533 4472 9436 
f 5524 8671 2479 
f 4339 1384 1433 
f 8463 3382 9852 
f 4050 5648 5061 
f 1829 7531 2307 
f 1922 5538 10562 
f 1686 1079 2576 
f 7215 8126 8388 
f 6575 946 794 
f 9051 8885 8993 
f 3121 488 351 
f 8426 8707 7557 
f 10604 10421 9315 
f 1790 1788 1912 
f 3514 3444 2677 
f 454 8216 455 
f 6505 10140 2546 
f 9349 9298 1327 
f 2596 1340 1083 
f 9240 1809 2631 
f 8352 9055 7871 
f 705 7518 8582 
f 2815 6098 1813 
f 8334 4275 8332 
f 10134 9993 7038 
f 1694 531 1286 
f 4946 2760 3443 
f 4086 2709 9157 
f 4934 1397 9733 
f 442 3238 1498 
f 6458 9264 6399 
f 10596 4248 2613 
f 5721 6710 6542 
f 5843 7316 7315 
f 8982 9150 9090 
f 1356 6131 8690 
f 10452 1961 10450 
f 7042 6934 6729 
f 8370 6123 657 
f 5387 4711 1477 
f 7796 7931 150 
f 7968 9603 2840 
f 7140 10515 6337 
f 781 1897 4235 
f 9967 10161 6220 
f 8399 8529 8401 
f 8709 966 7422 
f 100 1925 2078 
f 4987 5470 5487 
f 292 448 449 
f 3982 252 3152 
f 4741 4652 2178 
f 8468 9743 8052 
f 2862 3734 8780 
f 9973 4464 5101 
f 6508 414 4475 
f 1844 922 1433 
f 8928 8760 1366 
f 4290 5780 5497 
f 5775 660 793 
f 880 7648 10502 
f 5694 237 6620 
f 10301 2067 4588 
f 9873 9713 5922 
f 2653 5427 2018 
f 5348 4358 3584 
f 2464 2668 5830 
f 3044 3002 3042 
f 3585 5310 5243 
f 6804 6812 6849 
f 7308 849 6323 
f 8680 8229 9465 
f 976 9213 996 
f 5535 5316 6156 
f 3502 8801 5005 
f 3774 2484 7566 
f 9781 9355 8274 
f 8826 9471 9643 
f 171 2650 7296 
f 3656 6446 1864 
f 5883 1076 5517 
f 7781 1214 7682 
f 5764 1654 1769 
f 6841 2965 9702 
f 2045 3305 9994 
f 112 7463 2543 
f 6900 7968 2840 
f 25 1706 2588 
f 5306 10199 6828 
f 4823 9058 9010 
f 7477 6804 6839 
f 7927 8071 8070 
f 1708 6941 1648 
f 6426 8589 1870 
f 2748 6663 384 
f 9418 8083 10433 
f 9553 9168 9105 
f 7385 3095 6205 
f 6907 7746 7744 
f 8152 6248 5690 
f 4169 9487 1520 
f 5315 3099 10672 
f 8104 9635 10471 
f 2483 9989 8693 
f 3182 3767 7755 
f 4064 4063 5889 
f 730 7452 8809 
f 9524 5743 10078 
f 8599 8694 3068 
f 8253 5039 3515 
f 886 474 245 
f 1390 1327 1413 
f 9544 9322 996 
f 3420 5254 9532 
f 1240 3364 8960 
f 480 502 766 
f 6227 6268 6160 
f 8301 8187 4001 
f 3860 7741 2574 
f 5502 8242 2973 
f 5201 7451 7238 
f 1141 7329 5784 
f 865 3254 4442 
f 7812 8434 6098 
f 8528 8673 8527 
f 9281 3184 163 
f 3372 3370 1676 
f 6134 4372 7726 
f 7579 7375 7577 
f 19 2334 7130 
f 2983 8004 461 
f 6247 6123 5973 
f 8073 7837 374 
f 1553 2507 2208 
f 6914 7907 8149 
f 3227 3383 4592 
f 2074 2110 2168 
f 5353 9386 31 
f 9279 9278 31 
f 2817 2854 2930 
f 5476 9245 4675 
f 7028 10670 10593 
f 2310 2502 1923 
f 4213 1308 2699 
f 2141 2519 649 
f 6251 2037 1711 
f 2642 1623 6245 
f 10709 6491 7778 
f 7694 7692 7895 
f 6308 1490 6355 
f 4507 2736 1053 
f 10347 9164 2822 
f 2641 10347 2853 
f 2443 9536 6472 
f 9507 2888 2926 
f 2903 8924 2945 
f 7660 3883 10291 
f 10625 2675 3362 
f 302 2928 1257 
f 2059 1775 8665 
f 4145 3513 3437 
f 387 4019 4334 
f 285 1331 8983 
f 2307 4651 1829 
f 5337 6064 1861 
f 5639 9148 8552 
f 8530 8470 8379 
f 917 5758 5058 
f 10193 10499 10140 
f 2820 6192 8239 
f 5253 5403 10029 
f 5340 9606 3957 
f 5961 5915 5986 
f 1895 1858 1939 
f 5181 6351 3863 
f 6051 10225 10629 
f 5394 5401 5318 
f 82 9212 2095 
f 4187 6704 5585 
f 4040 6295 7090 
f 7631 2109 2172 
f 9918 9014 9169 
f 5810 5821 5812 
f 2075 1447 2470 
f 8243 6192 3708 
f 9694 9674 9692 
f 9421 10160 9416 
f 9093 724 3617 
f 6977 6013 5355 
f 5337 5149 3781 
f 1308 7120 7217 
f 5316 7479 6157 
f 6328 6359 6257 
f 2436 10638 6659 
f 1308 7217 4449 
f 8265 6255 6137 
f 1176 6794 2122 
f 6220 7309 6253 
f 6609 6715 5224 
f 7612 9445 9916 
f 2150 1041 6532 
f 6794 3131 1175 
f 7724 7913 8007 
f 7311 7629 7427 
f 922 6514 1184 
f 1356 2778 8368 
f 10693 5605 1170 
f 8348 8260 7847 
f 5954 244 269 
f 8753 8812 8627 
f 7918 8056 2252 
f 3665 10426 2833 
f 8214 5064 8223 
f 10312 10310 10311 
f 10012 104 1190 
f 4155 9922 3384 
f 3376 2778 7632 
f 1593 1851 63 
f 3588 9893 413 
f 8014 8157 3972 
f 7133 1138 8697 
f 233 8395 2654 
f 7666 2998 7417 
f 10669 8708 8889 
f 1268 461 9498 
f 9699 8161 6932 
f 8661 8790 8662 
f 9797 10010 7868 
f 8568 8477 8540 
f 7212 6641 179 
f 4961 4631 9344 
f 308 10192 8015 
f 6358 9514 8438 
f 5624 7263 6879 
f 5976 9342 2697 
f 10584 5052 5051 
f 2659 5955 97 
f 9105 9935 8961 
f 9530 6188 278 
f 3378 9399 362 
f 1655 10164 2892 
f 4419 6061 3007 
f 3207 7948 8849 
f 9171 9268 10308 
f 568 3953 567 
f 10331 7214 1751 
f 9535 9452 9351 
f 4537 7496 2903 
f 227 10116 10167 
f 5887 6206 9830 
f 4645 3073 3072 
f 5829 2690 4302 
f 12 5282 283 
f 9097 8989 9156 
f 452 10476 8131 
f 28 10190 8784 
f 7748 9596 1271 
f 2108 1112 447 
f 9759 9787 9799 
f 245 9709 4721 
f 7271 7350 7431 
f 7989 5263 2672 
f 6577 8677 7119 
f 6741 1126 8386 
f 2765 2852 8491 
f 411 9738 7786 
f 7146 5169 2648 
f 3746 3446 3926 
f 9496 9454 9502 
f 4520 4354 3975 
f 3279 759 10149 
f 10268 5008 7385 
f 3941 3983 6049 
f 9026 10308 6474 
f 3947 5792 3946 
f 3708 7899 8194 
f 2658 2971 2972 
f 6937 7509 2890 
f 9517 971 884 
f 8719 8628 4190 
f 1466 6381 215 
f 2767 9391 7803 
f 6379 6612 1295 
f 5703 8229 9782 
f 5779 5732 5800 
f 10364 5928 7552 
f 1449 6115 9808 
f 5700 7926 9877 
f 572 1061 7672 
f 5838 5800 5816 
f 35 1173 167 
f 9403 2991 1886 
f 6384 5998 6396 
f 7345 7171 7264 
f 8208 8207 4284 
f 5192 3406 5437 
f 5304 8411 5687 
f 1052 5588 5584 
f 6883 5996 4464 
f 7444 8495 7186 
f 5714 6476 8205 
f 7240 7483 6075 
f 378 3948 7630 
f 2573 9035 9428 
f 6576 6892 6471 
f 8334 8332 8745 
f 8245 8166 8244 
f 3395 5363 4030 
f 4156 4106 5017 
f 2601 7062 1245 
f 1131 2276 2315 
f 3977 1418 6426 
f 6275 6253 6170 
f 3160 4765 8186 
f 2067 3125 4588 
f 3653 6222 4057 
f 1466 2165 6381 
f 135 418 130 
f 2293 915 2653 
f 10352 10420 10204 
f 5142 2946 4457 
f 9711 2903 7496 
f 7633 6719 7551 
f 3434 8934 635 
f 5800 5751 5816 
f 9305 6935 9948 
f 4199 3996 3803 
f 5966 9316 6674 
f 1770 2969 615 
f 4575 418 10069 
f 5333 451 1024 
f 1024 7051 9119 
f 8272 8273 7517 
f 3879 3880 6779 
f 6823 5102 3963 
f 7720 5875 5113 
f 3672 6013 849 
f 6885 5114 3880 
f 2110 2164 2197 
f 8566 9675 9608 
f 2172 2113 1320 
f 2625 2638 6406 
f 700 4997 1448 
f 4634 8703 745 
f 4023 5317 4380 
f 946 1040 6740 
f 9243 9340 6880 
f 5005 5719 303 
f 9074 9129 9132 
f 8222 10005 7784 
f 5717 44 489 
f 1930 6506 7916 
f 8780 7390 6519 
f 8574 2495 5365 
f 1147 299 5432 
f 10536 2690 3541 
f 3702 5494 5134 
f 4622 1039 2948 
f 491 5878 9269 
f 453 4334 6290 
f 10028 5070 936 
f 782 2097 9366 
f 9116 8896 8756 
f 1110 1695 1721 
f 9926 8865 9457 
f 6237 1440 7628 
f 2114 1592 5829 
f 1975 9330 10179 
f 9045 6191 5944 
f 7385 5008 6723 
f 6829 3656 2039 
f 7820 6503 8919 
f 1905 3070 7311 
f 9172 196 8749 
f 8500 1515 9812 
f 9311 7758 6542 
f 7626 7724 3070 
f 4715 6816 4462 
f 2516 4387 7745 
f 4024 3950 3989 
f 1684 9999 9523 
f 3704 8174 7820 
f 7873 6365 7142 
f 3193 2146 3399 
f 1535 1500 1604 
f 1138 5104 2082 
f 5413 5622 3296 
f 2422 812 2122 
f 9429 10037 10576 
f 9357 7617 7698 
f 614 5599 616 
f 7083 7082 7148 
f 8531 6373 8509 
f 386 4289 3190 
f 2912 1005 4784 
f 1805 1803 5657 
f 1282 669 933 
f 8435 8740 198 
f 2084 251 4949 
f 3725 1543 1544 
f 6740 2150 6532 
f 7698 1071 8083 
f 4837 4832 5949 
f 505 5083 6850 
f 1567 8703 1894 
f 4339 10581 1585 
f 9703 4685 9705 
f 7772 5921 4765 
f 2882 960 1008 
f 5615 8071 10311 
f 2826 2783 1813 
f 9771 9773 9756 
f 6384 6235 6386 
f 2918 9872 10623 
f 8177 8255 8257 
f 2396 90 2408 
f 8746 6101 2493 
f 4534 7449 4896 
f 7173 7111 7171 
f 4231 9499 4230 
f 5941 5939 6035 
f 4039 4178 1322 
f 7546 10571 4232 
f 10232 7110 6296 
f 7802 10707 6465 
f 7448 9042 8551 
f 9327 9276 9181 
f 7453 2127 6073 
f 1710 3885 10460 
f 4266 901 4571 
f 1956 6472 10677 
f 7705 7706 7610 
f 8433 8285 7668 
f 7480 5139 10161 
f 5962 5939 5961 
f 6318 3051 1183 
f 8434 2938 6098 
f 3974 8204 8116 
f 1864 4418 7140 
f 10515 6794 1176 
f 2288 2303 1882 
f 536 8884 79 
f 8142 1872 8102 
f 8509 8122 8531 
f 3704 9457 8174 
f 5558 2063 3817 
f 9453 5851 5112 
f 6518 244 684 
f 7919 6754 6749 
f 6349 5244 10345 
f 1726 1900 1727 
f 7517 8273 1883 
f 9535 9351 6757 
f 3852 3459 7275 
f 7806 9420 9468 
f 1845 221 1786 
f 5196 2524 7281 
f 9202 3409 3411 
f 5676 8655 8310 
f 7440 1379 6041 
f 6061 4419 6210 
f 6451 8509 8047 
f 5445 4273 4207 
f 8889 687 1492 
f 8329 8164 8163 
f 9826 8624 8625 
f 159 7109 4793 
f 9330 7186 10179 
f 4152 10617 10643 
f 3961 8084 5549 
f 7871 658 6515 
f 9328 9042 9044 
f 8280 8226 9886 
f 2216 7819 282 
f 5623 1375 5624 
f 4123 9092 7559 
f 1808 1769 1767 
f 6559 1018 9225 
f 2043 7333 10620 
f 6296 6716 9657 
f 6435 6185 5964 
f 5344 5321 5383 
f 7065 8278 529 
f 10406 10109 7778 
f 2277 505 5583 
f 9315 2567 10456 
f 3636 10581 1601 
f 1455 2707 9184 
f 3728 7136 9628 
f 2539 7127 1083 
f 7547 446 6143 
f 6795 9454 10035 
f 6225 1667 1182 
f 2472 3833 4589 
f 1257 2382 9240 
f 3027 2938 8434 
f 6335 6356 9906 
f 4749 6025 7652 
f 2726 10249 10162 
f 6420 2286 2462 
f 4759 8128 2314 
f 1386 1412 1489 
f 1041 451 5333 
f 8243 8403 6531 
f 9775 4101 1734 
f 6955 4885 7051 
f 1743 10291 3883 
f 9039 7844 7843 
f 302 9240 10660 
f 6208 6547 6466 
f 2953 5093 5069 
f 8735 3704 6447 
f 2309 2154 9056 
f 6285 5025 1565 
f 8777 1422 3690 
f 4575 1068 418 
f 4497 5924 697 
f 280 10684 5591 
f 4976 2388 1001 
f 7867 5824 5993 
f 9042 7448 7039 
f 280 8375 3979 
f 8838 6911 7973 
f 5441 1524 5416 
f 4903 4927 4902 
f 6813 4283 3568 
f 4553 4540 548 
f 6575 794 10712 
f 8275 2270 10305 
f 9549 8797 8998 
f 1024 5589 5333 
f 305 794 10570 
f 3490 3679 3680 
f 9411 9441 10120 
f 1143 10281 3488 
f 1964 5009 4907 
f 7140 4418 7247 
f 10519 8424 1757 
f 7868 2390 2863 
f 6007 6006 6046 
f 837 139 650 
f 10478 8784 1174 
f 1004 4244 8228 
f 6696 9000 6389 
f 3116 6762 2669 
f 4185 1838 6303 
f 573 3048 10124 
f 9279 9235 9278 
f 1083 7127 7728 
f 9513 1725 7034 
f 9511 4704 1784 
f 5775 2802 2804 
f 6943 9698 8743 
f 6083 6605 4764 
f 31 9278 9276 
f 3588 3152 9114 
f 7030 5662 1646 
f 9215 7334 9462 
f 9706 9042 3552 
f 4734 214 3742 
f 6313 3484 7860 
f 5780 501 5350 
f 6574 729 522 
f 6375 3115 2727 
f 3006 8716 4783 
f 6255 6254 5736 
f 6771 5236 2265 
f 2953 3719 5511 
f 8702 8575 1504 
f 7447 5023 1457 
f 7116 6455 8115 
f 2455 9376 8234 
f 8745 8744 8797 
f 328 1927 1958 
f 7453 10337 515 
f 6799 1750 5040 
f 7801 9537 5346 
f 3545 908 1669 
f 5794 3947 3946 
f 4885 7275 731 
f 2482 1674 7199 
f 3439 3029 3436 
f 3670 1759 4527 
f 1623 2642 2548 
f 3581 3009 2639 
f 8643 9458 8317 
f 5311 4521 10010 
f 320 318 198 
f 9836 10337 7453 
f 9911 10272 5815 
f 7987 7896 7986 
f 5445 4277 5878 
f 6182 9577 9585 
f 7940 7755 7723 
f 10391 10464 10531 
f 1528 6015 3301 
f 5299 168 5710 
f 7398 7712 7402 
f 3583 2309 799 
f 4576 9665 5918 
f 9382 6507 10184 
f 7996 4087 6962 
f 9908 7867 6705 
f 1047 40 5768 
f 5344 5323 5322 
f 8059 8057 8151 
f 2954 162 572 
f 4451 9088 9954 
f 4510 2208 2508 
f 6223 8263 6309 
f 8937 8984 9090 
f 6663 9704 384 
f 8480 8485 8308 
f 1647 9615 8282 
f 4674 7018 6954 
f 5570 4834 5060 
f 10675 1096 9194 
f 3651 225 8416 
f 2962 7110 10232 
f 5393 4841 6801 
f 2083 5228 2773 
f 1107 1130 620 
f 4172 3864 2376 
f 6629 7946 4969 
f 10696 10665 8827 
f 3633 3227 3617 
f 2958 4128 2633 
f 7770 8572 10204 
f 710 9176 10345 
f 321 264 860 
f 4143 6834 6445 
f 6084 9395 1325 
f 4670 6117 7404 
f 8973 8949 7922 
f 7051 5142 9119 
f 8288 6403 7873 
f 8195 3708 6192 
f 4462 6906 3814 
f 169 5514 2048 
f 3367 1531 2083 
f 2054 2913 7910 
f 296 10268 7385 
f 7443 7133 2380 
f 9293 6357 3186 
f 5525 10085 4389 
f 6197 4312 8668 
f 6521 8272 7517 
f 6075 6870 6785 
f 3547 803 2404 
f 3746 10173 6552 
f 9731 2782 9093 
f 5733 3468 4366 
f 1037 9112 9226 
f 9522 4020 1525 
f 10428 10514 10429 
f 6731 6836 6489 
f 8300 2049 6952 
f 4312 6197 2916 
f 3175 642 9314 
f 6614 2411 9909 
f 1359 1016 3700 
f 714 6762 7310 
f 3755 3910 5069 
f 6436 1235 3229 
f 869 7456 918 
f 6468 4318 1931 
f 5824 5964 5993 
f 6544 6200 6450 
f 4216 7005 3691 
f 4050 6323 5621 
f 5931 8850 8720 
f 2814 9851 9955 
f 3907 3880 3879 
f 4082 2122 812 
f 5944 2473 9525 
f 436 432 756 
f 6659 9592 2436 
f 600 8985 2734 
f 5065 7985 3072 
f 1025 4850 3164 
f 6136 4207 4273 
f 2400 2446 52 
f 8795 8499 8894 
f 7229 4302 2690 
f 8119 8901 8758 
f 8897 9592 3187 
f 7544 7538 7553 
f 7244 6169 9521 
f 1946 2211 9009 
f 9031 4995 9128 
f 10115 10198 10045 
f 6395 3413 8333 
f 3986 6267 9041 
f 5875 7720 8421 
f 9400 5320 5318 
f 6882 7734 7433 
f 6181 3629 8920 
f 5745 7588 7509 
f 872 2744 8211 
f 2300 973 81 
f 6328 6280 96 
f 3656 3657 2039 
f 8308 8250 8480 
f 712 103 133 
f 1776 1502 2894 
f 9966 7195 7312 
f 3377 2228 7827 
f 3742 214 6553 
f 3441 836 2138 
f 1725 9513 776 
f 7724 1205 7629 
f 9496 9502 8323 
f 9272 6826 4070 
f 5721 6770 7804 
f 10055 338 2539 
f 3588 9114 3936 
f 9468 9420 9262 
f 2130 1580 8619 
f 462 3982 413 
f 2317 4225 7836 
f 9935 9907 9325 
f 9560 9621 1417 
f 5085 5240 3156 
f 6343 7917 7999 
f 3750 10050 6618 
f 5792 1185 6885 
f 8908 8037 6979 
f 10539 4423 5484 
f 4013 5569 2391 
f 7917 6298 9519 
f 8614 8538 8686 
f 4016 2811 5462 
f 3660 5504 5645 
f 10136 9999 10180 
f 2973 6377 8791 
f 6542 8082 6487 
f 2072 8286 10480 
f 687 502 1146 
f 9926 8330 9545 
f 9121 6480 4530 
f 9316 10625 3513 
f 1809 9240 2382 
f 6665 2299 7880 
f 1525 10617 2174 
f 10146 7098 8 
f 9808 7533 1449 
f 860 2433 3399 
f 4497 697 9801 
f 1983 647 10332 
f 6314 9358 9359 
f 8868 7647 7812 
f 7853 1704 2410 
f 5174 7652 3638 
f 9443 9491 9444 
f 381 642 5878 
f 10710 9270 476 
f 7939 9491 6322 
f 4847 6321 1588 
f 2383 550 9206 
f 3172 6423 6205 
f 9327 8320 8318 
f 984 2542 10406 
f 9200 6066 341 
f 1586 8389 7810 
f 8065 942 7640 
f 5908 715 3008 
f 5701 5720 5728 
f 6915 3944 7202 
f 6386 4971 6384 
f 1302 8834 134 
f 5413 6140 233 
f 9712 6980 3748 
f 5881 1027 7056 
f 982 9032 2592 
f 8840 9422 4859 
f 1670 2509 7859 
f 5920 5918 9665 
f 9066 6283 10520 
f 9509 9541 4677 
f 10158 4746 5828 
f 3717 1912 1523 
f 1152 4131 4734 
f 10000 10567 9999 
f 7906 6445 9460 
f 742 9182 1465 
f 9926 9457 8330 
f 10641 7956 10009 
f 2476 6701 9536 
f 343 10367 4465 
f 6225 4451 995 
f 7667 9050 615 
f 7631 4750 2284 
f 9357 6612 6791 
f 5931 8592 8550 
f 9019 2321 6772 
f 7175 1663 993 
f 7889 10599 1719 
f 10006 7060 4454 
f 3652 2751 9731 
f 6357 9233 10673 
f 8167 1355 2014 
f 5305 6207 7835 
f 460 2014 288 
f 4224 4137 4179 
f 9782 5731 5703 
f 2072 3013 10009 
f 9579 9527 9613 
f 10422 2968 4015 
f 4069 4068 2886 
f 6241 9395 2394 
f 4832 7768 7767 
f 9665 2267 9350 
f 4366 8886 5733 
f 6237 3576 6239 
f 9048 8882 8991 
f 8744 8332 8902 
f 9099 8993 9160 
f 10487 5481 7469 
f 10566 9647 7136 
f 7525 8110 10186 
f 8637 8761 8762 
f 2453 7737 2501 
f 8056 7629 2252 
f 3549 1571 1499 
f 9037 8200 8776 
f 1978 6693 3104 
f 7024 7023 2467 
f 597 2174 10062 
f 3419 8600 2074 
f 8685 9802 8015 
f 2037 4152 10441 
f 7605 9890 4817 
f 8343 2899 2987 
f 1758 7196 1929 
f 4884 4881 4989 
f 2737 8175 1053 
f 1064 566 2943 
f 3476 4933 5108 
f 8566 9415 5453 
f 1922 10562 2258 
f 32 3142 3271 
f 9475 9415 205 
f 1906 2372 2537 
f 3662 10620 1344 
f 1998 3980 10169 
f 7670 7768 5602 
f 268 10439 2057 
f 4151 127 8852 
f 954 746 9632 
f 10251 8441 1722 
f 4635 8170 8161 
f 41 2453 9841 
f 5641 468 10582 
f 5732 5703 5731 
f 8321 8264 6391 
f 2213 10003 8218 
f 1759 1929 8599 
f 93 9285 10066 
f 8955 8890 5865 
f 8262 4296 6696 
f 8433 7668 5994 
f 562 6539 7603 
f 9958 7675 10268 
f 6696 8263 8866 
f 9794 1727 1574 
f 9744 9745 1636 
f 9239 9024 9238 
f 9321 9132 9320 
f 10524 6057 4815 
f 6633 9948 8769 
f 429 3738 576 
f 7358 2424 2210 
f 6908 6445 7905 
f 421 7787 9806 
f 4743 7293 5252 
f 6800 7919 6749 
f 5803 5800 5841 
f 1326 1289 1358 
f 7632 2778 3635 
f 7632 776 3376 
f 2511 7550 2510 
f 83 1905 7104 
f 9776 9833 9767 
f 781 57 8138 
f 4402 955 2080 
f 1774 77 347 
f 8554 5891 3572 
f 7313 9779 2596 
f 5104 1720 1263 
f 6844 7041 6969 
f 1640 8352 10351 
f 9682 8625 6781 
f 7830 6045 9703 
f 2380 8697 552 
f 4828 5567 4759 
f 9858 8915 2394 
f 6351 3250 3863 
f 2966 7861 5006 
f 10039 7142 4868 
f 1569 551 8201 
f 10677 8714 10109 
f 6908 7905 5814 
f 9029 8810 8972 
f 6855 471 5744 
f 4550 5687 8411 
f 832 1936 1089 
f 7467 7387 2792 
f 4287 4727 9195 
f 8313 2019 10445 
f 5799 5571 1666 
f 946 6575 6468 
f 7051 10547 2946 
f 10133 9923 10292 
f 5634 10685 5050 
f 4622 4601 10646 
f 3541 2690 3690 
f 8339 9262 8334 
f 72 10142 330 
f 7751 8317 4185 
f 2898 8439 7780 
f 9352 9449 4516 
f 716 5902 3920 
f 1932 10697 5606 
f 40 2517 43 
f 6526 5761 4894 
f 7440 8473 1379 
f 1061 162 4914 
f 6904 6419 7081 
f 1399 2354 2353 
f 1288 9384 9742 
f 8617 6053 6397 
f 3878 7239 3629 
f 4041 7750 8252 
f 10610 939 6388 
f 6727 6388 6196 
f 10161 9967 7480 
f 6070 6068 5535 
f 4545 3908 6938 
f 10043 10148 10013 
f 5005 4141 9538 
f 222 1675 804 
f 5058 827 917 
f 10439 471 6176 
f 8253 4552 5039 
f 10631 2927 10332 
f 6405 264 6307 
f 7138 7387 7218 
f 5690 2455 4773 
f 3459 9643 215 
f 9363 9171 9318 
f 1554 9501 9353 
f 655 1415 654 
f 5968 7263 5624 
f 5911 5956 3593 
f 10694 10689 6796 
f 2494 3701 1685 
f 1660 1662 4370 
f 3645 6897 10344 
f 2341 5262 3066 
f 9859 8779 8760 
f 1719 8167 4291 
f 6865 6357 10673 
f 4488 4430 4486 
f 1798 780 7161 
f 6409 8717 8735 
f 8007 7913 10491 
f 10240 10083 10317 
f 6955 7347 4885 
f 257 296 6482 
f 5469 8050 8155 
f 3749 3675 3707 
f 497 930 1517 
f 4175 9981 8622 
f 4063 4064 9980 
f 3143 5913 5917 
f 9392 5459 7338 
f 1883 2127 8159 
f 1727 9794 1726 
f 6803 8020 6777 
f 5128 8266 3383 
f 4020 9522 2196 
f 8277 4309 9257 
f 1022 2687 1010 
f 3383 2701 5128 
f 9203 9097 9156 
f 6965 4439 10441 
f 8392 5099 8584 
f 2061 5554 8062 
f 4265 9715 6460 
f 75 68 10142 
f 9895 9747 9814 
f 1098 3304 7553 
f 9519 6160 9468 
f 4000 1261 827 
f 3979 8375 9270 
f 4853 5580 6136 
f 10051 9648 9666 
f 9386 9279 31 
f 1021 10608 9520 
f 10230 3138 3303 
f 7404 6008 10 
f 1209 4487 1545 
f 6477 7116 8202 
f 8742 9286 2116 
f 4643 4680 4569 
f 8641 5773 5612 
f 6126 6058 6101 
f 8014 3972 8092 
f 9775 9849 4105 
f 8928 6795 10035 
f 2175 3210 3216 
f 3747 3585 5243 
f 7889 9598 7229 
f 7879 10276 4943 
f 4452 4303 4488 
f 1582 4109 6251 
f 1220 8874 1221 
f 341 8728 5805 
f 2628 6745 2723 
f 5258 7935 6486 
f 7924 7520 7046 
f 6363 417 3764 
f 1806 1610 8704 
f 8205 6476 6679 
f 5116 6796 10689 
f 8714 6701 10709 
f 7628 1440 7852 
f 9940 2504 5295 
f 8014 6783 6782 
f 6556 7344 6345 
f 1263 3173 8583 
f 8862 10307 2215 
f 2703 7736 3692 
f 485 4936 5662 
f 6696 6389 6309 
f 6468 6575 1122 
f 3413 6395 9058 
f 8227 1682 1369 
f 7553 8261 7544 
f 7475 808 1862 
f 5762 5810 5812 
f 4954 8823 5362 
f 2945 1974 2048 
f 277 276 732 
f 7375 7145 5822 
f 963 1640 10351 
f 8367 3636 4913 
f 5317 4220 6032 
f 2732 6601 685 
f 1620 3178 7357 
f 9591 2538 8739 
f 5082 9409 722 
f 1000 7854 109 
f 1256 10520 4875 
f 6517 7139 994 
f 655 10462 1415 
f 196 3945 1564 
f 1415 10462 492 
f 8849 7948 8785 
f 1106 415 9588 
f 10070 5854 4560 
f 6368 5574 6509 
f 3605 9974 9274 
f 664 504 9480 
f 9547 2185 9480 
f 394 5954 3189 
f 7547 7474 559 
f 719 493 10254 
f 9902 6346 667 
f 8505 690 447 
f 9955 3456 4080 
f 3272 3273 3276 
f 9764 8724 8893 
f 1750 2767 8040 
f 9848 1860 3983 
f 5726 5092 5715 
f 3362 3401 3437 
f 1981 6743 5778 
f 7788 8040 2767 
f 2095 6514 4642 
f 1162 1411 8819 
f 10464 10530 10531 
f 8943 8879 8986 
f 1225 1922 6301 
f 4384 2784 1481 
f 9045 8314 2052 
f 6135 9659 8397 
f 9380 7655 6633 
f 3811 8127 8716 
f 6529 3992 1841 
f 9267 8785 7663 
f 269 976 36 
f 7559 2154 4123 
f 4957 4739 3350 
f 6700 9136 4319 
f 10148 473 10239 
f 607 500 747 
f 508 987 5233 
f 1217 1218 3010 
f 10690 352 3770 
f 1806 1017 1066 
f 6787 6789 6501 
f 6703 3741 964 
f 6712 368 1105 
f 4715 3381 6816 
f 6196 6388 6433 
f 8700 10076 5168 
f 5597 5176 5178 
f 1090 967 1390 
f 6206 10220 9597 
f 6810 450 9861 
f 831 1287 2076 
f 10291 235 3338 
f 9009 8516 10573 
f 8610 8609 9113 
f 1413 8842 2603 
f 7304 5615 4108 
f 7852 1440 6241 
f 159 89 3301 
f 4807 5669 8443 
f 3907 4070 4627 
f 1639 8819 8269 
f 1226 95 10419 
f 9836 7453 9170 
f 9221 42 469 
f 310 3170 3168 
f 71 1935 330 
f 5386 5345 5344 
f 3916 3951 2557 
f 5230 2667 2529 
f 7347 2482 7199 
f 6445 6834 9460 
f 593 1346 591 
f 5155 5078 3465 
f 3383 4914 4592 
f 5724 6476 5714 
f 4078 2272 3012 
f 10638 539 10639 
f 451 2918 7347 
f 5002 576 5207 
f 9372 4894 6226 
f 8545 1036 8832 
f 2119 8917 4355 
f 6266 6925 9858 
f 6938 10599 4956 
f 3405 5109 5443 
f 2977 2939 3027 
f 9868 8713 9824 
f 9032 4837 2592 
f 7460 5016 5053 
f 2382 9938 1809 
f 10006 6423 2486 
f 7842 5476 4675 
f 9663 6484 8119 
f 5593 2333 4580 
f 10387 7815 3913 
f 10165 2242 6114 
f 9914 6394 8531 
f 2454 10691 9224 
f 679 610 2622 
f 1048 6545 2517 
f 1626 6285 963 
f 5387 4664 4711 
f 9374 9483 6694 
f 5573 2996 8543 
f 9386 5353 8486 
f 4994 5077 5470 
f 4069 5868 2875 
f 6141 6256 6255 
f 8680 6379 1295 
f 9233 8856 774 
f 6177 5353 6133 
f 9585 5400 178 
f 7532 7231 5729 
f 8036 8210 8125 
f 6255 5736 6141 
f 5179 6234 5250 
f 9723 9642 1247 
f 75 4117 1 
f 3593 3524 4724 
f 7116 6477 6455 
f 9274 9974 7071 
f 10483 1019 8618 
f 7212 1919 4081 
f 9407 9512 9405 
f 614 524 523 
f 2165 3662 8088 
f 1841 6438 2246 
f 7654 8605 10022 
f 3186 8080 2583 
f 3251 4261 736 
f 9609 10051 9610 
f 1046 2092 1937 
f 2214 10686 2216 
f 2760 4301 10641 
f 489 7864 7429 
f 9046 10296 5888 
f 9261 1068 1468 
f 2338 6683 5717 
f 7888 8246 8187 
f 8088 4457 2946 
f 8449 10259 5770 
f 5589 3934 1261 
f 1367 10324 9641 
f 5983 3291 10306 
f 8098 6931 2677 
f 9196 9284 9197 
f 4073 2098 4686 
f 2297 3984 3411 
f 597 3652 1525 
f 6611 7670 5201 
f 8137 8007 8445 
f 6223 6309 6315 
f 9920 9365 7497 
f 10191 10056 10136 
f 7853 7643 2672 
f 5801 8341 5802 
f 2815 8320 9000 
f 8798 6842 8280 
f 5733 8886 310 
f 2220 2911 477 
f 6164 8224 7875 
f 9108 7863 9476 
f 7906 8901 7905 
f 496 332 6889 
f 6289 6569 6421 
f 9792 10015 9867 
f 4832 7764 5949 
f 4235 2078 994 
f 781 650 57 
f 3021 10688 3416 
f 9829 8824 9979 
f 413 1774 4364 
f 9211 2844 2793 
f 3041 2919 2995 
f 9948 6633 6766 
f 1750 4417 2767 
f 2612 6737 6843 
f 6874 5782 1312 
f 5640 1015 2887 
f 8448 5759 10339 
f 6782 9464 8032 
f 8775 4289 513 
f 4712 3499 4718 
f 153 366 1963 
f 3187 10355 8897 
f 10664 9600 9501 
f 7720 7861 2966 
f 787 8586 2259 
f 10620 2382 1257 
f 6530 2466 10500 
f 8001 2237 9011 
f 6741 8383 7671 
f 3662 2165 2043 
f 58 356 9742 
f 2704 626 2798 
f 6192 2820 2746 
f 8985 7108 608 
f 7360 2650 6625 
f 8087 4431 7660 
f 9454 6795 9167 
f 8306 8246 7888 
f 7628 9446 5949 
f 7555 7775 7554 
f 3007 9056 2154 
f 3529 6995 3877 
f 2137 2297 1443 
f 3093 7482 4070 
f 4824 9291 4827 
f 8100 7937 6717 
f 7227 8990 5843 
f 7848 977 2156 
f 6777 8020 6766 
f 3878 3388 7239 
f 8717 6409 6394 
f 2473 6191 846 
f 5743 9524 5490 
f 7328 8234 9058 
f 9535 6757 6266 
f 10247 7592 7591 
f 7247 10515 7140 
f 7360 483 291 
f 9373 9178 9321 
f 6808 6312 10001 
f 9248 9034 9130 
f 3212 6917 1223 
f 2500 2262 1683 
f 6257 6258 4560 
f 6299 1198 1693 
f 9262 9220 9468 
f 10423 224 2666 
f 685 8676 2177 
f 2281 6056 10408 
f 529 10508 4288 
f 1527 497 3412 
f 9194 1096 557 
f 7436 8663 8782 
f 9314 6324 7036 
f 1877 699 2184 
f 3500 4401 8688 
f 3572 785 2091 
f 7376 7145 7579 
f 8740 8938 320 
f 7378 1102 7128 
f 3279 5065 3072 
f 10662 6619 7563 
f 6302 6336 6282 
f 612 8527 614 
f 5158 5156 5715 
f 8129 4325 10684 
f 7807 60 2773 
f 2342 8727 3598 
f 6593 5902 9630 
f 3291 2266 8884 
f 1415 804 9733 
f 1244 472 10239 
f 10448 4595 10067 
f 10506 8857 2334 
f 3743 1885 10327 
f 4266 4271 7036 
f 9261 1468 8897 
f 9725 9618 9656 
f 6532 1041 10570 
f 7920 5566 10050 
f 4284 1988 6906 
f 10536 926 2690 
f 2979 1531 6698 
f 2295 7332 10436 
f 6268 9380 7806 
f 9013 5695 9158 
f 6671 1019 6754 
f 6249 641 8050 
f 9155 7843 4624 
f 7763 6907 6797 
f 7837 8010 7841 
f 5795 3942 549 
f 4503 10481 4112 
f 5490 8202 8204 
f 6792 7320 2564 
f 5490 4088 5743 
f 771 10225 1243 
f 9709 8193 4721 
f 9163 10371 2405 
f 10255 10451 10333 
f 8786 6925 6503 
f 8193 9163 9403 
f 1323 8840 9809 
f 3176 2923 3625 
f 5006 3401 5160 
f 7448 6228 2324 
f 3674 3518 6162 
f 8925 8928 1366 
f 9828 5626 10692 
f 8339 9220 9262 
f 3326 4128 2932 
f 2034 3785 6263 
f 9100 9931 9849 
f 870 1008 960 
f 6726 6868 8315 
f 2948 1172 9142 
f 8053 7240 8092 
f 5416 1524 5382 
f 8328 8042 8038 
f 7905 8901 6484 
f 7116 8115 8116 
f 10022 1764 9055 
f 5476 7842 2773 
f 8105 10017 10107 
f 6902 5420 6453 
f 10028 832 1078 
f 205 4292 9127 
f 3899 2401 2997 
f 5001 3500 1264 
f 8167 1719 5167 
f 2912 4784 3341 
f 4495 4488 4542 
f 5365 6221 3378 
f 6938 5167 1719 
f 640 9652 6996 
f 4152 10062 2174 
f 3788 8609 8610 
f 8038 8042 9446 
f 9842 10133 10064 
f 3424 7938 9636 
f 1306 724 8841 
f 5391 7860 9582 
f 7671 8053 9389 
f 4821 5279 4983 
f 564 5983 10306 
f 1930 7916 8861 
f 7811 7714 6886 
f 6849 6835 6804 
f 9240 2279 10660 
f 227 2658 6733 
f 2689 6831 5018 
f 8200 8947 8776 
f 2895 187 7773 
f 635 4796 3442 
f 3107 10096 2510 
f 1904 2107 10506 
f 3042 3183 3241 
f 8428 6860 8430 
f 1086 8270 3350 
f 1641 2227 1672 
f 8248 5796 9500 
f 6757 9351 7953 
f 6590 2432 9263 
f 2363 1868 2104 
f 5091 4476 9893 
f 5898 5896 5941 
f 3562 3372 3445 
f 10715 8858 9654 
f 2185 654 9733 
f 7965 7963 8091 
f 7666 9533 4891 
f 3309 3507 3624 
f 3831 1375 5560 
f 610 679 651 
f 5250 1375 3831 
f 4100 6825 895 
f 5179 5250 6281 
f 10476 6374 8377 
f 1334 2976 6383 
f 10705 7445 10666 
f 7778 10109 8714 
f 904 9063 4480 
f 1256 5682 6199 
f 4259 2688 4405 
f 4001 2049 8301 
f 8006 5070 3541 
f 3187 6659 10639 
f 978 3108 4892 
f 3884 880 10502 
f 6452 808 6510 
f 2162 9905 2567 
f 9702 2965 7981 
f 8160 6749 6754 
f 2134 375 8252 
f 5452 4140 6707 
f 855 10162 884 
f 10549 8118 1826 
f 9579 9613 9653 
f 9828 9765 9984 
f 8961 9553 9105 
f 6807 10382 540 
f 3768 9111 4162 
f 8793 8720 8850 
f 10697 9329 2923 
f 7009 1119 635 
f 5506 4938 2605 
f 6417 7334 9215 
f 7181 4686 9669 
f 3864 10342 2376 
f 9861 7402 6810 
f 7931 7832 150 
f 2863 2390 8537 
f 10574 2870 3249 
f 5848 5708 5846 
f 3126 2248 2068 
f 1651 6574 10630 
f 4653 10550 10606 
f 8888 2330 8701 
f 3930 3097 4014 
f 5950 644 3394 
f 3387 3190 9151 
f 2520 2569 8277 
f 3021 7912 10688 
f 4487 1765 7030 
f 5918 5920 8871 
f 7975 8286 9312 
f 7933 6681 9290 
f 1928 6536 1072 
f 6650 6497 1492 
f 3838 3840 3800 
f 5348 5191 2336 
f 7920 10050 3750 
f 10592 1409 1114 
f 3909 424 2534 
f 10597 10540 10632 
f 5460 5418 1524 
f 1855 6761 2006 
f 10296 9046 2100 
f 3947 5794 10337 
f 1834 5871 6014 
f 8713 1046 6683 
f 1494 1281 1284 
f 9464 6782 7253 
f 7719 6429 830 
f 9091 1473 1576 
f 6445 6908 4143 
f 1641 3549 2412 
f 5612 9628 8634 
f 9933 4649 7675 
f 9573 9558 877 
f 4291 460 2114 
f 6962 3895 6832 
f 4291 4302 9598 
f 8642 6852 3343 
f 10599 6938 1719 
f 5719 4330 8375 
f 7553 7973 6911 
f 8025 131 10532 
f 3150 7486 4822 
f 634 10286 545 
f 5333 5589 6564 
f 7126 6990 7063 
f 1976 2137 1436 
f 149 116 147 
f 8621 6320 736 
f 10035 9496 6842 
f 7672 3852 572 
f 1466 9471 1870 
f 3164 4850 2203 
f 10335 7518 903 
f 872 4308 628 
f 6447 6409 8735 
f 4465 2659 6927 
f 7557 7367 8426 
f 8360 7976 9398 
f 4625 8877 10222 
f 9316 8921 9901 
f 8456 6228 8551 
f 6530 5416 5382 
f 10623 1674 2482 
f 4425 3978 5908 
f 8853 9475 205 
f 2043 10620 3662 
f 4749 5543 7119 
f 8000 8961 8779 
f 7019 5881 7056 
f 9029 8975 8810 
f 7538 7310 7658 
f 3837 4514 1201 
f 981 3275 6190 
f 4090 4426 4252 
f 2843 1644 9450 
f 8689 8808 8753 
f 7370 10261 8719 
f 6525 4760 5644 
f 6077 4765 6475 
f 2956 2848 2955 
f 883 6998 10236 
f 9131 239 4484 
f 6690 6743 5608 
f 1916 10460 473 
f 6695 6233 6512 
f 8169 7983 7982 
f 3071 6032 4021 
f 9383 10310 2967 
f 4648 4685 4687 
f 1487 10089 9299 
f 7533 9808 8587 
f 3723 10468 4860 
f 10669 4780 1031 
f 2085 6056 2281 
f 460 5972 2114 
f 8373 9223 3978 
f 1104 9658 1988 
f 10668 2885 1548 
f 6336 6362 239 
f 4430 4428 4486 
f 3870 6337 10515 
f 7961 8723 7192 
f 2945 8924 2699 
f 7959 7187 7050 
f 4956 2751 4545 
f 5858 5837 5877 
f 6636 7430 6493 
f 314 1936 832 
f 6345 6371 7707 
f 6687 6686 10061 
f 3792 3404 2027 
f 7939 7647 8868 
f 4116 8021 3532 
f 6873 6291 6689 
f 5782 6633 1312 
f 5752 10475 1684 
f 7303 7208 7301 
f 2419 2248 3460 
f 3505 5230 3503 
f 473 10263 1244 
f 7463 112 6079 
f 8668 549 9992 
f 676 678 5112 
f 1005 5643 3752 
f 7686 7580 7578 
f 6642 838 9432 
f 8680 1295 9877 
f 1705 1010 7307 
f 9847 3653 3205 
f 4091 1478 3970 
f 9109 9798 9136 
f 144 6140 5413 
f 10626 6707 725 
f 6275 5573 5735 
f 9993 10130 7038 
f 6221 5365 2495 
f 4295 5991 7177 
f 1387 2134 8252 
f 1079 4533 7028 
f 5988 6113 6404 
f 7329 9259 6717 
f 158 91 124 
f 8758 8901 8045 
f 8770 9460 9290 
f 8139 3770 10658 
f 6758 8119 8758 
f 6611 8386 7759 
f 1617 4283 3673 
f 8723 3877 2123 
f 5383 5321 5382 
f 5873 5884 6704 
f 9404 10461 10591 
f 3479 4300 4305 
f 5576 5587 2407 
f 6605 3362 2675 
f 9170 7438 3092 
f 9398 8642 3304 
f 9444 8261 9443 
f 8262 6098 4296 
f 8747 8759 8770 
f 9348 5789 5788 
f 2697 9342 1606 
f 10367 7339 4465 
f 2610 1378 6708 
f 6795 8925 8330 
f 430 6529 1841 
f 3958 3808 3805 
f 8812 1026 8975 
f 10030 4880 6560 
f 6783 8014 8092 
f 3023 6947 1109 
f 749 2249 3347 
f 8798 9859 8760 
f 2515 10091 10711 
f 9770 1478 3474 
f 9495 9459 8430 
f 6227 6164 7875 
f 10697 8448 5606 
f 9410 4896 2562 
f 2775 3620 3661 
f 6520 4347 3832 
f 9839 9763 5537 
f 10142 72 75 
f 7391 6721 7397 
f 5200 2705 3262 
f 8210 8036 8297 
f 6521 6874 4618 
f 8903 6724 6887 
f 2857 2742 6168 
f 5979 6148 6132 
f 8299 3000 8179 
f 9733 1397 2185 
f 1759 1758 1929 
f 9223 715 5908 
f 4940 4942 4941 
f 344 1840 1713 
f 8125 10458 2766 
f 311 4858 9076 
f 5648 5621 3257 
f 4956 8120 8860 
f 7086 9529 3154 
f 1781 813 8455 
f 5638 2944 4209 
f 1565 9825 2979 
f 3774 7566 9949 
f 2045 3712 1161 
f 4472 9566 9436 
f 5393 8631 8629 
f 8781 3525 10229 
f 9344 609 10016 
f 2100 4141 10296 
f 2536 10076 3123 
f 6762 10117 2669 
f 798 8340 7988 
f 3197 3196 3255 
f 10691 5605 10693 
f 7666 7319 6210 
f 5871 1834 5899 
f 3916 4103 3951 
f 5467 790 6794 
f 6516 6655 8763 
f 7953 6373 8919 
f 9945 2891 8647 
f 1047 1048 2517 
f 5735 3748 6980 
f 3197 3120 3196 
f 9672 9673 673 
f 354 651 10248 
f 7025 7027 3393 
f 7871 1764 658 
f 8680 9877 7926 
f 8216 6933 9635 
f 8605 7654 1531 
f 729 5361 683 
f 407 5239 5482 
f 4279 4091 8396 
f 3281 10344 6897 
f 2747 3147 7010 
f 6908 5814 8325 
f 7638 631 4948 
f 3337 3336 3355 
f 4483 1538 9564 
f 8258 2581 7924 
f 1991 221 1845 
f 9379 8121 6451 
f 10122 7291 2936 
f 8810 1026 8872 
f 8032 1569 6782 
f 8082 7758 6454 
f 1530 5730 8670 
f 9615 1647 6808 
f 4450 9001 8988 
f 7651 6322 6852 
f 5050 10685 5054 
f 1330 2075 6287 
f 9312 8286 2072 
f 3096 32 3211 
f 9212 1646 3758 
f 1552 1511 10559 
f 264 1700 2159 
f 2085 7265 7307 
f 4492 3749 7393 
f 9675 9512 4739 
f 9348 707 9083 
f 4032 4490 4379 
f 388 349 6071 
f 1549 2860 1903 
f 10570 794 6532 
f 6512 1751 977 
f 177 7540 7466 
f 9348 9083 766 
f 6124 2175 4229 
f 5973 7673 7856 
f 6566 7397 6721 
f 1998 2 10600 
f 7206 4193 2511 
f 10134 7038 7000 
f 5491 2191 2189 
f 1040 6468 6334 
f 5821 5810 5847 
f 5654 5369 1365 
f 9590 9213 976 
f 940 5489 12 
f 2148 2070 2028 
f 8422 8420 7091 
f 10191 10273 8044 
f 7225 7349 7459 
f 2122 4082 1176 
f 6038 2872 5095 
f 7303 7301 7465 
f 5948 2860 9808 
f 6053 9413 5926 
f 3222 5267 806 
f 1929 7196 8694 
f 3497 6960 4093 
f 7756 1069 7749 
f 7155 6945 7270 
f 3140 10230 1441 
f 7804 6710 5721 
f 9494 6858 7554 
f 3882 4071 4072 
f 1469 1499 1533 
f 6769 9529 7086 
f 6487 6709 8440 
f 2964 8671 1187 
f 8721 8672 8793 
f 10014 10658 721 
f 242 2316 9722 
f 10025 816 9687 
f 387 7596 3550 
f 10001 658 9615 
f 8890 8705 8579 
f 6026 3235 3236 
f 4889 4720 5438 
f 9272 8159 6826 
f 5639 5004 1336 
f 615 2969 222 
f 5409 5456 3973 
f 4411 6765 9617 
f 6316 6229 7308 
f 10141 3103 3909 
f 2037 1674 1711 
f 8440 6770 5721 
f 10259 3219 2418 
f 3641 6460 9715 
f 7633 6478 7925 
f 10157 10024 5384 
f 6825 4100 417 
f 5858 5797 5837 
f 4527 2053 2060 
f 10128 2427 2703 
f 9900 9964 9821 
f 2136 1976 6848 
f 7647 7939 8372 
f 2740 140 10139 
f 9352 4516 8047 
f 9659 772 3875 
f 8998 9215 8863 
f 7755 3767 8001 
f 10213 3636 1601 
f 1843 3240 4022 
f 6143 446 3909 
f 832 4649 1078 
f 7864 2551 7429 
f 3129 422 3732 
f 7892 10656 8146 
f 2823 2729 2460 
f 5647 3608 5480 
f 5011 721 6376 
f 4845 55 2561 
f 1498 7800 1609 
f 7340 2742 3033 
f 9561 9586 9562 
f 5093 9355 3755 
f 2937 5146 7956 
f 3807 3806 4203 
f 189 1081 188 
f 7460 7300 5016 
f 2086 7304 4108 
f 5703 5706 8229 
f 8641 8634 7892 
f 7937 9518 6506 
f 3502 1931 4318 
f 8380 9272 7482 
f 5294 647 5131 
f 9732 6134 1758 
f 10067 4595 516 
f 289 8730 8974 
f 7213 3530 966 
f 8125 8210 1136 
f 9220 9168 9519 
f 9722 7539 10214 
f 1024 451 6955 
f 1456 1237 1282 
f 10643 6965 10441 
f 2885 6977 5355 
f 5113 8152 7861 
f 460 8167 2014 
f 10015 14 824 
f 4333 4297 4376 
f 7527 7301 7383 
f 8538 8410 7158 
f 10213 9657 5694 
f 4881 5725 4848 
f 6251 4109 4257 
f 1848 791 4348 
f 9972 5144 6304 
f 7224 7318 7235 
f 6580 6079 112 
f 9017 672 1157 
f 3957 9606 5799 
f 4328 9061 706 
f 3157 4738 34 
f 5522 10521 3123 
f 2657 2651 2656 
f 6864 9427 2555 
f 6787 6810 6789 
f 8102 1872 5440 
f 2260 8995 15 
f 6918 9542 6560 
f 6666 6671 6964 
f 8670 5730 1157 
f 6782 10235 8014 
f 296 122 10268 
f 9649 6342 9728 
f 9111 585 164 
f 1081 7167 4522 
f 6498 8440 6709 
f 8226 9983 2481 
f 9391 6930 6932 
f 9352 9351 9449 
f 2731 8491 2803 
f 5767 2087 6944 
f 9663 8119 6758 
f 10017 5440 1066 
f 5425 982 8741 
f 2122 790 2121 
f 9359 9275 10596 
f 4172 1921 474 
f 7924 2581 7520 
f 10107 6049 9991 
f 7251 7249 7373 
f 9802 91 9717 
f 2700 1583 4623 
f 8587 2860 3668 
f 10003 3185 455 
f 8757 8747 9290 
f 1257 2928 1344 
f 2375 5354 9046 
f 8174 6714 7820 
f 9210 3213 2356 
f 258 2193 8856 
f 7744 8000 6926 
f 4611 10404 10477 
f 6770 6485 7804 
f 518 4456 8271 
f 10069 418 3993 
f 8117 1930 8861 
f 8400 3456 9955 
f 7959 7050 4893 
f 5621 4682 3257 
f 5159 7203 8657 
f 3462 5309 5748 
f 8936 325 7844 
f 4914 162 10648 
f 9220 8339 9551 
f 6000 107 4790 
f 515 10337 5794 
f 4658 2546 10191 
f 8924 9711 548 
f 5425 8741 1838 
f 10310 10312 9183 
f 6188 552 278 
f 1114 10590 5479 
f 278 552 8697 
f 8886 2486 3170 
f 8613 9303 841 
f 1083 9664 2596 
f 1003 311 1331 
f 1635 2526 1875 
f 9702 10582 6841 
f 6787 8049 7396 
f 8847 8845 2452 
f 7775 6645 6710 
f 8430 6583 8428 
f 6170 7309 2674 
f 9465 6379 8680 
f 1439 1236 1398 
f 4884 7604 5725 
f 408 9552 1832 
f 557 592 9194 
f 8533 2638 2625 
f 8174 8865 6714 
f 1634 388 457 
f 376 10645 534 
f 5103 4809 828 
f 5993 6185 6187 
f 205 9415 4292 
f 280 3979 8129 
f 3338 8087 7660 
f 5167 6938 3908 
f 2706 8407 2732 
f 8529 8527 612 
f 5964 5824 5526 
f 8568 8540 8623 
f 8380 7517 8159 
f 3634 237 2516 
f 3515 6552 5357 
f 6564 4000 305 
f 6849 6343 7746 
f 1885 4753 10327 
f 929 2096 119 
f 7750 4041 8034 
f 8688 8508 3500 
f 1638 6596 4381 
f 9910 6772 9909 
f 10049 4615 4579 
f 9316 3513 6674 
f 3342 1676 1704 
f 9336 9338 9282 
f 362 9399 939 
f 2746 6539 8195 
f 8921 5966 7976 
f 8955 2990 9640 
f 9311 6868 6588 
f 6242 9073 6240 
f 10718 2652 8214 
f 2556 1400 8367 
f 5014 8253 1787 
f 7858 4580 753 
f 10316 1445 1444 
f 1579 2012 1982 
f 6511 3701 5905 
f 9325 9545 9935 
f 7483 7240 8053 
f 8539 2435 8475 
f 887 4518 4632 
f 9675 4739 9608 
f 6027 10716 5884 
f 6245 1015 2642 
f 4183 3975 9853 
f 6588 6851 6454 
f 6501 6789 6470 
f 437 3235 2250 
f 2487 2521 2626 
f 10361 106 5774 
f 4818 4269 4347 
f 1818 1706 2020 
f 1448 7738 700 
f 8477 8568 8480 
f 9880 6836 6734 
f 7684 9494 4635 
f 6840 9936 9740 
f 5400 9585 6781 
f 8028 4911 8029 
f 8093 1993 9177 
f 1330 1447 2075 
f 9948 6766 8020 
f 7068 4032 8200 
f 9775 4105 4103 
f 10383 6019 8715 
f 1678 3339 6786 
f 3932 7733 7625 
f 8084 1071 9904 
f 1750 1749 5040 
f 7889 406 10599 
f 10205 8503 7770 
f 2965 6890 7981 
f 6232 5059 3729 
f 8823 6426 1418 
f 8744 8745 8332 
f 986 1137 10373 
f 7055 2640 6312 
f 1975 7011 883 
f 5726 2886 4068 
f 4727 970 8299 
f 9783 8405 6028 
f 476 4196 642 
f 7680 5717 6683 
f 4703 3906 2920 
f 10123 8037 9746 
f 8045 8759 8758 
f 9328 152 2541 
f 670 349 1634 
f 3994 3959 4031 
f 2838 5122 2129 
f 7469 7528 10487 
f 4530 4448 9121 
f 2071 5566 2398 
f 45 44 8342 
f 1344 2928 5514 
f 8124 3986 3776 
f 988 3967 9757 
f 7324 9442 5745 
f 8055 7960 8145 
f 1098 7553 6911 
f 10457 5490 8204 
f 2212 797 9960 
f 6516 6560 6655 
f 6697 7927 9308 
f 6017 2910 8542 
f 2680 2434 2676 
f 10587 79 8884 
f 8181 8108 8179 
f 9893 3588 3936 
f 8446 314 339 
f 6812 6804 6860 
f 9183 10312 8082 
f 6726 6616 6617 
f 3840 3912 3841 
f 1187 2857 2817 
f 297 874 382 
f 8379 4111 8104 
f 2371 1336 6692 
f 7274 1048 4958 
f 8404 8470 8557 
f 3082 1084 791 
f 6777 7875 6803 
f 98 904 1136 
f 1862 7370 7475 
f 3735 6015 1528 
f 1487 5663 8501 
f 7141 7249 7251 
f 7326 7390 2442 
f 5251 4914 10648 
f 4780 5763 1388 
f 9509 6418 7637 
f 9836 9885 8333 
f 5211 2479 7017 
f 9539 450 7396 
f 9684 7526 6576 
f 346 7194 8479 
f 7525 9368 4233 
f 5632 4362 5646 
f 9264 9263 6399 
f 6560 4880 6918 
f 5337 3781 5316 
f 6447 9437 8531 
f 9366 8687 9934 
f 8545 8513 1036 
f 9512 10602 9405 
f 6470 8276 6471 
f 1797 1712 1795 
f 9610 9574 9573 
f 6645 6542 6710 
f 5518 1899 10034 
f 9191 3368 3341 
f 9833 1337 1339 
f 10430 10429 1442 
f 7348 7542 3507 
f 9245 1201 3018 
f 9936 6537 6530 
f 1467 1425 2558 
f 9753 9585 9577 
f 3756 4405 3866 
f 8397 8206 8259 
f 5340 1004 7031 
f 9217 2162 352 
f 9410 4329 4896 
f 3834 566 1064 
f 2035 2621 7359 
f 3346 3154 9559 
f 484 4937 4936 
f 7803 9391 7804 
f 2419 3460 8283 
f 10332 10667 1983 
f 7570 6547 6464 
f 2219 3141 5515 
f 1376 8192 4922 
f 422 7468 4373 
f 5823 6703 10250 
f 1198 6299 4087 
f 6701 8714 9536 
f 7753 8364 8369 
f 6706 8548 468 
f 7446 2299 6769 
f 44 45 43 
f 5064 5401 9791 
f 2937 10641 4301 
f 8074 7841 8010 
f 1966 181 4094 
f 9951 9946 9915 
f 10118 9969 10045 
f 3341 4754 6894 
f 2933 2034 3960 
f 302 4537 2928 
f 2911 5756 477 
f 4238 4107 4195 
f 2478 334 7276 
f 4044 3055 3101 
f 561 16 4049 
f 8472 8557 6601 
f 2642 1015 5640 
f 1141 9398 7976 
f 6057 10524 5095 
f 2708 1942 1479 
f 1456 395 1023 
f 9334 6524 7078 
f 9901 10625 9316 
f 5097 5324 5037 
f 8366 1240 7685 
f 1750 9700 4417 
f 5966 8921 9316 
f 8006 3541 3690 
f 8224 6343 6849 
f 9432 838 3766 
f 375 2134 6267 
f 7655 6766 6633 
f 7919 6671 6754 
f 9530 8749 9025 
f 9334 5802 8341 
f 7246 1796 4614 
f 1015 6245 6516 
f 5155 3714 5078 
f 7899 7904 7851 
f 459 461 8004 
f 802 1794 4188 
f 1074 952 1007 
f 7655 6268 6227 
f 9812 1339 8500 
f 4977 1558 13 
f 6996 7225 640 
f 7976 9259 1141 
f 9479 9439 7388 
f 6617 6616 6935 
f 6885 1185 6248 
f 9914 8122 4165 
f 10370 1437 1398 
f 3503 5043 3505 
f 3065 9994 3305 
f 6714 6503 7820 
f 7641 6738 6566 
f 4316 5017 4106 
f 9777 5230 5681 
f 6830 1276 3033 
f 9165 9071 7787 
f 6993 7934 4873 
f 6245 1623 1624 
f 1061 4914 8266 
f 7605 6259 6074 
f 1948 1947 2934 
f 266 9646 9729 
f 1753 1514 4639 
f 9988 4456 6979 
f 3956 4113 4031 
f 6621 6400 6820 
f 9540 9466 266 
f 7474 6144 8839 
f 10578 8115 5014 
f 9159 9048 9098 
f 9380 7482 3093 
f 5128 2701 59 
f 1854 5817 7506 
f 1808 1179 1747 
f 7552 3465 6076 
f 2327 4408 5542 
f 8121 8122 6451 
f 4154 6924 2865 
f 5707 3109 2261 
f 8473 2634 3017 
f 2809 2966 9951 
f 52 639 2400 
f 10364 7552 10592 
f 9949 10619 3774 
f 845 615 9050 
f 4116 4105 9931 
f 2654 8395 8468 
f 8970 3408 1594 
f 9196 9154 9247 
f 8597 6933 8731 
f 811 5565 1248 
f 7380 7584 7682 
f 7565 5928 2426 
f 2792 7387 6999 
f 6785 6870 7245 
f 4881 10030 4989 
f 6593 5897 5895 
f 1249 182 2079 
f 5351 8115 6455 
f 5870 702 8190 
f 2799 2850 2764 
f 5926 6397 6053 
f 4924 3033 2353 
f 7033 6465 7722 
f 4105 3532 4103 
f 6370 1644 6088 
f 3388 3878 89 
f 8651 4439 2954 
f 5409 2883 5424 
f 436 2102 1376 
f 6200 6187 6450 
f 6287 9412 1330 
f 6209 8548 10584 
f 5964 6166 6435 
f 10604 10603 7865 
f 1264 3886 5001 
f 4388 4340 4385 
f 8864 9056 2106 
f 2586 319 318 
f 7875 6777 6227 
f 5949 9448 4837 
f 10340 10175 10266 
f 7240 7253 8092 
f 5459 3504 8944 
f 1530 8670 6138 
f 1128 8938 6265 
f 9598 4302 7229 
f 6890 6892 6576 
f 5618 6500 9110 
f 7831 7834 7727 
f 2685 1062 284 
f 7051 4885 731 
f 8452 6139 6135 
f 10645 10151 2741 
f 9422 10371 4859 
f 4545 2751 5852 
f 5536 6321 155 
f 9393 9853 3417 
f 811 9892 5565 
f 9329 3552 9328 
f 4105 4116 3532 
f 6977 849 6013 
f 6530 5382 2466 
f 1483 1405 1450 
f 2903 9711 8924 
f 9875 9871 9945 
f 2669 9306 3116 
f 8770 8759 8045 
f 2646 6431 8259 
f 7704 8962 8850 
f 8383 8386 6611 
f 423 1314 5326 
f 7062 9188 6511 
f 8352 1640 9055 
f 10052 9993 10134 
f 9658 9751 9752 
f 9052 8835 8994 
f 2107 3200 2038 
f 7859 2509 2614 
f 1441 10230 10229 
f 388 1508 457 
f 9719 1636 2970 
f 3597 7935 9104 
f 5912 8281 5913 
f 5093 3755 5069 
f 2757 3495 2756 
f 9930 8889 1492 
f 9608 6103 8566 
f 9877 1295 9878 
f 3838 3800 4492 
f 7439 857 694 
f 2541 3875 867 
f 10572 10544 10601 
f 3830 8248 9356 
f 9124 5777 9695 
f 6892 6890 6572 
f 528 6771 10635 
f 1718 350 3597 
f 2160 3094 8357 
f 6160 6164 6227 
f 5183 1088 8002 
f 2423 6278 7565 
f 9981 4175 253 
f 6160 6268 7806 
f 8761 4188 1794 
f 12 1671 940 
f 3786 4094 9594 
f 6265 2428 6385 
f 6164 6298 8224 
f 5912 10107 8274 
f 913 953 1629 
f 6799 8273 9700 
f 878 5171 876 
f 244 734 269 
f 4479 4422 4421 
f 9474 9361 9317 
f 8306 8476 8307 
f 5576 2407 10245 
f 10419 10211 10346 
f 99 10381 3834 
f 7963 7799 7893 
f 783 7422 246 
f 7396 6810 6787 
f 8440 7391 6770 
f 2143 2571 10002 
f 4154 3945 196 
f 556 1701 7230 
f 4389 10085 8525 
f 4739 9512 8160 
f 6710 9391 7775 
f 1331 285 1003 
f 10398 10341 10340 
f 8199 7228 4337 
f 8621 736 506 
f 4490 7352 1849 
f 4019 301 7384 
f 3474 1478 8199 
f 1816 7331 9827 
f 6862 163 316 
f 6786 2819 3110 
f 4352 4517 4663 
f 3775 7359 2256 
f 1736 2651 1403 
f 1408 1420 4307 
f 7302 3369 5975 
f 10589 7474 7547 
f 4338 10624 7766 
f 626 842 717 
f 1870 134 6426 
f 4729 5014 8115 
f 1709 7541 8489 
f 232 2635 2633 
f 5346 8398 7801 
f 4414 3776 10300 
f 1680 7239 8778 
f 760 5278 7440 
f 5144 9972 1771 
f 3042 3241 3142 
f 5791 4793 7109 
f 8587 10423 7533 
f 4265 4140 5452 
f 3454 1279 1484 
f 2365 5652 1365 
f 7329 1141 9259 
f 5047 7454 3846 
f 2499 2868 311 
f 228 6877 7363 
f 8537 2390 10350 
f 6602 6603 8696 
f 8379 10471 8530 
f 4487 348 1545 
f 1447 8363 10367 
f 2808 4506 37 
f 5822 6939 6837 
f 4480 9065 1159 
f 4606 5496 6459 
f 9699 8272 8161 
f 10605 10546 10637 
f 6124 4229 1115 
f 10300 3776 10658 
f 917 3232 5758 
f 2186 10498 3162 
f 5900 10362 1755 
f 9636 1708 3424 
f 2301 2782 138 
f 6911 2495 8574 
f 9131 6282 6336 
f 3770 721 10658 
f 2161 8182 2443 
f 3652 597 9785 
f 6740 1582 2150 
f 10684 5888 10296 
f 3216 3425 7901 
f 1443 1042 956 
f 8047 8509 8176 
f 10062 6251 4257 
f 7710 8855 5828 
f 8679 9551 9549 
f 3809 757 3247 
f 2967 6490 6890 
f 2418 5811 2098 
f 1759 3670 1758 
f 8357 3990 2160 
f 6813 5305 7835 
f 7016 4458 6667 
f 2196 3227 4592 
f 5844 8284 4695 
f 1041 2150 9872 
f 1300 1821 10026 
f 4744 8291 6179 
f 5144 4225 8418 
f 4914 5251 2196 
f 3313 6504 5823 
f 6665 6018 6431 
f 4589 7101 3322 
f 4071 4069 4072 
f 5311 10437 4521 
f 2735 2854 2816 
f 7398 9512 9675 
f 520 6927 4233 
f 6295 5465 5410 
f 5393 8869 4841 
f 7385 6482 296 
f 3541 6434 10536 
f 9309 5739 8750 
f 7549 6865 10673 
f 6797 6907 6800 
f 5732 5734 5703 
f 4882 3481 3256 
f 4558 2189 2191 
f 883 10236 8275 
f 8894 10610 6727 
f 6746 8682 4819 
f 8863 8865 8679 
f 2039 7599 7107 
f 6697 9308 6538 
f 2560 9119 4457 
f 9325 8679 8865 
f 456 6067 1561 
f 6777 7655 6227 
f 3165 7520 2581 
f 6392 2158 10593 
f 6494 475 6725 
f 5838 5816 5858 
f 5957 5857 5953 
f 2230 2599 2591 
f 349 670 6139 
f 8763 9264 6458 
f 9653 9622 9670 
f 7930 6834 4399 
f 2061 7541 1709 
f 7788 2767 7803 
f 352 2162 6347 
f 2705 5200 8834 
f 6207 4612 5347 
f 9220 9551 9168 
f 9458 1842 4185 
f 8999 10508 217 
f 9967 6222 3653 
f 8769 6858 9494 
f 6608 1811 2707 
f 1208 4100 895 
f 10168 9532 7445 
f 9250 9156 9197 
f 6415 234 657 
f 8763 6655 9264 
f 8036 2766 2468 
f 4024 3989 4076 
f 9519 9168 7917 
f 164 2431 2604 
f 6935 8428 6617 
f 8096 10247 7696 
f 5878 642 3175 
f 405 4326 645 
f 9575 2637 4412 
f 8403 3708 8194 
f 6801 4841 625 
f 5265 7848 2156 
f 7123 6538 2432 
f 10213 1601 7265 
f 5693 5417 5691 
f 9217 9905 2162 
f 4247 3666 7797 
f 3002 2956 2955 
f 2432 6538 9308 
f 5742 5558 8340 
f 7611 2689 5901 
f 6819 6920 6610 
f 1421 2910 7107 
f 10212 10282 10360 
f 10468 7092 9784 
f 5051 5566 1628 
f 6835 7763 6839 
f 4198 2959 2834 
f 9157 2709 3050 
f 7818 7724 7626 
f 9354 6405 6681 
f 3626 6640 7817 
f 10343 6069 3884 
f 3113 9639 8236 
f 8603 6494 10634 
f 617 9222 787 
f 5560 5623 4104 
f 8733 6943 3782 
f 3828 5349 6010 
f 1883 8159 7517 
f 3460 2248 8022 
f 1152 1925 100 
f 89 2459 3301 
f 10525 10661 788 
f 4727 4287 8472 
f 8847 9503 8845 
f 6578 4035 2879 
f 9728 266 9729 
f 6576 6471 6629 
f 10527 3906 4045 
f 3794 3749 3707 
f 2973 8242 3025 
f 9956 1392 6292 
f 9814 9959 9895 
f 6531 7769 9032 
f 891 6086 4084 
f 15 8438 9514 
f 4076 10383 4106 
f 7723 7537 1224 
f 10452 4596 3149 
f 10251 6096 5010 
f 9605 4157 9481 
f 5917 6174 3143 
f 10305 1975 883 
f 7722 3927 7033 
f 2381 7332 2184 
f 3578 10405 2566 
f 6013 3860 5355 
f 4482 4479 4608 
f 892 4913 662 
f 6760 2585 1937 
f 10578 217 3974 
f 4449 7217 5061 
f 6967 7165 6844 
f 7358 176 2422 
f 7283 367 8303 
f 6506 3818 7916 
f 10371 5743 4088 
f 2405 4088 9218 
f 3398 3403 7352 
f 10675 10699 1096 
f 9476 7863 7867 
f 6121 6232 3729 
f 3896 2997 9704 
f 167 165 105 
f 10285 10512 3204 
f 4956 10599 8120 
f 10054 5571 2357 
f 8765 2595 506 
f 4682 2436 3257 
f 9791 5401 5309 
f 7402 6789 6810 
f 1496 8613 2197 
f 8839 6628 7304 
f 8049 6501 6892 
f 5514 169 8498 
f 4969 5641 9684 
f 7554 7775 8170 
f 7496 6619 6632 
f 7775 6932 8170 
f 7055 6312 7019 
f 5641 10582 7526 
f 3368 9191 3940 
f 2604 2776 4162 
f 9207 6260 596 
f 4949 251 234 
f 6392 6623 2158 
f 2061 1709 5554 
f 9624 3165 2474 
f 9548 1366 8779 
f 2313 4576 5918 
f 9945 10170 2891 
f 5918 3018 2313 
f 2932 7032 3326 
f 6645 7775 7555 
f 960 8271 9993 
f 215 9471 1466 
f 8188 5956 5910 
f 3232 10435 2699 
f 6245 1624 6856 
f 7511 7362 7510 
f 1762 4078 3706 
f 596 10560 10577 
f 1536 6513 6689 
f 6343 7999 7744 
f 5538 2046 10562 
f 9195 661 835 
f 9503 10152 5522 
f 5732 5779 5734 
f 6926 9859 6936 
f 6936 6809 6926 
f 10675 921 8448 
f 8779 1366 8760 
f 7735 1835 1836 
f 8662 1956 10466 
f 4479 4573 4608 
f 267 2648 5169 
f 1719 9598 7889 
f 10006 6482 7862 
f 9535 6266 9395 
f 726 2377 7342 
f 7060 2486 1306 
f 440 1376 438 
f 6629 9684 6576 
f 4754 3341 4784 
f 6425 4817 4677 
f 6621 6820 8706 
f 8808 10595 8872 
f 4528 7672 9808 
f 516 5334 5065 
f 8985 2411 6614 
f 6726 8315 6616 
f 4042 5390 5684 
f 2803 7732 7721 
f 2476 8182 3111 
f 4764 6081 6083 
f 1589 6563 2062 
f 6259 7605 7604 
f 5832 5973 4399 
f 3468 5733 5203 
f 9263 9264 6655 
f 4626 9564 4431 
f 162 1061 572 
f 6381 2165 2946 
f 1202 3789 1494 
f 9802 9800 9801 
f 836 10615 8207 
f 6175 2608 8142 
f 2463 86 10275 
f 8797 6417 8998 
f 10667 9995 6147 
f 4097 6635 7151 
f 6738 9506 6604 
f 5425 1838 1842 
f 8371 4867 8663 
f 6569 6682 6988 
f 6081 4764 10610 
f 6982 7351 81 
f 3545 6329 1814 
f 8869 5393 8629 
f 1806 587 1017 
f 7553 3304 8261 
f 4996 887 4632 
f 6639 5001 4587 
f 6556 9858 8786 
f 8643 8317 8838 
f 4692 9762 5586 
f 7452 3659 5087 
f 1366 9548 8925 
f 9494 7684 8769 
f 10587 7234 1089 
f 10009 9312 2072 
f 5005 1931 3502 
f 8809 9412 6287 
f 9391 6932 7775 
f 6425 4848 4817 
f 8782 3522 6363 
f 10473 10356 10472 
f 6214 8578 1529 
f 1532 1219 825 
f 2811 4016 10631 
f 9085 9084 9147 
f 7247 7053 7650 
f 7377 7374 371 
f 5457 3326 7032 
f 6817 6715 7709 
f 393 933 2807 
f 6831 8277 2569 
f 351 488 9115 
f 7146 4136 6792 
f 4330 1459 10534 
f 7016 2393 428 
f 7451 1944 6306 
f 9901 8922 5365 
f 10229 3525 1441 
f 4910 3163 6449 
f 9415 7713 5453 
f 3467 5894 5897 
f 3570 1564 8361 
f 2901 2545 2544 
f 5252 5666 4743 
f 6934 6836 6731 
f 8603 1246 6494 
f 4330 8801 5359 
f 8592 8553 8550 
f 9805 8310 8655 
f 6719 7925 7936 
f 6604 9506 9541 
f 8403 7617 6306 
f 8838 7973 8643 
f 6604 9541 9509 
f 4347 4317 4344 
f 7078 6524 6478 
f 24 2413 22 
f 9084 9081 9187 
f 10244 10087 10086 
f 9096 9685 9265 
f 6484 8901 8119 
f 5802 4293 8279 
f 4603 10713 8675 
f 7806 3093 9420 
f 2794 9576 9707 
f 6887 6724 9539 
f 8315 8293 6616 
f 8851 8721 8793 
f 7884 6991 2683 
f 381 491 10710 
f 1927 6970 6974 
f 4458 4938 4742 
f 5027 10337 9836 
f 2430 2342 2673 
f 2436 4682 10668 
f 8897 10355 885 
f 10692 1448 4997 
f 6027 4553 4603 
f 7340 1223 6917 
f 6557 184 9014 
f 3072 7985 9777 
f 2715 5374 9005 
f 7501 7353 7271 
f 3525 3944 3527 
f 6497 6922 9930 
f 9281 163 1874 
f 2399 2123 4650 
f 5889 4063 7181 
f 9463 9644 9726 
f 1626 963 10351 
f 7351 2753 2300 
f 10381 21 10382 
f 7136 3728 2810 
f 5893 5939 5941 
f 8905 8049 6892 
f 10255 360 7998 
f 9628 5612 4782 
f 9610 9573 9609 
f 7563 302 10660 
f 2640 2641 6515 
f 1233 2393 7016 
f 10061 6686 6878 
f 900 4930 4278 
f 6793 6228 9529 
f 8894 8042 8929 
f 8992 8395 233 
f 1771 118 9620 
f 7247 7650 10515 
f 9805 5468 6893 
f 9778 9662 10108 
f 6199 1479 1942 
f 33 5628 1059 
f 4463 9807 6119 
f 9869 2701 5974 
f 2486 7060 10006 
f 3668 272 224 
f 7671 8325 6741 
f 4130 7325 8781 
f 2021 9400 8496 
f 9920 2890 7509 
f 6115 134 4011 
f 1872 2608 5756 
f 2592 8741 982 
f 62 391 6413 
f 5110 10450 10518 
f 5245 4515 8019 
f 9517 2983 461 
f 5105 258 9233 
f 7325 5636 2940 
f 9578 9574 9612 
f 3674 37 5515 
f 4770 782 9366 
f 10560 6260 6981 
f 5531 5532 4810 
f 5315 2985 367 
f 3916 5059 9617 
f 724 3633 3617 
f 2132 2448 2450 
f 6922 1407 2474 
f 7131 10379 10645 
f 3453 3446 3746 
f 1823 118 7950 
f 9539 7396 6887 
f 9334 6950 5802 
f 9669 667 3455 
f 7832 7931 6703 
f 4323 8589 4954 
f 7534 6703 5823 
f 2958 2759 2932 
f 9252 1683 2262 
f 7778 6491 5932 
f 10563 788 965 
f 1497 9707 5190 
f 1131 6956 2276 
f 4347 6520 4818 
f 7446 9476 7867 
f 4957 3350 8270 
f 1043 7076 3234 
f 349 388 1634 
f 8082 6542 7758 
f 1355 5888 2014 
f 4729 5351 4552 
f 1045 1593 304 
f 6842 8798 10035 
f 6965 2954 4439 
f 4352 4520 4183 
f 10707 7802 9015 
f 5085 3156 5429 
f 9907 9935 9105 
f 2967 9183 6490 
f 1223 3213 3212 
f 8040 7788 10432 
f 10518 10568 5110 
f 913 744 953 
f 3019 2583 4335 
f 5411 10704 2031 
f 654 9547 727 
f 4286 3097 3930 
f 8727 2342 6432 
f 588 9059 131 
f 5506 2605 5430 
f 9325 9926 9545 
f 4278 4930 10241 
f 6632 4472 10533 
f 7746 7763 6849 
f 696 10138 10392 
f 759 3279 3073 
f 8853 1855 2006 
f 7352 4490 3398 
f 3546 675 4982 
f 4979 2693 4977 
f 6860 6859 6812 
f 9995 10700 2582 
f 6925 8786 9858 
f 467 9533 4536 
f 7561 962 3112 
f 7223 369 640 
f 6901 1042 1443 
f 812 5289 4082 
f 8972 8968 9027 
f 8532 5313 5161 
f 8435 1991 2054 
f 10084 2582 10700 
f 9018 3757 10555 
f 6537 6187 6185 
f 8932 10555 8933 
f 4979 10417 2207 
f 6840 6657 6537 
f 1844 844 4642 
f 2297 3411 2609 
f 3509 8608 10655 
f 9194 10653 10675 
f 7916 8862 8861 
f 4837 8794 2592 
f 8064 2255 813 
f 9907 9551 8679 
f 8049 8905 6887 
f 3512 10619 6042 
f 6466 6397 6208 
f 6212 5927 6216 
f 5946 7764 7761 
f 2426 2427 7565 
f 2390 7868 3853 
f 8070 7304 6628 
f 1319 2242 9815 
f 6109 10109 6720 
f 7721 8489 2731 
f 67 6358 6016 
f 7554 6858 9402 
f 8818 8816 9069 
f 265 867 772 
f 9260 10482 4275 
f 5774 421 4084 
f 2062 5923 1589 
f 9009 10226 4481 
f 8380 8159 9272 
f 7677 7774 7869 
f 1988 4284 1104 
f 10457 4088 5490 
f 9176 2862 584 
f 6870 6075 6611 
f 7806 9468 6160 
f 1680 329 8920 
f 1505 2232 2629 
f 7744 6809 6907 
f 1536 5040 1749 
f 4393 7012 4392 
f 5585 5884 6691 
f 10534 6085 476 
f 2545 10562 2379 
f 1548 725 7970 
f 2654 8052 5622 
f 6839 9407 9405 
f 4023 8675 4220 
f 1969 6103 4025 
f 6873 9439 7327 
f 372 2002 2450 
f 8256 6216 6599 
f 10175 10340 10341 
f 2465 9804 9924 
f 265 670 1634 
f 7181 5642 3592 
f 9660 10615 9629 
f 5556 8802 2921 
f 6648 5517 1076 
f 4531 3725 1246 
f 3977 10650 7807 
f 9545 9548 9935 
f 9044 7039 152 
f 5868 1084 3082 
f 9174 3284 3283 
f 9624 2474 9229 
f 1809 10218 5025 
f 8039 2943 2759 
f 8660 9559 8657 
f 10393 5477 10325 
f 10419 8381 10211 
f 5215 5062 5327 
f 718 975 82 
f 6986 1876 6988 
f 2482 7347 2918 
f 9555 1840 3189 
f 2522 3169 2345 
f 2970 9667 9719 
f 1091 5277 4844 
f 8760 8928 8798 
f 1005 2720 5643 
f 5524 5211 7255 
f 9134 4496 10166 
f 10395 4679 2344 
f 10511 10298 5727 
f 8323 9983 9496 
f 3341 3368 2912 
f 6884 2840 7485 
f 6689 5040 1536 
f 8740 6265 8938 
f 3049 7691 6430 
f 8160 6677 6749 
f 4639 407 326 
f 6671 9486 1019 
f 6586 6919 2010 
f 10638 10007 539 
f 4541 2968 4752 
f 2788 520 4233 
f 9201 9486 6671 
f 10004 10143 10063 
f 3163 4731 3477 
f 6158 6137 3624 
f 8552 8640 5639 
f 3800 1653 3749 
f 3952 3912 4027 
f 10566 9404 10591 
f 4436 4435 6442 
f 7035 5054 4556 
f 5105 122 296 
f 7675 4649 8900 
f 1081 10369 188 
f 8321 8449 8947 
f 8860 2751 4956 
f 6423 3170 2486 
f 4325 7956 5146 
f 9538 6334 1931 
f 2114 4302 4291 
f 10203 5683 1143 
f 6793 6769 2299 
f 4658 2461 6505 
f 849 7308 6229 
f 5715 4048 5158 
f 5365 3378 9901 
f 3513 4773 6674 
f 4107 4156 4195 
f 7615 602 7727 
f 7543 3653 4057 
f 9869 3467 6078 
f 4010 10549 2488 
f 1261 6564 5589 
f 7341 7260 7420 
f 8279 4195 4156 
f 689 739 691 
f 9444 8263 6223 
f 5893 5938 5939 
f 6239 6758 1325 
f 8041 8488 2113 
f 10548 3145 3144 
f 9503 8847 10654 
f 1422 7742 8006 
f 3439 3807 3440 
f 8502 8500 1339 
f 2657 2656 1652 
f 530 3681 218 
f 6280 6257 6256 
f 1383 4147 5103 
f 8745 8339 8334 
f 1024 9119 3934 
f 8330 9167 6795 
f 1122 3150 6468 
f 5436 2304 1954 
f 2699 1308 10069 
f 6103 9608 4957 
f 4000 3604 305 
f 2048 2903 2945 
f 9407 6607 8160 
f 2687 6056 2085 
f 6039 8715 6019 
f 2529 1938 499 
f 8006 936 5070 
f 10527 3671 6622 
f 2613 2669 10117 
f 6770 7397 6485 
f 1558 4977 1781 
f 9058 6097 3413 
f 7160 2467 7094 
f 7005 8008 4237 
f 6609 6608 6715 
f 646 798 1387 
f 1093 4092 6875 
f 2927 5661 3003 
f 7316 9834 5696 
f 10287 12 5465 
f 6954 7022 6958 
f 1639 620 1162 
f 2927 4016 7995 
f 7107 2910 6829 
f 2707 6329 6608 
f 7153 7236 7154 
f 4092 4770 6875 
f 168 5299 5434 
f 1497 696 9707 
f 8377 5141 8131 
f 3578 3587 565 
f 7702 6419 7815 
f 1642 10078 10079 
f 3291 5983 2266 
f 2320 5422 5625 
f 7687 7495 7686 
f 3756 10448 2131 
f 7337 7336 7418 
f 4182 5366 5560 
f 6949 6230 1678 
f 9333 9237 9332 
f 6500 5618 720 
f 2532 7747 5468 
f 9193 2725 1613 
f 8063 6936 9859 
f 5863 10202 5668 
f 1781 8455 1558 
f 9993 10052 870 
f 7426 7345 7495 
f 9078 223 184 
f 9633 8549 8662 
f 8855 7710 1154 
f 1406 660 6742 
f 9266 9226 9317 
f 7117 7114 7182 
f 1247 7609 9786 
f 6594 5303 9137 
f 37 3674 4093 
f 791 1848 2770 
f 7495 7345 7493 
f 7045 7114 5009 
f 7565 6278 5155 
f 5634 1756 8706 
f 1761 4119 5354 
f 9656 9579 9674 
f 647 1983 8683 
f 5927 2451 6344 
f 7589 10247 7591 
f 6981 7114 7117 
f 5730 8739 826 
f 7187 7118 7279 
f 635 3442 7009 
f 4856 8219 8268 
f 2103 10396 2105 
f 7023 6958 7094 
f 9809 9304 1323 
f 9246 3795 7959 
f 3911 8417 6630 
f 7112 7174 7350 
f 6508 1774 413 
f 2677 8144 8098 
f 2216 6301 2214 
f 6754 10483 3350 
f 7353 7434 7179 
f 7591 4164 7435 
f 3168 3925 4854 
f 8427 8173 8338 
f 4030 5363 951 
f 353 6426 5200 
f 1685 5364 2392 
f 7840 4367 5367 
f 8392 2899 5099 
f 8659 8546 8658 
f 2501 5390 9841 
f 1834 6200 6464 
f 42 8811 7513 
f 9639 9677 7210 
f 1092 10579 10612 
f 5159 3117 10309 
f 574 471 9356 
f 707 9061 1551 
f 1565 6698 963 
f 2584 1177 2589 
f 5122 1632 5793 
f 1674 10441 7199 
f 990 1526 846 
f 8646 2199 1321 
f 8303 6827 10469 
f 1355 8167 5167 
f 8303 367 6406 
f 2643 6340 1218 
f 4287 835 839 
f 3756 3866 10448 
f 10243 8678 789 
f 7255 8682 6746 
f 5471 6656 9401 
f 419 4119 1761 
f 2477 2235 5177 
f 9568 1784 4704 
f 7001 7002 7476 
f 10025 7879 8044 
f 9033 4248 5189 
f 5357 3654 3515 
f 1103 2111 3109 
f 4789 6992 8966 
f 6078 9630 10315 
f 4299 443 4890 
f 8841 724 941 
f 8019 802 6184 
f 10591 10497 10564 
f 9361 9474 6702 
f 8917 342 4355 
f 2911 2220 329 
f 1712 1605 1645 
f 5936 2779 5016 
f 6477 8147 5766 
f 7558 7656 7223 
f 4360 4672 4361 
f 305 10570 6564 
f 5341 27 8783 
f 6585 6592 4556 
f 2166 2514 674 
f 5801 5802 8279 
f 9792 9867 9870 
f 2986 905 3640 
f 8573 9152 9252 
f 7862 6205 6423 
f 6909 351 9115 
f 6069 2796 3884 
f 1062 5752 1684 
f 4119 6334 9538 
f 2217 1427 10120 
f 1528 217 8005 
f 10461 10340 10397 
f 7015 10683 9041 
f 7449 579 7450 
f 4120 2441 1741 
f 5228 9825 10218 
f 6136 5338 4207 
f 7300 7207 6154 
f 3681 4329 1123 
f 8249 8307 8250 
f 6464 6200 6544 
f 5456 6765 7033 
f 2344 5004 10395 
f 3022 2157 1046 
f 6608 1669 6463 
f 8950 2538 9591 
f 8039 2958 442 
f 2235 9219 372 
f 8665 1775 4214 
f 9954 995 4451 
f 4140 901 5080 
f 2490 82 1546 
f 2189 2549 2933 
f 1505 9219 3340 
f 7008 2232 7084 
f 4038 8046 3023 
f 4733 10616 1169 
f 4261 3867 3248 
f 5133 9515 5696 
f 9515 5133 5404 
f 4440 2510 10442 
f 6323 4187 7308 
f 1819 1157 672 
f 5223 4451 9232 
f 7093 7089 4564 
f 7271 7179 7045 
f 5768 40 41 
f 5262 5226 5569 
f 5591 303 5719 
f 5245 6184 8751 
f 9474 6167 6702 
f 4330 8376 8375 
f 2697 5740 5976 
f 5262 4013 3066 
f 4404 10600 2 
f 8382 4209 3973 
f 5166 3129 3732 
f 2039 7107 6829 
f 4922 1943 432 
f 6708 2413 2610 
f 10198 10349 6736 
f 2426 10364 2703 
f 5742 1954 5558 
f 10409 6523 1532 
f 4943 5072 4944 
f 7160 7093 1158 
f 1162 1690 2263 
f 274 1488 1130 
f 7154 7236 4564 
f 7024 7096 7097 
f 3885 7071 10460 
f 9692 9710 9748 
f 7235 7236 7153 
f 10522 8290 7717 
f 4564 7089 7154 
f 7094 7022 7160 
f 7096 2467 8899 
f 7023 7094 2467 
f 8448 10699 10675 
f 4600 6025 6145 
f 7962 8090 8027 
f 7027 10405 3393 
f 8899 2239 7096 
f 4696 5227 4552 
f 3511 8935 8608 
f 5372 1297 1299 
f 8342 7680 8567 
f 5274 6238 5272 
f 2453 41 2485 
f 7491 7420 7575 
f 4895 9392 6462 
f 4691 6914 9511 
f 5481 8913 7469 
f 6961 7025 3393 
f 7319 4891 3923 
f 7103 2340 7029 
f 7341 3833 7103 
f 2340 7103 3833 
f 5928 10364 2426 
f 9531 8544 8406 
f 6967 7341 7165 
f 7499 7346 7426 
f 224 1541 2666 
f 2566 3833 2472 
f 5879 5881 7322 
f 2950 4159 10188 
f 3592 4686 7181 
f 10421 7865 6347 
f 10306 659 564 
f 5570 5060 4960 
f 1547 4597 4353 
f 2344 5150 5004 
f 5488 5776 9280 
f 4552 5351 4696 
f 5136 2480 5138 
f 5777 9239 9430 
f 9998 464 4813 
f 2406 6969 6970 
f 3735 7109 6015 
f 818 6173 447 
f 2741 3420 7131 
f 5170 5214 5327 
f 7289 2894 7929 
f 2666 2219 4506 
f 3185 7596 453 
f 8266 5128 10315 
f 1903 2860 3842 
f 5974 2701 2294 
f 9809 8193 9709 
f 328 3761 2291 
f 1085 5902 6593 
f 7161 1611 4566 
f 4571 4271 4266 
f 6260 9207 4907 
f 933 1451 908 
f 10643 10648 6965 
f 6943 747 3782 
f 8496 4494 2021 
f 4999 7754 4193 
f 9100 2283 2386 
f 2165 4323 2043 
f 7384 8501 8602 
f 10520 6283 4875 
f 4893 9246 7959 
f 7187 7189 7050 
f 2114 5829 4302 
f 2115 2118 1520 
f 4064 7354 1995 
f 1592 4301 7201 
f 1031 1953 10669 
f 8324 7050 7189 
f 2865 3945 4154 
f 7434 7114 7179 
f 6251 6579 1582 
f 3934 2560 8949 
f 8282 9620 1647 
f 3016 3056 3058 
f 5142 4457 9119 
f 9825 5025 10218 
f 9229 2438 9624 
f 1378 78 2278 
f 2150 1582 6579 
f 5831 5691 5985 
f 154 2520 4268 
f 1946 3893 8343 
f 3926 10173 3746 
f 8466 4772 10260 
f 9956 1439 9960 
f 2111 1103 3603 
f 2255 2256 2621 
f 2620 8864 2106 
f 10399 10072 10150 
f 2449 2867 2298 
f 6426 3004 3977 
f 4319 306 4312 
f 2683 7191 8811 
f 6237 7628 5946 
f 239 7910 4484 
f 9994 2710 2045 
f 5744 4371 6855 
f 8087 4442 4431 
f 2921 2735 2816 
f 3170 310 8886 
f 8153 9307 3530 
f 5852 750 2375 
f 1306 9301 4366 
f 7361 7125 7190 
f 762 3099 7283 
f 9500 5796 10222 
f 2936 9996 805 
f 6176 471 6855 
f 7 6 2124 
f 7360 9500 10222 
f 3703 4096 13 
f 3018 4507 9245 
f 9613 9612 9653 
f 275 149 3694 
f 1514 5239 4639 
f 9672 9813 9814 
f 4504 2610 61 
f 10653 592 10629 
f 5785 483 1665 
f 7846 7838 3559 
f 875 8123 10121 
f 9665 3240 1843 
f 10552 9180 10514 
f 9711 6632 10533 
f 8556 3963 9943 
f 835 1217 3010 
f 2060 3670 4527 
f 10125 698 4846 
f 8500 1501 1515 
f 5244 4148 5082 
f 917 827 6571 
f 7993 8085 8180 
f 7292 7865 10603 
f 2429 10580 541 
f 1136 5033 8125 
f 7407 8849 865 
f 7281 8815 8814 
f 7729 7618 7841 
f 8768 4776 2384 
f 3352 452 3821 
f 744 765 2033 
f 727 9560 3122 
f 6147 9995 9894 
f 5112 1458 676 
f 9731 2751 8860 
f 7053 9388 5664 
f 4735 2849 4737 
f 10298 7757 5727 
f 9228 226 565 
f 5378 3454 1482 
f 7278 9003 6341 
f 9033 2613 4248 
f 5268 1940 1970 
f 9542 6918 3043 
f 10339 1453 8448 
f 5665 734 6518 
f 8348 532 8534 
f 2987 2899 8392 
f 1102 9066 7069 
f 5400 3359 178 
f 2231 9881 2931 
f 3817 9477 7988 
f 7230 2753 7351 
f 1609 2477 8039 
f 6825 6475 895 
f 2777 5378 1542 
f 7529 7465 7464 
f 1577 1434 1694 
f 8287 8286 7975 
f 6507 6520 9447 
f 2558 3532 8021 
f 10655 8114 8250 
f 1826 1438 354 
f 5936 7300 6154 
f 3702 3745 5545 
f 8557 8530 8598 
f 8480 8250 8307 
f 2759 568 2932 
f 7887 7792 7977 
f 9607 7218 7387 
f 8112 8249 8114 
f 6656 7164 9401 
f 385 193 449 
f 2635 3238 2633 
f 150 8692 4080 
f 128 9069 3504 
f 923 692 1109 
f 9786 9435 9723 
f 10464 10320 10530 
f 7653 7079 7004 
f 7891 7687 7890 
f 4408 2327 2325 
f 3443 3310 4489 
f 7083 3340 7082 
f 1550 1607 1572 
f 9939 7831 8001 
f 2800 5308 10093 
f 2116 5298 4786 
f 1846 7950 9972 
f 9946 2966 5006 
f 436 4922 432 
f 3340 7004 7082 
f 4259 4405 3756 
f 9834 5133 5696 
f 532 7847 8639 
f 3340 9482 7653 
f 8111 8010 8109 
f 10397 10266 3876 
f 7152 7235 7153 
f 7315 7233 7150 
f 3654 5357 6195 
f 5645 6477 5766 
f 7152 7085 7233 
f 6994 7789 10032 
f 9916 6353 5229 
f 5548 5528 4805 
f 7266 7386 10717 
f 7700 7014 3706 
f 8266 7672 1061 
f 10623 6579 1711 
f 6477 5645 6455 
f 10529 3671 1353 
f 4589 7341 6967 
f 7055 7019 7056 
f 3706 2132 8732 
f 10106 10267 9959 
f 3652 9785 5852 
f 10477 10404 10334 
f 1632 9833 9803 
f 7089 6953 7087 
f 2181 5117 8016 
f 5105 9233 6357 
f 1546 7030 2490 
f 6509 8377 6368 
f 3095 7385 6723 
f 79 5374 536 
f 8131 226 452 
f 6954 5574 4674 
f 2125 979 1204 
f 7406 6566 6738 
f 8978 9084 9085 
f 2239 7254 7096 
f 7488 7574 7489 
f 9184 6437 10253 
f 123 6865 7549 
f 7099 7029 7027 
f 7337 7099 7336 
f 8844 5828 4656 
f 2773 60 5476 
f 8597 8530 10471 
f 5789 2229 1562 
f 1777 8131 5141 
f 2378 1755 10362 
f 5389 5241 1002 
f 9579 9653 9674 
f 10547 3459 215 
f 7563 6619 7496 
f 3281 9406 4044 
f 1777 3393 10405 
f 6142 5671 5817 
f 7326 10679 2069 
f 564 889 5983 
f 9368 7843 9155 
f 4008 9751 1515 
f 8834 6426 134 
f 6347 10223 5919 
f 3 1965 10413 
f 10345 584 6349 
f 2194 1266 924 
f 5072 3905 4944 
f 7027 7025 7336 
f 2496 9749 5170 
f 1988 9752 9754 
f 7261 7165 7341 
f 7583 7426 7495 
f 7222 5513 2483 
f 9040 9534 7567 
f 1266 1488 4763 
f 2324 8206 7448 
f 7333 2382 10620 
f 2291 1891 2133 
f 4799 5120 4968 
f 10120 10353 9411 
f 3420 9531 8406 
f 272 1541 224 
f 6366 2220 477 
f 9912 6439 9944 
f 6173 793 660 
f 122 7134 9958 
f 730 934 7452 
f 5719 5005 8801 
f 5359 8801 7401 
f 6085 6626 56 
f 7222 2483 3587 
f 784 785 10151 
f 2741 5254 3420 
f 5852 2751 3652 
f 4477 4591 10300 
f 8136 9854 5428 
f 8955 10183 8888 
f 1468 4833 5061 
f 8244 8166 8164 
f 6463 7709 6715 
f 4600 7242 6025 
f 7174 7044 7173 
f 5807 5864 5818 
f 1146 502 512 
f 8966 6992 7198 
f 7593 957 4164 
f 7736 7662 3692 
f 5350 9780 3764 
f 7044 7174 7112 
f 1561 1518 1485 
f 7173 7044 6974 
f 9648 5267 9666 
f 1518 1561 6067 
f 1112 2108 9207 
f 1757 5030 5377 
f 4514 353 3262 
f 6935 6616 9402 
f 1574 1584 1575 
f 6819 6609 5224 
f 10700 8451 10084 
f 10348 7338 5459 
f 5264 5272 6238 
f 10169 2304 10093 
f 1147 4473 299 
f 1724 10098 7851 
f 786 7600 5527 
f 2540 1619 1620 
f 4789 8454 2975 
f 9397 9560 630 
f 7274 6114 1853 
f 5197 337 6987 
f 4059 9314 4196 
f 8095 7972 7965 
f 1251 6543 2578 
f 3764 417 6446 
f 2950 10189 3890 
f 4768 8564 8559 
f 5798 6457 5356 
f 7336 7162 7335 
f 10311 10310 6615 
f 3482 5330 10391 
f 2578 2917 820 
f 6765 5042 7033 
f 2192 1598 1347 
f 9881 2190 1776 
f 7283 8303 10469 
f 4790 3627 3132 
f 10597 10542 10541 
f 7878 7877 4905 
f 7603 6326 3116 
f 4782 5612 4776 
f 8488 6233 6695 
f 1785 2070 2066 
f 5059 6466 6547 
f 6234 5969 5624 
f 1830 5306 1656 
f 936 8006 7742 
f 1942 3605 1256 
f 10425 10157 10288 
f 8469 2935 1717 
f 5682 8940 6199 
f 1154 7814 8855 
f 1981 7059 5592 
f 4786 5298 2117 
f 7069 10520 9274 
f 716 7691 9630 
f 5659 2674 5427 
f 7807 10650 60 
f 769 3744 5238 
f 2486 9301 1306 
f 3538 459 3499 
f 8830 8653 8880 
f 9293 3186 677 
f 310 3660 5733 
f 3468 3467 9869 
f 1606 9342 9126 
f 1517 930 2763 
f 2688 3882 4587 
f 7002 7001 7079 
f 7355 1989 7121 
f 3681 4534 4329 
f 7958 8788 7960 
f 8856 2193 8841 
f 148 2315 8425 
f 832 6367 4649 
f 7229 123 7889 
f 2943 6355 1064 
f 7800 7002 7653 
f 9372 6790 1793 
f 1609 442 1498 
f 579 232 7450 
f 629 2105 3861 
f 4111 649 8104 
f 2575 1262 1226 
f 7938 10465 8099 
f 10712 1122 6575 
f 9791 8223 5064 
f 1761 1582 419 
f 535 531 1434 
f 5177 8039 2477 
f 232 2633 4128 
f 10094 8647 2891 
f 6367 2270 8275 
f 6434 1078 3019 
f 8801 3502 7401 
f 7218 9607 7306 
f 3743 5225 1164 
f 2436 10668 7970 
f 4470 4797 4640 
f 8418 4225 8357 
f 5395 10220 8103 
f 6657 3729 7570 
f 9219 2235 9482 
f 5068 4050 5061 
f 6508 413 414 
f 7383 7207 7300 
f 734 1845 976 
f 10545 3892 130 
f 4109 1761 750 
f 7458 2635 4610 
f 6277 6408 6279 
f 9286 1493 5298 
f 5544 9835 8990 
f 1498 7476 7800 
f 7148 7082 10598 
f 9623 8471 3591 
f 6944 2087 6021 
f 787 9222 6456 
f 3527 3944 4310 
f 4004 9880 4005 
f 4898 973 125 
f 5729 10706 3543 
f 4879 4393 4392 
f 5678 4475 4476 
f 2188 4996 5968 
f 5264 6238 2183 
f 2270 10304 10305 
f 4080 8692 2814 
f 9833 1632 1337 
f 700 7738 7276 
f 4954 7333 4323 
f 1711 1674 10623 
f 3697 3741 10206 
f 8059 39 8602 
f 1968 1577 6154 
f 6376 2576 1079 
f 5226 5547 5204 
f 7182 7434 7435 
f 1958 6975 6742 
f 3518 3688 6162 
f 2692 5868 4069 
f 6958 8377 6509 
f 6119 9807 7157 
f 6374 10476 3352 
f 4014 4744 3930 
f 646 7943 5885 
f 1164 5983 1885 
f 8852 9470 6148 
f 1449 1302 6115 
f 7994 8788 3333 
f 5226 5204 5548 
f 299 4473 1082 
f 5167 3908 1355 
f 9018 10555 10111 
f 10044 10042 6493 
f 5531 4369 4931 
f 5946 7628 7764 
f 10601 10544 10636 
f 8086 1537 7419 
f 10405 7029 2340 
f 5673 7882 10701 
f 9186 2509 1670 
f 2082 5104 1263 
f 7574 7882 7885 
f 6961 5141 7023 
f 8451 10409 7599 
f 10365 2663 1296 
f 3017 932 8473 
f 6974 6975 1927 
f 7341 7103 7260 
f 7574 7790 7575 
f 7111 6970 7043 
f 7934 2427 10128 
f 6976 1964 6975 
f 8024 7885 7954 
f 6678 4644 9850 
f 4439 4529 7199 
f 375 2766 10458 
f 3587 2566 7222 
f 10460 1916 1710 
f 7572 9686 10701 
f 5402 1692 5757 
f 9654 8858 4940 
f 7165 7343 7041 
f 8406 2628 2723 
f 8717 9502 8735 
f 8094 8003 7818 
f 10213 3610 3636 
f 3020 8511 8457 
f 539 6626 8359 
f 224 8587 3668 
f 7302 5975 2439 
f 6124 3210 2175 
f 2483 565 3587 
f 7118 3795 6983 
f 6981 7048 10560 
f 4847 2931 6321 
f 7171 7043 7264 
f 595 10386 10313 
f 7585 7428 7499 
f 8479 1590 8478 
f 9940 4455 4459 
f 5856 10716 8675 
f 10528 1475 5000 
f 447 1112 8505 
f 10577 6983 3795 
f 7435 7589 7591 
f 1078 6434 10028 
f 5885 5057 5742 
f 8163 8240 8329 
f 3412 4278 4814 
f 6134 7726 1425 
f 8424 5188 10647 
f 117 7121 4904 
f 2655 1602 527 
f 9883 9881 9876 
f 10519 74 5188 
f 2308 7691 3049 
f 2737 4930 3094 
f 2666 1449 10423 
f 1494 1317 1318 
f 9118 7184 7117 
f 4061 7124 4012 
f 2281 10408 6262 
f 8917 2119 1997 
f 2008 1357 2404 
f 2961 2960 3054 
f 4920 5455 4066 
f 2040 2658 227 
f 9233 258 8856 
f 8980 4434 1404 
f 8533 4789 8966 
f 6100 5970 7606 
f 8290 8454 7717 
f 7125 7285 7286 
f 7258 10717 5209 
f 6182 4691 2615 
f 750 5354 2375 
f 7274 6393 5617 
f 10643 10441 4152 
f 7760 8738 6733 
f 2047 8453 6536 
f 6294 5524 7255 
f 6652 6119 10479 
f 2703 3692 10603 
f 2356 1223 4924 
f 1466 1870 4323 
f 8725 8906 8821 
f 123 926 6865 
f 946 6740 6532 
f 6817 7709 10385 
f 6865 926 8080 
f 6406 7969 8303 
f 5739 503 8750 
f 8077 7297 7298 
f 677 2583 8887 
f 1968 7207 7132 
f 6571 8949 8973 
f 9974 3605 4547 
f 8393 8973 1974 
f 5517 6648 3013 
f 4576 3240 9665 
f 7036 4710 3175 
f 4491 10330 10052 
f 535 4858 2868 
f 10003 455 8218 
f 1814 684 3545 
f 9800 9802 6535 
f 10460 7071 9974 
f 2541 2923 9329 
f 6508 1773 1774 
f 2834 6369 4198 
f 1796 3320 3922 
f 6336 6302 6359 
f 5664 1747 7053 
f 319 198 318 
f 2860 5948 6430 
f 5482 1299 5376 
f 1968 7073 8561 
f 610 1675 9324 
f 7529 7467 7465 
f 1579 9390 1744 
f 3872 1559 1529 
f 7383 7300 7460 
f 6694 9483 7320 
f 7208 7132 7207 
f 442 2633 3238 
f 8732 2132 2450 
f 7625 7621 7845 
f 9482 2235 2477 
f 420 9584 1846 
f 2030 5540 5539 
f 7149 7008 7084 
f 9438 6193 3804 
f 6198 9337 8569 
f 4581 3110 3897 
f 308 2478 4728 
f 7233 7085 7150 
f 2448 2132 6456 
f 3986 9041 9217 
f 8370 7933 7930 
f 982 1789 8239 
f 5913 4310 4990 
f 1832 2723 409 
f 6958 6509 6954 
f 3367 4755 3990 
f 3381 6822 3720 
f 7224 6243 7316 
f 718 82 2095 
f 8033 6033 6711 
f 9427 1984 8867 
f 2699 10435 2945 
f 10448 1238 2131 
f 7237 7236 7318 
f 10218 1809 9938 
f 10245 8871 5920 
f 5261 5204 5404 
f 3703 13 2594 
f 7254 7097 7096 
f 5952 14 10325 
f 7489 7260 7488 
f 10566 7136 9404 
f 8917 1997 8736 
f 3340 7083 1505 
f 497 852 930 
f 3920 1085 1643 
f 872 9214 2744 
f 7337 7103 7099 
f 669 1282 1237 
f 5220 4778 5584 
f 4588 5898 10301 
f 10456 2567 4777 
f 4828 7954 5673 
f 6021 2087 5196 
f 674 4704 5607 
f 4243 8942 1504 
f 6463 6606 6369 
f 9144 9139 5760 
f 1595 1867 1485 
f 2119 157 4728 
f 1072 6536 8453 
f 9395 9858 2394 
f 6961 7023 7024 
f 5723 2730 645 
f 9760 9917 9919 
f 7043 6969 7041 
f 7204 4718 3499 
f 853 3718 988 
f 9331 912 1130 
f 7489 7574 7490 
f 4928 4669 4416 
f 6695 6512 977 
f 8505 1112 8580 
f 2445 7222 2566 
f 5119 101 1699 
f 10379 7131 8406 
f 7041 6844 7165 
f 6102 9554 274 
f 2109 7631 10453 
f 7493 7686 7495 
f 76 9989 2483 
f 8586 787 6456 
f 128 2029 1099 
f 4096 992 4977 
f 7044 7112 6976 
f 10238 10156 10313 
f 6970 7111 6974 
f 7524 3542 3005 
f 8034 7659 7750 
f 6114 2243 1853 
f 3852 2954 572 
f 824 9871 9867 
f 10581 4339 1705 
f 7428 7174 7346 
f 4578 7401 1871 
f 3863 3278 3272 
f 7279 7118 7184 
f 7279 9118 4164 
f 633 470 2149 
f 8694 272 6833 
f 5039 4552 5227 
f 7652 3559 7838 
f 2366 2369 2101 
f 597 4257 9785 
f 7431 7428 7585 
f 9969 9682 9968 
f 3881 4412 2234 
f 9200 5805 4489 
f 9772 7945 4761 
f 3425 3612 4986 
f 2375 9046 3908 
f 8102 5440 10017 
f 5766 5203 5733 
f 7437 5385 1689 
f 4946 8326 8777 
f 3395 4030 7437 
f 7131 10645 2741 
f 1711 6579 6251 
f 6220 6253 6222 
f 10441 1674 2037 
f 9011 2237 3757 
f 1326 1395 1328 
f 6998 883 7011 
f 38 114 115 
f 4794 4791 4562 
f 135 3993 418 
f 3985 4918 4017 
f 10554 10488 10412 
f 5529 3567 7513 
f 619 4493 8474 
f 6941 3494 1648 
f 9470 6132 6148 
f 7286 7510 7362 
f 7442 7365 7512 
f 9967 3653 9847 
f 7810 1313 1586 
f 4586 7985 5334 
f 6525 5783 4760 
f 10522 5010 6096 
f 8290 1810 8454 
f 1871 10355 4578 
f 8309 4443 925 
f 1936 79 10587 
f 1489 1414 1386 
f 2829 10121 2917 
f 10322 268 8171 
f 3026 4743 8171 
f 10089 8501 7384 
f 6308 5177 2235 
f 2083 7842 3367 
f 2279 6285 1626 
f 7119 6145 4749 
f 9613 9578 9612 
f 7638 6467 2593 
f 8476 8540 8477 
f 10594 9526 5665 
f 10662 7563 10660 
f 10180 8044 10273 
f 411 6541 1133 
f 3998 3618 3078 
f 9864 10088 10015 
f 7333 4954 9938 
f 7922 8949 2560 
f 5199 4496 9008 
f 8541 9302 8768 
f 1516 8517 9117 
f 10122 1717 2351 
f 2560 8748 7922 
f 1244 10263 1847 
f 4547 3605 1942 
f 9757 8361 7326 
f 5474 400 8934 
f 5505 9546 6430 
f 3117 5159 9706 
f 4986 3615 5716 
f 4601 7242 4600 
f 535 2868 2586 
f 5885 5742 646 
f 8983 186 340 
f 10613 1548 2574 
f 5482 5376 318 
f 10367 343 2470 
f 5189 5540 2030 
f 2699 548 4213 
f 2843 3462 5748 
f 5025 2631 1809 
f 442 1609 8039 
f 7266 7382 7587 
f 5859 3272 6316 
f 7208 7207 7383 
f 10305 883 8275 
f 7470 7387 7467 
f 193 7992 62 
f 9024 9023 9353 
f 2488 679 6372 
f 4022 4093 6960 
f 9607 7469 8913 
f 6469 7139 3162 
f 6347 5919 352 
f 9825 5228 2979 
f 7084 7148 7227 
f 6667 1233 7016 
f 8318 8320 2815 
f 1220 9110 8874 
f 4307 1575 4095 
f 7227 7149 7084 
f 7085 7014 7013 
f 2448 9271 372 
f 8841 2193 7060 
f 7476 1498 3238 
f 4833 1068 4575 
f 10030 6856 4989 
f 6794 790 2122 
f 5922 5921 7772 
f 823 7148 10598 
f 2210 4404 2 
f 5350 501 7436 
f 5133 9835 5261 
f 9990 4694 4740 
f 3764 9780 6363 
f 9172 1082 6924 
f 2791 3012 571 
f 5886 1945 6213 
f 6606 1451 4198 
f 5131 10169 10093 
f 4973 1512 5548 
f 2237 3766 838 
f 4903 4902 2421 
f 6791 6870 7238 
f 6073 9170 7453 
f 4046 1353 3671 
f 1828 9307 8153 
f 7427 7195 7104 
f 7828 4279 1691 
f 210 209 680 
f 7938 3424 10465 
f 9981 5238 8622 
f 2886 4072 4069 
f 5396 5261 9835 
f 7308 4187 5585 
f 5117 2181 2183 
f 7415 2239 7413 
f 9740 6121 6657 
f 7784 8223 8222 
f 6951 2238 5971 
f 6238 5971 2183 
f 5588 5220 5584 
f 1874 163 6862 
f 3356 238 4253 
f 5068 7120 5071 
f 7790 7491 7575 
f 4772 8466 2914 
f 2050 1945 263 
f 2572 934 1379 
f 7493 7345 7425 
f 7173 7346 7174 
f 2420 2042 2415 
f 9566 2853 10347 
f 6970 6969 7043 
f 8080 10536 4335 
f 6821 5770 4306 
f 7346 7171 7426 
f 9527 9567 9473 
f 4141 5005 303 
f 3253 6443 5498 
f 7101 6844 3365 
f 8024 7954 2314 
f 9552 534 1832 
f 5052 2912 3940 
f 3365 6969 2406 
f 2401 3899 5911 
f 2472 3322 9193 
f 7918 8137 8842 
f 7563 4537 302 
f 8554 818 2167 
f 397 1740 9280 
f 9977 10209 9978 
f 3550 3185 10003 
f 7525 2659 97 
f 4909 7241 8029 
f 4171 155 7506 
f 10321 486 3352 
f 6933 8597 10471 
f 325 8684 4624 
f 9661 8151 8057 
f 804 1415 492 
f 6287 10670 8809 
f 5739 3327 6998 
f 10545 130 9261 
f 7802 5042 4411 
f 10024 10157 10210 
f 7592 10647 7593 
f 4554 4820 4593 
f 4545 6938 4956 
f 9146 2050 66 
f 7194 1560 8479 
f 1525 4020 10617 
f 798 7015 2134 
f 5377 7594 10519 
f 2944 4086 7562 
f 4187 4050 5068 
f 8897 885 9261 
f 10352 8572 10047 
f 2739 8807 243 
f 653 7753 3915 
f 1490 9683 861 
f 2900 1301 7176 
f 7717 4170 10522 
f 7485 7392 6884 
f 5797 5728 5749 
f 6099 6100 5020 
f 9689 9602 9600 
f 8855 10158 5828 
f 7606 7442 7512 
f 7365 7287 7362 
f 855 10443 10389 
f 8783 5787 5341 
f 10218 1418 5228 
f 4776 5612 5773 
f 8271 9988 9993 
f 1665 1664 5785 
f 7869 7960 8055 
f 2606 6910 8352 
f 10447 3262 8232 
f 10345 9176 584 
f 5644 8248 6525 
f 5255 5385 5107 
f 6543 6541 355 
f 355 6541 7786 
f 6323 4050 4187 
f 5644 4757 574 
f 6851 8905 6572 
f 6318 2347 5242 
f 8506 3015 7007 
f 8005 10578 5014 
f 1304 1305 1229 
f 2384 8494 8768 
f 4153 9080 8302 
f 3424 1359 10465 
f 1401 1444 1373 
f 8231 8229 5706 
f 459 3538 461 
f 255 3610 6620 
f 1690 1342 2263 
f 6880 10233 9243 
f 8498 3662 1344 
f 2151 472 1244 
f 9289 9098 9203 
f 6606 908 1451 
f 9324 2622 610 
f 7721 2731 2803 
f 3416 5189 2030 
f 4548 4619 3493 
f 9444 6223 7544 
f 3346 9559 7202 
f 9020 8911 8910 
f 6948 5998 5996 
f 10051 9666 9667 
f 4973 4805 5292 
f 2117 671 4894 
f 6232 6121 9015 
f 9321 9320 9367 
f 8612 6899 5303 
f 5879 7322 6152 
f 2017 6466 2597 
f 5460 1524 5441 
f 10546 10366 10572 
f 9762 7740 5056 
f 6415 6123 6247 
f 8387 8791 6377 
f 10165 6114 7274 
f 2910 5780 6829 
f 2766 8036 8125 
f 2582 10084 3856 
f 2834 2959 3289 
f 9477 3817 4777 
f 669 10252 2959 
f 7138 7079 7077 
f 2843 9450 6356 
f 5057 5885 7349 
f 5494 3702 5493 
f 8340 798 646 
f 10040 5906 1916 
f 10368 5462 6817 
f 3323 1985 176 
f 7306 7144 7218 
f 3745 5396 5544 
f 5967 4408 2325 
f 7292 10603 3692 
f 9801 9800 4497 
f 3776 8139 10658 
f 7621 7729 7941 
f 4534 530 9153 
f 6176 9810 2057 
f 7275 7347 4529 
f 9668 546 9735 
f 5493 7306 8913 
f 7470 7469 9607 
f 4356 959 4670 
f 6399 9308 7927 
f 10011 10087 9863 
f 9359 714 6314 
f 8465 8462 8549 
f 8923 9554 186 
f 9682 9969 9826 
f 2232 1505 7083 
f 2318 2325 2327 
f 6737 1335 6636 
f 236 4184 4067 
f 7094 6958 7022 
f 3775 22 7359 
f 9856 9786 7609 
f 10559 2176 1552 
f 2920 5043 6065 
f 89 3590 3388 
f 4876 5274 5272 
f 1054 1368 1177 
f 4494 10484 8344 
f 4391 4612 3642 
f 2183 7037 5117 
f 7315 7316 6243 
f 219 5029 3961 
f 8071 6697 6709 
f 8499 8042 8894 
f 8916 3839 3988 
f 8758 9449 9452 
f 9592 3257 2436 
f 7415 7413 8601 
f 5902 1085 3920 
f 2757 2839 2758 
f 3049 8266 10315 
f 9413 6071 349 
f 5971 6238 5274 
f 9893 414 413 
f 5587 2605 4814 
f 10228 6304 8418 
f 6951 5971 5274 
f 7805 7708 7610 
f 8648 10609 4698 
f 5451 5450 3283 
f 5783 6525 291 
f 4023 4220 5317 
f 914 2384 5773 
f 7260 7337 7488 
f 57 9854 8136 
f 2048 1974 169 
f 4937 484 1073 
f 9952 9887 8051 
f 5513 76 2483 
f 3934 5589 1024 
f 6085 56 4059 
f 1238 10067 10149 
f 2358 6219 9153 
f 7574 7418 7572 
f 3150 1122 7486 
f 5517 2234 2637 
f 6582 8693 9989 
f 10701 9686 5673 
f 9520 2916 9989 
f 7862 6482 7385 
f 8662 10466 9633 
f 7345 7264 7425 
f 4489 7369 2209 
f 10149 10067 3279 
f 7201 8777 1592 
f 10263 10253 1847 
f 1669 6608 6329 
f 6639 4587 3882 
f 1268 577 8979 
f 7549 890 406 
f 7212 179 1101 
f 1931 6334 6468 
f 5621 6323 6977 
f 3892 1122 10712 
f 1481 5371 5519 
f 4021 6032 9852 
f 7343 7165 7261 
f 1964 6976 5009 
f 7428 7346 7499 
f 6228 7448 8551 
f 7179 7114 7045 
f 983 2445 9193 
f 64 7258 3075 
f 7435 4164 9118 
f 5755 10022 8876 
f 2853 6910 2606 
f 7051 731 10547 
f 2140 1224 9817 
f 132 974 8106 
f 8709 2509 9186 
f 4111 6380 649 
f 10111 4142 9011 
f 899 8474 702 
f 9319 5844 9990 
f 2024 2073 2915 
f 7353 7179 7271 
f 4152 2174 10617 
f 446 2872 424 
f 6380 4111 2643 
f 9630 5902 716 
f 7354 4064 5889 
f 5025 9825 1565 
f 1201 10447 3018 
f 7604 4884 4908 
f 7434 7353 7501 
f 9292 3683 9377 
f 7268 8554 2167 
f 8781 7325 3944 
f 7184 6983 7048 
f 1209 1765 4487 
f 1077 74 3308 
f 4502 5163 5165 
f 9724 364 9073 
f 3860 3673 7741 
f 658 1764 9615 
f 7496 4537 7563 
f 4022 3240 7294 
f 7948 5919 10223 
f 3617 2196 9522 
f 2351 1717 2738 
f 9630 5897 6593 
f 10315 2308 3049 
f 5582 5335 5581 
f 10683 9477 9905 
f 5379 3553 4933 
f 6292 2828 1236 
f 7612 4860 10468 
f 1975 10305 9330 
f 9564 7660 4431 
f 3595 3549 9963 
f 2675 3378 362 
f 64 7256 7379 
f 9965 7223 7656 
f 3310 3443 1076 
f 8833 4372 2568 
f 5108 3553 5107 
f 7365 7362 7512 
f 3045 5855 4395 
f 4920 4017 4918 
f 8811 7191 7365 
f 10119 1207 1210 
f 2424 2427 7934 
f 8979 2023 4434 
f 664 9480 1397 
f 6147 3870 1176 
f 2 3323 2210 
f 7219 7122 7021 
f 7951 4394 4760 
f 863 10321 1618 
f 7461 7122 7219 
f 5511 5442 5460 
f 10561 10523 770 
f 10121 2829 6546 
f 8672 8592 8720 
f 152 9328 9044 
f 10173 1730 1540 
f 9581 10360 9634 
f 10209 9166 6881 
f 5394 2318 2319 
f 10643 4020 5251 
f 285 9012 9213 
f 10383 4492 9291 
f 2273 2135 2462 
f 2126 1962 5604 
f 8964 8854 8851 
f 4627 3946 3907 
f 6224 9153 530 
f 7732 2803 7730 
f 6951 7413 2238 
f 7064 3078 2139 
f 8182 6201 3111 
f 6952 2049 1928 
f 2075 7586 6287 
f 722 2974 6500 
f 10348 5459 9161 
f 8254 10081 5000 
f 385 1346 1298 
f 7263 4466 9401 
f 6814 3490 3489 
f 869 602 7456 
f 1159 7659 4480 
f 3383 2294 2701 
f 10043 869 918 
f 5906 1710 1916 
f 2267 9191 8571 
f 8655 10437 6261 
f 4887 9697 6069 
f 10197 3394 644 
f 7054 4783 8716 
f 4028 5347 4393 
f 5532 1547 5485 
f 10058 10140 10499 
f 4066 4139 4794 
f 7729 7527 7618 
f 1836 4370 1662 
f 2513 8627 8812 
f 4625 5796 5252 
f 6383 6359 3663 
f 354 10248 1826 
f 9314 642 4196 
f 9430 9239 9238 
f 7119 5543 7322 
f 5384 1070 3102 
f 6154 7207 1968 
f 1009 1044 1012 
f 4489 2209 9200 
f 1320 2113 8488 
f 7528 7470 7467 
f 7132 7208 7074 
f 759 6066 10149 
f 5225 8398 2266 
f 3398 4032 7068 
f 808 1685 3701 
f 720 722 6500 
f 7075 2098 4073 
f 8275 4649 6367 
f 9731 1525 3652 
f 2488 6372 4010 
f 6031 5986 6030 
f 8415 7447 5596 
f 4301 1592 5972 
f 10330 2457 10135 
f 8307 8249 8306 
f 6612 7245 6791 
f 10060 9115 488 
f 6619 10662 9438 
f 5731 5751 5732 
f 6826 8159 515 
f 3111 3115 8043 
f 6648 1076 2760 
f 8588 8585 8829 
f 8669 8550 10406 
f 3443 5805 4946 
f 5838 5858 5880 
f 6720 8516 4772 
f 9570 9567 9656 
f 10639 10355 3187 
f 6037 8186 4765 
f 6032 3071 5317 
f 6213 9146 1865 
f 6359 6362 6336 
f 8516 9009 2211 
f 6435 6166 5416 
f 7086 2940 5636 
f 5220 5260 4778 
f 9428 2600 2573 
f 257 2193 258 
f 5609 5588 3586 
f 4963 2322 5259 
f 7413 399 8601 
f 5630 5124 4861 
f 315 748 698 
f 8147 9524 6587 
f 7260 7103 7337 
f 1551 6573 9083 
f 3017 2634 2009 
f 6951 5274 463 
f 2443 6472 2397 
f 1159 369 9965 
f 3604 10712 305 
f 967 968 4150 
f 3892 7486 1122 
f 2920 10417 6297 
f 7171 7345 7426 
f 5733 3660 5766 
f 3242 4768 4230 
f 10289 5184 5520 
f 9773 9771 7822 
f 7490 7575 7420 
f 9213 1003 285 
f 2291 2406 328 
f 639 7588 5746 
f 3790 3203 3109 
f 852 497 1527 
f 7827 1656 4678 
f 336 1613 2725 
f 3071 6151 5319 
f 7499 7426 7583 
f 4907 1406 1964 
f 5200 6426 8834 
f 8867 7109 3735 
f 3852 8651 2954 
f 6975 1958 1927 
f 5251 4020 2196 
f 1964 6742 6975 
f 7267 3254 865 
f 5633 869 10013 
f 7819 2216 10686 
f 5599 8527 8673 
f 3786 9874 10174 
f 9336 4519 9338 
f 1077 4975 10642 
f 7271 7045 7350 
f 303 10296 4141 
f 7182 9118 7117 
f 1518 1412 1485 
f 9098 9048 9097 
f 5560 1375 5623 
f 7128 3885 7205 
f 1059 222 2969 
f 3003 10667 10332 
f 3323 176 2210 
f 6610 6920 472 
f 4156 4107 4076 
f 10093 2304 2800 
f 7063 6990 4869 
f 7356 1088 7915 
f 1335 7430 6636 
f 2907 2905 3084 
f 4777 10600 10456 
f 7223 9965 369 
f 1499 1469 1427 
f 3986 8139 3776 
f 9204 3766 3767 
f 7176 1301 10080 
f 8811 7365 7442 
f 10661 10525 10561 
f 2301 8860 8120 
f 4867 3522 8782 
f 2023 6987 4434 
f 8246 8249 8112 
f 2608 6366 477 
f 8787 5221 56 
f 8684 325 545 
f 2683 6990 7191 
f 5891 7268 8474 
f 2975 8454 1810 
f 6523 5661 7995 
f 2557 2577 3916 
f 8002 1051 1824 
f 9733 804 4934 
f 6602 8696 8953 
f 164 2604 4162 
f 4757 4760 4394 
f 2738 1717 2935 
f 4900 2679 2285 
f 6065 4702 4703 
f 10258 10257 10474 
f 7285 7361 1154 
f 5937 1226 1606 
f 10388 10529 5034 
f 4011 134 9471 
f 5719 8375 280 
f 304 8583 1045 
f 8784 10478 28 
f 3724 2097 9303 
f 806 5267 9648 
f 6311 2879 4862 
f 6691 6316 5585 
f 8579 8581 8510 
f 8615 3053 8695 
f 1800 1715 1797 
f 5968 5969 7378 
f 6649 2620 5072 
f 7940 3182 7755 
f 8283 8021 4116 
f 9992 8959 9040 
f 10466 2914 9633 
f 1806 1066 5440 
f 3227 3633 2294 
f 1958 327 328 
f 792 4322 9499 
f 1842 9458 8433 
f 7654 6698 1531 
f 5298 1493 671 
f 10281 10279 3488 
f 684 3264 2807 
f 10194 10004 10499 
f 9979 4628 9829 
f 7215 8389 3181 
f 4214 6949 6161 
f 4533 760 7028 
f 4894 9372 6861 
f 2491 490 706 
f 1286 5376 1299 
f 7476 3234 7001 
f 444 380 2361 
f 8538 8614 8539 
f 10268 7675 6662 
f 8968 6474 9027 
f 4394 1728 4757 
f 2032 6847 7947 
f 8754 9 7866 
f 5542 5748 2327 
f 7845 7621 7941 
f 8834 10302 4022 
f 446 6057 5095 
f 6370 4906 7733 
f 1261 8949 827 
f 10481 2312 2626 
f 2632 5990 2333 
f 7289 8153 3664 
f 8446 5374 79 
f 9317 9361 9318 
f 3757 2469 10555 
f 4724 3221 2401 
f 1210 4607 10119 
f 9005 5374 3161 
f 9731 9522 1525 
f 794 305 10712 
f 3164 2377 726 
f 288 5972 460 
f 489 43 6545 
f 4775 1027 4021 
f 8144 5263 8565 
f 4823 4447 8459 
f 562 6533 980 
f 5095 10524 5326 
f 8678 5327 5062 
f 6049 10017 2617 
f 2251 2691 9106 
f 3771 237 5694 
f 3541 5070 6434 
f 930 852 2437 
f 4454 2193 257 
f 7538 8285 8643 
f 1128 326 8938 
f 5600 1659 6486 
f 9643 3459 4528 
f 8281 8274 9355 
f 2380 8956 7443 
f 738 4644 6678 
f 9324 6003 3299 
f 8317 6221 8838 
f 6196 6433 6303 
f 3010 6340 839 
f 5844 9319 2441 
f 7406 10432 7788 
f 6718 10583 3717 
f 5948 9808 7672 
f 3972 8157 7856 
f 387 3550 581 
f 6791 7238 9357 
f 2946 2165 8088 
f 9465 7253 7252 
f 4755 8175 2160 
f 9945 9871 824 
f 6312 6577 7019 
f 5922 6661 9873 
f 10193 6505 2461 
f 7069 9066 10520 
f 9464 8231 7979 
f 5849 5893 5896 
f 2365 1365 5076 
f 2047 374 8453 
f 6195 1357 3654 
f 7029 10405 7027 
f 10366 10283 10572 
f 5629 5630 4861 
f 8599 3068 2300 
f 399 7777 7674 
f 74 10519 7594 
f 7490 7420 7489 
f 5326 1628 6038 
f 5037 5324 4748 
f 4601 4622 7242 
f 9383 4815 6615 
f 8137 7918 8007 
f 7954 7885 7882 
f 10684 5146 5888 
f 374 7837 7639 
f 7988 9477 10683 
f 7969 6406 2638 
f 8733 1957 1807 
f 1884 2417 2240 
f 6194 9805 8655 
f 1421 7232 8542 
f 2208 7175 1633 
f 6261 5412 2777 
f 2314 8128 8024 
f 10541 10540 10597 
f 3365 2291 2133 
f 7254 2239 7415 
f 1464 4232 1463 
f 7957 8089 7793 
f 3221 2007 2997 
f 3155 2381 9140 
f 8252 375 4041 
f 5436 7219 2800 
f 5295 4591 4477 
f 472 2151 6610 
f 9592 6659 3187 
f 2133 2725 7101 
f 7686 7890 7687 
f 7689 7499 7583 
f 6830 2857 1187 
f 2451 4469 3911 
f 7585 7499 7689 
f 6975 6974 7044 
f 10711 1737 2515 
f 4395 6390 4757 
f 8107 7457 7456 
f 278 8749 9530 
f 7350 7174 7428 
f 9069 8816 8944 
f 7696 7501 7694 
f 4433 4432 4453 
f 7589 7434 7501 
f 7694 7900 7696 
f 3703 1464 4255 
f 6796 5559 9013 
f 6437 2707 1811 
f 1742 8508 6903 
f 7491 7580 7424 
f 10647 10649 8424 
f 6630 6631 6216 
f 5582 7697 9433 
f 7051 1024 6955 
f 586 295 3765 
f 3109 5707 4491 
f 6987 2871 1051 
f 10393 10323 10467 
f 6632 3740 4472 
f 440 8192 1376 
f 5234 545 6642 
f 4909 4911 3639 
f 9849 1249 9100 
f 860 2159 2433 
f 6890 6576 7981 
f 3015 932 3017 
f 2004 4272 4807 
f 8377 7023 5141 
f 5153 8822 9089 
f 5549 9904 10098 
f 8266 3049 7672 
f 5474 8934 2153 
f 6883 4464 5329 
f 10041 1948 1615 
f 7511 7510 7710 
f 4622 7241 4909 
f 5363 3308 74 
f 3700 10361 10465 
f 8483 1161 8951 
f 7814 1154 7361 
f 3429 1225 4456 
f 5111 4762 9433 
f 1743 9949 235 
f 7884 6992 4789 
f 922 1184 1291 
f 3740 9566 4472 
f 7229 926 123 
f 5333 6564 10570 
f 1936 8446 79 
f 5531 2505 6780 
f 5855 5744 6390 
f 476 9270 8376 
f 1728 7115 4500 
f 419 1582 6740 
f 1393 1318 1317 
f 9219 2002 372 
f 2282 7472 2897 
f 9986 2446 6644 
f 2425 6401 10671 
f 410 9865 225 
f 2002 2629 2450 
f 4415 6543 1251 
f 3690 5829 8777 
f 4938 4458 4363 
f 7452 934 8652 
f 10523 7998 770 
f 6837 6939 6838 
f 1576 8356 9091 
f 7605 5725 7604 
f 6518 1814 1461 
f 9965 7750 7659 
f 1767 1654 10585 
f 615 845 613 
f 5168 267 5169 
f 9767 9812 9751 
f 1628 5566 9720 
f 8088 8748 4457 
f 4213 548 4540 
f 9426 9035 2573 
f 7526 9684 5641 
f 4446 9804 2465 
f 10655 8250 8308 
f 2294 3383 3227 
f 2715 536 5374 
f 7058 8418 3094 
f 9606 8347 2357 
f 4789 6991 7884 
f 6349 4149 5244 
f 9178 6021 4274 
f 2194 181 1966 
f 134 1870 9471 
f 10447 2313 3018 
f 555 261 3864 
f 9436 10347 2822 
f 7460 7527 7383 
f 1076 3443 2760 
f 2351 2623 10122 
f 6637 10303 3832 
f 5606 3117 1932 
f 8711 8515 8659 
f 7729 7841 7941 
f 5362 8823 1418 
f 7701 7508 7699 
f 5481 6091 5493 
f 6662 6180 10268 
f 1173 170 7047 
f 2737 10241 4930 
f 10667 6147 5289 
f 8450 8792 8038 
f 3015 8506 932 
f 7761 7759 8386 
f 10409 1532 825 
f 9885 6395 8333 
f 9626 8799 366 
f 2279 2631 6285 
f 7807 2773 5228 
f 280 8129 10684 
f 10062 4257 597 
f 5556 2921 6168 
f 2781 8433 5994 
f 6588 6868 8903 
f 8118 2779 1297 
f 10386 595 10527 
f 4498 10221 6905 
f 9843 3812 2788 
f 10135 10611 10052 
f 2781 5994 4211 
f 6184 5245 8019 
f 5566 2071 9720 
f 8683 3323 4912 
f 9061 1037 9947 
f 3363 3758 2649 
f 935 2084 8874 
f 6454 6851 6572 
f 8478 3795 8479 
f 5010 10522 10036 
f 1773 1772 2082 
f 5937 6218 629 
f 694 851 7439 
f 1158 7093 4564 
f 9631 3584 3586 
f 5651 5649 5388 
f 5204 5528 5548 
f 8252 7656 1387 
f 5289 1985 1983 
f 5436 1954 5057 
f 7413 2239 2238 
f 5661 10409 8451 
f 6267 2134 7015 
f 5404 5547 9515 
f 6957 6274 2013 
f 2954 6965 162 
f 9931 2386 4294 
f 7697 1301 4865 
f 4964 8355 2323 
f 4175 1919 253 
f 529 4288 7065 
f 10247 7589 7696 
f 27 5341 6178 
f 5629 5205 5627 
f 399 7674 8601 
f 7954 4828 2314 
f 2320 5551 5498 
f 7260 7489 7420 
f 7110 2962 6183 
f 512 480 511 
f 6175 5917 4990 
f 6002 6288 6289 
f 39 4019 7384 
f 339 3161 8446 
f 3081 2864 3928 
f 7583 7495 7687 
f 9077 1737 10528 
f 7609 10081 9856 
f 10240 10317 365 
f 9510 9508 9842 
f 5362 1418 10218 
f 7493 7425 7580 
f 7799 7585 7689 
f 7692 7585 7799 
f 6578 3292 4035 
f 3935 4732 4544 
f 7523 7537 7727 
f 4254 4252 4251 
f 7694 7501 7692 
f 4570 4014 4009 
f 1833 245 4721 
f 10626 4392 5452 
f 831 2663 20 
f 7534 5823 5336 
f 7589 7501 7696 
f 8091 8031 8134 
f 8705 8701 8945 
f 10101 2503 10573 
f 10673 774 890 
f 7182 7114 7434 
f 7189 7187 10642 
f 4765 5921 5963 
f 6536 4001 2047 
f 1077 1166 4975 
f 10351 3804 1626 
f 8024 7957 7885 
f 5423 1194 8221 
f 8367 1400 1384 
f 4243 8458 8396 
f 3927 4309 920 
f 4428 1573 4422 
f 5142 7051 2946 
f 1144 8843 4605 
f 2918 1041 9872 
f 10585 4636 5676 
f 7975 9312 4325 
f 4066 4801 4017 
f 8728 3161 339 
f 4533 1079 5210 
f 8785 5475 7663 
f 4257 4109 9785 
f 4072 2864 3298 
f 4083 5378 1482 
f 2849 3307 3849 
f 4451 2833 9088 
f 7573 8844 5020 
f 222 804 492 
f 5898 5921 10301 
f 5224 6715 6817 
f 7510 7285 1154 
f 8855 7814 4745 
f 7356 624 7361 
f 6676 2155 7098 
f 951 2611 6658 
f 7406 6485 6566 
f 5891 4701 3572 
f 7642 6204 3556 
f 7486 10545 1871 
f 2014 5888 288 
f 6953 7089 7018 
f 9780 8782 6363 
f 1669 6329 3545 
f 4175 8622 4281 
f 8786 7334 6556 
f 4924 1223 7340 
f 8396 9550 4279 
f 137 2543 7430 
f 2648 6009 4136 
f 511 480 6573 
f 5517 2637 5883 
f 6249 8564 8298 
f 3804 3740 9438 
f 8056 7918 7725 
f 7020 7021 6819 
f 3222 1211 3247 
f 8181 8179 3000 
f 3431 3430 3580 
f 2140 9817 9065 
f 2532 5468 9805 
f 8310 10585 5676 
f 4996 4632 5968 
f 10345 5244 711 
f 10047 9969 10118 
f 1008 9370 2882 
f 2643 1218 6380 
f 2858 2525 2362 
f 7837 7618 7639 
f 505 6924 5583 
f 8913 7306 9607 
f 4690 6436 3229 
f 3227 2196 3617 
f 7458 1043 2635 
f 1434 531 1694 
f 6088 6091 5481 
f 4078 1762 8033 
f 5753 5861 5807 
f 8696 6808 1647 
f 8722 8596 8721 
f 6928 6050 6643 
f 8456 3154 9529 
f 3262 10447 4514 
f 8092 7673 8365 
f 5634 5050 9469 
f 2407 4814 4278 
f 5246 9384 1288 
f 8152 4145 7861 
f 9156 9250 9203 
f 97 5955 6380 
f 10485 6644 2446 
f 2359 110 2360 
f 6691 5856 5859 
f 10392 5790 5247 
f 5626 6713 10692 
f 6303 7751 4185 
f 10600 4777 2063 
f 1687 51 7762 
f 9288 9197 9284 
f 1184 1011 1291 
f 8014 8018 6403 
f 1102 7378 5969 
f 5973 5832 7673 
f 10402 10058 10499 
f 7979 5706 5709 
f 10604 4873 10128 
f 8205 6365 8201 
f 5608 6743 5592 
f 5734 5709 5706 
f 8683 5131 647 
f 8384 2284 7156 
f 4878 5563 9589 
f 10154 10207 10285 
f 5631 8355 5388 
f 5404 5204 5547 
f 6996 10239 761 
f 5631 5627 2323 
f 9652 10148 6996 
