v 0.309469 -0.921392 0.450065
v -0.246077 0.582705 0.060732
v 0.324808 -0.919437 0.426008
v 0.326318 -0.962311 0.486252
v -0.2737522 -0.9827518 0.0662117
v 0.31358 -0.96947 0.51198
v 0.282044 -0.963641 0.507701
v -0.485513 -0.661363 0.305646
v 0.24040222 -0.9302907 0.015457153
v -0.92097473 0.2443428 0.59542084
v -0.7893076 -0.35219193 -0.10991287
v 0.5245447 -0.84633636 -0.1469574
v 0.190673 -0.970283 0.571536
v 0.0641173 -0.671515 0.701181
v 0.129295 -0.963049 0.557488
v -0.146155 -0.961498 -0.234851
v -0.421606 0.49633 -0.0221985
v 0.08480263 -0.9469948 0.5467224
v -0.712003 -0.929705 0.111741
v 0.859274 -0.829771 0.29683
v -0.956401 0.390143 0.23455
v 0.02383995 -0.9686075 0.5979686
v -0.52776337 -0.8355789 0.19185638
v 0.0245651 -0.961123 0.580437
v -0.0175506 -0.965747 0.600896
v -0.10724 0.902791 -0.0975581
v -0.812736 -0.418327 -0.0408326
v 0.0033340454 -0.9802978 -0.29410362
v -0.445122 -0.668503 0.408701
v 0.00821174 -0.123117 0.586351
v -0.142958 -0.294335 -0.421313
v 0.084877014 -0.81674194 -0.35780144
v -0.65286636 0.67617416 -0.17156601
v -0.792316 0.803643 -0.556847
v -0.23960209 -0.92177665 -0.057552338
v 0.0205717 -0.765988 0.642906
v 0.7860303 -0.19324875 0.23095703
v -0.191034 -0.919759 -0.173762
v 0.0743487 0.917639 -0.338387
v -0.22198725 -0.96776164 0.48040962
v -0.224261 -0.971162 0.509133
v -0.534693 -0.806132 0.00172445
v -0.204997 -0.944314 0.443334
v -0.182328 -0.927852 0.434441
v -0.869167 -0.256215 -0.0342832
v -0.18682027 -0.9357314 0.46364403
v -0.171538 -0.946092 -0.220764
v -0.175546 -0.968913 -0.24051
v 0.136868 -0.492812 0.763463
v 0.515919 -0.643733 -0.306771
v -0.104255676 -0.9206109 0.5130501
v 0.5435753 -0.70314026 -0.2617569
v -0.08847523 -0.9566021 0.57655144
v -0.51171494 -0.6500282 0.30513
v -0.106625 0.9131 -0.200392
v 0.379026 -0.43182 0.721133
v -0.377347 0.195763 0.347902
v -0.577583 0.341467 0.481909
v -0.32658744 0.1819706 0.31355095
v -0.26285553 -0.97963524 0.13559723
v 0.0246209 -0.925293 0.540962
v 0.731884 -0.5908599 0.41854858
v -0.497217 0.395084 0.405847
v -0.3501835 -0.730896 0.51913834
v 0.1019094 -0.909744 0.49103868
v -0.315904 -0.965152 0.132104
v -0.07306194 -0.19509268 0.62735367
v -0.34700018 -0.8661041 -0.2020216
v -0.332036 -0.971328 0.108595
v -0.316865 -0.982208 0.0852078
v 0.158741 -0.91934586 0.49594116
v -0.6641507 -0.93311405 -0.040647507
v -0.31026173 -0.98385197 0.0665493
v -0.008621693 -0.24554157 -0.45003223
v 0.279448 -0.909561 0.446362
v -0.824326 -0.374813 0.424755
v 0.17216492 -0.93689346 0.6349964
v 0.0634024 -0.914889 0.516748
v 0.472238 -0.823744 0.560534
v -0.46845 -0.554056 -0.133955
v 0.852352 -0.482488 0.259241
v -0.8815651 0.4788208 0.4659729
v -0.365523 0.107899 0.404786
v -0.707213 0.474669 -0.291519
v 0.650198 -0.95556885 0.14282227
v -0.976121 0.139426 0.549597
v -0.169202 -0.924296 -0.198247
v -0.13440228 0.10877228 -0.13337326
v 0.8887787 -0.74280167 0.3647766
v -0.691489 0.47497272 -0.32265663
v -0.51405275 -0.97022843 0.5812063
v 0.022285461 -0.9654576 -0.31177807
v 0.047450542 0.16472244 0.44352722
v -0.679363 0.704862 -0.203793
v -0.731632 0.561363 -0.347063
v -0.583384 0.496195 -0.0324438
v -0.25058556 -0.96253157 -0.19315147
v -0.25306702 0.8383255 -0.039089203
v -0.375594 0.465587 0.00540775
v -0.414724 0.201508 0.420736
v 0.09603739 -0.91453385 -0.14867592
v -0.3135147 -0.98255736 0.033843994
v -0.37219736 0.2820114 0.14753056
v -0.23541713 -0.96550375 0.24108934
v -0.0832853 0.601902 -0.0513429
v -0.137141 -0.793575 0.635569
v -0.24237 -0.966195 0.196664
v 0.74347496 -0.8239937 -0.035942078
v -0.258214 -0.964962 0.173565
v -0.73841095 -0.11767578 0.5035629
v 0.3036461 -0.973871 0.070487976
v -0.4393 -0.741297 0.436034
v -0.14501 -0.148348 0.579532
v -0.217559 -0.931272 -0.18369
v -0.195691 -0.935553 -0.204
v -0.197336 -0.958721 -0.225433
v 0.25386524 0.09931946 -0.19358444
v -0.23119736 0.17596245 0.32976532
v 0.021896362 -0.9385824 0.6797514
v -0.426237 -0.496822 0.533375
v 0.40119553 -0.9669266 0.06113434
v 0.243133 0.0398192 -0.235159
v 0.563522 -0.676195 0.566494
v -0.547593 -0.966315 0.586191
v 0.808687 -0.491206 0.286517
v -0.55803376 -0.81190443 0.45686626
v -0.508791 -0.781617 -0.0146034
v -0.08824253 -0.7926073 0.65678024
v -0.275401 -0.953201 -0.140051
v -0.78937 0.496856 -0.0141069
v -0.640174 -0.930698 0.429615
v -0.187368 -0.657604 -0.196576
v -0.359376 0.265415 0.144795
v 0.7617264 -0.20705223 0.35499573
v 0.542495 -0.352084 0.631936
v 0.366154 -0.406638 0.721032
v 0.0667591 0.149083 -0.115283
v -0.6399156 0.7432337 -0.3519783
v -0.374374 0.163496 0.354407
v -0.854436 -0.0480556 0.363589
v -0.348135 -0.978005 0.0805053
v -0.29772663 -0.1480751 -0.26088905
v -0.300749 -0.979067 0.0183356
v -0.50478244 0.44712305 0.4201672
v -0.23257613 -0.92055666 -0.10889244
v -0.21687412 -0.921608 -0.15578651
v -0.221337 -0.954041 -0.206742
v -0.366363 -0.954319 0.587619
v 0.365556 -0.354492 0.713749
v -0.958084 0.449168 0.324019
v -0.200749 -0.976064 -0.248277
v 0.966787 -0.517846 0.122542
v -0.17621708 -0.9817631 -0.2670536
v 0.14609337 0.04481888 -0.22109795
v -0.928452 0.239939 0.0720203
v -0.423559 -0.519186 0.517652
v -0.338781 -0.754884 0.523321
v 0.278036 -0.141787 -0.279433
v -0.702712 0.879145 -0.6999
v 0.35053253 0.028354645 0.5239258
v 0.21012878 -0.95892525 0.52573967
v -0.567987 0.31726 0.492975
v -0.07272148 -0.89287186 0.7136531
v -0.8883934 -0.0070152283 0.28094482
v -0.26823664 -0.93031144 -0.05332184
v -0.9411 0.355191 0.207344
v 0.005127907 -0.16953468 0.6631565
v -0.4915161 -0.026786804 0.5235481
v 0.606004 -0.241715 0.57292
v -0.212046 -0.923065 -0.0018381
v -0.6322937 -0.8449278 0.029327393
v -0.270587 -0.927302 -0.0831293
v -0.256298 -0.924409 -0.107462
v -0.253985 -0.929467 -0.135316
v -0.168622 -0.195077 0.596424
v 0.19828749 0.1878357 -0.088056564
v -0.276286 -0.96666 -0.166512
v -0.073949814 -0.24890232 0.69486713
v -0.12573516 -0.9324205 0.20587921
v 0.693779 -0.6306114 -0.121162415
v 0.519135 -0.767278 -0.265299
v -0.78493094 0.7460909 -0.49241638
v -0.57102203 -0.9692669 0.56074524
v 0.0385308 -0.265929 -0.462256
v -0.578682 -0.922909 0.311829
v 0.24973297 -0.23272419 -0.40390968
v -0.290759 -0.941405 0.571488
v -0.218662 -0.976687 0.112565
v -0.24273682 -0.9698467 0.0625
v 0.12349796 -0.980259 -0.25703478
v 0.831021 -0.526267 0.336321
v -0.23997 -0.980138 0.0950934
v -0.4691887 -0.9729793 0.4178543
v 0.39126277 -0.968901 0.36986732
v -0.38411522 -0.977952 0.08602142
v -0.3595487 0.26334012 0.21051598
v -0.797429 0.706213 -0.388228
v -0.678658 0.582418 0.0857971
v -0.497348 -0.105461 0.564722
v -0.274763 -0.940436 -0.112418
v -0.28499395 0.72809637 0.05534482
v -0.2427082 -0.9308381 -0.15542984
v -0.971783 0.274972 0.2358
v -0.20303917 -0.3789482 -0.3555374
v 0.6494956 0.06833422 0.0672493
v -0.934059 0.373128 0.354944
v -0.900127 -0.00826123 0.235746
v -0.21335697 -0.9830829 -0.27440453
v 0.588147 -0.905228 0.382442
v -0.34290123 -0.8035989 0.5358448
v -0.447342 -0.505633 0.522423
v -0.447225 -0.528794 0.506313
v -0.447499 -0.552636 0.49201
v -0.48317337 0.22355556 0.48900795
v 0.70773315 -0.28752136 0.47276306
v 0.6835327 -0.4544754 -0.14984894
v 0.868883 -0.713973 0.39672
v -0.7714386 0.57473993 0.107788086
v -0.2357316 -0.049844265 -0.24162483
v -0.391098 0.0745688 0.438242
v 0.60942 -0.549036 -0.22854
v -0.64451426 0.6496339 -0.14052963
v -0.5617094 0.58559823 0.30215645
v 0.7967644 -0.35391235 0.30641937
v -0.36554146 -0.9828689 -0.020635366
v -0.88928 -0.026057 0.130544
v -0.569717 -0.92553 0.268458
v -0.289707 -0.901933 0.56246
v -0.295283 -0.963794 -0.115742
v -0.295027 -0.972268 -0.145845
v -0.2647667 -0.9748926 -0.20260239
v -0.887086 0.484805 0.108251
v -0.5188246 0.48297405 0.4292488
v -0.017072678 0.21923852 0.06306553
v 0.00250728 0.648416 -0.0905953
v -0.433732 -0.770388 -0.0841412
v -0.6019697 0.6209221 -0.5733261
v -0.0796648 -0.970861 -0.240923
v -0.579547 0.567052 0.0543122
v -0.43666 0.442322 0.197156
v -0.47358704 -0.4897461 0.5349884
v -0.325734 0.615936 -0.108194
v -0.7522743 0.6373005 -0.344059
v -0.5332947 0.5846189 0.19346046
v 0.952806 -0.558702 0.32255
v -0.11838722 -0.37201205 0.68188477
v -0.0705338 -0.753748 0.589203
v -0.6660378 0.27566504 0.63953924
v 0.16384697 -0.19982052 -0.40866184
v -0.431718 -0.7258 0.225563
v 0.045178413 0.24297188 0.1048069
v -0.44693756 0.24754095 0.44598866
v -0.13430405 -0.9256885 0.10424805
v -0.35819054 -0.0028915405 -0.2147255
v -0.5903755 0.6641 -0.6277853
v -0.401169 -0.594253 0.492823
v -0.78243 0.797856 -0.483354
v 0.62921524 -0.6838217 0.5173969
v -0.785865 0.850677 -0.586824
v -0.71191406 0.64151764 -0.4821167
v 0.971682 -0.517868 0.246011
v -0.34081 0.248953 0.128225
v -0.3632431 -0.96707976 0.15449524
v 0.14062786 0.25095844 0.040750504
v 0.917942 -0.475842 0.159582
v -0.03899002 -0.7461585 0.61652565
v 0.90042686 -0.8076241 0.26616287
v -0.624546 -0.982637 -0.0612244
v -0.0033836365 -0.7204838 0.6590328
v -0.6429379 0.76499367 -0.41604996
v -0.301613 -0.979762 -0.174636
v 0.80729675 -0.4035759 0.2741375
v -0.648844 0.624952 -0.689991
v -0.783511 0.653868 -0.320693
v -0.23736191 -0.98048925 -0.24764633
v 0.0790988 -0.830153 0.643157
v -0.6691785 0.77913857 -0.40802002
v -0.7536545 0.010584831 -0.06888962
v -0.2828312 -0.98120093 -0.2217102
v 0.432792 -0.548033 0.675761
v 0.5836134 0.12051773 0.035888672
v -0.7730217 0.5218353 0.49047852
v 0.554069 -0.812339 -0.182131
v 0.0689192 -0.262841 -0.454248
v -0.79154354 0.5847883 0.25093317
v -0.330502 -0.804537 -0.129451
v -0.48236084 -0.51171875 0.5192337
v 0.48764 -0.620904 0.63316
v -0.752439 0.56966877 -0.22426796
v -0.471279 -0.541404 0.501164
v 0.268008 -0.92378 -0.0304441
v -0.58171844 -0.9725759 0.5066757
v -0.563897 0.510596 0.481567
v -0.67099285 -0.8976712 0.14317131
v -0.841393 -0.376269 0.399319
v 0.6117039 -0.7508335 0.49093628
v 0.0981501 -0.115737 0.599018
v -0.833108 -0.0118107 0.00497617
v -0.702176 -0.907839 0.115306
v -0.6382184 0.050773144 0.61538124
v 0.09118217 0.85202885 -0.3115263
v -0.441237 -0.728352 0.202126
v 0.60040283 -0.4414673 -0.25708008
v -0.481105 0.393041 0.386286
v -0.8519592 0.35453796 0.62106323
v -0.9127846 -0.10136795 0.28390503
v -0.233832 -0.3023 -0.293317
v -0.538098 -0.934188 0.615329
v -0.212825 -0.280428 -0.299206
v 0.733512 -0.68259 0.421647
v 0.31342506 0.1735115 0.45655823
v -0.3201151 0.020217896 0.48576355
v -0.8290405 -0.040374756 0.394989
v 0.485765 -0.782302 0.551956
v 0.639061 -0.5186844 0.5352211
v -0.604455 -0.91090286 -0.07296133
v 0.26433945 0.16886902 0.45915222
v -0.698866 0.585458 0.0663745
v -0.7038791 0.58430624 0.103375435
v -0.67286 0.581945 0.0565269
v -0.142972 0.580622 -0.0192089
v -0.330003 -0.979988 -0.0823096
v -0.904253 0.25007 0.0285944
v -0.0501706 -0.178538 0.621997
v -0.130912 0.918412 -0.0975336
v -0.648899 0.576312 0.02159
v -0.915309 -0.299692 0.128401
v -0.92423534 -0.27597427 0.126297
v -0.87156105 -0.32229042 -0.010971069
v -0.124481 0.613078 0.00682545
v -0.237293 -0.98396 -0.339881
v 0.67668533 -0.90530014 0.008907318
v -0.48021698 -0.5584793 0.48757935
v 0.7265091 -0.907931 0.05633545
v 0.33910704 -0.9664717 0.32417285
v -0.0983979 -0.966275 0.600048
v -0.527883 -0.669311 0.0658791
v -0.190404 -0.953616 -0.373134
v 0.46994 -0.772433 0.572768
v 0.73171234 -0.5027008 0.43553162
v -0.924409 -0.161896 0.120977
v -0.603271 -0.9569 0.553865
v -0.02410698 0.8441801 -0.19533348
v -0.47919422 0.54724175 0.29629493
v 0.37395 0.130202 0.473461
v 0.0706848 0.734611 -0.270493
v -0.484771 0.368823 0.400634
v -0.6746722 0.855629 -0.5960349
v 0.87898 -0.481767 0.123149
v 0.202578 -0.117879 0.601033
v -0.969316 0.0802784 0.15450287
v 0.214819 0.0291391 -0.23308
v 0.8844528 -0.56432533 0.3721695
v -0.695251 0.616887 -0.030393
v -0.712875 -0.93403 0.0843521
v -0.2100954 -0.3834076 -0.3308525
v -0.318572 -0.98079 -0.150119
v -0.35168406 -0.9832973 -0.17578554
v -0.567855 -0.841378 0.551345
v -0.5514207 -0.8881501 0.24605656
v 0.00932807 -0.147911 -0.296465
v -0.07218552 -0.18449807 -0.32921457
v -0.20146179 -0.45539093 0.54709816
v -0.591879 0.869608 -0.728737
v 0.105075 -0.817706 0.634037
v -0.15611935 -0.98484397 -0.33162928
v -0.649319 -0.844475 0.10569
v -0.251034 -0.978004 -0.36355
v -0.332464 0.757899 0.0422308
v -0.519449 0.0686334 0.491253
v -0.765753 0.601522 -0.0935364
v -0.93712044 0.31504488 0.115859985
v -0.5169296 -0.51361084 0.5169449
v -0.770132 0.57679 -0.0838376
v -0.72079086 0.62119675 -0.42134094
v -0.931273 -0.268989 0.184468
v -0.47333717 -0.5805969 0.46096802
v -0.580561 0.671763 -0.466635
v -0.159046 0.1265 0.381699
v -0.607298 -0.965566 0.530975
v 0.2972105 -0.23745155 -0.39536953
v -0.08640194 0.19524384 0.2668953
v -0.6713581 0.0006790161 0.5246161
v -0.643966 0.428172 -0.148763
v -0.5212765 -0.9776659 0.3391571
v -0.176516 0.11425 0.399088
v 0.054994583 0.91468334 -0.2942257
v -0.137432 -0.272124 -0.410314
v -0.516742 -0.762095 0.101961
v -0.03310013 0.66270065 -0.16836166
v -0.32670975 -0.9711044 0.5100155
v 0.37513924 0.13362408 -0.14530182
v -0.49479568 0.5701738 0.22062016
v -0.51420426 0.57916737 0.20805454
v 0.3446169 0.1831646 -0.08605957
v 0.9543948 -0.7496216 0.2480812
v 0.2458868 0.15299225 0.47476196
v -0.5530224 -0.50556946 -0.17689323
v -0.265679 -0.499395 -0.199018
v -0.637022 0.517051 -0.450456
v -0.4894055 -0.98370403 0.1596756
v -0.411052 -0.949717 -0.141853
v -0.0317381 -0.361975 0.754767
v -0.54723 -0.837855 0.568585
v 0.54589844 -0.96097517 0.050712585
v -0.221938 -0.505129 -0.230499
v -0.667662 0.584881 0.029691
v -0.783351 -0.0318458 0.463803
v -0.93132496 -0.1954155 0.18766022
v -0.571306 0.452027 0.497709
v -0.707734 -0.953314 0.129254
v -0.6817932 0.66114426 -0.6074829
v -0.43995333 0.28968972 0.4106679
v 0.454897 -0.111411 -0.260165
v -0.526011 0.217809 0.529664
v -0.37089157 -0.98418874 -0.14838696
v -0.429032 0.395844 0.0622436
v 0.8589783 -0.6642256 -0.039222717
v 0.555552 -0.470708 0.594826
v -0.307932 -0.220407 0.565358
v -0.128105 -0.766444 0.585016
v 0.00078368187 0.9639033 -0.23047256
v 0.731358 -0.0929478 -0.00074296
v -0.41081667 -0.27559352 -0.2604351
v 0.28295 -0.960234 -0.272154
v 0.15180969 0.21629333 0.40428162
v 0.5645237 0.15608025 0.11952019
v -0.731438 0.829747 -0.638426
v -0.30023956 -0.98395485 -0.28966427
v -0.4311409 -0.755713 0.26140785
v -0.030195236 0.62385345 -0.08697677
v -0.477607 0.539563 0.322427
v -0.479447 -0.461272 0.553951
v -0.39017487 -0.56048965 0.5172043
v 0.5887985 -0.66366005 0.55065155
v -0.493799 0.554018 0.346123
v -0.4793434 -0.59708405 0.43399048
v -0.514241 0.55433 0.391847
v -0.45207 -0.927789 0.620182
v -0.5199792 0.53460884 0.42776835
v -0.18858337 -0.92232823 0.012413025
v -0.87506485 0.43718338 0.09851074
v -0.979299 0.137078 0.473627
v -0.627231 -0.951431 0.513147
v -0.607569 -0.968629 0.505776
v 0.74483585 -0.18988228 -0.048858643
v -0.699852 0.8290405 -0.6685486
v -0.7414608 0.55846405 -0.2681141
v -0.6058288 -0.9725508 0.45853043
v 0.40455246 -0.4871521 0.7025204
v -0.07351303 -0.4792061 0.67406654
v -0.21484923 0.02202797 -0.20907879
v 0.0310551 0.95483 -0.283522
v 0.0178098 0.977467 -0.283715
v 0.020588 0.959701 -0.261877
v -0.81395674 -0.49467516 0.23780441
v 0.862979 -0.474069 0.162416
v -0.5662224 -0.9810418 0.21658468
v -0.457536 -0.708336 0.197429
v 0.506957 -0.63711 0.620685
v -0.48955917 -0.6978111 0.15614319
v -0.46975136 0.3057108 0.43131447
v -0.78447723 0.055007935 -0.037021637
v 0.5156517 0.13290787 -0.04573059
v 0.17952 -0.103962 0.584631
v -0.4435377 -0.79379463 0.516819
v -0.962013 0.0976679 0.406116
v -0.673767 -0.888838 0.0164132
v -0.9997496 0.17507255 0.27100086
v 0.878792 -0.482179 0.275997
v -0.577061 -0.969257 -0.0973995
v -0.403973 0.676443 0.0968593
v -0.39032745 0.73153687 0.043956757
v 0.939525 -0.528351 0.315167
v -0.931817 -0.237089 0.16568
v 0.3625145 -0.4770279 0.72078705
v 0.669805 -0.170396 -0.138372
v -0.3362863 -0.9843652 -0.26373482
v -0.63295 0.452607 -0.221228
v -0.71664 0.768492 -0.336334
v 0.71725464 -0.047551155 0.03346634
v -0.5527191 -0.47364044 0.5432358
v 0.10979891 0.062316895 0.5395222
v -0.738026 0.827732 -0.498374
v -0.724635 0.838016 -0.521463
v -0.94744873 0.03345132 0.20211983
v -0.659535 -0.87037 0.135296
v -0.952765 0.05657 0.13919
v -0.197292 -0.942994 0.41391
v -0.611136 -0.92964 0.229896
v 0.33953476 -0.55711174 0.72162247
v -0.630733 0.61689186 -0.10840607
v -0.751923 0.835955 -0.51997
v -0.765756 0.842567 -0.541022
v -0.72700214 0.47692013 -0.22756958
v 0.442202 -0.735996 -0.328594
v -0.8619251 -0.11713219 -0.018375397
v -0.747652 0.742733 -0.304632
v 0.35737228 -0.91581684 0.5967884
v -0.0114856 -0.142381 0.592796
v -0.928856 -0.271326 0.217349
v -0.6878863 0.7714329 -0.3536377
v -0.682572 0.480571 -0.367639
v -0.606659 0.544994 -0.0300758
v -0.354864 0.215334 0.280709
v 0.299301 -0.157628 0.657106
v -0.32208443 0.79842377 -0.027320862
v 0.06307745 0.25314167 0.19983703
v -0.41545868 -0.9832397 0.045036316
v -0.969105 0.111705 0.364207
v -0.723587 0.756081 -0.309562
v -0.697288 0.760073 -0.316767
v -0.16368484 0.08740997 0.43053436
v -0.774812 0.804473 -0.57892
v 0.342369 -0.100252 -0.251652
v 0.33332825 -0.8134155 0.63378906
v -0.734861 0.772083 -0.357918
v -0.0393714 -0.301617 0.741799
v -0.14774132 -0.009254456 0.5124512
v -0.057495117 0.84571075 -0.16999817
v -0.64455414 -0.28723812 -0.21094513
v -0.25058556 -0.5985279 0.5488548
v -0.366114 -0.982922 -0.198377
v -0.349515 -0.983901 -0.218632
v 0.299509 -0.953701 0.487789
v -0.14790201 0.18796062 0.04291916
v 0.335074 -0.966333 -0.143965
v -0.184722 0.746454 -0.0625092
v -0.4863119 -0.74136543 -0.039499283
v -0.26081657 0.7674246 0.03496647
v -0.74209285 0.5773601 0.063554525
v -0.1468401 -0.09634781 0.5649395
v -0.234106 -0.37566 -0.277551
v -0.9363821 -0.24053156 0.21060562
v -0.7470856 -0.3532195 -0.15533447
v 0.453429 -0.835676 0.573528
v -0.5293884 -0.5336075 0.49894714
v -0.5448837 -0.57891846 0.44113922
v 0.424823 -0.411656 0.708526
v -0.961795 0.417191 0.239303
v -0.633456 -0.961695 0.460719
v -0.624302 -0.968386 0.435488
v -0.0102871 -0.798486 0.647027
v -0.5656452 -0.9787837 0.24903679
v -0.163638 0.901633 -0.105721
v 0.21023846 0.0028944016 -0.24134254
v 0.626902 -0.876012 0.385146
v 0.53144455 -0.2012558 0.61369324
v -0.89084625 -0.058704376 0.2857666
v -0.635952 0.89844 -0.741764
v -0.234464 0.169819 -0.0719966
v 0.854137 -0.512509 0.325792
v -0.4491291 -0.9831836 0.081329346
v 0.0015468597 -0.23168278 0.7297468
v 0.966361 -0.52577 0.273221
v 0.9094186 -0.4706368 0.20501971
v 0.976869 -0.55023 0.277708
v 0.05068016 0.23140335 0.31929016
v 0.7189827 -0.17541122 -0.08013916
v 0.8560028 -0.49368477 0.29351425
v -0.118796 -0.969913 -0.241254
v 0.30466 -0.807085 -0.327134
v 0.5175934 -0.9263725 0.44683838
v 0.416603 -0.869295 0.589901
v -0.89968824 -0.038907588 0.1827383
v -0.894715 -0.373632 0.21373
v -0.765544 0.554567 -0.143946
v -0.92403793 0.4183693 0.17493439
v -0.3869481 -0.98413944 -0.12562943
v -0.388271 -0.979479 -0.177853
v -0.9812956 0.17288816 0.16169357
v -0.453073 -0.670546 0.381674
v -0.19094515 -0.19367218 -0.28615475
v -0.5580492 -0.9226886 -0.093374014
v -0.33968 -0.974503 -0.317396
v -0.295454 -0.981199 -0.339917
v -0.545365 -0.666776 0.142542
v -0.2726518 -0.9656743 0.27009964
v -0.89494705 0.5023632 0.121910095
v -0.454622 -0.822509 0.234834
v 0.05221367 0.88463926 -0.27527332
v -0.0497374 -0.213512 0.684794
v -0.145395 -0.941356 0.254626
v -0.21627069 0.20558405 0.25136757
v -0.27747345 0.82938004 -0.051626205
v -0.80527496 -0.34571838 0.46466064
v 0.9223024 -0.78354454 0.2740364
v -0.641084 -0.953773 0.440009
v -0.611145 -0.97151184 0.3925476
v 0.05348301 -0.18234992 -0.394171
v 0.00578914 -0.196291 0.703482
v 0.9825287 -0.5795908 0.28012848
v -0.583859 -0.974144 0.323665
v 0.95792 -0.612145 0.330965
v -0.329608 -0.542196 0.551452
v -0.85814476 -0.430624 0.087654114
v 0.6039314 -0.55023575 0.55545044
v -0.6960411 0.5884266 0.3397789
v -0.7289753 0.739975 -0.27767944
v -0.741112 0.7177 -0.244891
v -0.302614 -0.980538 0.109446
v -0.374386 0.755729 -0.0401744
v -0.156046 -0.221778 0.591455
v -0.751485 0.890303 -0.640415
v 0.195183 0.038746 -0.225505
v -0.745684 0.888258 -0.615705
v -0.704014 0.749925 -0.289757
v -0.771152 0.681862 -0.234155
v -0.9423857 0.300642 0.3934822
v -0.697001 0.642733 -0.0767424
v -0.413652 -0.983809 -0.124937
v -0.384775 -0.970725 -0.202017
v -0.244187 -0.982916 0.123427
v -0.373808 -0.975086 -0.221223
v -0.6184654 0.63336754 -0.16345978
v -0.360839 -0.980632 -0.246646
v -0.97018194 0.27611148 0.20007324
v 0.477464 -0.9636 0.366764
v -0.865197 -0.420319 0.227009
v -0.7664337 0.5659523 0.39709473
v -0.35012 -0.958676 -0.298911
v -0.27448368 -0.9261036 -0.35329962
v 0.0489704 0.929597 -0.345226
v -0.508833 -0.660515 -0.00851565
v -0.23374987 -0.88196146 -0.35706663
v -0.111462 -0.756828 -0.324839
v -0.5357666 -0.6003952 0.40774536
v -0.0968051 -0.959987 -0.232514
v -0.0463392 0.0606044 -0.196291
v -0.58603 0.492643 -0.0598438
v 0.461171 -0.961128 -0.0498217
v -0.586901 -0.969228 0.26162
v 0.90468 -0.479406 0.265622
v -0.145556 0.9132 -0.130446
v -0.258832 -0.389688 -0.241435
v -0.20968693 -0.5083542 -0.25522232
v -0.10848236 -0.35300303 0.7001915
v -0.1416626 -0.40600586 -0.44200897
v -0.0111064 0.668645 -0.0771279
v -0.340923 0.735114 0.0629254
v -0.4202739 -0.9260812 -0.13312268
v 0.3378296 -0.46929932 0.73485184
v 0.5384865 -0.6696701 0.58540726
v -0.69566345 0.90010643 -0.6440315
v 0.014539 -0.254021 0.742093
v -0.285168 0.684972 0.0393926
v -0.54415226 -0.65072346 0.04642868
v -0.39751816 0.24365759 0.37200356
v -0.0244359 0.958257 -0.192105
v -0.388104 0.177981 0.373855
v -0.709365 0.629604 -0.0545642
v -0.45261574 -0.98554146 -0.098202705
v -0.22334415 0.21619916 0.08081436
v -0.6067915 0.5716152 -0.09502792
v -0.184133 -0.319193 0.568459
v -0.320583 -0.295796 -0.258127
v 0.0405293 0.202396 -0.0294919
v 0.026726842 0.1413517 -0.10399437
v 0.402775 -0.837241 0.585096
v -0.900234 -0.32713 0.127106
v -0.120235 0.930474 -0.128774
v -0.5874479 0.6754203 -0.5876627
v -0.58688736 -0.5462303 0.46578217
v -0.627163 0.567714 -0.0261021
v -0.463545 -0.146805 0.570336
v -0.59238434 -0.5793686 0.41401672
v 0.63911986 -0.7199707 -0.119262695
v -0.20716858 0.12525845 -0.110012054
v -0.458015 0.537716 0.209721
v 0.906333 -0.481268 0.128285
v -0.95014 0.365016 0.277231
v 0.4118271 0.22396469 0.3387909
v -0.22761668 -0.81254005 -0.28773117
v -0.0836761 -0.388531 0.72139
v 0.83016586 -0.85262394 0.07098389
v -0.945802 0.515295 0.212792
v 0.6073189 0.004295349 -0.10659027
v -0.941878 0.505993 0.187112
v -0.724944 0.635957 -0.0766523
v 0.5689888 -0.9205551 0.37184143
v -0.79605675 0.54323196 0.43827057
v 0.994043 -0.567511 0.234245
v 0.017393112 0.21440792 0.3354454
v -0.510768 0.58515 0.177511
v -0.06254578 0.8839989 -0.2574234
v 0.246238 -0.140492 0.651473
v 0.9786701 -0.66588223 0.27751923
v -0.157107 -0.979847 -0.352956
v -0.0921495 -0.304122 0.708213
v -0.8881993 -0.38507193 0.15168762
v 0.085458755 0.14325142 -0.13079071
v -0.0335807 -0.930641 0.543474
v -0.29598236 0.81175995 -0.024909973
v -0.778093 0.737121 -0.353876
v -0.240011 -0.498655 -0.209326
v -0.618997 0.105367 0.64784
v -0.491644 -0.899425 0.622631
v -0.52277374 -0.66108704 0.26348877
v -0.475511 -0.830282 0.306167
v -0.58153296 -0.8651943 0.5554333
v 0.59505844 -0.9244232 0.34375
v -0.8960571 0.28811646 0.61953735
v 0.590184 -0.938695 0.314397
v -0.773785 0.656514 -0.346258
v -0.60380554 -0.97920746 0.18922997
v -0.766314 0.772576 -0.402677
v -0.75159 0.77305 -0.380193
v -0.5818211 0.555809 -0.33774948
v -0.23678589 -0.18047333 0.58286667
v -0.21396995 0.21586531 0.19480038
v -0.64523506 0.6860504 -0.71339417
v -0.19954 0.809016 -0.0156478
v 0.34437943 0.21322632 -0.044574738
v -0.08362159 -0.19839156 -0.35840058
v -0.6869483 0.6610451 -0.11203003
v 0.785939 -0.531438 0.345135
v 0.403714 -0.0913491 -0.253591
v -0.856793 -0.150817 -0.0349586
v -0.764741 0.8197 -0.501046
v -0.20982122 0.2154581 0.14866686
v -0.12171936 0.7363968 -0.10072327
v -0.168447 0.202 0.181161
v -0.431241 -0.67449 0.439102
v -0.142431 -0.196761 0.596183
v 0.33140564 -0.32271767 0.73555565
v -0.9870227 0.09834382 0.25837827
v -0.7043457 -0.5590782 0.01171875
v -0.515252 0.0929525 0.50642
v -0.0423584 0.17376328 0.3615265
v 0.06217575 0.7850609 -0.22521782
v 0.7075348 -0.41768646 0.47747803
v -0.96391 0.0941017 0.557205
v 0.49518776 -0.12362671 0.5980339
v -0.5547438 0.58703166 0.17891085
v -0.60307884 -0.5215454 0.48312378
v 0.319079 -0.156556 0.64935
v 0.59812164 -0.65802 -0.21632385
v -0.623249 0.828382 -0.758072
v -0.5100298 -0.74533176 0.004508972
v -0.6546707 0.5254288 0.4996338
v -0.137108 -0.701913 -0.308556
v 0.21603584 -0.11955193 -0.27585876
v -0.679239 0.62656 -0.0571093
v -0.111442566 0.033706665 0.48874664
v -0.83696 0.141082 0.652905
v 0.17681 -0.120434 0.61054
v -0.710844 0.73886 -0.265003
v -0.5595169 -0.64396286 0.292984
v -0.5691414 -0.6638317 0.20576096
v 0.566749 -0.528536 0.574509
v -0.57346916 -0.98429173 0.08872986
v 0.3996048 -0.78063965 0.6116791
v 0.43619156 -0.96766496 -0.046396255
v -0.61353683 -0.4198761 0.55169296
v -0.5950661 -0.45013428 0.5435982
v -0.24336243 -0.0011711121 0.49233437
v -0.766604 0.872752 -0.596978
v -0.65911365 -0.49264908 0.4835434
v 0.387572 -0.811487 0.596715
v -0.687633 0.460311 -0.271029
v -0.36932 0.704421 0.0820861
v -0.678648 -0.874966 0.116031
v -0.297904 -0.356932 -0.247639
v -0.578564 0.851161 -0.747506
v -0.6244583 -0.61091614 0.3273468
v -0.708492 0.77803 -0.363839
v -0.54401094 -0.6639023 0.24002838
v -0.794434 0.533888 0.0165465
v -0.20944214 -0.93271685 0.030864716
v -0.635082 -0.882702 0.170015
v 0.890008 -0.718319 0.380801
v 0.934616 -0.487456 0.132375
v 0.930578 -0.477304 0.218771
v -0.705215 0.905053 -0.690838
v -0.0261726 -0.946957 0.570633
v -0.44300294 0.115690686 0.4491439
v -0.89205 -0.0203823 0.260954
v -0.565139 -0.89815 0.312876
v 0.0776826 -0.018642 0.570983
v -0.97365665 0.06975779 0.19775772
v -0.115837 -0.199566 0.592898
v -0.99062586 0.11576128 0.22828293
v 0.372417 -0.089981 -0.249611
v 0.478576 0.127556 0.442934
v -0.903773 -0.319434 0.201701
v -0.0593134 -0.974382 -0.242265
v 0.540314 -0.640011 -0.28839
v -0.660594 -0.946232 0.187767
v 0.636052 -0.750412 -0.0889957
v -0.2687149 0.52186203 -0.032356262
v 0.327196 -0.63185 0.714635
v -0.416148 -0.78747 -0.094726
v -0.899989 -0.334817 0.157013
v 0.56752014 -0.39745712 0.6098671
v -0.482267 -0.984749 -0.101266
v -0.8800327 -0.40340626 0.21568799
v -0.7988434 -0.06840515 0.43762207
v -0.269739 0.68641 0.0192066
v -0.74718666 0.58410835 -0.25385857
v 0.465722 -0.967533 0.0408643
v -0.1540798 -0.19367266 -0.29422784
v -0.0736928 -0.178506 0.60464
v -0.78057 0.596691 -0.19537
v 0.160256 0.0258631 -0.239901
v -0.3373146 -0.6476288 0.53440857
v -0.788195 0.828955 -0.546249
v 0.569971 -0.34676 -0.267861
v -0.655064 0.458979 -0.274755
v 0.164815 -0.922312 0.235453
v -0.6289921 -0.5324478 0.45986938
v -0.4442854 -0.7004967 0.40820694
v -0.273412 0.518805 0.0370101
v 0.122641 -0.969854 0.604806
v -0.947339 0.459707 0.202404
v -0.513781 -0.73479 0.0827018
v -0.94133234 0.28911948 0.5089865
v -0.046090126 0.09965134 0.47071838
v -0.8965311 -0.365108 0.18459511
v -0.436756 -0.805207 0.250624
v -0.698675 -0.913557 0.0438982
v 0.817606 -0.477667 0.0965531
v -0.21793365 0.5845709 0.043397903
v -0.8652344 0.3191986 0.013824463
v 0.0399902 -0.662924 0.691256
v -0.407024 0.47711 0.144615
v 0.42238808 0.23976135 0.23932457
v 0.6865616 -0.5329437 -0.16227722
v 0.57829285 -0.4939165 -0.27397156
v -0.08933967 0.20418072 0.23093987
v -0.6575928 -0.4781494 -0.14596558
v 0.082466125 -0.3323822 0.7595663
v 0.50795746 -0.79328156 0.53668976
v -0.41884232 0.023017883 0.48692322
v -0.9014435 0.50141907 0.40093994
v -0.110154 0.936453 -0.154344
v -0.688978 0.528297 -0.550692
v -0.384997 0.146732 0.373528
v 0.289409 -0.929265 -0.0496369
v -0.203674 -0.336276 0.558715
v 0.286026 -0.34953308 0.7467575
v 0.817864 -0.455411 0.207759
v -0.12464 -0.769656 -0.309217
v 0.226196 -0.970173 0.188771
v 0.32956505 0.23759174 -0.0061569214
v -0.27502537 -0.8377334 -0.28741074
v -0.687438 0.910158 -0.668903
v 0.232409 -0.972514 0.139176
v 0.7136154 -0.11120033 -0.06210327
v 0.68421555 -0.08564758 -0.0925827
v -0.59906006 -0.4726715 0.5266113
v 0.60363007 -0.7783394 0.48033524
v 0.5837321 0.12414408 0.33284378
v -0.25666034 0.22847849 0.097639084
v -0.9734792 0.193192 0.51564646
v -0.511798 -0.778384 0.129846
v -0.31616116 -0.9776099 -0.11761665
v -0.62104154 0.21663356 0.6289544
v 0.54751015 -0.19586182 -0.24822617
v -0.6261711 -0.5525894 0.43551636
v 0.0784607 -0.249568 0.745438
v -0.88661194 -0.23034382 0.029018402
v -0.62991524 -0.56777954 0.40664673
v -0.900088 -0.0124712 0.204207
v -0.898097 0.124524 0.639474
v -0.0603353 0.618474 -0.0471748
v 0.0103147 -0.630364 0.693901
v 0.949636 -0.489846 0.15737
v -0.686057 -0.935995 0.00191988
v -0.388565 0.748822 -0.0124103
v -0.8802872 0.35620117 0.59399414
v -0.106309 -0.808795 0.668537
v -0.0952553 -0.935781 -0.217952
v -0.021110535 0.13090324 0.44942474
v -0.11092663 0.18925953 0.26228142
v -0.683114 -0.879196 0.0864421
v 0.4723661 -0.8890457 -0.21348572
v -0.800454 0.76917 -0.489891
v 0.25946808 -0.18083572 0.7013016
v -0.453499 0.502757 0.247819
v -0.151524 -0.269234 -0.388581
v -0.445367 -0.807684 0.276797
v -0.630435 -0.97647 0.184506
v 0.55582047 -0.8651693 0.47610474
v -0.502278 -0.749834 0.129227
v 0.482768 -0.378499 0.673433
v 0.961344 -0.539427 0.297364
v -0.63392806 -0.8589535 0.0069084167
v -0.9465256 0.14414024 0.6001816
v 0.39369965 -0.90548134 0.5921469
v 0.0275736 -0.591586 0.708062
v -0.11083698 -0.7536588 0.56180954
v 0.13553381 -0.13342977 -0.29877353
v 0.863468 -0.533262 0.350864
v -0.179128 -0.345935 0.564086
v -0.448147 0.363116 0.0280612
v 0.4200015 0.24328804 0.14594126
v 0.322682 -0.952054 0.36333
v 0.4306736 -0.9089279 -0.24690247
v -0.88003254 -0.38525915 0.2698593
v 0.6022434 0.08813095 0.3694992
v -0.650739 -0.966717 0.190737
v -0.018666 -0.972454 -0.233862
v -0.592847 -0.973927 0.238171
v -0.280555 0.809712 -0.00621149
v -0.0969123 -0.977195 -0.251004
v 0.004781723 -0.48820496 0.7280731
v -0.126169 -0.243281 0.61867
v -0.468975 0.570304 0.180602
v 0.11401749 0.2374134 0.35472488
v -0.21033502 -0.94905555 -0.37532422
v 0.047077656 0.18848991 0.4096527
v -0.457274 -0.758189 0.386072
v -0.61131096 -0.63220215 0.28414917
v 0.0198172 -0.533245 0.720647
v -0.65047526 0.3650452 -0.082605585
v -0.5946884 -0.6480293 0.24967194
v -0.960008 0.48491 0.279147
v -0.408184 0.728487 -0.0156024
v -0.65433884 -0.97725344 0.15342712
v 0.708715 -0.458902 -0.127231
v 0.996505 -0.59812 0.227609
v -0.60620594 0.7629328 -0.55161667
v -0.0175796 -0.917015 0.529658
v 0.12399 -0.377928 0.76113
v -0.0032901764 0.010967255 0.5423336
v 0.549335 -0.69978 0.563075
v -0.877632 0.268968 0.651233
v -0.5906 0.51207 -0.250649
v -0.56445694 0.53007984 0.46936607
v 0.31709003 0.047177315 -0.22120571
v -0.585595 0.7244673 -0.586977
v 0.0615136 0.696567 -0.21252
v -0.474504 0.560321 0.202423
v -0.3223238 -0.15236664 0.55997324
v -0.538618 -0.116094 -0.223503
v -0.491689 -0.928535 0.624036
v -0.5085983 -0.63023376 0.35446167
v 0.14300919 -0.46168518 0.77117157
v -0.229586 -0.326371 0.570207
v 0.320432 -0.955236 -0.061384
v 0.6460724 -0.642395 0.5219002
v 0.412654 0.133677 0.458213
v -0.5548414 0.10260773 0.5320153
v -0.538479 0.127122 0.536207
v -0.109504 -0.235435 -0.401552
v 0.564382 -0.422856 0.609079
v -0.452059 -0.698328 0.371156
v 0.556155 -0.364471 -0.283066
v 0.11978006 0.26072276 0.1396904
v -0.8944416 -0.10652447 0.33644104
v -0.67871857 -0.52015686 -0.06896973
v 0.26967812 0.16832352 -0.11653519
v 0.249946 -0.160623 0.682355
v 0.18819417 -0.12711239 0.636004
v -0.543017 0.170651 0.548413
v 0.229697 0.268092 0.0746256
v -0.778241 -0.487318 -0.0109166
v -0.52742577 0.241539 0.51895523
v -0.119672 -0.92348 -0.204911
v -0.77333 0.756521 -0.378739
v -0.5445528 -0.66460633 0.116015434
v -0.3263874 -0.980636 -0.015037537
v 0.5363426 -0.15150642 -0.23970222
v -0.5792742 0.7598114 -0.65984344
v -0.670366 -0.963268 0.169621
v -0.120957 -0.427824 0.631338
v -0.1585083 0.1580658 0.31461334
v -0.14236355 0.1551857 0.32357788
v -0.1354742 0.13977051 0.36327362
v -0.7784462 -0.23955154 -0.13801575
v -0.506039 -0.728635 0.109023
v -0.679273 0.876356 -0.718179
v 0.820617 -0.483821 0.259267
v 0.48910308 -0.90618515 -0.099220276
v -0.39497375 -0.53611755 0.528038
v -0.65052724 0.5933383 0.24576855
v -0.9447117 0.49396133 0.33434296
v -0.304241 -0.32354 -0.255429
v 0.5634918 -0.9579072 0.2812729
v -0.597807 -0.929541 0.3308
v -0.319362 -0.779966 -0.123678
v 0.4689331 -0.93780136 -0.09743118
v -0.9287214 -0.14914536 0.14900589
v -0.289181 -0.802829 -0.165198
v -0.304389 -0.794963 -0.138136
v 0.0853529 0.12757874 0.49258423
v -0.221927 -0.982041 0.140471
v 0.05580139 -0.18019104 0.6977234
v 0.6106262 -0.96053743 0.21891785
v -0.803239 -0.019834 0.448874
v -0.5005131 0.27217865 0.4827671
v 0.213147 -0.958977 0.613147
v -0.41503763 -0.8158506 -0.10036802
v -0.400806 0.158017 0.393937
v 0.134894 -0.963426 0.629051
v -0.6573515 0.5930402 0.30599022
v -0.756176 0.5827799 0.33758545
v -0.307944 -0.968806 -0.0873956
v 0.135784 0.0108388 -0.254995
v -0.555108 0.560695 0.415288
v -0.60048676 -0.5311432 -0.12579346
v 0.76761436 -0.78050995 -0.05602455
v -0.74487114 0.5904701 0.20407104
v -0.09800053 -0.27831936 0.6887455
v 0.6894779 0.015411377 0.07839012
v -0.37951374 0.26912975 0.30493164
v -0.00639562 -0.643776 0.679328
v -0.08784485 -0.7174549 0.56225586
v -0.619037 -0.646194 0.223211
v -0.599596 0.726273 -0.472887
v -0.07876587 -0.06814575 0.5683136
v -0.6362635 -0.64368546 0.19543934
v -0.48246813 -0.83670235 0.22642136
v -0.855526 0.264522 0.671327
v 0.8862731 -0.4687432 0.21525335
v -0.62125015 0.40935898 0.5427246
v 0.0955992 -0.98117 -0.268336
v -0.270282 -0.899731 0.582617
v 0.006948471 -0.30029202 0.7500551
v -0.698816 0.0397545 0.656335
v -0.93366265 -0.1457038 0.23064041
v -0.61901104 0.7497721 -0.451828
v -0.121558 -0.879752 0.709529
v 0.6347389 -0.34443283 0.55896187
v -0.3110304 -0.937788 -0.33718395
v -0.7347512 0.56359816 -0.30415726
v -0.886348 -0.271725 0.015419
v -0.93500805 -0.17023972 0.20742929
v -0.656107 0.173294 0.687932
v -0.6866741 -0.46090698 0.49451065
v -0.60808027 0.73194313 -0.43597794
v -0.6954231 -0.4799614 0.47370148
v 0.0262249 -0.380491 0.750962
v 0.950954 -0.691521 0.320361
v -0.6805229 -0.5151825 0.44436646
v 0.459228 -0.385318 0.689353
v -0.78982 0.733203 -0.380713
v 0.214559 0.0608167 -0.218664
v -0.9860985 0.10734177 0.30871964
v 0.126923 -0.1187 0.604036
v 0.609833 -0.407454 0.57999
v 0.22086763 0.2605729 0.04135132
v -0.849568 0.472679 0.0567971
v 0.0453996 -0.208278 0.723467
v -0.8620987 -0.23245358 -0.046855927
v -0.14812374 -0.9262352 0.3779602
v -0.24491 -0.971707 0.466185
v -0.24170399 -0.97179246 0.42208672
v 0.0418136 0.706453 -0.226221
v 0.50319743 0.19591904 0.28709412
v -0.57110333 -0.65199566 0.09581375
v -0.651519 0.0837951 -0.0954906
v -0.933071 0.324279 0.41131
v -0.62955 -0.945006 0.220363
v -0.6590538 -0.98147726 0.10975647
v 0.307623 -0.914411 0.404358
v -0.842855 0.167154 0.662537
v -0.62072754 -0.9856893 0.04178238
v -0.419989 -0.78911 0.512251
v -0.5130615 -0.5677719 0.46801758
v 0.7111511 -0.4598236 0.4661255
v -0.50843 -0.638817 -0.0311659
v -0.34342098 -0.9818607 -0.10676956
v 0.5643463 -0.6399846 0.580986
v 0.412802 -0.903633 -0.261475
v 0.9126754 -0.8054018 0.21051025
v -0.5071564 -0.68020153 0.0005950928
v 0.5118904 -0.34963036 0.6558933
v -0.985374 0.128887 0.342009
v -0.7916565 -0.33917618 0.48147583
v -0.850925 -0.379644 0.0216843
v -0.759808 0.624484 -0.107337
v -0.751838 0.812675 -0.476532
v -0.6703415 -0.57712555 0.3421173
v 0.15934902 0.0952301 -0.17651558
v 0.414509 -0.694766 0.649779
v -0.7525916 -0.5044594 -0.011657715
v 0.5241699 -0.775198 0.5312996
v -0.452884 -0.76693 0.435781
v -0.6564083 -0.62366104 0.25979614
v 0.6061096 -0.030654907 0.47135925
v 0.658093 -0.573153 0.523901
v -0.3132553 0.20248795 0.28003693
v 0.31346512 -0.66324043 0.7051754
v -0.59728146 -0.9321737 0.56800365
v 0.50592804 0.1901617 0.076999664
v 0.327191 0.200576 -0.0703742
v -0.981074 0.132042 0.522909
v 0.513437 -0.821667 0.534659
v -0.165204 0.140326 0.354774
v -0.885724 0.265423 0.0115386
v -0.431083 -0.745482 0.21264
v 0.9219513 -0.7947006 0.15562439
v -0.683731 -0.97242 0.140554
v 0.21338558 -0.16129112 0.69545364
v 0.98345375 -0.5417156 0.24954224
v -0.890648 0.528522 0.368101
v 0.06240356 -0.16730976 -0.3686298
v -0.111191 -0.791095 0.646934
v -0.76613617 -0.2768116 0.5163727
v -0.299694 -0.959593 0.561878
v 0.910596 -0.502951 0.0833394
v -0.9339676 0.38334465 0.446661
v -0.688206 0.583961 -0.5991
v -0.231866 -0.962607 -0.375123
v -0.8325653 -0.2740326 -0.07118225
v -0.8043858 0.57226276 0.34152985
v 0.1355269 0.259892 0.27622986
v -0.0405655 -0.91674 0.51493
v -0.677116 0.601335 -0.634976
v 0.06747627 0.84415054 -0.27032852
v -0.87623096 -0.4071033 0.13250303
v -0.69914246 -0.5289192 0.40556335
v -0.133903 0.582115 -0.0646193
v -0.00200211 0.681821 -0.189917
v -0.09251 -0.869929 0.711691
v -0.69216156 -0.59428406 0.2834015
v -0.662796 -0.60813904 0.29440308
v -0.1300745 -0.9194888 0.4953184
v -0.724848 0.900201 -0.635851
v -0.0351674 -0.786419 0.636855
v 0.7257843 -0.36214066 -0.13470459
v -0.83891296 0.0409832 0.005903244
v -0.6313885 0.76966107 -0.48157406
v -0.90303993 -0.29354 0.31982803
v -0.017737389 0.11027908 -0.13978386
v -0.9318 -0.207285 0.277661
v -0.63206 0.566214 0.0272669
v 0.965595 -0.499037 0.181244
v -0.81998634 0.5600014 0.37113953
v -0.409836 -0.951686 0.605462
v -0.214059 -0.712808 -0.115274
v -0.693246 -0.975685 0.103932
v -0.433186 -0.61506 0.450626
v 0.380269 -0.3834 0.713413
v -0.252737 0.81634 -0.000257579
v 0.16706848 0.14672089 0.48853302
v -0.44613624 0.36000156 0.3206749
v -0.711404 0.0584261 0.677042
v -0.2042 -0.348806 -0.344781
v 0.16345048 -0.15796185 -0.35047913
v -0.00314284 -0.374075 0.757231
v 0.10316944 -0.13474512 0.6476784
v -0.4641056 0.5188799 0.28374863
v -0.762621 0.0670443 -0.0537681
v -0.6744913 0.7516899 -0.31482697
v -0.4055996 0.30436897 0.3186512
v -0.6539 -0.632403 0.227236
v 0.00450369 0.960637 -0.300738
v 0.3700695 0.232378 0.3566742
v -0.131728 -0.592158 0.51706
v -0.43265557 0.20814449 0.44294977
v 0.86623096 -0.5848465 -0.001876831
v -0.49433517 -0.6901269 -0.028957367
v -0.539375 0.0788355 0.506402
v -0.808045 0.094862 0.654751
v 0.40929747 0.24029875 0.2810955
v 0.847848 -0.707781 0.411966
v -0.30854034 0.7811127 0.02273941
v -0.47204363 0.0880335 0.4652903
v -0.661893 0.496988 0.530415
v -0.69151497 0.57299423 0.40251923
v 0.05876112 -0.1466322 0.6489935
v 0.44454956 -0.914628 0.575037
v -0.95960605 0.0532341 0.27607727
v 0.0631454 -0.762617 0.668269
v -0.13098907 -0.6769123 -0.33118057
v -0.622763 0.406611 -0.089423
v -0.5907688 0.12238693 0.59516525
v -0.9917908 0.2274251 0.27122402
v -0.68443847 0.017765045 0.6005192
v 0.4899969 0.10309601 0.4554348
v -0.235366 -0.926036 -0.0189371
v -0.0493871 -0.982611 -0.266544
v 0.346686 -0.966781 -0.0911743
v -0.3298527 0.48206198 0.0270195
v -0.46845627 -0.60522366 -0.1006794
v -0.34445953 -0.010597229 0.5150757
v -0.37256622 0.4995041 -0.031906128
v -0.464206 0.348529 0.00505392
v -0.470253 0.36970413 0.37747002
v 0.6178961 -0.9438324 0.051879883
v 0.226769 -0.977993 -0.226138
v -0.138847 0.0978043 0.423919
v -0.32642254 -0.92383 -0.3196893
v -0.72108936 -0.5278969 0.3809433
v -0.0263373 0.741068 -0.232961
v -0.3437338 -0.3229437 0.5737982
v -0.208185 -0.971478 -0.369345
v -0.218713 -0.971594 0.255068
v -0.21611 0.79467 -0.00241466
v 0.15289307 0.16994095 0.4651947
v -0.71785927 -0.5574436 0.3069687
v -0.341231 -0.927547 -0.29677
v -0.688325 -0.608006 0.257709
v -0.67438984 -0.6239586 0.21488953
v -0.771275 0.561099 -0.0992742
v -0.606436 0.43074 0.520155
v 0.49768448 -0.8235016 -0.22514343
v 0.176598 -0.0724043 0.586227
v -0.0064964294 -0.018112183 0.5541363
v -0.5942545 -0.6575341 0.17358303
v 0.256399 -0.971533 -0.265739
v 0.54138184 -0.95502377 0.3128357
v -0.783608 0.689889 -0.398361
v -0.6875709 -0.98003525 0.0654192
v -0.6878147 -0.9793563 0.020462036
v -0.46593857 0.39271832 0.012802124
v -0.727938 0.861642 -0.56665
v -0.663461 -0.982334 -0.0183767
v -0.75495577 0.8618889 -0.5671768
v -0.742985 0.0618956 0.676864
v -0.727856 0.0394824 0.657489
v -0.289865 -0.628029 0.547926
v 0.08546829 -0.608408 -0.44078827
v -0.516248 -0.684934 0.0303899
v -0.0909988 0.94449 -0.131726
v -0.0731224 0.957708 -0.15333
v -0.420884 0.48701 0.16695
v -0.547022 -0.640528 0.0143791
v -0.1478777 0.1970141 0.09800339
v -0.7067766 0.014358044 0.61024046
v 0.50460815 -0.8967743 -0.07727051
v -0.333934 0.791251 -0.0380259
v -0.3147974 -0.4206295 0.5736914
v -0.0610192 0.0419229 -0.208712
v -0.185505 0.632015 0.0356018
v 0.14892054 0.25336123 0.3215027
v -0.746377 -0.476492 0.425315
v -0.7274666 -0.4923706 0.42886353
v 0.15785599 0.23839283 0.36605072
v -0.49398255 -0.984725 0.11407471
v 0.535872 0.17647445 0.27044296
v -0.0837063 -0.844294 0.702562
v 0.102689 0.777589 -0.286466
v -0.746913 -0.0615827 0.487655
v -0.462903 0.532536 0.245501
v -0.484901 -0.686504 -0.0521048
v -0.335495 -0.841583 0.557079
v 0.14375305 -0.94217324 0.6425762
v 0.10037947 0.05564928 -0.20323181
v -0.70262 -0.60223 0.238035
v 0.9662247 -0.6567154 0.30975342
v -0.696503 0.424467 -0.130327
v 0.030413628 0.8744793 -0.24807358
v -0.6063942 0.8461914 -0.67048645
v -0.00642395 -0.8386378 0.6828346
v 0.7050438 -0.5774231 -0.12739563
v 0.7534485 -0.36166763 -0.075424194
v -0.509854 -0.962836 0.601739
v -0.707926 -0.969355 0.0419408
v -0.755786 0.530461 -0.151603
v -0.7187326 0.021761894 0.6322708
v 0.6306534 -0.5715065 -0.21350479
v -0.13848267 0.20129615 0.16588986
v -0.52490234 0.6206908 0.07970762
v 0.6215973 -0.19491577 0.5480652
v 0.31866837 0.23744011 0.36952782
v -0.4738388 -0.053207397 0.5371094
v -0.2051096 -0.5871239 -0.20545197
v 0.59735394 -0.33063555 0.57668495
v -0.5693116 -0.8403053 0.386137
v -0.204284 0.626118 0.0482432
v -0.226721 0.683942 -0.0128919
v -0.108760715 0.15123558 -0.070575714
v -0.9538832 0.043745518 0.17858124
v -0.174839 -0.0364072 -0.243227
v -0.517049 -0.676204 0.156769
v 0.087305546 0.83520126 -0.29022694
v -0.7401886 0.17083263 -0.08253956
v -0.155494 -0.170854 0.5912
v -0.71507716 -0.5887358 0.25405312
v -0.697785 -0.962244 0.0105059
v 0.6764183 -0.35429573 -0.20018005
v -0.6924784 -0.61205375 0.19451618
v 0.38532066 -0.040050507 -0.22466278
v -0.861641 -0.0237563 0.344126
v 0.302812 -0.976726 -0.228719
v -0.17248917 0.6368294 -0.15186882
v 0.476631 -0.796716 -0.263745
v 0.43538094 -0.62280744 0.6549301
v -0.47739506 0.55524856 0.235533
v 0.970293 -0.50642 0.22359
v -0.192416 -0.763818 0.521703
v 0.6924332 -0.9133072 0.032287598
v -0.742243 0.580499 0.034283
v 0.81436276 -0.8504791 0.31593323
v -0.579298 0.37139583 0.47796202
v -0.756807 0.0403746 0.652046
v -0.741727 0.0246444 0.634256
v -0.6072662 0.7456105 -0.50087166
v -0.72543526 0.004814625 0.5889778
v -0.71461916 -0.011993289 0.5225942
v -0.912739 0.510811 0.148233
v -0.18727255 0.05221653 -0.19230413
v 0.8300183 -0.8650217 0.23596191
v 0.00468926 -0.577381 0.703807
v -0.49560547 -0.9833079 0.2761917
v -0.7215016 0.58593607 0.042165756
v 0.6225624 -0.9467354 0.26657104
v -0.5898495 -0.6172714 -0.020618439
v 0.7709198 -0.19974136 0.32991028
v -0.147079 -0.512711 0.532585
v -0.767112 -0.461189 0.41251
v -0.75909805 -0.49251747 0.3854828
v -0.362933 -0.909823 -0.244401
v -0.7545357 -0.518034 0.34239197
v 0.510561 -0.24897003 0.63622475
v -0.68831 -0.912741 0.0188987
v 0.107583 -0.974321 -0.286584
v 0.0163917 -0.65397 0.687015
v -0.5095749 -0.70752287 0.012321472
v -0.16738892 0.83514404 -0.04564476
v 0.7429161 -0.0841856 0.036468506
v -0.690495 -0.615759 0.153036
v 0.33670044 0.15419006 -0.13426399
v -0.27879977 0.16580296 0.36133575
v -0.70555973 0.59305453 0.29117393
v -0.18945 -0.965655 0.332476
v -0.947963 0.510714 0.286711
v -0.46902 -0.65683 0.334798
v -0.42262 -0.645396 0.455899
v 0.899397 -0.536141 0.34758
v -0.5961704 0.557786 0.44026566
v 0.0063418746 0.19675827 -0.017370224
v -0.770998 0.0259954 0.623013
v -0.18179607 0.18490219 0.27913284
v -0.749862 0.0123497 0.609514
v 0.054454803 -0.49258423 0.7318497
v 0.04343319 0.84483147 -0.24683571
v -0.7788563 0.5836835 0.18772888
v 0.254887 -0.956793 0.507735
v -0.43260384 -0.44793892 0.5706358
v -0.616993 0.555519 0.0105503
v -0.4155712 -0.73253417 0.4703083
v -0.2718172 -0.057243347 0.5168266
v -0.632074 0.668962 -0.725813
v 0.141429 -0.112464 -0.281864
v -0.636155 0.64121 -0.70853
v 0.280032 -0.975801 -0.246754
v 0.0444973 -0.911021 0.50604
v 0.8431511 -0.59673214 0.3976798
v 0.64302444 -0.5932236 -0.1993866
v 0.33696556 -0.97536993 -0.20737839
v -0.5484 0.486819 0.478909
v -0.55942833 -0.97715443 0.30360556
v -0.1405257 -0.4911003 0.5472393
v 0.0506783 -0.968761 -0.219892
v 0.30446625 -0.15092349 -0.28533483
v -0.325776 -0.870087 0.567589
v -0.9103508 -0.21081161 0.34003448
v -0.819291 -0.458901 0.0390139
v 0.164527 -0.818302 0.636352
v -0.865077 -0.29969 -0.0283992
v -0.6123409 -0.86357737 -0.031357765
v -0.458354 0.0647294 0.459237
v -0.967673 0.0795981 0.468713
v -0.7918792 0.03700447 0.62438965
v 0.0783267 -0.0981642 0.5821742
v -0.752704 -0.000556831 0.58288
v -0.734124 -0.0108059 0.5378
v 0.510992 -0.0671461 0.543692
v 0.6550102 -0.50792503 -0.19162369
v 0.330418 -0.928599 0.400061
v -0.508188 -0.856204 0.600029
v 0.31894565 0.17325592 -0.10752869
v -0.05039215 -0.92194986 -0.0060424805
v -0.838346 0.207554 -0.0436576
v -0.3228073 -0.19522858 -0.2708454
v -0.117181 -0.745214 0.540739
v 0.425516 -0.966838 0.40849638
v -0.448576 -0.574014 0.475292
v -0.790329 -0.44576263 0.39007568
v -0.791245 0.706184 -0.415156
v -0.49099 0.554552 -0.0078543
v -0.493668 0.53949 0.377721
v -0.16556 0.877772 -0.0536434
v 0.08483505 -0.9176936 0.5164175
v 0.0769612 0.725302 -0.195077
v -0.239737 -0.393671 -0.258357
v 0.281076 0.113479 -0.176823
v 0.936374 -0.509753 0.0882379
v -0.977922 0.163509 0.529847
v -0.728602 0.748696 -0.551498
v 0.170031 -0.924692 0.141044
v -0.72352743 -0.5836554 0.2267363
v -0.273654 0.70692 0.0363883
v -0.0277033 0.133989 -0.109039
v -0.61948425 0.2633227 -0.09125349
v -0.994894 0.1937809 0.24437714
v -0.721197 0.617553 -0.0391489
v 0.2921648 0.24178886 -0.0077819824
v -0.68852043 -0.59985733 0.06994629
v 0.25090313 -0.9758093 0.10573292
v -0.776571 0.00558079 0.597022
v -0.754915 -0.00948818 0.553914
v -0.636455 0.586651 -0.0483628
v -0.740585 -0.0412453 0.495835
v -0.88632965 0.38105202 0.06277466
v -0.5911694 0.74866486 -0.58364296
v 0.495437 -0.949111 0.417345
v -0.343355 -0.274272 0.570018
v -0.0673198 -0.940924 0.711303
v -0.520103 -0.684978 0.0784787
v -0.78528786 -0.4849949 0.34428406
v -0.26725388 0.21316719 0.25722504
v -0.760348 0.507882 -0.134279
v -0.86001587 0.21587753 0.6727295
v -0.158909 0.574994 -0.0690103
v 0.0310846 -0.230269 0.736428
v -0.6788845 0.5544739 0.44960022
v -0.74822235 -0.54799306 0.2574005
v -0.60043 0.536064 0.474958
v -0.6248126 -0.61394715 -0.0021276474
v -0.62753105 0.59404945 -0.079200745
v -0.2249775 -0.2949276 0.57124376
v -0.592749 0.520613 -0.0457588
v -0.12453866 0.058059692 0.46076965
v -0.69763374 -0.60761905 0.12265015
v -0.850486 0.192384 0.672783
v -0.422831 0.461865 0.160278
v 0.48360443 -0.7404251 0.59848785
v -0.15585232 -0.9657421 0.5603771
v -0.288584 -0.809548 0.535298
v 0.80750895 -0.37674713 0.07953262
v 0.18845749 0.21315002 0.41256714
v -0.802813 0.0538887 0.630755
v 0.752411 -0.602768 -0.0214449
v -0.588487 -0.926907 0.249148
v 0.18315125 0.23088455 0.38438416
v -0.8146801 0.0056729317 0.57947636
v -0.94676256 0.2611785 0.5254154
v -0.5845952 0.6124716 -0.2206459
v -0.765728 0.570602 0.0717116
v -0.757077 -0.0153934 0.525949
v -0.20648 0.170738 -0.0446317
v -0.758437 -0.0251423 0.501129
v -0.517363 -0.80039 -0.0178447
v -0.761651 -0.043356 0.479087
v -0.153067 -0.540245 0.522287
v -0.619347 0.726512 -0.748614
v -0.834906 -0.400205 0.384739
v 0.27049732 0.26521397 0.057353973
v -0.8485351 -0.06793213 -0.010948181
v -0.80472946 -0.4453888 0.3629303
v -0.95832264 0.043186188 0.23752975
v -0.203524 -0.797378 0.57538
v -0.5991211 -0.90272903 0.5520706
v 0.7847214 -0.31826806 0.3401184
v -0.78087616 -0.46839333 0.3809967
v -0.459054 0.552573 0.188739
v -0.736459 -0.0209238 0.51227
v 0.9998596 -0.5871269 0.184762
v -0.7897816 -0.4957142 0.30187988
v -0.4916 0.616663 0.129502
v 0.55197144 0.11252594 -0.036346436
v -0.4926157 0.3326025 -0.025312424
v -0.95631 0.496854 0.232308
v 0.47712517 0.21378136 0.24669266
v -0.7326354 -0.579 0.13578558
v -0.534962 0.595243 0.135276
v -0.150966 0.899464 -0.0724024
v 0.265415 -0.969226 0.527886
v 0.25385284 -0.9704274 0.5500679
v -0.75685215 0.5200949 -0.22616768
v 0.69522095 -0.26417542 0.49145508
v 0.796677 -0.349985 0.0477656
v 0.47226334 -0.35150146 0.67345047
v -0.813789 0.0367444 0.615254
v 0.35674584 0.11535835 -0.16721344
v 0.29544067 0.030654907 0.544857
v -0.78126395 -0.0068588257 0.56497383
v -0.77946 -0.0235318 0.488044
v -0.739605 0.84934 -0.541096
v 0.042168 -0.953791 0.666451
v -0.45999956 0.49021864 -0.010743618
v 0.3318503 0.26150703 0.29171562
v -0.137937 -0.933045 0.710777
v -0.5148735 0.6103821 0.12264252
v -0.228192 0.610658 0.0615474
v -0.513942 -0.806641 0.537986
v 0.99782383 -0.62639904 0.19608688
v -0.33866 0.782425 -0.0626829
v -0.17084503 0.61517334 -0.13338852
v -0.07424164 0.050354004 0.49749756
v -0.285214 -0.86261 0.553972
v 0.0854942 0.838063 -0.351684
v -0.075782776 0.63648033 -0.14040947
v -0.17837906 -0.38459396 -0.40351105
v -0.933155 0.351684 0.181476
v -0.719049 0.351498 0.648306
v -0.6615028 0.7581768 -0.35017395
v -0.948435 0.336593 0.278714
v -0.6709626 -0.6241567 0.117406845
v -0.6915684 0.27871323 0.66006184
v -0.9718838 0.09165001 0.33265686
v -0.6083431 0.09597397 0.6183014
v -0.8727093 0.42079782 0.08547211
v -0.829271 0.057466 0.628504
v -0.822938 0.0187897 0.598139
v -0.645538 0.606141 -0.675671
v -0.017868042 -0.92222023 -0.3374176
v -0.759413 0.51362 -0.106876
v -0.16358757 -0.86818314 0.6798248
v -0.922681 0.308496 0.0719563
v -0.5823026 0.73134995 -0.63204575
v 0.614287 -0.398739 -0.241083
v 0.84508073 -0.47943687 0.1411295
v 0.366895 -0.167321 -0.289335
v -0.619133 -0.041851044 -0.16831589
v -0.7790451 -0.5005646 0.04524231
v -0.76667595 0.17231178 -0.07486296
v 0.0187616 -0.211081 0.721618
v -0.674445 0.600772 -0.0118958
v 0.44855118 -0.93909454 0.55942917
v -0.453141 -0.720458 0.35092
v 0.0999794 -0.44460678 0.7570505
v -0.7936395 -0.5215218 0.21116066
v -0.7581918 -0.5466882 0.21191788
v 0.50544 -0.9500494 0.37778854
v -0.194511 -0.355088 -0.369768
v -0.24984 -0.860707 -0.337792
v 0.290716 -0.94363 -0.152155
v 0.77790785 -0.7211752 -0.06362772
v 0.6375122 -0.5539017 0.53536224
v -0.66197586 0.90244466 -0.67343235
v -0.30203247 -0.004055023 0.4991703
v 0.8581543 -0.7570038 0.38198853
v -0.00763666 -0.0123067 -0.245969
v 0.47802544 0.2058258 0.29470062
v -0.12878418 -0.74526024 -0.30931854
v -0.123749 -0.732513 0.517487
v -0.839282 0.0356816 0.611532
v 0.940099 -0.48177 0.186313
v -0.9267216 -0.25050402 0.29279327
v 0.4311 -0.200903 -0.291081
v -0.142768 -0.750543 0.532671
v -0.02696991 0.64650726 -0.1457367
v -0.771962 0.576746 -0.185507
v 0.77355194 -0.81108093 0.4067917
v 0.831492 -0.639299 0.417388
v -0.3016243 0.5862961 -0.102386475
v -0.693096 0.898613 -0.710263
v -0.62659454 0.8291817 -0.61676407
v -0.7056427 0.8700447 -0.5926056
v -0.6539154 0.84213924 -0.5982361
v -0.32834053 -0.6537037 -0.13661003
v 0.36898422 -0.30541325 0.7163563
v 0.332629 0.0804304 -0.192858
v -0.78781843 -0.01731205 0.5058937
v -0.758519 0.758026 -0.354642
v -0.7786484 0.008911133 -0.040367126
v 0.4932816 -0.9632268 0.15610313
v -0.0670938 -0.13842 0.591694
v -0.15232 -0.605038 0.504098
v -0.742757 0.89396 -0.663686
v -0.716075 0.90821 -0.665232
v 0.16712 -0.970247 0.588508
v -0.484581 -0.811311 0.347459
v -0.7651426 -0.5422747 0.16656303
v -0.8009815 -0.51093876 0.23596191
v 0.8642502 -0.6554756 0.40909195
v -0.825457 0.180118 0.680367
v -0.34237 0.247301 0.190191
v 0.6303482 -0.115665436 0.49357605
v -0.314588 0.24022 0.113922
v -0.817401 0.15532 0.667257
v 0.686644 -0.816517 -0.0560887
v -0.207383 0.1529 -0.0743894
v -0.8654156 0.00022315979 0.35508728
v -0.853388 0.0511361 0.624224
v 0.432614 -0.096 -0.254996
v 0.4276123 -0.49321532 -0.3635254
v -0.817682 0.237757 0.698348
v -0.845403 0.239161 0.68383
v -0.802216 -0.0177983 0.476484
v -0.784453 0.558175 0.0526293
v -0.58793163 0.56385803 -0.39971924
v 0.31238937 -0.96680987 0.3097782
v 0.337379 -0.947272 -0.272348
v -0.8215246 0.30458832 0.67477417
v 0.584164 -0.471732 0.578696
v -0.149059 -0.968143 0.587183
v -0.827352 0.267203 0.688464
v -0.60364914 0.6724925 -0.26361084
v -0.157844 0.854983 -0.0512049
v -0.031950474 -0.18047476 0.6518984
v 0.9940907 -0.5525146 0.17809486
v -0.19225693 -0.96641016 0.62538147
v -0.80627656 -0.5098083 0.16512299
v -0.80110836 0.34783936 0.65715027
v -0.83644104 -0.19537735 0.43933105
v -0.488891 0.41869 0.394868
v -0.759128 0.761706 -0.537291
v -0.802035 -0.495632 0.270349
v 0.003753662 0.9044342 -0.31427765
v 0.4534912 -0.44186783 -0.34107208
v -0.11105347 -0.5883827 0.54371643
v -0.69740295 0.77685547 -0.63082886
v -0.955879 0.30814 0.281416
v -0.582913 0.676814 -0.498454
v 0.35507 -0.970503 -0.118036
v -0.869399 0.0370136 0.60577
v -0.848123 0.0204177 0.590302
v 0.0271492 0.0121593 -0.228861
v -0.601191 -0.870173 0.380387
v 0.4228058 -0.96222734 -0.1913147
v -0.972265 0.0884921 0.499402
v -0.8948784 0.39360428 0.109375
v -0.882038 0.137573 0.647377
v -0.254585 -0.553665 0.553575
v -0.7120899 0.46722364 -0.24810791
v -0.44247532 0.14451504 0.4585533
v -0.821809 -0.00812361 0.496971
v -0.563738 0.119729 0.54879
v -0.35850716 -0.24942017 0.57310057
v -0.25526857 0.21803832 0.026138306
v -0.896469 -0.0175935 0.17899
v -0.0195367 -0.98242 -0.265554
v 0.354167 -0.704021 0.692631
v -0.0623056 0.623087 -0.115088
v -0.005759239 -0.77430487 0.6262493
v -0.77482986 0.44961548 -0.036987305
v 0.66759 -0.339329 -0.209035
v -0.682725 0.0603426 0.674027
v -0.079737 0.616516 -0.0269494
v 0.1484642 -0.9168005 0.39595032
v 0.75763035 -0.12989807 0.022583008
v 0.04053116 0.1828165 -0.05999756
v -0.797648 0.0187366 0.607632
v 0.15097427 -0.8625803 -0.31442118
v -0.584126 -0.811578 0.0846123
v 0.6117439 -0.9650409 0.17540073
v -0.18097138 -0.7752862 0.5618849
v 0.0209658 -0.17484 0.683331
v -0.757067 0.827258 -0.618037
v -0.12779188 -0.9284369 0.3182888
v 0.357306 -0.0850058 0.608873
v -0.71971226 0.5811939 0.3654251
v -0.60134 0.810882 -0.640755
v -0.875498 0.0612847 0.625121
v -0.677602 -0.293442 0.565213
v 0.832949 -0.545298 0.358573
v -0.24765873 -0.49116135 0.55874586
v -0.873981 0.0208537 0.577084
v -0.69331133 0.8267765 -0.52225494
v 0.100945 0.837357 -0.329894
v -0.236977 -0.876529 0.613997
v 0.311025 -0.70799 -0.372693
v -0.82722336 -0.0049708933 0.46390295
v -0.880393 -0.251149 -0.00678837
v -0.498083 -0.789323 -0.0357776
v 0.0880063 -0.594862 0.734116
v -0.859071 0.125726 0.650616
v -0.514854 -0.876535 0.274959
v 0.39925 0.202884 0.392043
v -0.58581114 0.76000786 -0.6258011
v 0.49780655 0.04352188 -0.15124512
v -0.270981 -0.144947 0.561369
v 0.125604 -0.968163 -0.207942
v -0.76911926 -0.097457886 0.4754181
v 0.0991676 -0.972082 -0.217161
v 0.5971527 -0.96530896 0.118680954
v -0.55650616 -0.84059334 -0.03492546
v -0.111828 -0.962035 0.687517
v -0.13655853 -0.34074593 0.64660645
v -0.537774 0.533745 0.44873
v -0.208835 -0.976867 0.234946
v -0.457824 0.585153 0.16243
v -0.94011295 0.29701346 0.4878626
v 0.80911255 -0.7810688 0.40814972
v 0.658664 -0.14423 -0.145965
v -0.28108978 -0.9499855 -0.029640198
v -0.4537716 0.48343086 0.25569153
v -0.665226 0.635803 -0.0873733
v -0.585523 0.49658668 -0.104715586
v -0.9420519 0.2906475 0.42770767
v 0.0400506 -0.759295 0.658485
v -0.822328 -0.00860231 0.431181
v 0.96238995 -0.7247429 0.2737217
v -0.186725 0.834607 -0.026969
v -0.5234957 0.512146 0.43829155
v -0.4571241 0.41724586 0.28167868
v -0.362516 0.175415 0.335992
v -0.64662266 0.46954727 -0.30684662
v -0.09288025 0.6925678 -0.077430725
v -0.13092232 -0.95982933 0.5659504
v -0.4688394 0.16118377 0.49096155
v -0.6499634 -0.59405327 -0.011505127
v -0.74429893 0.54951286 0.45119476
v -0.194724 -0.947796 0.668875
v -0.0690089 -0.983821 -0.287736
v -0.594871 0.459095 0.509054
v -0.763084 0.568729 0.0436955
v -0.712883 -0.43969727 0.49051666
v -0.60459137 0.1242466 0.6303749
v 0.365955 -0.59554 0.699432
v -0.24173355 -0.70087814 -0.11706638
v 0.14276552 -0.91408324 -0.1492505
v 0.054426193 0.23041487 0.031799316
v 0.88938856 -0.4711671 0.16565037
v -0.06513977 0.9146614 -0.2477951
v -0.010851145 0.111644745 0.4732437
v 0.11308098 -0.32551455 -0.46683025
v -0.59482527 0.7257495 -0.51049805
v -0.020442009 -0.9688343 0.63528156
v -0.895719 0.0365389 0.586913
v -0.232579 -0.848538 0.601631
v -0.116387 -0.966128 -0.347749
v -0.443696 0.69565 0.00750104
v 0.623179 -0.464709 0.553322
v -0.8660617 0.01086545 0.5560188
v -0.247115 -0.0283868 0.506534
v 0.007507324 0.6609001 -0.16330719
v 0.9093628 -0.78759956 0.07923889
v 0.472345 0.160317 0.405353
v -0.74463654 0.68156433 -0.17797852
v 0.229915 -0.112128 0.596201
v 0.542397 -0.632009 0.592859
v -0.752597 0.531097 -0.262662
v 0.018263817 -0.46993256 0.73339844
v -0.1494 0.573896 -0.0443066
v -0.64894104 -0.10566282 -0.17998123
v -0.191049 -0.082056 -0.264031
v -0.635636 0.11709 0.675997
v -0.804747 0.193918 0.693047
v -0.8026414 0.21769619 0.70112395
v -0.5210571 -0.88335943 -0.08981514
v -0.789465 0.233203 0.703872
v 0.734939 -0.831879 0.408185
v 0.295171 -0.972453 0.0100741
v 0.215025 -0.965569 0.162629
v -0.657254 -0.282144 0.578213
v 0.759086 -0.391795 -0.0575348
v -0.796486 0.259374 0.700033
v -0.0921592 -0.928668 0.716437
v -0.00323009 -0.954093 0.681292
v -0.799433 0.309956 0.679503
v 0.894988 -0.502814 0.313063
v 0.2425108 0.105335236 0.5177021
v 0.6210365 -0.9162407 0.0010375977
v -0.22946167 0.7680626 -0.16976547
v 0.0188789 0.652833 -0.112508
v 0.45470428 -0.96177864 0.194664
v -0.03873825 -0.965178 0.67280006
v -0.360719 0.480895 -0.0135352
v -0.385309 0.479037 -0.0134732
v -0.90266323 0.052324295 0.60055923
v -0.82159424 0.42438507 0.001865387
v 0.4556389 -0.18118906 -0.27751684
v -0.608656 -0.86303186 0.4182825
v 0.0958358 -0.926039 0.656699
v -0.649379 0.586467 -0.0195371
v 0.447462 -0.0414386 -0.202304
v -0.7959366 0.3968811 0.62286377
v 0.600761 -0.883237 0.396393
v -0.721351 -0.479934 -0.0885931
v 0.8151235 -0.4418838 0.17238855
v -0.169331 -0.727757 -0.224974
v -0.0952036 -0.898585 0.71531
v 0.560758 -0.498643 0.582157
v -0.13139343 0.8547821 -0.21094513
v -0.998431 0.168599 0.303965
v 0.5770912 -0.022450447 0.49219894
v -0.712034 0.845998 -0.54591
v -0.586701 0.436361 0.504511
v -0.185259 -0.857124 -0.353876
v -0.66829515 0.030313969 0.6168785
v -0.40069962 0.53173256 -0.042941093
v -0.6145363 0.67302847 -0.23556137
v -0.5972506 0.28473377 0.5355711
v -0.443832 0.336753 0.355584
v -0.98117286 0.2616585 0.2699983
v -0.467708 0.341016 0.396705
v -0.579527 0.588119 -0.214681
v -0.029018402 -0.5978279 0.6670494
v -0.88388 -0.0276258 0.103044
v -0.515714 0.397801 0.424926
v -0.8443165 0.003898859 0.4380951
v 0.253493 -0.977812 -0.235883
v 0.149667 -0.968373 0.607672
v -0.663442 0.606314 -0.0380255
v -0.806948 -0.37013 -0.0744957
v -0.0548667 -0.350647 0.74442
v -0.949479 0.0745955 0.405339
v -0.7016644 0.59137845 0.18411636
v 0.8404999 -0.7475319 0.4029541
v 0.20952797 -0.9251778 -0.16481972
v -0.55083466 -0.8676081 0.32609558
v 0.224472 -0.915262 -0.143736
v -0.917766 0.0432288 0.572321
v -0.19821 -0.363014 0.554605
v -0.959735 0.446175 0.246539
v -0.0776749 -0.158346 0.595275
v -0.900659 0.0249537 0.557693
v -0.589643 0.666358 -0.69786
v -0.895857 0.0154888 0.530196
v -0.97431564 0.06663704 0.24577045
v -0.697408 -0.923038 0.133502
v -0.8874778 0.009866899 0.5014254
v -0.8932934 0.015474677 0.46976948
v -0.2517809 0.2286255 0.13485932
v -0.20507812 0.07872009 0.43619537
v -0.589256 0.412593 0.503686
v -0.5749521 0.61722994 -0.30248642
v 0.9329562 -0.77950025 0.24801254
v -0.709272 0.707021 -0.199158
v -0.39085007 0.5009823 -0.029689789
v 0.50735474 -0.76550484 0.54948807
v -0.53075 -0.791644 0.110589
v -0.436207 0.636808 0.124286
v -0.69550693 -0.0037066936 0.5352144
v -0.0823293 -0.285728 -0.454124
v -0.506531 0.597652 0.149119
v -0.462956 -0.775879 0.3617
v -0.0289663 -0.394534 0.746259
v -0.571653 0.226942 0.550557
v -0.301326 -0.686446 0.534109
v 0.45566082 0.20545769 0.32156372
v -0.15927887 -0.96608543 0.6553669
v 0.6962261 -0.9217758 0.26937866
v 0.28652823 0.27421415 0.2428894
v -0.696649 0.552148 -0.567576
v -0.59267426 -0.6417389 0.06997681
v 0.306661 -0.960559 -0.157829
v -0.72206676 0.60133743 -0.005302429
v -0.618311 0.555647 -0.0100046
v -0.784981 0.525635 -0.00835415
v -0.0326733 0.663602 -0.0613978
v 0.408827 0.214146 0.366078
v -0.178641 -0.103237 0.564471
v -0.9007988 -0.1631794 0.35097504
v 0.965684 -0.588282 0.31626
v 0.8376627 -0.5258255 0.051620483
v -0.732831 0.430447 -0.0844219
v 0.11344147 -0.9785433 -0.236866
v -0.75141907 -0.22102356 0.5245056
v 0.0001680851 -0.05876541 -0.2685299
v -0.7629852 -0.30039215 0.5158539
v -0.49434572 0.5630523 0.30414295
v 0.426992 -0.968187 -0.104705
v -0.03134203 -0.09806442 -0.28220654
v 0.040233612 -0.3543291 0.7550037
v -0.249305 -0.325534 -0.272793
v -0.12673187 -0.5894077 -0.3799019
v -0.147217 0.588989 -0.0916072
v -0.43967438 0.6759567 0.08439255
v 0.344989 -0.602962 0.715213
v -0.174667 -0.374357 0.56446
v -0.8955765 0.5438013 0.31643677
v 0.61135864 -0.075265884 0.48513794
v -0.7046876 0.5252265 -0.5260892
v -0.631337 0.544272 0.469348
v -0.08508301 -0.5402832 0.61605835
v -0.7562022 0.52786636 -0.17826748
v -0.9142208 0.023910522 0.5273075
v 0.0730494 0.86931 -0.359597
v -0.27654 0.662877 0.0278209
v -0.1098243 -0.9282498 0.2336483
v -0.7698312 0.58836937 -0.22490692
v -0.489266 0.216214 -0.0559578
v -0.673626 0.450921 -0.249811
v -0.61462545 -0.2354927 -0.21876454
v -0.400947 0.439378 0.0735703
v -0.28527594 -0.9600305 0.17977095
v 0.14773522 -0.92185783 0.21690342
v 0.9839411 -0.5365424 0.1463089
v 0.4998188 -0.25169754 -0.28826904
v -0.451694 -0.738915 0.327469
v 0.7118149 -0.23181152 0.4593048
v -0.211967 0.870472 -0.099946
v 0.648963 -0.095736 -0.140127
v -0.341564 0.244563 0.0913425
v -0.032951355 -0.86556435 0.7002239
v 0.2571041 -0.911511 -0.08671093
v -0.602174 -0.976534 -0.0808347
v -0.460332 -0.830394 0.281913
v -0.481684 -0.849798 0.286188
v 0.18025398 -0.9144343 -0.15115833
v -0.6631851 -0.45273972 -0.16786957
v 0.229786 -0.959686 -0.182985
v -0.164632 -0.72073 0.488783
v 0.389938 -0.115084 -0.268589
v 0.495645 -0.967865 0.0366805
v -0.6995392 0.6043396 -0.52926636
v 0.946421 -0.636349 0.343654
v -0.938052 0.0554998 0.560446
v -0.21459961 0.6987686 -0.17400742
v -0.925555 0.0373658 0.548267
v -0.18773985 0.70446587 -0.18168497
v -0.7419429 0.5440426 -0.3130417
v -0.1485796 -0.92060614 0.44231415
v -0.141305 0.63938 0.0157542
v -0.794581 0.141425 0.678058
v -0.914908 0.0230646 0.488204
v 0.471656 -0.943372 0.523357
v -0.39981747 0.21916151 0.3897152
v -0.553323 -0.809281 0.483666
v -0.485544 -0.79955 0.532651
v 0.272773 0.0459621 -0.23172
v -0.885275 0.027213752 0.39293885
v -0.332811 -0.90033 -0.281593
v 0.805607 -0.459252 0.274623
v 0.37377167 -0.97324896 -0.20701218
v -0.3635521 0.08885193 0.42567444
v -0.772992 0.300225 0.686876
v -0.287118 -0.656245 0.540412
v 0.2559967 -0.974473 -0.20115566
v 0.252851 -0.920053 -0.142065
v -0.859877 -0.377815 0.34707
v 0.98590183 -0.67352486 0.23017883
v 0.24077606 -0.9355531 -0.16484356
v -0.584283 0.188566 0.584493
v -0.90029 0.102441 0.633048
v 0.174283 -0.923138 0.118148
v -0.41936684 0.7161808 0.03142166
v 0.258074 -0.919982 0.350319
v -0.554837 0.413486 0.472735
v 0.550435 -0.85171 0.49819
v 0.257203 -0.933166 0.328922
v 0.921862 -0.506007 0.304312
v -0.239489 0.541981 0.0285311
v 0.2573738 -0.95021504 0.61051226
v 0.222291 -0.924159 0.0300816
v -0.26240826 0.13694382 0.39589405
v -0.8069153 0.4885559 0.5222931
v -0.915438 -0.29251 0.079922
v -0.768494 0.625889 -0.134068
v -0.364962 0.538622 0.12553
v 0.20297 -0.205064 -0.405076
v 0.520304 -0.471073 0.63787
v 0.58792496 -0.03152466 -0.14392853
v 0.340157 -0.965382 0.350782
v 0.495224 -0.9433117 0.44648743
v 0.24105644 -0.9093852 0.45150614
v 0.489627 -0.809393 0.54746
v -0.081329346 -0.92305183 0.36593628
v -0.19015503 0.77178574 -0.1900444
v -0.20244598 -0.9601536 0.38224792
v -0.9148749 0.028726578 0.45200348
v 0.3598585 -0.97504824 -0.16364002
v -0.34116554 0.0342865 0.47649384
v -0.23110104 0.035614014 0.46505737
v -0.0771599 0.023615 -0.218692
v 0.519852 -0.968677 0.111883
v -0.195379 -0.747282 -0.136487
v -0.58662146 0.21641028 0.5736871
v -0.620903 -0.08815932 -0.19406891
v -0.573141 -0.829587 0.523669
v 0.00788561 -0.406511 0.7475
v 0.223476 -0.916619 0.00272369
v -0.53456306 0.55130625 0.424366
v 0.557955 -0.575611 -0.265124
v -0.302249 0.639073 0.055533
v 0.21489716 -0.9135537 -0.017166138
v -0.167734 -0.772997 -0.254218
v -0.7286339 0.7090454 -0.21339417
v -0.911708 -0.310953 0.102926
v 0.50860596 -0.9576123 0.3444214
v -0.438786 0.474349 -0.00701891
v 0.0876347 0.0371238 -0.220394
v -0.12025452 -0.6951828 0.5148392
v -0.1350686 -0.9844779 -0.29232085
v -0.886325 -0.34837 0.0850689
v 0.3633346 -0.95568985 0.41677278
v -0.255053 0.665758 0.0141397
v 0.91238 -0.520225 0.326901
v -0.800402 0.542524 0.0404874
v 0.60980606 0.11281204 0.08872986
v -0.93554 0.0385069 0.473899
v -0.910259 0.0406603 0.406055
v 0.14560318 -0.603611 -0.43444777
v -0.77306366 0.33470154 0.66900635
v 0.580521 -0.244843 0.587634
v 0.0831178 -0.569032 0.729436
v 0.28707743 0.2718377 0.09724808
v 0.2714672 -0.9721341 0.25193024
v 0.152004 -0.958871 -0.294417
v 0.7438812 -0.24355507 -0.09654617
v -0.0146626 -0.0783026 0.574424
v -0.591635 0.459045 -0.120566
v 0.3221054 -0.96695566 0.22088242
v -0.2979889 0.5346546 0.07356644
v -0.93476605 -0.23564148 0.264637
v -0.2739029 0.53774834 0.055725098
v -0.58024263 0.7181215 -0.66303635
v -0.7106323 -0.359344 0.5312805
v -0.680363 0.578364 -0.620206
v -0.91723067 -0.29452926 0.21650219
v 0.263755 -0.937211 -0.0056626
v 0.55057526 -0.7597141 -0.24785614
v 0.274703 -0.971624 0.0311883
v 0.407685 0.15478 0.440527
v 0.246721 -0.959919 0.0457313
v 0.577277 -0.79182 -0.178618
v 0.238275 -0.966598 0.0736327
v -0.51256 0.3686 -0.0368498
v -0.257751 0.606564 0.0730929
v -0.9531965 0.44392586 0.35541153
v 0.23175764 -0.96937454 0.101685524
v 0.313912 -0.932145 -0.0976934
v -0.934501 0.309327 0.0969477
v 0.310758 -0.938517 -0.133
v 0.434519 -0.966891 -0.130462
v 0.41227722 0.14947891 -0.10508728
v -0.582158 0.843965 -0.719523
v -0.618096 0.4376 -0.150089
v -0.18027878 -0.6011658 0.51159286
v 0.0427049 0.672241 -0.168088
v -0.9421005 0.3211403 0.32888794
v -0.65954 0.86562 -0.732596
v 0.26938438 -0.9703059 0.27724457
v -0.199474 -0.981901 0.184059
v 0.504923 -0.61239 0.621101
v -0.69563186 0.69044495 -0.16580963
v -0.8905487 -0.1557579 0.032196045
v 0.808565 -0.472867 0.0727093
v -0.5922208 0.3135376 -0.07757664
v -0.149774 -0.74159 0.506531
v -0.11335337 -0.9673613 0.6470108
v 0.75102615 -0.52978516 -0.061294556
v 0.21504402 -0.95438147 0.096279144
v 0.97746277 -0.6262028 0.29526138
v -0.273915 -0.967094 0.15181
v 0.020448685 -0.9113784 0.49553156
v 0.3939972 -0.32589722 0.69631195
v 0.308017 0.275231 0.194807
v -0.944754 0.0751053 0.37695
v 0.930557 -0.483201 0.251402
v -0.189691 -0.263513 -0.302925
v -0.228508 -0.095871925 -0.25890923
v -0.779235 0.183469 0.693668
v -0.14567757 -0.7466582 -0.2835598
v 0.414904 -0.919558 0.58541
v 0.0816242 -0.966141 0.575077
v -0.06254 -0.919898 -0.189936
v 0.631882 -0.482315 0.54151
v 0.409267 -0.94585 -0.238857
v -0.406869 0.44467 0.116304
v -0.585023 -0.945922 0.267544
v 0.184501 -0.44853 0.774312
v 0.360402 -0.0602708 0.583109
v 0.65973663 -0.22976685 0.52895355
v -0.723278 0.886235 -0.683193
v -0.688646 0.485412 0.547824
v 0.6227455 -0.45299813 -0.23487091
v -0.772901 0.579806 -0.108311
v 0.59732056 -0.21598482 0.5724182
v -0.77693 0.601036 -0.14653
v -0.348238 -0.966024 0.138429
v 0.309496 -0.937838 -0.0685314
v -0.660124 0.889176 -0.735579
v 0.8498882 -0.47176713 0.18511772
v -0.60864544 0.57955074 0.112709045
v -0.61184144 -0.29659224 -0.22426951
v -0.8069763 -0.22878265 -0.10649109
v -0.596422 -0.984638 -0.0523327
v -0.559356 -0.266121 -0.233418
v -0.41983795 0.6834259 -0.043109894
v 0.834976 -0.474188 0.162011
v -0.136122 -0.976511 -0.342871
v -0.201843 -0.958509 0.648705
v -0.2756462 0.6227989 0.06414223
v 0.206889 -0.95756 0.135279
v 0.201291 -0.954424 0.186862
v -0.93473864 0.043959618 0.44433975
v -0.35929465 0.24264973 0.05078888
v 0.7996335 -0.24040604 0.07871246
v 0.814655 -0.448749 0.135733
v -0.929459 0.0577232 0.392567
v 0.7794657 -0.20960808 0.017471313
v 0.39055634 -0.6379051 0.670475
v -0.87548923 0.017800331 0.3704281
v -0.9127941 0.03368759 0.31828308
v 0.023273468 0.8387785 -0.22850418
v 0.8273792 -0.8591089 0.2729187
v -0.873305 0.528891 0.106959
v -0.413443 0.170427 0.417198
v 0.74246216 -0.32711792 -0.11206055
v -0.8798523 -0.030075073 0.29315186
v 0.048864126 -0.5335417 0.71676636
v -0.219643 -0.856483 0.62386
v 0.63632965 -0.07173157 0.4617958
v 0.772592 -0.515228 0.357383
v -0.590097 0.704138 -0.454924
v -0.377791 0.751198 0.0183828
v -0.729401 0.499583 -0.362917
v 0.12150192 -0.5497179 0.73707676
v -0.54219055 0.34029865 0.46229172
v 0.0549242 -0.817822 0.643376
v -0.89951 -0.34052 0.183091
v 0.025512695 -0.8826027 0.68003845
v -0.8572595 -0.38524246 0.32606316
v -0.0194223 -0.151135 -0.297886
v -0.23787308 -0.9703438 0.5533142
v -0.5693321 0.54670715 0.45199394
v -0.5228169 -0.8723271 0.24760914
v -0.51295 -0.945242 0.618879
v 0.450471 -0.951562 0.537954
v -0.172048 -0.754398 -0.213763
v 0.4412346 -0.9608562 0.5199356
v -0.51589 0.562559 0.368539
v -0.606011 -0.849404 0.450749
v 0.16327347 -0.9230932 0.16936779
v -0.584338 -0.827505 0.453476
v -0.9863243 0.2188797 0.3384552
v 0.390289 -0.96524 -0.226544
v -0.7308998 0.4479065 0.588974
v -0.942707 0.522932 0.239626
v -0.9431701 0.06622696 0.3493042
v 0.8064766 -0.43688488 0.07338333
v 0.47788 -0.956396 0.436506
v -0.954591 0.505452 0.259484
v 0.49258995 -0.67868996 0.62654877
v 0.487131 -0.95736 0.3941
v -0.947864 0.330977 0.226853
v -0.954751 0.375803 0.255048
v -0.737536 0.502214 -0.324639
v -0.587791 0.701332 -0.483386
v -0.255211 -0.948342 0.599725
v -0.24419594 0.5290146 -0.016627312
v -0.278725 0.509235 0.0084277
v -0.76271534 0.7920151 -0.4454193
v 0.291363 -0.97021 0.531681
v 0.5520897 0.038692474 -0.11275864
v -0.324712 0.718491 0.0713458
v 0.360815 -0.119925 -0.266068
v 0.55695343 -0.96841264 0.21511078
v -0.593131 0.686861 -0.740028
v 0.312657 -0.948606 -0.27693
v 0.373541 -0.753783 0.653871
v 0.045497894 -0.03197956 0.5711794
v -0.9212041 -0.22167349 0.12189484
v -0.258231 0.710304 0.0138139
v 0.3417511 -0.9562893 0.37547302
v -0.87078476 -0.3001232 0.37679672
v 0.465632 -0.0916987 0.592119
v -0.659303 0.526987 -0.544941
v -0.75317764 -0.39667892 -0.11644745
v 0.753363 -0.649666 -0.034246
v 0.301407 -0.130119 -0.264754
v -0.17789364 -0.16842842 0.5933666
v 0.286858 -0.91319 0.386468
v -0.42673 0.438344 0.0281179
v 0.185109 -0.931134 0.229039
v 0.22985387 0.27286148 0.115428925
v 0.192888 -0.942295 0.210915
v -0.928236 0.058080614 0.37072802
v 0.901302 -0.490297 0.291028
v 0.504742 -0.934714 -0.0195724
v -0.432243 0.66123 0.103841
v 0.86616707 -0.8273735 0.07498169
v -0.265671 -0.452843 -0.214568
v -0.987286 0.237403 0.307011
v -0.461685 -0.676278 0.310496
v 0.0766954 -0.144666 -0.312265
v -0.110174 -0.9144954 0.4800576
v -0.11289978 0.7617874 -0.11722565
v -0.7411499 0.50180054 0.5289459
v -0.75892067 -0.2195549 -0.15606499
v -0.132334 -0.788325 -0.305394
v -0.18302917 0.66988754 -0.018096924
v -0.44817162 -0.90393734 0.6158805
v 0.65932846 -0.31314373 -0.212183
v 0.6734085 -0.2505188 0.52005005
v -0.0937986 -0.409879 0.700899
v -0.889805 -0.387367 0.196737
v -0.9410267 0.036117554 0.27148438
v -0.25334 -0.327341 0.581215
v -0.29618835 -0.29844475 0.5751867
v 0.320866 -0.968749 0.566021
v -0.935275 0.528768 0.267225
v 0.49282074 -0.55201197 0.6318855
v 0.65216064 -0.18575287 0.5167999
v -0.728405 -0.26483 0.542602
v 0.275392 -0.390545 0.739568
v -0.3002795 -0.87876034 0.5605757
v -0.6508335 0.15219092 -0.09547479
v -0.6179532 -0.37152863 0.5752983
v 0.406067 -0.959644 0.561608
v -0.891533 -0.0223809 0.156073
v 0.429728 -0.956237 0.55085
v -0.789889 0.781377 -0.538139
v -0.457354 -0.810141 0.301149
v -0.938789 0.111562 0.603497
v -0.424854 0.120238 0.433665
v 0.46324396 0.20821953 0.04552269
v -0.1084528 0.1001091 0.43253708
v 0.678147 -0.868862 0.384885
v -0.1651535 -0.9178244 -0.17279387
v 0.6705437 -0.24037075 -0.18133545
v -0.1276722 -0.537693 0.5422201
v 0.65956116 -0.6668205 0.4987793
v -0.8586502 0.54068375 0.38456726
v -0.9387138 0.039528504 0.51229715
v 0.6788635 -0.5610733 0.50574493
v -0.0145668 -0.687603 0.660415
v 0.0176585 0.951466 -0.317851
v -0.485765 -0.63659 0.355233
v -0.762479 0.225465 0.702191
v -0.767919 0.251527 0.701644
v -0.772671 0.276315 0.696076
v -0.974872 0.0762119 0.285744
v 0.77534103 -0.33657742 0.36665344
v -0.919145 0.124876 0.624279
v -0.393383 0.465937 0.120356
v -0.916803 0.154177 0.027123
v 0.54911476 -0.9719788 0.15568757
v -0.597499 0.861495 -0.703272
v -0.25653458 0.5400219 0.042381287
v -0.21543181 -0.7666015 -0.12737656
v -0.793308 -0.0443033 0.442413
v -0.014110565 0.91153145 -0.21294022
v -0.77183914 0.47895813 0.551651
v -0.63576 -0.883329 -0.0357632
v -0.71424675 0.59267807 -0.4394989
v -0.8126043 0.07109833 0.6395292
v 0.186943 -0.922316 0.278571
v 0.7970867 -0.24017906 0.20474243
v 0.9790238 -0.7029133 0.19283104
v -0.592779 0.521755 -0.0196589
v -0.232665 -0.931935 0.633932
v -0.27198172 -0.52796936 -0.18493271
v -0.77721 -0.058045 0.459348
v -0.915771 0.0697657 0.603881
v 0.99558103 -0.6519222 0.17601538
v -0.898644 0.0769348 0.622704
v 0.87522125 -0.80811214 0.3121643
v -0.7719879 -0.19333076 -0.14063263
v 0.0893862 -0.957552 0.649562
v 0.029006958 -0.7245064 0.6682663
v -0.920458 0.284096 0.0586198
v -0.252159 -0.433479 -0.225474
v 0.39782715 -0.67576027 0.6654358
v -0.9115143 0.3551941 0.109375
v 0.61407375 -0.95853996 0.09597397
v -0.28129578 0.801384 -0.11565399
v -0.412086 0.0941304 0.428176
v -0.82124 0.0186974 0.00264306
v -0.504052 0.197446 -0.0676331
v 0.4653101 -0.96310806 0.08774567
v -0.216148 -0.974847 0.333039
v -0.20783234 -0.97008514 0.35886383
v -0.61298466 -0.8812332 0.19301987
v 0.7036209 -0.83418274 0.4113655
v -0.43569303 -0.7841581 0.27005863
v -0.943989 0.0506773 0.535914
v 0.7927289 -0.28561258 0.013620377
v -0.527171 -0.674225 0.18684
v -0.456403 -0.607114 0.431841
v -0.841737 0.00371152 0.41086
v 0.0649016 -0.969331 0.598735
v -0.423851 -0.545009 0.505283
v 0.185898 -0.926213 0.251332
v 0.106543 -0.966515 0.627622
v 0.0775813 -0.967977 0.624752
v -0.5703361 -0.8195337 0.49650955
v -0.7564367 0.47164917 0.56381226
v -0.91909 0.540423 0.246105
v 0.111103 -0.968683 0.578818
v -0.48724365 0.5069847 0.37286758
v -0.440891 0.429557 0.225285
v 0.55731773 -0.26106453 -0.26797485
v 0.333196 -0.95271 -0.111405
v -0.381291 0.255467 0.0496526
v 0.466149 -0.880808 0.570252
v -0.784889 0.678488 -0.371513
v -0.276705 -0.310022 -0.264681
v 0.363497 -0.967325 0.363855
v -0.786026 -0.2078495 -0.1300354
v -0.424022 -0.569603 0.48941
v -0.973516 0.152309 0.139035
v 0.347911 -0.946513 0.397202
v 0.247525 -0.969415 0.257683
v -0.23575 -0.965354 0.594138
v -0.774267 0.550901 -0.028791
v -0.3650111 0.19753098 0.3243122
v 0.070916176 -0.91060144 0.49144238
v -0.78808594 -0.39631653 -0.0823822
v 0.493003 0.147114 0.412059
v -0.583348 0.682151 -0.434675
v -0.616977 -0.934629 0.34927
v 0.09237671 0.15463257 0.4699211
v -0.9232073 0.5375457 0.22023582
v 0.343424 -0.969732 0.505718
v 0.354593 -0.575964 0.712
v 0.00046539307 0.7206564 -0.2271328
v 0.245085 -0.941715 0.308536
v -0.0194597 0.700322 -0.205851
v 0.238307 -0.923483 0.329218
v -0.9255314 -0.2520008 0.124946594
v 0.491864 -0.774982 -0.275494
v -0.227683 -0.464262 -0.250494
v 0.7088928 -0.5993805 0.46038818
v -0.449501 -0.825253 0.259853
v 0.171954 -0.927085 0.211981
v 0.3128311 0.25818014 0.041113853
v -0.014688492 -0.42921066 0.7355366
v 0.905834 -0.555546 0.029486
v 0.831783 -0.477368 0.232178
v -0.23237 -0.480815 -0.229485
v -0.919399 0.0942065 0.615422
v 0.25288773 -0.96000266 0.29177475
v -0.305256 0.617732 0.0721093
v -0.799159 0.0250729 -0.0143439
v 0.30754757 -0.97077274 -0.25617123
v -0.32121658 -0.90460014 -0.30822492
v 0.75966 -0.518566 0.380315
v -0.9752617 0.26621342 0.3159485
v 0.23936462 -0.9621465 0.60112953
v -0.240573 -0.268655 -0.290848
v 0.0737227 -0.956251 -0.204711
v 0.28770828 0.19481468 0.43476105
v -0.7741852 -0.15072632 -0.121414185
v -0.4329195 -0.9663966 0.5913353
v 0.14488268 0.21672726 -0.058509827
v 0.5921135 0.029396057 0.44394684
v -0.194482 -0.447214 -0.358276
v 0.26125717 -0.80461884 0.663147
v -0.784003 0.0851575 0.671015
v -0.782362 0.700203 -0.305455
v -0.456564 -0.789264 0.318637
v -0.0703038 0.962777 -0.195659
v 0.940033 -0.540774 0.055868
v -0.780273 0.599057 -0.17308
v -0.76938 0.557737 -0.119249
v -0.7358284 0.355741 -0.06635666
v 0.264085 -0.97477 0.0629707
v -0.28990555 -0.28178787 -0.27088356
v -0.241654 -0.457532 -0.227076
v 0.920611 -0.606501 0.372044
v 0.295675 -0.969991 0.556378
v 0.39614636 -0.9728207 -0.07720566
v 0.40123463 -0.97266334 -0.16824341
v -0.03456533 -0.91395366 0.4824133
v -0.776259 0.551328 0.00258812
v 0.89943886 -0.6898756 0.38557053
v -0.804774 -0.184838 0.46845
v -0.604582 0.397711 0.519563
v -0.892551 -0.104672 0.0733534
v 0.4543743 -0.0915966 -0.2463398
v 0.377494 -0.961019 0.572509
v 0.40698242 -0.9654933 0.5379982
v -0.280193 -0.922641 0.575168
v -0.745929 0.0896959 0.6922
v 0.221669 -0.973172 -0.202237
v 0.199026 -0.975651 -0.215651
v -0.620732 0.603122 -0.666029
v 0.1481781 -0.9771495 -0.22453117
v -0.594216 -0.88657 0.352165
v -0.76520157 0.6732788 -0.20028687
v -0.773084 0.128363 0.690945
v -0.05517578 0.6841183 -0.18718529
v -0.17539024 -0.68538 0.49306726
v -0.5749 0.483308 0.496826
v -0.18914232 0.15159512 -0.07020664
v -0.15168095 -0.28911662 0.6043992
v -0.839195 0.521455 0.0593612
v 0.005625725 -0.81547976 0.6603379
v 0.1690762 -0.9261427 -0.16924739
v -0.615909 -0.941784 0.541683
v -0.755245 0.17213 0.700872
v 0.14597225 -0.92072713 0.14209557
v -0.958761 0.0894412 0.359553
v -0.514406 -0.883611 0.614149
v -0.0662117 0.13850403 -0.10581589
v -0.758144 0.19925 0.699365
v 0.56256294 -0.15647888 0.5676956
v 0.45759392 -0.9621985 0.46823502
v 0.44669485 -0.9650112 0.43633652
v -0.562871 0.0674085 0.50524
v -0.7484236 0.2778015 0.69101524
v 0.468639 -0.962092 0.413671
v 0.0751133 0.014195442 -0.23641205
v -0.020665169 -0.18880749 0.6780729
v 0.927661 -0.492986 0.279335
v -0.2651782 -0.88699746 -0.344113
v -0.668301 -0.859458 0.0940963
v -0.7663269 0.39971924 0.6270523
v -0.434821 0.370919 0.281694
v 0.941224 -0.609503 0.353143
v -0.267228 -0.26018286 0.578286
v -0.6437 0.873337 -0.748165
v -0.93244326 0.3220768 0.37956333
v -0.818457 -0.472394 0.261089
v 0.7748985 -0.3091612 -0.039871216
v 0.0326131 0.905246 -0.338215
v -0.4901216 0.44588745 0.40124035
v -0.274292 -0.97288513 0.3515358
v -0.3888855 0.6731415 -0.074279785
v -0.497464 -0.684169 0.179627
v -0.66418576 0.47408772 -0.33416367
v 0.524369 -0.887214 0.514669
v 0.070653915 0.05198288 -0.20352936
v 0.74150085 -0.8551941 0.37690735
v -0.24755049 -0.05747986 0.5203476
v -0.153778 -0.77006 -0.275439
v 0.7879858 -0.2526083 0.007997513
v -0.734563 0.80754 -0.454551
v -0.6037791 0.5507693 -0.066848755
v -0.592364 0.476495 -0.162637
v 0.19447327 -0.91899395 0.3091812
v -0.63616323 0.7877201 -0.52163315
v -0.101627 0.597885 -0.0313113
v 0.909038 -0.630142 0.383565
v -0.917065 -0.263151 0.0870114
v -0.36538315 0.48446655 0.10528946
v -0.715405 0.485251 -0.320392
v 0.0546764 -0.289081 -0.469873
v 0.06371021 -0.31549883 -0.4764161
v -0.75179 0.725046 -0.2749
v -0.878578 0.0862308 0.638101
v 0.0498491 -0.958878 0.572474
v -0.29918 0.757777 0.0469366
v -0.735166 0.521422 -0.396347
v -0.3707645 0.26294947 0.08926821
v -0.642673 -0.8680154 0.14899874
v 0.19883108 -0.15171051 -0.3312168
v 0.467865 -0.47073364 0.6766968
v 0.076937 -0.694008 0.696102
v 0.02374594 0.9004003 -0.24995762
v -0.35628986 -0.85194683 -0.15256882
v -0.2526703 0.52604866 0.01856327
v -0.2160492 0.55939746 0.022826195
v -0.132299 -0.929966 0.283644
v -0.181938 0.562319 -0.0096011
v -0.923148 0.156741 0.620977
v -0.617114 0.574054 0.0780681
v -0.621095 -0.96699 0.485094
v -0.15059 -0.34968 -0.435106
v -0.625511 0.617346 -0.689569
v 0.45934296 -0.20728683 -0.2871189
v 0.08914757 0.2493679 0.078125
v 0.42316055 -0.9671745 0.49221802
v -0.2795 -0.976115 0.0325796
v 0.40481567 -0.34848022 0.69595337
v -0.688141 0.853745 -0.698447
v -0.78193 0.848815 -0.616847
v 0.353329 0.0621928 -0.196589
v 0.76931214 -0.6153445 -0.015273809
v 0.5987091 -0.90987396 -0.01197052
v -0.2548437 0.22603369 0.18711472
v -0.151276 -0.788763 -0.290428
v 0.19639397 0.25171852 0.33864784
v -0.0145525 -0.0362761 -0.262645
v 0.528348 -0.741558 -0.26894
v 0.82370377 -0.83390045 0.33740234
v -0.17935944 -0.83842087 -0.3415537
v -0.20521927 0.6502304 -0.15670013
v -0.9448128 0.28524017 0.10673523
v -0.445235 -0.886206 0.610213
v 0.470296 -0.69543 0.63593
v -0.207556 -0.310409 -0.308969
v -0.9687375 0.28684616 0.27469683
v -0.952392 0.409304 0.214851
v 0.459136 -0.964674 0.390366
v -0.169695 -0.946584 0.331243
v -0.0211886 0.0595553 -0.203221
v 0.912821 -0.714911 0.360449
v -0.229856 -0.4187 -0.26374
v -0.970425 0.164612 0.558926
v 0.36596 -0.962022 0.389965
v -0.965744 0.14459 0.573572
v 0.48945618 -0.9647746 0.33194733
v 0.193229 -0.924048 0.0765471
v 0.750249 -0.675451 -0.0469946
v -0.863225 0.0401594 0.0320115
v -0.21868896 0.7753105 -0.0055885315
v -0.19247437 0.8043823 -0.18333435
v -0.0055999756 0.8188305 -0.201437
v 0.164758 -0.918924 0.0938721
v -0.914993 -0.148454 0.0971181
v -0.75028515 -0.015090942 -0.08607483
v -0.6297081 0.708796 -0.28203917
v 0.354675 -0.95579 0.44225
v -0.19784498 -0.82863617 -0.3289261
v -0.113889 -0.775588 0.615909
v -0.5425205 -0.9005046 0.6070404
v 0.012130737 0.7423134 -0.24935341
v -0.602193 -0.379225 -0.221237
v -0.29666215 -0.719965 0.5277939
v -0.935994 0.315651 0.437563
v -0.9162531 -0.08474922 0.16313744
v -0.917173 0.441194 0.446735
v -0.20147038 -0.9604013 0.49567413
v -0.347217 -0.890942 -0.259478
v 0.10582733 -0.94934845 -0.1953392
v -0.735023 0.61946 -0.0579761
v -0.5129471 -0.5115013 -0.1753807
v 0.010450363 0.055511475 0.518219
v -0.425653 0.70594 -0.0179969
v -0.431098 -0.711207 0.44103
v -0.49982452 0.022930145 -0.19755936
v -0.155163 -0.31957 0.604629
v 0.0610081 -0.138329 -0.298715
v 0.6720629 -0.7176981 -0.076236725
v 0.5964608 0.13184416 0.15868378
v -0.017152786 -0.9443569 -0.21260262
v 0.146368 -0.357317 0.754452
v -0.4322548 0.39089584 0.25111198
v -0.18156976 -0.9697632 0.5555173
v 0.296896 -0.965231 0.585582
v -0.2872584 -0.7732018 -0.12571865
v -0.18091583 0.8120346 -0.039245605
v -0.263385 -0.752157 -0.117865
v -0.6281738 -0.31535336 -0.22120285
v -0.66716766 0.78712463 -0.6858368
v -0.143991 -0.833383 0.6683
v -0.1379776 -0.397851 0.6208954
v -0.9154434 0.4705429 0.41548157
v -0.1489 -0.319941 -0.428519
v -0.606042 0.88226 -0.713565
v -0.746751 0.51068 -0.280352
v -0.06952095 -0.3998165 0.7261028
v 0.00128843 -0.966448 0.652822
v -0.61846447 0.5712147 -0.5310135
v -0.22319 -0.962229 0.454181
v -0.555943 -0.824852 -0.007785797
v -0.193845 -0.291236 0.577466
v -0.29968643 -0.9613646 0.15480232
v 0.110271 -0.924206 -0.175828
v -0.74991 0.116315 0.69898
v -0.752896 0.144134 0.70158
v -0.724238 0.491473 -0.344508
v -0.732512 0.188498 0.703193
v 0.23295593 -0.9113951 -0.11556053
v -0.735543 0.216357 0.698603
v -0.740884 0.243162 0.695696
v 0.33345032 -0.9346211 0.60129595
v -0.71116 0.234923 0.687693
v -0.35889244 -0.9751253 0.3494873
v -0.270031 0.552357 -0.0791234
v -0.78463745 -0.4486289 -0.059829712
v -0.6674824 -0.93207705 0.16912794
v 0.160315 -0.97643 -0.271807
v -0.667918 0.486431 -0.390957
v -0.7452316 0.32084656 0.67237854
v 0.45832026 0.22580868 0.19089508
v -0.2738285 0.19689941 0.3018837
v -0.73072433 0.37835693 0.63775635
v 0.972959 -0.512484 0.152283
v -0.25857 -0.411102 0.564918
v -0.437931 -0.759394 0.455266
v -0.71434176 0.8047581 -0.45085907
v 0.06254 0.722458 -0.176443
v -0.9594574 0.19150734 0.56772614
v -0.6606178 0.20715714 0.6758251
v -0.20305 -0.648563 -0.152716
v 0.652801 -0.872977 0.381806
v -0.0132947 -0.911023 0.504464
v -0.18033028 -0.9459238 0.36499786
v 0.156165 -0.921829 0.193204
v -0.5450294 -0.5259037 -0.15827179
v 0.28926468 -0.9386673 0.47551346
v -0.65846586 0.5869689 0.35406113
v 0.083517075 -0.91793203 -0.16868782
v 0.7964983 -0.39064407 0.026290894
v 0.14316297 -0.13052535 0.6444502
v 0.4715128 -0.9670129 0.3134613
v 0.632598 -0.290937 0.565621
v -0.051166534 -0.9608793 0.58655167
v -0.899733 0.534966 0.160968
v 0.224534 -0.954999 0.26213
v -0.695742 0.504063 -0.491082
v -0.3742447 -0.8945236 0.58927536
v -0.89844894 -0.083459854 0.10211182
v -0.17519093 0.643878 0.017421722
v 0.822277 -0.468469 0.138729
v 0.63996 -0.480514 -0.208034
v -0.4400891 -0.8630686 -0.10945749
v 0.283937 -0.924657 0.36156
v 0.0833609 0.712264 -0.213078
v 0.228762 -0.9669 0.236292
v 0.3234558 -0.29406357 0.73586273
v 0.18057835 -0.81046677 -0.35916042
v 0.69397736 -0.6689601 0.44367027
v 0.79730415 -0.46149635 0.04389572
v -0.710136 -0.937597 0.0562562
v 0.0745599 -0.975804 -0.231063
v -0.43016624 -0.46090698 -0.19831848
v 0.10513 0.0233303 -0.24121
v -0.106296 -0.720139 0.534632
v 0.5582123 -0.7291565 0.53704834
v -0.4851799 -0.6043167 -0.08346176
v 0.10416412 -0.9221805 0.25938225
v -0.723043 0.58189 0.0746038
v -0.1667223 -0.9362736 0.35256195
v -0.0449405 -0.968614 0.619286
v -0.8461671 -0.439471 0.16961288
v -0.3834039 0.3029557 0.20179468
v 0.0602542 -0.963302 0.646765
v -0.0311117 -0.0160257 -0.253072
v 0.470386 -0.962511 -0.0275162
v 0.189485 -0.965677 0.541723
v 0.274466 -0.156865 0.669247
v -0.220797 -0.822031 0.588435
v -0.733739 0.866713 -0.668145
v -0.71364975 0.26379204 0.6782112
v 0.0685572 -0.942616 0.665059
v 0.254814 -0.97339 0.232389
v -0.5905117 0.5225868 -0.30948257
v -0.51559 -0.71359 0.0397453
v -0.1910944 0.14655304 0.35451126
v -0.22681808 0.84623337 -0.03201294
v 0.6596978 0.05796337 0.25873184
v 0.549219 -0.0589346 0.518446
v -0.318031 -0.0855279 0.54297
v 0.9583782 -0.7498977 0.16958904
v -0.296873 -0.251442 0.570939
v 0.033930063 -0.939621 0.55428314
v -0.15687 -0.466807 0.543716
v -0.0765368 -0.342812 0.732138
v -0.14044964 -0.21925622 -0.32404232
v -0.15885544 -0.37426472 0.59145355
v -0.768974 0.474224 -0.0611612
v -0.927141 -0.180833 0.286388
v 0.8937721 -0.82292724 0.18433762
v 0.27001953 -0.9420128 0.3313141
v -0.32959747 0.75336075 -0.09928131
v -0.968568 0.21859 0.409691
v 0.0939895 -0.969711 0.601727
v -0.71262836 0.657814 -0.10647583
v -0.506408 -0.699096 0.116219
v -0.8384844 -0.46209157 0.12055969
v -0.604505 -0.821252 0.102459
v 0.6013746 -0.83995056 0.4316864
v -0.866334 0.178987 0.655469
v -0.930112 -0.18623 0.260019
v -0.9348297 0.28503704 0.08068085
v -0.622499 0.883268 -0.755512
v -0.224518 -0.445696 -0.271467
v 0.34417725 -0.97308064 -0.03656006
v -0.884537 0.456179 0.109266
v 0.063748 0.695025 -0.165273
v -0.868044 0.472328 0.0853913
v -0.117605 -0.914991 0.715736
v 0.378962 -0.691843 0.680048
v -0.611169 -0.822229 0.0731435
v 0.209639 -0.957735 -0.290206
v -0.5976639 -0.913589 0.34241104
v 0.523863 -0.0528351 0.526052
v 0.701055 -0.32722 -0.17714
v -0.0656781 0.968118 -0.173005
v -0.17500305 0.83457184 -0.1854477
v -0.520031 -0.44156647 0.5666313
v 0.915782 -0.535988 0.0468142
v 0.65143585 -0.44598007 0.5355034
v -0.6647644 0.49422693 -0.42478943
v -0.10353851 -0.41565037 -0.46359253
v -0.33384514 -0.58506775 -0.16408539
v -0.0894375 -0.955036 0.70229
v -0.6246095 0.37930942 -0.079114914
v -0.066856325 -0.16175741 -0.29643536
v -0.121338 0.595571 -0.0136178
v -0.270586 -0.686156 0.530143
v -0.084836006 -0.96570563 0.67404556
v -0.0661558 -0.961022 0.689755
v -0.576291 -0.938909 0.290195
v -0.048866272 0.885273 -0.17702866
v -0.12996483 -0.61780643 -0.36784744
v -0.248861 0.687746 -0.160963
v -0.68099976 0.45350647 0.5729065
v 0.87350416 -0.834013 0.24726868
v 0.0382488 -0.142964 -0.296358
v -0.669142 0.0450958 0.647076
v 0.7945821 -0.30015564 0.2962265
v 0.309779 -0.94401 0.604009
v -0.55223465 -0.9517596 0.6041641
v -0.121378 -0.206685 -0.325126
v 0.32923 -0.959961 0.590506
v 0.347473 -0.966201 0.570931
v 0.09441376 -0.29198456 -0.45973778
v -0.083545685 0.94285583 -0.20319748
v -0.57240915 0.37268937 -0.063169956
v -0.747052 0.537804 -0.287959
v -0.7592941 0.50641656 -0.16914177
v 0.17030334 -0.27776337 -0.4423399
v -0.726739 0.105312 0.700925
v -0.5846753 0.6506424 -0.50366974
v 0.37762833 -0.96967494 0.49564743
v -0.32966 -0.299352 0.56848
v -0.336907 -0.981574 -0.291445
v -0.532091 -0.790984 0.0280169
v -0.708335 0.204757 0.697753
v -0.211297 0.836292 -0.0167073
v 0.49768066 -0.92882156 0.5017395
v 0.9411 -0.759708 0.276267
v 0.316202 -0.740375 0.688837
v 0.67922974 -0.42194748 -0.16259766
v 0.524292 -0.703523 0.580695
v -0.853169 0.00468637 0.38284
v 0.28534317 -0.69544315 0.7039509
v 0.161493 -0.959321 0.628139
v -0.11309 -0.315989 -0.453831
v -0.10091019 -0.35247135 -0.4655285
v -0.125118 -0.93242 0.525912
v -0.2848376 0.09899902 0.42357445
v -0.636304 -0.935333 0.399065
v 0.5326996 -0.24615479 0.6246567
v 0.546818 -0.669263 -0.275132
v 0.72507095 -0.5791416 0.43990326
v -0.12264252 -0.49101257 -0.43871307
v -0.272034 -0.341072 0.582333
v -0.11216 -0.785846 -0.31831
v 0.739918 -0.125117 0.337096
v -0.786177 0.76234 -0.515212
v -0.464452 0.625895 0.128831
v 0.0810834 -0.975128 -0.287187
v -0.580998 0.689351 -0.717214
v -0.7168503 0.48978424 0.5466156
v 0.01984024 0.93497086 -0.32597542
v 0.0947374 -0.671494 0.713025
v -0.9419365 0.25414371 0.09381485
v -0.074920654 -0.38938236 -0.4763403
v 0.427124 -0.82199 0.576764
v 0.427801 -0.820655 -0.286341
v 0.14151764 -0.76047516 0.6870537
v -0.104438 -0.449129 -0.461349
v -0.736871 0.581707 -0.279866
v -0.102914095 -0.84084034 0.6946349
v -0.092536926 -0.5835228 -0.4158249
v -0.0968761 -0.811072 -0.329941
v -0.9332945 -0.19175372 0.21396741
v -0.119467 -0.830294 -0.336114
v -0.92475414 -0.18660784 0.123698235
v -0.48448944 -0.7503414 0.1530075
v -0.107213646 -0.8485968 -0.34586942
v 0.692141 -0.177568 -0.115257
v 0.444431 -0.653384 0.649043
v 0.5262718 -0.958231 0.03186035
v 0.991208 -0.5857 0.253603
v -0.0986939 0.861358 -0.234004
v -0.5922165 0.076086044 0.55197716
v -0.75117 0.698677 -0.22054
v 0.6383953 -0.85443115 0.3954544
v 0.65288925 0.02829647 0.36539078
v -0.13876915 -0.035194397 0.53195953
v -0.0709846 -0.953092 -0.225524
v -0.755736 0.620584 -0.304461
v 0.520063 0.133175 0.40454
v -0.320679 -0.516413 -0.198807
v 0.00197863 -0.953742 0.576946
v -0.7225418 -0.3906479 0.51049805
v -0.07383 -0.929625 -0.209808
v 0.04016 0.952884 -0.326712
v -0.9017525 0.004705906 0.26613617
v -0.099472046 0.61091995 -0.10977936
v -0.670639 0.423605 -0.1423
v -0.44334197 0.49003175 0.20892715
v -0.882345 0.550755 0.180315
v 0.58966 -0.58134 0.567166
v 0.76967335 -0.16466713 0.29149628
v 0.840923 -0.472063 0.207185
v -0.0842637 -0.468764 -0.469934
v -0.092624664 -0.48724365 -0.46081543
v -0.962129 0.422789 0.268675
v -0.076731205 -0.5389557 -0.45035553
v -0.72464466 0.5358832 -0.4451065
v -0.32837534 -0.8418536 -0.2042923
v 0.44376 -0.687846 0.644415
v -0.097522736 -0.72187805 -0.3464775
v -0.00322997 -0.932141 0.550711
v 0.55327606 0.1162529 0.3868866
v -0.350379 0.619953 -0.0993295
v 0.034106255 0.12584496 -0.1350708
v -0.194376 -0.976432 0.256719
v 0.484901 -0.146221 -0.262829
v -0.26001167 -0.7173557 0.5211334
v 0.5995159 -0.26951027 0.5774784
v 0.33044815 -0.5982897 0.72470474
v -0.02350998 0.86611557 -0.2875023
v -0.011081696 -0.20796871 0.706234
v 0.6872802 -0.03702736 0.3759575
v -0.18504 0.130618 0.376024
v 0.2349 -0.854232 -0.304941
v -0.212557 0.86111 -0.0489883
v 0.34426022 0.24620247 0.33765793
v -0.30553055 0.11431503 0.4107895
v -0.7432 0.586485 0.00999985
v -0.45411903 -0.6927864 0.33478343
v -0.08304596 -0.10060978 -0.2856989
v 0.64653397 -0.6157656 0.5282593
v -0.083992004 -0.31477547 -0.46447086
v -0.545103 -0.818551 0.54087
v -0.745285 0.672597 -0.420635
v 0.15551758 -0.78578186 0.6681061
v -0.0795388 -0.440576 -0.474857
v -0.106155396 0.8360672 -0.12783813
v -0.129448 -0.173429 0.584218
v -0.11113453 -0.65006256 -0.37462425
v -0.9676666 0.21016693 0.13463593
v -0.81581116 0.47511184 0.008857727
v -0.068912506 -0.65896606 -0.4008255
v -0.636622 0.087008 0.659708
v -0.167599 -0.957525 0.532343
v -0.749115 -0.4060278 0.47843933
v -0.22613716 0.7283745 -0.17491627
v -0.09099007 -0.779948 -0.3323927
v -0.0701593 -0.827954 -0.338553
v -0.329061 0.614376 0.0829263
v 0.982534 -0.524924 0.222117
v -0.910355 -0.315942 0.176228
v -0.0744972 -0.922554 -0.349757
v -0.924065 -0.293457 0.168679
v 0.5179043 -0.1580658 0.60398865
v 0.5822334 -0.7014828 -0.22230911
v -0.490878 0.575672 0.191426
v 0.7795687 -0.20487595 0.304039
v 0.187839 0.019213 -0.237807
v -0.928516 0.417437 0.434237
v -0.33429 0.573465 0.107989
v -0.223657 -0.356836 0.563892
v -0.609796 -0.161179 -0.204435
v -0.59666 0.711292 -0.752965
v -0.066357136 -0.25153255 -0.4420967
v -0.054296732 0.79623413 -0.25163686
v -0.59807205 0.6153984 -0.18052673
v 0.303872 -0.966922 -0.0176039
v -0.593048 0.493258 -0.207148
v 0.05360794 -0.31698227 0.75507927
v 0.573825 -0.92641 -0.00148717
v -0.60837555 0.6038265 -0.13356781
v -0.74807835 -0.5206127 0.016319275
v 0.766974 -0.54616 0.366919
v -0.176663 -0.976792 0.228759
v -0.770711 0.550732 -0.0809229
v -0.71856 -0.0893095 0.50494
v -0.727703 -0.0632651 0.497728
v -0.704779 -0.911335 0.0948469
v -0.060361862 -0.34773445 -0.47740078
v 0.7246094 -0.33227158 -0.14459229
v -0.043925285 -0.37283826 -0.48193705
v 0.75390244 -0.90750885 0.13492966
v -0.42509 0.516319 0.171748
v 0.70164204 -0.93488216 0.15598297
v -0.0658876 -0.515833 -0.4655
v 0.268004 -0.913963 0.373293
v -0.609698 0.672671 -0.733426
v -0.06331372 -0.57940674 -0.43891144
v -0.290304 -0.949843 -0.087833
v -0.295473 -0.102875 0.541934
v -0.36654282 -0.57719517 0.5266113
v -0.719253 0.385943 -0.0721112
v -0.729219 0.525641 -0.42231
v -0.05493927 -0.73350906 -0.3703766
v -0.223285 0.817208 0.000386298
v -0.06921387 -0.798759 -0.3383932
v -0.0455615 -0.844534 -0.340738
v -0.4535141 -0.57715034 -0.12062454
v -0.0705692 -0.858138 -0.347465
v -0.7083607 0.09127617 0.6976185
v -0.051579475 -0.87988615 -0.3491404
v 0.534881 -0.0769209 0.534085
v -0.9136 0.127617 0.0266682
v -0.706216 0.118558 0.705586
v -0.728933 0.131648 0.706323
v -0.047226906 0.75883484 -0.2371912
v -0.730573 0.160054 0.706798
v -0.706395 0.175608 0.704679
v 0.7990761 -0.40419388 0.30710602
v 0.278175 -0.959372 0.000698748
v -0.975464 0.133176 0.368456
v -0.67486763 0.38438797 0.6106796
v 0.2438 -0.738696 0.704285
v -0.342657 0.2256 0.251423
v 0.289894 -0.832299 0.630342
v 0.24463272 -0.91342926 0.37169266
v -0.7398491 0.5823765 0.11968231
v -0.922217 0.013344 0.215358
v -0.479053 -0.94897 -0.129927
v -0.0976561 -0.763108 0.587432
v 0.7680168 -0.17875385 0.015785217
v 0.037968636 0.030010223 -0.21599388
v -0.608588 0.89207 -0.736168
v 0.279401 -0.666029 0.714853
v 0.268056 -0.584978 0.744746
v -0.049845934 -0.4209962 -0.48168826
v -0.0570636 -0.458691 -0.479618
v 0.2554512 0.07577896 0.53443146
v 0.3053 0.14762497 -0.14630604
v -0.0491899 -0.820159 0.686902
v -0.87088776 0.40667725 0.5600281
v 0.733627 -0.383048 -0.105022
v -0.790019 0.676435 -0.311213
v -0.17636204 -0.5223446 0.5281124
v 0.2500782 -0.71471024 0.7080121
v 0.69579124 -0.28638458 -0.17684174
v 0.2041111 0.1418724 0.4940338
v -0.06178379 0.82092 -0.2553091
v 0.556341 -0.620883 -0.272397
v 0.0494268 -0.628398 0.715494
v -0.533116 -0.888647 0.271971
v 0.370147 -0.968301 0.468186
v -0.052711487 -0.5415077 0.67071533
v -0.271883 -0.94474 0.583617
v 0.869537 -0.614617 -0.0194921
v -0.610368 -0.956016 0.332317
v -0.71920776 0.3164978 0.66391754
v -0.196126 -0.697062 -0.137962
v -0.57796097 -0.6270323 -0.0074367523
v -0.7230377 0.42503357 0.6060028
v 0.752512 -0.809805 0.420561
v -0.5177748 0.575922 0.2898941
v -0.0927029 -0.971762 -0.3333
v -0.643666 0.0628548 0.642908
v -0.61012745 0.6149616 -0.64167786
v -0.061656952 -0.48759842 -0.47398186
v -0.9227104 0.5285702 0.30756378
v -0.04257965 -0.6057205 -0.4381008
v -0.4238162 0.43941045 0.16035748
v 0.9627142 -0.73977995 0.21136856
v 0.7308254 -0.04289627 0.09930229
v -0.576245 0.581424 0.0992245
v -0.29122162 -0.34033394 0.5784445
v 0.18936539 -0.24763107 -0.43018913
v -0.9184586 -0.08256936 0.20987844
v -0.6950022 -0.90019155 0.07593107
v 0.630211 -0.416579 0.564158
v 0.63368225 -0.1875 -0.1763916
v 0.20976257 -0.8912308 0.6210308
v -0.12300873 0.76747894 -0.21924591
v -0.0218836 -0.861416 -0.339313
v 0.983323 -0.522262 0.181089
v -0.656891 -0.865622 0.022345
v -0.815056 -0.325669 -0.0830101
v -0.02765274 -0.89289284 -0.3437109
v -0.32893753 0.5494871 0.10431099
v -0.326783 -0.875369 -0.270878
v -0.100440025 -0.09679413 0.5775204
v -0.6379385 0.30362892 -0.08771479
v -0.313681 -0.275179 0.567771
v -0.919014 0.453959 0.144999
v 0.670491 -0.886582 0.367731
v -0.60995483 -0.10913515 -0.20414352
v -0.71980095 0.6882553 -0.16667175
v -0.025054932 0.77197266 -0.16949463
v 0.466461 -0.636189 0.643429
v -0.011726379 -0.27537346 -0.4657364
v -0.25063515 0.84610176 -0.091178894
v 0.5713196 -0.84277344 0.47579956
v 0.057533264 -0.60911846 0.7226944
v -0.266381 -0.818224 0.536064
v -0.932148 0.38370514 0.18900299
v -0.154226 -0.690538 0.489324
v 0.56345 -0.224161 0.59844
v 0.65491486 -0.28753173 0.5467644
v -0.03299713 -0.552269 -0.46333122
v 0.468298 0.112513 0.45968
v -0.037136078 -0.6621094 -0.41706848
v -0.31302786 -0.964527 0.2734537
v 0.0879209 0.724939 -0.234993
v -0.026622772 -0.7441406 -0.38136292
v -0.585638 0.465037 -0.0725949
v 0.68327713 -0.44929504 0.50823975
v -0.04388666 -0.8111007 -0.343009
v -0.0202006 -0.83184 -0.339343
v 0.000968342 -0.848419 -0.335931
v -0.9013653 0.4375763 0.13185692
v -0.441705 0.514525 0.196664
v 0.4074211 -0.72304535 0.64328766
v -0.613254 -0.902993 0.211494
v -0.5741405 0.61666584 -0.37871552
v -0.028504848 0.8226268 -0.274279
v -0.027929306 0.7824402 -0.25671577
v 0.67480254 -0.05751419 -0.08150864
v 0.167639 0.00519191 -0.253751
v 0.664206 -0.0662814 -0.105936
v 0.14004135 -0.17583466 0.70993805
v -0.6339588 0.66888046 -0.1890297
v -0.740695 0.7751999 -0.56902313
v -0.587667 -0.966074 0.288903
v -0.592902 -0.946861 0.310432
v -0.23306 -0.620916 -0.146832
v 0.10787201 0.13180542 -0.14883423
v -0.535223 -0.787066 0.0834584
v -0.611219 0.558616 0.0332848
v 0.0075654984 -0.32613182 -0.48256397
v -0.017120361 -0.39424896 -0.4796157
v -0.276504 -0.87286 -0.325795
v -0.15406036 -0.6052375 -0.3379116
v -0.22416687 0.8601513 -0.06253624
v -0.17601013 -0.59581566 -0.26987076
v 0.389806 0.14602 0.458838
v 0.61805725 -0.9356384 0.3056488
v -0.623562 -0.835518 0.122083
v -0.0947494 -0.983041 -0.276241
v -0.176263 0.857177 -0.038073
v -0.0056033134 -0.22325802 -0.43250275
v -0.254342 -0.538312 -0.182895
v -0.248376 -0.519516 -0.194585
v 0.9221344 -0.64453125 0.37264633
v -0.95554733 0.17661476 0.58306503
v -0.64746 0.54881 -0.591248
v -0.6226393 -0.8800278 0.4672677
v 0.644912 -0.31523 0.553536
v -0.605115 0.400588 -0.0762778
v -0.607369 0.453213 -0.170699
v -0.9746082 0.15293455 0.38544846
v -0.10393524 0.074645996 0.45536804
v -0.039222717 0.9180069 -0.2731781
v -0.17648458 -0.9706774 0.17133331
v -0.020355225 -0.8020935 -0.35462952
v -0.339075 0.506945 0.0952106
v 0.706469 -0.128815 0.408104
v 0.7631073 -0.83712006 -0.013618469
v 0.3396263 -0.85984325 0.59741306
v 0.3904276 0.18817139 0.41764832
v -0.59373903 0.552886 -0.11120987
v 0.231575 -0.964226 -0.280816
v -0.0930998 0.948642 -0.158597
v 0.320358 -0.176265 0.669173
v 0.49857712 0.125988 0.43151093
v -0.15579128 0.20034951 0.14880514
v -0.662675 0.445312 -0.224019
v -0.16899252 -0.54082966 -0.34489918
v -0.21220446 -0.24640274 0.5896846
v 0.053929 0.684317 -0.191136
v -0.337078 -0.867422 -0.247677
v 0.54240036 -0.7513008 0.5311737
v -0.220951 -0.565949 -0.188994
v -0.212638 -0.24935 -0.292939
v -0.077768326 -0.9153328 0.47332764
v -0.0649652 -0.916264 0.514387
v -0.648637 -0.96746 -0.0626315
v -0.24807358 -0.5861435 -0.16265106
v -0.668624 -0.968495 -0.0432409
v -0.0104904175 -0.3076744 -0.4768362
v -0.70658493 -0.10714722 0.5172539
v -0.701793 -0.0651029 0.503663
v -0.713861 -0.0348166 0.500729
v 0.00992884 -0.378819 -0.482969
v 0.7532387 -0.902277 0.24325562
v 0.6620331 -0.12530518 0.46894836
v 0.019184113 -0.48784637 -0.4773941
v 0.81157637 -0.3593576 0.1418519
v 0.133767 -0.975042 -0.280011
v -0.077941895 0.83828163 -0.24847984
v 0.0032453537 -0.59690857 -0.45253754
v -0.866413 -0.0991957 0.00426265
v -0.011780262 -0.6481972 -0.43364334
v -0.7756958 -0.42747116 0.4332199
v 0.026649475 -0.79261017 -0.37158203
v 0.6024513 -0.2648201 -0.23761177
v 0.00504122 -0.823737 -0.346879
v -0.497424 -0.972982 -0.124324
v 0.219493 -0.0628266 0.578672
v 0.00303329 -0.877958 -0.334798
v -0.2370758 -0.12896919 -0.26715326
v 0.7603226 -0.4822197 0.38858032
v 0.64199257 -0.3993864 -0.21759224
v 0.230614 -0.977405 -0.255136
v 0.0548453 -0.650868 0.708394
v -0.620586 0.596202 -0.640514
v 0.589417 -0.869317 0.418551
v 0.0003490448 0.8195057 -0.2907753
v -0.80957794 -0.23241043 0.46559143
v -0.696469 0.0794852 0.690649
v 0.23208237 -0.94945335 0.50878906
v -0.791385 0.112582 0.675593
v -0.705688 0.146237 0.707657
v -0.937122 0.396234 0.39558
v 0.15989542 -0.92082334 0.27316284
v 0.89139557 -0.6640253 0.3951378
v -0.684071 -0.959796 -0.0183743
v -0.6790695 0.5345726 0.48737335
v -0.768832 -0.499645 0.0124327
v 0.150954 -0.387488 0.761019
v 0.813633 -0.458003 0.241116
v -0.50190735 -0.5433502 -0.13993073
v -0.31510544 0.081848145 0.43987274
v 0.39116287 -0.09187317 0.6145115
v 0.349412 -0.836749 0.60048
v 0.372614 -0.836062 0.591795
v 0.008620739 -0.34967932 -0.48508918
v -0.82375336 -0.29875183 -0.07484436
v -0.30696487 -0.8264017 -0.22401428
v -0.0146069 -0.314765 0.753423
v -0.7347717 -0.43588448 -0.11532593
v -0.833598 0.326661 0.654376
v 0.008985519 -0.45947742 -0.48031092
v 0.231678 -0.762993 0.693785
v -0.800447 -0.449415 -0.0387944
v -0.646347 0.0175148 0.538959
v -0.029270649 -0.476799 -0.47952318
v 0.297934 -0.595184 0.736843
v 0.027166605 -0.5487976 -0.46620178
v 0.0063762665 -0.56682587 -0.46497583
v -0.54851055 -0.8151188 0.13800049
v 0.023353577 -0.6286087 -0.44576836
v -0.669598 0.536278 -0.57207
v 0.017802238 -0.6782379 -0.42715454
v 0.165175 -0.616546 0.736401
v -0.96313286 0.10364246 0.12321472
v -0.308722 0.598147 0.0900441
v 0.680676 -0.756802 0.426389
v 0.0323825 -0.817019 -0.355951
v 0.219027 -0.418151 0.765021
v 0.20305 -0.433796 0.771351
v -0.662807 -0.858192 0.115741
v -0.938194 0.328846 0.167298
v 0.0033092499 0.8549514 -0.30564308
v -0.880365 0.112036 0.645907
v 0.7768135 -0.2781086 -0.029434204
v -0.648101 0.576757 0.0757586
v 0.298651 -0.945378 0.351114
v 0.315573 -0.962569 0.33769
v -0.4181924 0.45792294 0.0073976517
v -0.34656453 -0.34342575 -0.24954796
v 0.263049 0.187212 -0.0945785
v -0.5987 0.488994 -0.234732
v -0.14535 -0.823057 -0.328916
v -0.41002774 0.36248326 0.14701748
v -0.3521102 -0.83018374 -0.12663725
v -0.9067211 0.34949458 0.084163666
v -0.138839 -0.844549 -0.345845
v -0.116592 -0.181631 -0.30035
v -0.318741 -0.811661 -0.153372
v 0.50788 -0.954931 0.00819392
v 0.7638731 -0.17901397 0.33324814
v 0.04053688 -0.42538214 -0.47411704
v -0.956685 0.0820216 0.119799
v -0.59084547 0.5239134 -0.08065605
v -0.652258 0.48492 -0.369907
v 0.947551 -0.503329 0.112159
v -0.36774254 0.23631525 0.019283295
v 0.80591726 -0.3079548 0.108169556
v -0.693845 0.579563 -0.577453
v -0.68362236 0.60489845 -0.6071396
v -0.87369 -0.347811 0.317305
v 0.0306518 -0.593945 -0.456485
v -0.33546066 0.4897213 -0.01637268
v -0.201145 -0.98103 0.210367
v -0.550392 -0.802182 0.0422893
v -0.824776 -0.484331 0.204141
v -0.816096 -0.448145 0.0123777
v 0.88435936 -0.67500687 -0.027851105
v -0.577839 0.618515 -0.260721
v 0.875503 -0.731257 -0.0184092
v 0.0597146 0.900317 -0.355364
v 0.883838 -0.751156 0.00115954
v 0.8015261 -0.231233 0.12368584
v -0.00061035156 -0.053108215 0.56508446
v 0.93074226 -0.7768483 0.11294556
v -0.216724 -0.973229 0.280579
v -0.24284172 -0.97121406 0.3044548
v 0.0243357 -0.839515 -0.338556
v -0.208599 -0.45118 -0.327512
v 0.019489288 -0.85970306 -0.3297615
v -0.23706818 -0.62407684 0.53759766
v 0.528921 -0.426404 0.643254
v 0.03629875 0.879714 -0.33856487
v -0.522555 -0.657632 0.0186402
v -0.531965 0.355875 -0.051839
v 0.9444275 -0.62838745 0.035186768
v -0.44382095 -0.7493572 0.2983303
v -0.8677826 0.23771 -0.021694183
v -0.25144386 -0.21154022 0.5860739
v 0.382239 -0.974061 -0.12184
v 0.33626235 0.26910675 0.23744774
v -0.443311 0.33267 0.0170134
v 0.44672585 -0.78072166 0.5828171
v -0.407893 0.114183 0.415814
v 0.1667614 0.0059165955 0.56873703
v 0.71079826 -0.013015747 0.22322083
v 0.22709298 0.20271492 -0.06873703
v -0.552968 0.14747626 0.55106425
v 0.36977386 -0.96545553 0.12005615
v 0.726029 -0.715386 0.428726
v -0.76882 0.101034 0.687463
v 0.706433 -0.692529 0.423534
v 0.6035805 -0.22256136 -0.22477722
v 0.700229 -0.716335 0.424557
v 0.13169146 -0.328537 0.7524786
v 0.0504391 -0.517495 -0.467975
v 0.319749 -0.477622 0.740651
v 0.987267 -0.530497 0.202327
v 0.47063446 -0.06779003 -0.21445656
v -0.779824 0.484941 -0.0374769
v 0.04572618 -0.6371994 -0.44363403
v 0.0442158 -0.712519 -0.411902
v -0.193127 0.87097 -0.0519166
v -0.285437 0.825258 -0.0701003
v 0.0074157715 -0.7466736 -0.39263153
v -0.060771942 0.02720642 0.5209999
v 0.033457756 0.9314773 -0.2714839
v 0.177863 -0.0174894 -0.260835
v 0.43836975 -0.38197708 0.6985817
v 0.355587 -0.971076 -0.233633
v -0.17650533 -0.7282331 -0.18174934
v -0.149858 0.11352 0.403607
v -0.9948516 0.1361394 0.3063202
v 0.463843 -0.968076 -0.00600455
v 0.18039525 0.27068484 0.15569115
v 0.031957626 -0.3579669 -0.48423278
v -0.263509 -0.661205 -0.127383
v 0.029084206 -0.400383 -0.47809315
v 0.829005 -0.480211 0.119876
v -0.253428 -0.232055 0.585201
v -0.636806 0.482231 0.528998
v 0.382364 -0.95334 -0.251419
v 0.0525589 -0.48075485 -0.47280884
v -0.59887695 -0.8395214 0.15054321
v -0.924441 0.414093 0.461853
v -0.928517 0.528589 0.196622
v -0.47810745 0.3764224 0.00049209595
v 0.0483346 -0.60952 -0.450615
v -0.05498886 0.66206074 -0.049467087
v 0.10636711 -0.07243824 0.58130646
v 0.50035477 -0.022701263 -0.17702103
v -0.700044 -0.272727 0.555349
v 0.1302911 0.19360018 -0.09407091
v -0.149997 0.666279 -0.170445
v -0.08982849 0.6559906 -0.16255188
v -0.912769 -0.147698 0.321091
v 0.0403085 -0.856199 -0.326345
v -0.714413 -0.241269 0.551188
v 0.045559 -0.908302 -0.322565
v -0.652641 0.417852 -0.123539
v 0.6606293 -0.6374893 -0.16030884
v 0.036108017 -0.37997627 -0.48197603
v -0.597723 0.455709 -0.14546
v -0.778351 0.846916 -0.56243
v -0.6375389 0.2672019 0.60800076
v 0.06365967 -0.5605154 -0.45168114
v 0.0544827 -0.582733 -0.452567
v -0.81663513 -0.15605164 -0.07926941
v -0.792703 0.707727 -0.354763
v 0.1166687 0.10536194 0.5125427
v 0.0988401 0.804902 -0.288366
v -0.0588397 -0.776981 0.624608
v 0.0585553 0.777046 -0.304011
v 0.5538025 -0.2988267 0.620142
v -0.452284 -0.728161 0.376338
v -0.858355 0.447112 0.0664954
v -0.465044 -0.619649 0.406947
v -0.455212 -0.644845 0.394191
v 0.9088 -0.648601 -0.0107593
v -0.343288 -0.943106 0.587873
v -0.471333 -0.937204 0.62161
v 0.7285919 -0.051573753 0.25674438
v 0.090229034 -0.77545166 -0.38160324
v -0.382306 -0.8771 -0.134722
v 0.05621338 -0.8379822 -0.33744812
v -0.692081 -0.0130259 0.509051
v 0.0661354 -0.852362 -0.325047
v 0.0569469 -0.878815 -0.3203
v -0.76842 0.860682 -0.575597
v 0.294775 -0.12556648 0.62287617
v -0.663435 0.627367 -0.67326546
v 0.354398 -0.150529 0.643207
v 0.332775 -0.138746 0.637683
v -0.911313 0.384337 0.529438
v -0.29155922 -0.60298157 -0.15149689
v -0.0668795 0.608175 -0.0720527
v 0.080332756 -0.3960771 -0.468405
v -0.815854 -0.494731 0.127172
v 0.4421692 -0.31145477 0.66903687
v 0.49199712 0.20703283 0.13919258
v 0.47413635 -0.4440155 0.6786041
v 0.0743679 -0.508586 -0.461776
v -0.520209 -0.676424 0.12795
v 0.0277166 -0.912655 0.521086
v -0.9241352 -0.19540024 0.30823898
v 0.122028 -0.30385 0.754145
v 0.06742954 -0.69161415 -0.4174404
v -0.687126 0.10287 0.699139
v 0.077206 -0.718056 -0.412618
v 0.086815834 -0.7429924 -0.40211105
v -0.680455 0.16007 0.702678
v -0.681621 0.190282 0.695767
v -0.3936839 0.30203345 0.10666847
v 0.374694 -0.189628 0.663426
v -0.450019 0.51133 0.2228
v -0.684275 0.218388 0.685102
v -0.6600876 -0.31343842 0.57427216
v 0.959298 -0.546012 0.0721059
v -0.07046032 -0.10505104 0.5849047
v 0.101841 -0.138813 -0.304468
v 0.36668968 -0.8126869 0.6084595
v 0.10210037 -0.8784933 -0.31391096
v 0.06586796 0.816988 -0.33593798
v -0.7152511 0.44562054 -0.17288113
v 0.291904 -0.0521718 0.558528
v 0.32878876 -0.036920547 0.5498371
v 0.324919 -0.974804 -0.179491
v 0.03139496 0.68489456 -0.19570923
v 0.31015396 -0.021633148 0.5474491
v -0.178219 -0.746456 0.502642
v -0.43272 0.495284 0.185769
v 0.21099591 0.07850647 0.5389519
v 0.456446 -0.858949 0.577215
v 0.22702265 0.029565811 0.56093884
v 0.201732 0.0418262 0.557182
v 0.30199 -0.623744 0.729388
v 0.278332 -0.617097 0.741052
v -0.523714 0.427008 0.434256
v 0.29844642 0.107486725 0.50289345
v 0.260508 -0.759056 0.696935
v 0.0282621 -0.61733 0.706958
v 0.122184 -0.945664 0.537321
v 0.7275009 -0.30026245 -0.13871765
v 0.8565407 -0.7230098 -0.03535843
v 0.890083 -0.700645 -0.0183278
v 0.000308761 0.638996 -0.110937
v -0.812211 0.127081 0.660315
v 0.53530693 -0.56900597 -0.28433228
v 0.220865 -0.940722 0.0611038
v -0.29112458 -0.3797443 0.5727778
v -0.468136 0.462463 0.00153287
v -0.278654 -0.53905 0.556032
v -0.713842 0.453086 -0.208463
v 0.089458466 -0.9040828 -0.31555176
v -0.584143 0.779018 -0.771401
v 0.1032238 -0.34734917 -0.46835184
v -0.6958275 0.40351105 0.61265945
v 0.33195156 0.2718547 0.15748692
v 0.114967346 -0.4349742 -0.4641013
v 0.572779 -0.780533 -0.204897
v 0.10734749 -0.50882816 -0.45090437
v -0.605373 0.637254 -0.696287
v 0.10085487 -0.5668154 -0.43966055
v -0.916477 -0.178156 0.0988978
v 0.5218773 -0.09148216 0.56095123
v 0.883065 -0.5162 0.331785
v 0.09916115 -0.588171 -0.43974543
v -0.919738 0.482691 0.142941
v 0.5779114 -0.8670654 0.43652344
v -0.575741 -0.86256 0.358131
v -0.0165017 -0.965915 -0.317931
v 0.08759308 -0.66181374 -0.420094
v -0.5768273 0.64229965 -0.42713547
v 0.111506 -0.718471 -0.407743
v -0.206309 -0.782462 0.544379
v -0.316867 0.505418 0.0712076
v -0.23342156 0.06173992 -0.18312836
v 0.07012749 0.21435523 -0.02702713
v 0.09244156 -0.85026455 -0.326643
v -0.646088 -0.945482 0.205195
v -0.31590986 0.24073625 0.15004992
v -0.906517 0.3298042 0.065021515
v 0.7201432 -0.022524446 0.14993525
v -0.06590867 -0.049877167 -0.26781273
v 0.04314089 -0.19880867 -0.41327572
v 0.12980938 -0.38776207 -0.46623802
v -0.104076 0.656405 -0.0185766
v 0.960176 -0.64824 0.0553059
v -0.506136 -0.677162 0.205793
v 0.424844 0.161924 0.420415
v 0.087758064 -0.5376415 -0.44710684
v 0.5118227 0.17778087 0.04160118
v -0.19261551 -0.5289812 -0.2887268
v -0.918011 0.0162791 0.157199
v 0.8681793 -0.81440353 0.05117798
v 0.0925648 -0.951417 -0.305371
v 0.12321323 -0.8224697 -0.35725212
v -0.5148039 0.30002594 0.47657776
v -0.0238696 -0.935315 0.697651
v -0.40777206 -0.9309151 0.6070471
v -0.349171 0.68671 0.0885028
v 0.20072842 -0.068175316 -0.2668867
v 0.71062064 -0.89603424 0.014518738
v -0.48932648 -0.7703228 0.15526104
v -0.283826 0.602883 0.0828586
v 0.118357 -0.949094 0.647944
v -0.9059124 -0.24163437 0.07010651
v 0.5588217 -0.7980728 -0.20263672
v -0.420878 0.231191 0.420414
v -0.0202421 -0.753398 0.627265
v 0.49987602 0.16230392 0.38110352
v -0.32700348 0.72600555 -0.1122551
v 0.341746 -0.111214 0.626073
v 0.135701 -0.354702 -0.465569
v -0.72839355 -0.46271133 0.46046448
v -0.7772603 -0.5257845 0.11090851
v 0.1490097 -0.4738865 -0.44627953
v 0.4079361 -0.7579193 0.62216187
v 0.443538 0.172339 0.39668
v 0.0814821 -0.0957756 -0.286805
v 0.10739136 -0.6170578 -0.43483734
v 0.613511 -0.780318 -0.0869438
v -0.603003 0.6280079 -0.6192169
v -0.224447 -0.880899 0.63843
v 0.7191429 -0.559124 0.45448303
v -0.520721 0.171272 0.536925
v 0.138331 -0.630688 -0.430555
v 0.131383 -0.660585 -0.417843
v -0.12749195 0.12989235 0.38835907
v -0.168052 -0.836178 0.658752
v -0.34912872 0.47364235 0.011806488
v 0.15421295 -0.7276573 -0.39514923
v -0.766666 0.493281 -0.0853103
v -0.9268637 -0.2281189 0.30108643
v -0.8759117 -0.03032118 0.076942444
v -0.716748 0.885859 -0.610068
v -0.18088818 -0.31523418 -0.36825752
v 0.14908218 -0.79998016 -0.36780167
v -0.8593483 -0.34694266 0.3847313
v -0.719592 0.520629 -0.473279
v 0.17694378 0.26422882 0.082966805
v -0.56296873 -0.21431255 -0.2267847
v 0.13102 -0.0386768 -0.272322
v 0.22200227 0.273669 0.23464298
v 0.7411823 -0.5905056 -0.04459381
v 0.28238642 0.2764883 0.14890194
v -0.586087 -0.146781 -0.210912
v -0.380463 -0.951496 -0.213926
v -0.236943 0.669058 0.00218423
v 0.25022173 0.25270748 0.34204674
v 0.3749199 0.22861195 0.000118255615
v -0.0700438 -0.234816 -0.428485
v -0.675354 0.73635864 -0.6471405
v 0.093762875 0.17325974 -0.10168457
v 0.259881 -0.149731 -0.296568
v 0.15828514 -0.32735538 -0.4626825
v -0.7451737 0.50422573 -0.25219917
v -0.183333 -0.229759 -0.295057
v -0.6715698 0.68712234 -0.6435089
v 0.75588036 -0.27880096 -0.08683777
v -0.967368 0.119478 0.56636
v -0.889539 -0.00256496 0.116477
v -0.6713085 -0.2520342 0.56544685
v -0.275205 -0.879618 0.565031
v 0.14622 -0.546526 -0.435297
v -0.20679355 -0.8320582 0.6107707
v -0.699281 -0.216598 0.556725
v -0.4926262 -0.44758606 -0.21720123
v 0.12699127 -0.6897888 -0.4081478
v -0.68837 -0.900516 0.128692
v -0.551434 -0.906719 0.269897
v -0.564476 -0.859309 0.572017
v 0.1570034 -0.88639784 -0.30890083
v -0.625984 -0.9586 -0.0760655
v -0.466825 -0.810951 0.550589
v -0.65195465 -0.3756237 -0.20560074
v -0.562409 -0.072879 -0.213549
v -0.6536455 -0.043022156 0.5107374
v -0.519849 -0.785827 0.00329574
v -0.58543015 0.024406433 -0.16457748
v -0.68423 -0.0410197 0.501244
v -0.666197 -0.018966 0.504087
v -0.678349 0.515801 -0.528253
v -0.65348315 0.5222149 -0.5155716
v 0.42799 -0.715957 0.636817
v 0.10392094 0.11186981 -0.16603184
v 0.16197968 -0.34800756 -0.46289968
v 0.707775 -0.775833 0.430961
v 0.15225983 -0.41919994 -0.46065092
v -0.2325077 -0.5766165 0.54448414
v -0.7492652 0.48177624 -0.14839172
v -0.235308 -0.662368 -0.12672
v -0.22143 -0.642666 -0.139361
v 0.160442 -0.520729 -0.438524
v 0.7395086 -0.74121344 0.43572593
v -0.139704 0.789856 -0.215264
v 0.62013054 -0.7502661 -0.12123871
v -0.577352 0.753485 -0.765503
v 0.710341 -0.668908 -0.0576505
v -0.45447922 -0.9804512 0.2681389
v 0.7243347 -0.36301804 0.45803833
v 0.7960186 -0.31996918 0.05152893
v -0.205409 -0.750283 0.50311
v -0.762288 -0.480101 -0.055351
v 0.154219 -0.679791 -0.407203
v -0.682405 0.129929 0.703226
v -0.197717 0.558225 -0.0574045
v -0.705089 0.550778 -0.539849
v 0.744261 -0.593704 0.39563
v 0.731747 -0.618358 0.410374
v -0.353096 -0.917486 -0.269792
v 0.13882446 -0.7556 -0.38711548
v 0.13965988 -0.22258377 0.7412386
v -0.19231415 0.8700409 -0.14100647
v -0.8023205 0.38097477 -0.03576088
v -0.113812 -0.945062 0.71116
v 0.16816711 -0.9112606 -0.3072014
v -0.70191765 0.57115936 -0.54244995
v 0.0613188 -0.716051 0.681989
v -0.0923945 0.60009 -0.0777698
v -0.153687 0.777768 -0.090925
v 0.287903 -0.0751169 0.57292
v -0.14549637 -0.5469818 -0.3768463
v 0.159903 -0.745692 0.703978
v 0.958001 -0.492347 0.208388
v -0.884744 0.163615 0.645436
v -0.5525255 0.4501071 0.481853
v 0.589541 -0.531892 0.560554
v 0.14338684 -0.44709015 -0.45565796
v -0.100941 -0.269285 -0.438424
v 0.222547 -0.376563 0.75679
v 0.209265 -0.347636 0.757778
v 0.281223 -0.642347 0.729467
v 0.151133 -0.578101 -0.431663
v 0.5178089 -0.6871586 -0.30553818
v 0.0457601 -0.256188 0.747425
v -0.0102062 0.986857 -0.232618
v 0.2001648 -0.7750168 -0.37440777
v 0.3568344 0.016428709 -0.22305202
v 0.24983215 -0.83686066 0.6237831
v -0.463238 -0.69686 0.220359
v -0.09489441 0.87150574 -0.12664795
v 0.252279 -0.85025 0.61258
v -0.19827557 -0.32099104 -0.33514977
v 0.14889526 -0.24581432 -0.43789864
v -0.0871547 -0.808968 0.677023
v -0.18688774 -0.80501556 0.5949898
v 0.1493988 -0.93563557 -0.30454922
v -0.476256 0.428625 0.00644477
v 0.183453 -0.963272 -0.288368
v 0.42566586 -0.23962212 -0.32047462
v -0.691758 0.448645 -0.227886
v -0.691723 0.431581 -0.161739
v 0.0467889 0.687208 -0.139641
v 0.158211 -0.0878889 -0.278105
v 0.177129 -0.305434 -0.450828
v 0.32299423 -0.5561657 0.72678185
v -0.836476 0.496027 0.0454492
v 0.17598 -0.432863 -0.449167
v -0.196792 -0.193204 0.592476
v 0.83983 -0.836726 0.0507963
v 0.185783 -0.456306 -0.442782
v 0.07564354 -0.80138016 0.6410208
v -0.421975 0.353025 0.0698257
v -0.028575 0.984593 -0.209077
v -0.164911 -0.752677 -0.238198
v 0.93701744 -0.7385044 0.065086365
v 0.17685318 -0.555254 -0.42486668
v -0.6459122 0.82481956 -0.7331314
v 0.109861 -0.110642 -0.287397
v -0.79663 0.750373 -0.430062
v -0.087768555 -0.47874165 0.6498413
v 0.15729904 -0.634449 -0.4260769
v 0.7752495 -0.36631584 -0.02513504
v 0.330458 -0.975683 0.0318491
v 0.19441032 -0.73625636 -0.3804283
v 0.16909027 -0.7635193 -0.3798914
v -0.86691284 -0.17153168 0.401062
v 0.885578 -0.642355 -0.0250793
v -0.480395 -0.69164 0.200625
v -0.321358 -0.965689 -0.33557
v -0.32671928 -0.50808716 0.55905914
v -0.334136 -0.0370265 0.530521
v 0.755913 -0.876159 0.0313067
v -0.795052 0.809039 -0.529816
v -0.306186 -0.636939 -0.137461
v -0.4849 0.587192 0.168509
v 0.51859283 -0.8634629 -0.10487366
v 0.72546387 -0.8777466 0.3543396
v -0.514504 0.119537 0.520212
v -0.854693 0.0722051 0.637296
v -0.604348 0.540647 -0.00484395
v -0.8008957 -0.3233866 -0.10697174
v 0.0354242 -0.0844032 0.577306
v 0.49683666 -0.04367113 0.53255415
v -0.14674187 -0.4988327 -0.41077805
v -0.430775 0.416764 0.0461429
v -0.13994503 -0.96118605 -0.36144686
v 0.810585 -0.456222 0.0881673
v -0.6262722 -0.44176102 -0.19509506
v -0.39777583 0.33080116 0.17387176
v -0.6461754 0.5801134 0.10443115
v -0.17248 -0.883352 -0.363587
v 0.16432762 -0.37640762 -0.4583931
v 0.189276 -0.407072 -0.446417
v 0.202846 -0.43497 -0.44201
v 0.17966843 -0.4943905 -0.43732452
v 0.21679306 -0.5509062 -0.41900373
v -0.533999 -0.818929 -0.0233212
v 0.25517845 -0.20479584 0.71863747
v 0.182667 -0.612125 -0.426132
v -0.34113 0.250146 0.159774
v -0.28188 -0.838787 0.544525
v 0.10423231 -0.12346363 0.6169443
v 0.28828716 -0.25175095 0.72701645
v 0.20515823 -0.68032074 -0.3963318
v 0.65122986 0.055330276 0.034690857
v 0.00046920776 0.10476494 -0.15592766
v -0.027404 -0.957024 0.685973
v -0.48870468 -0.6804371 0.22912598
v -0.4507227 -0.7132369 0.32156086
v -0.374265 0.733569 -0.0648437
v 0.22199059 -0.94118166 -0.29697943
v 0.516076 -0.841853 -0.175282
v -0.958521 0.296323 0.310212
v -0.9514065 0.30070877 0.156353
v -0.550262 0.18474 -0.084917
v -0.6682205 0.04532242 -0.10550308
v -0.8958349 -0.05918169 0.11836624
v -0.429569 0.259245 0.417751
v -0.940511 0.28930378 0.44870758
v -0.51877594 -0.2940569 -0.25455785
v -0.236388 -0.350368 -0.278432
v -0.271329 -0.367463 -0.250557
v 0.71684647 -0.63710785 -0.06736755
v -0.37253952 -0.035690308 -0.22886276
v -0.856814 0.0982076 0.64724
v 0.201183 -0.355856 -0.451442
v 0.224148 -0.125344 0.624416
v 0.356487 -0.950253 0.59125
v 0.00215505 0.0126254 -0.232472
v 0.5761795 -0.41312408 -0.2715912
v 0.2012558 -0.5272584 -0.42279434
v -0.799516 0.74968 -0.474688
v -0.1703217 0.03653288 -0.2020328
v 0.5691986 -0.31741142 0.6077423
v 0.06678772 -0.9325113 -0.19212723
v 0.206443 -0.619256 -0.417684
v -0.41836548 -0.9778271 0.37538147
v -0.230192 -0.810476 0.557841
v 0.20305061 -0.6484833 -0.40877914
v -0.194139 -0.385155 0.55229
v -0.6758385 -0.22718096 0.5621252
v -0.67818546 -0.19109535 0.5603728
v 0.213434 -0.71855 -0.378848
v 0.5192108 -0.55397034 0.60458374
v -0.6835294 -0.1683693 0.5540695
v -0.395248 -0.950825 -0.162262
v -0.161952 -0.398802 0.573897
v -0.723426 -0.458973 -0.107226
v -0.756735 0.480547 -0.113033
v 0.207147 -0.859753 -0.303543
v 0.222455 -0.881061 -0.297301
v 0.24806976 -0.91874504 -0.2958908
v -0.0803366 -0.769849 0.608599
v -0.496361 0.452733 0.000534309
v 0.976402 -0.511012 0.203109
v 0.293914 -0.196987 -0.368317
v -0.220249 -0.978681 0.196532
v -0.908272 0.437593 0.474087
v 0.953944 -0.715888 0.302735
v 0.20465755 -0.33358538 -0.4506464
v -0.400556 0.736362 0.0123551
v 0.214224 -0.382987 -0.441749
v 0.6729622 -0.6010628 0.50860596
v -0.625409 0.571523 -0.574091
v -0.453963 0.0884619 0.451131
v -0.9032974 0.41827393 0.50990295
v 0.2448883 -0.48607635 -0.42728424
v -0.25124168 0.16317368 0.3609562
v 0.37852478 0.077293396 0.49637794
v -0.117268 -0.981225 -0.263772
v 0.25585556 -0.3424759 0.7552352
v -0.2184844 -0.43947685 -0.3106079
v 0.221158 -0.574743 -0.421845
v 0.24843091 -0.97442937 0.17409849
v 0.103732 0.792486 -0.312445
v 0.195381 -0.568557 -0.422629
v 0.201719 -0.593718 -0.422323
v 0.227981 -0.600519 -0.418798
v 0.5188141 -0.3923111 0.65457916
v 0.24342346 -0.6869507 -0.38953018
v -0.351418 -0.981686 0.0494835
v -0.540215 0.399459 0.445571
v -0.495889 0.378 -0.0181544
v -0.756297 0.870661 -0.654595
v -0.17834091 -0.35544968 -0.3948555
v -0.413546 0.426565 0.0983204
v -0.395221 0.449773 0.0969964
v 0.23618317 -0.7976246 -0.3592682
v 0.0986387 0.766091 -0.25806
v -0.585943 0.583677 0.12975
v -0.496023 -0.865066 0.265235
v 0.18371439 0.08600998 -0.18829727
v -0.5853326 0.5236489 0.0011755228
v -0.947251 0.0773085 0.571441
v 0.80328965 -0.8839843 0.19054985
v 0.191465 -0.677736 0.715905
v 0.99618006 -0.59293175 0.1453743
v -0.14915323 -0.6492424 0.49520588
v -0.092909336 -0.926751 0.21033955
v 0.817577 -0.456818 0.157463
v 0.152508 -0.841906 0.627657
v -0.151798 -0.445042 0.562229
v 0.31023407 -0.22698975 0.7070465
v 0.78223324 -0.16491318 0.18328857
v 0.23705673 -0.29880166 -0.4229908
v 0.37806 -0.94011 0.590208
v -0.12988 -0.809589 0.659789
v 0.32845545 -0.08799362 0.6035347
v 0.235399 -0.330156 0.758092
v -0.06728268 0.06365204 -0.18517685
v -0.84503937 0.5599427 0.15020752
v 0.22812653 -0.40600622 -0.43637085
v -0.31280422 -0.36697292 0.56731534
v -0.024318576 -0.12707233 -0.2892964
v 0.21807861 -0.4614563 -0.43772697
v -0.751042 0.542452 -0.218152
v -0.0627573 0.640748 -0.0296157
v 0.7836764 -0.15986538 0.11583519
v 0.23265076 -0.6464157 -0.40491867
v 0.51418304 -0.72413635 0.5788269
v 0.215487 -0.645858 0.732482
v -0.1531105 0.58596134 0.0004386902
v 0.43363667 -0.9333439 -0.22234344
v -0.22851181 -0.971354 -0.22637749
v -0.3196497 0.23644364 0.062203407
v 0.244324 -0.719941 -0.37448
v -0.17885447 -0.45837975 -0.38978958
v 0.235753 -0.774509 -0.369123
v 0.24475098 -0.87872124 -0.29351902
v -0.20469004 -0.8546603 0.644461
v -0.29022694 -0.12289047 -0.25697327
v -0.8101692 0.32572174 -0.03287506
v 0.220414 -0.969801 0.554067
v 0.2192465 0.17438507 -0.10194397
v -0.487852 0.481166 -0.00304858
v -0.886839 -0.20065 0.0176243
v -0.294151 -0.776335 0.527159
v -0.58087 0.697556 -0.690318
v 0.226578 -0.327183 -0.435824
v 0.225292 -0.353893 -0.439859
v 0.242625 -0.374697 -0.429667
v -0.657113 0.473045 0.547268
v 0.27208328 -0.39185333 -0.42071915
v -0.10832977 -0.47525692 0.6127167
v 0.7180624 -0.06269932 0.33902168
v -0.132117 -0.93845 0.228588
v 0.281026 -0.92592 -0.137835
v 0.01245141 -0.33324504 0.7536169
v 0.8421898 -0.7710867 -0.023857117
v -0.595341 0.649051 -0.671257
v -0.165295 -0.422327 0.557925
v 0.913058 -0.75644 0.0407455
v -0.151362 -0.957216 0.231246
v -0.9978246 0.14459288 0.27612114
v -0.61894226 0.8773861 -0.6868553
v 0.824994 -0.700458 0.427419
v 0.247146 -0.579757 -0.415437
v -0.933879 0.394349 0.420138
v 0.573814 -0.065162 0.50807
v 0.254564 -0.605597 -0.408843
v -0.434521 0.469683 0.186726
v -0.8813629 -0.3470497 0.29772186
v -0.493811 -0.719227 0.135048
v -0.24109149 0.2172432 0.22770691
v -0.9192829 -0.12256622 0.1253128
v 0.310328 -0.929386 0.376884
v 0.2411232 -0.7464123 -0.36918926
v -0.310789 -0.983316 -0.309159
v -0.2852173 -0.2247963 -0.28068447
v 0.548285 -0.102467 0.547812
v -0.57675457 0.7933121 -0.68984985
v -0.9012728 0.16344202 -0.00025749207
v 0.46459198 -0.9131985 0.562912
v 0.899024 -0.62042 -0.0101948
v -0.255246 -0.951222 -0.368508
v 0.742376 -0.78173 0.434992
v -0.58788323 0.22020805 -0.087949306
v -0.585041 0.443338 -0.0649699
v 0.25780106 -0.26373196 -0.41047096
v -0.255117 -0.655495 0.533919
v 0.24943542 -0.4395752 -0.43275452
v 0.371206 -0.726143 0.673533
v -0.219731 -0.412339 -0.313522
v 0.23908997 -0.53408 -0.41110325
v 0.86376953 -0.8002739 0.025878906
v 0.15918732 -0.95233727 0.53347015
v 0.32508087 -0.20604974 -0.3578987
v -0.657734 0.80346 -0.517181
v 0.257213 -0.667505 -0.391407
v -0.930302 -0.270772 0.156784
v -0.00972809 -0.343012 0.759176
v -0.615282 0.422356 -0.108242
v 0.017538548 -0.981753 -0.2662859
v -0.421728 0.399802 0.0869389
v -0.337465 -0.366164 0.562993
v -0.234276 0.849978 -0.115058
v -0.27372742 0.82372665 -0.102321625
v -0.23487425 0.8570411 -0.08122182
v 0.266753 -0.775807 -0.358945
v -0.28813 -0.973435 0.13158
v 0.65885 -0.474376 0.526169
v 0.253634 -0.820139 -0.336678
v 0.256494 -0.8378 -0.316355
v 0.00204218 0.69572 -0.114303
v 0.044955254 -0.9690654 0.62047195
v -0.197076 0.724783 -0.0497947
v -0.13439178 0.877903 -0.1972847
v 0.0650444 0.24973097 0.25085258
v 0.2594178 0.27756748 0.18084002
v 0.5113163 0.06991482 -0.12599945
v -0.161062 -0.124803 0.574562
v -0.71802 0.726884 -0.242899
v 0.27353978 0.016089678 -0.24026948
v -0.57678604 -0.88652813 -0.07253456
v 0.6702652 -0.9008255 0.34747314
v -0.0794326 0.911478 -0.126565
v 0.35159302 -0.786911 -0.33406067
v 0.35007954 0.2611289 0.08439827
v -0.6658957 -0.63146913 0.17364597
v -0.917008 0.410842 0.489437
v -0.023854 -0.948498 -0.334368
v -0.165084 0.621904 0.0323837
v -0.732152 0.5481796 -0.37664032
v -0.286123 -0.739851 0.524375
v -0.82200336 -0.4738369 0.06824684
v -0.6435771 -0.19863367 0.5651088
v -0.102036 0.16624832 -0.04168129
v -0.608527 -0.132831 -0.203292
v -0.36807 -0.958617 -0.260156
v 0.272643 -0.319517 -0.413442
v 0.189272 -0.225847 -0.420581
v 0.252463 -0.344063 -0.424878
v -0.65075684 -0.13829231 0.5528765
v 0.5816803 -0.11582184 0.53684235
v -0.442519 -0.720861 0.284175
v -0.954701 0.127497 0.588186
v 0.26167488 -0.9216795 0.47108746
v 0.275683 -0.419093 -0.423802
v -0.08345032 0.66231155 -0.037021637
v 0.28372574 -0.53907394 -0.4024582
v -0.0429735 -0.961428 -0.226822
v -0.117144 0.808115 -0.121858
v -0.166939 -0.492158 0.533173
v -0.635662 0.576111 -0.632132
v 0.271712 -0.583114 -0.40636
v 0.26225 -0.63499 -0.396022
v -0.25455 0.647543 0.0325776
v -0.500849 -0.662189 0.279128
v 0.275121 -0.682081 -0.378547
v 0.2708127 -0.71079063 -0.37225246
v -0.8977685 -0.0025019646 0.1482544
v 0.269609 -0.72836 -0.366596
v -0.29646778 -0.86966276 -0.2953353
v 0.63459015 -0.64678955 -0.18964386
v -0.45779526 -0.67530775 0.34810448
v -0.857513 -0.278498 -0.0436979
v 0.245579 -0.531528 0.738352
v 0.223805 -0.544884 0.743607
v -0.8500061 0.2870407 0.6659851
v -0.626884 -0.931706 -0.0710371
v -0.49778 0.527869 -0.00556744
v 0.462393 -0.850306 -0.261911
v -0.901056 -0.137763 0.0706289
v -0.93631 0.400888 0.195822
v -0.875432 -0.405542 0.161972
v 0.20197487 -0.96284795 -0.1899662
v -0.75048447 -0.46588898 -0.08126068
v 0.928252 -0.543181 0.337572
v 0.586141 -0.732472 -0.217125
v 0.29039574 -0.35305882 -0.4142604
v -0.34807 -0.490957 0.562253
v 0.795229 -0.472751 0.305347
v 0.18038702 -0.37334538 0.7598829
v 0.0087602 -0.0958707 0.578508
v 0.30157852 -0.4709835 -0.41898394
v 0.193077 -0.62578 0.738911
v -0.906545 0.545563 0.274922
v 0.29229736 -0.55986404 -0.39935493
v -0.484585 -0.582485 -0.0988944
v 0.262961 -0.559513 -0.406623
v 0.997897 -0.62951 0.153978
v -0.87436 -0.275921 -0.0168744
v -0.326605 -0.248705 0.566645
v 0.280475 -0.606187 -0.396113
v 0.282186 -0.656077 -0.379599
v -0.379016 0.453977 0.0763649
v 0.29011536 -0.6903238 -0.37518144
v 0.288248 -0.748379 -0.359393
v 0.275248 -0.802066 -0.343849
v 0.347371 -0.257286 0.71504
v -0.5620861 -0.82037354 0.4279251
v 0.045985222 0.00019836426 -0.23718548
v 0.374679 -0.162703 0.645653
v 0.951539 -0.502351 0.263805
v 0.30543518 -0.8848915 -0.28577995
v 0.34939766 -0.75476074 0.67087555
v 0.317147 -0.118585 0.624097
v -0.33146524 -0.9837582 -0.2368908
v 0.30541992 -0.916032 -0.2848258
v 0.524662 -0.8697128 0.5260849
v 0.285066 -0.935289 -0.288461
v -0.51401997 -0.83251953 0.34519958
v -0.60498047 0.15078163 0.6326523
v -0.5573311 -0.31617093 -0.23785782
v 0.955738 -0.500303 0.134791
v -0.87506866 0.51431274 0.4202423
v -0.794223 0.770714 -0.457125
v 0.932665 -0.723212 0.329569
v 0.29162836 -0.01719594 -0.23963422
v 0.28407216 -0.038727283 -0.24289572
v 0.366014 -0.643008 0.685564
v 0.290126 -0.751572 0.695907
v 0.0011320114 0.6439934 -0.13180923
v -0.8705845 -0.16678524 -0.013751984
v -0.228566 -0.227519 0.590992
v 0.0977478 -0.52520466 0.7362442
v -0.463813 -0.650544 0.366295
v 0.276946 -0.849437 0.613531
v 0.27144814 -0.87293935 0.6067436
v -0.5539093 -0.8136215 0.016845703
v -0.100348 0.922136 -0.109492
v 0.533889 -0.37852 0.644165
v -0.19728732 -0.72621346 -0.13114738
v 0.305955 -0.603957 -0.388211
v -0.64118576 0.4572296 0.5475311
v -0.620076 0.452528 -0.195728
v -0.608313 0.469251 -0.215926
v 0.292713 -0.628136 -0.38154
v -0.599524 0.472691 -0.189369
v -0.633837 0.153308 0.674407
v 0.296742 -0.779202 -0.346602
v -0.357477 -0.944995 -0.276626
v -0.122278 -0.228628 -0.374442
v -0.2754805 0.21849346 0.0036678314
v -0.97305393 0.18175465 0.40804958
v -0.154642 0.761402 -0.20605
v 0.27708292 -0.17620873 -0.3482976
v 0.5309601 -0.5884609 0.5991459
v 0.7683716 -0.23897266 -0.030303955
v 0.8370819 -0.8183632 0.018859863
v -0.673401 0.905741 -0.720419
v 0.31505585 -0.3264265 -0.40065765
v 0.608961 -0.36693 -0.238259
v -0.56637275 0.770181 -0.74999654
v -0.11618042 0.86938477 -0.09856415
v -0.306555 -0.852999 0.555879
v -0.221425 -0.202929 0.59051
v 0.3004589 -0.4917202 -0.4151802
v -0.350704 0.611419 0.0977734
v 0.808786 -0.53977 0.345709
v 0.315759 -0.105806 -0.252642
v -0.608615 0.654075 -0.71947
v 0.09000969 0.016059875 0.5615597
v 0.295068 -0.583023 -0.39759
v -0.7391434 0.7300339 -0.5134735
v 0.723694 -0.808187 0.426133
v 0.7188568 -0.50567245 -0.12541199
v 0.217259 -0.746275 0.709489
v -0.569262 0.20055 0.561446
v 0.233083 -0.401151 0.756062
v 0.315302 -0.652579 -0.371361
v -0.746212 0.445023 -0.0785873
v -0.5945816 0.35605502 0.49601936
v 0.621821 -0.318504 0.566876
v 0.231717 0.006499 0.565837
v -0.19010496 0.071653366 -0.1744709
v -0.773803 0.504622 -0.0601614
v 0.33582354 -0.8242359 -0.30945873
v 0.315919 -0.852759 -0.297441
v 0.7420924 -0.061002254 0.14977264
v 0.82229614 -0.8654578 0.100250244
v -0.809281 -0.00111854 -0.0153035
v -0.556874 -0.355116 -0.236382
v 0.9607544 -0.6699295 0.06465149
v -0.342789 0.239432 0.220051
v 0.31783104 -0.05114937 -0.24380207
v 0.27788162 -0.08435249 -0.25686264
v -0.294393 0.147215 0.380399
v -0.024694443 -0.65795135 0.65883636
v 0.624319 -0.806021 0.431921
v -0.15689898 -0.7498046 -0.2623062
v 0.825902 -0.509938 0.308053
v -0.93955517 0.4336977 0.19417572
v 0.315495 -0.39315 -0.412942
v -0.252141 -0.375595 -0.256987
v 0.330005 -0.418739 -0.408393
v -0.68788147 0.70682526 -0.6038513
v 0.303586 -0.418277 -0.418561
v 0.31810093 -0.4412489 -0.41601348
v 0.71060944 -0.87096405 0.37436676
v -0.226807 -0.0247426 -0.23332
v -0.00092697144 0.22652721 0.2747383
v -0.629212 0.772814 -0.742724
v 0.35544014 -0.55633545 -0.37662792
v 0.31988525 -0.5808325 -0.39146042
v -0.402591 -0.976608 -0.150508
v 0.214473 -0.134208 0.651903
v -0.694183 0.510479 -0.512793
v 0.314927 -0.685547 -0.373661
v -0.14364 -0.904246 0.709939
v 0.319638 -0.730985 -0.366258
v -0.286286 -0.475251 -0.206234
v 0.7218094 -0.4369316 -0.107917786
v 0.85609436 -0.68358994 0.41108704
v -0.76292 0.703198 -0.251483
v 0.0257064 0.680192 -0.118984
v -0.775993 0.825827 -0.523633
v -0.5841589 0.5629053 -0.16625977
v 0.409172 -0.562319 0.689507
v -0.0858554 0.640961 -0.0125985
v 0.333004 -0.92752 -0.279576
v -0.557394 0.588799 0.118917
v 0.524753 -0.494672 0.625032
v 0.35211134 0.25331736 0.04772377
v -0.729688 0.592479 -0.339702
v -0.209945 0.702519 -0.0327027
v -0.1298647 -0.6242752 0.511467
v 0.592975 -0.744685 -0.198177
v -0.1764183 0.7147751 -0.058490753
v 0.47397614 -0.01889038 -0.18608093
v -0.763616 0.540904 -0.102333
v -0.425625 -0.750578 0.235128
v 0.51022243 -0.9684194 0.05947399
v 0.3461876 -0.48711395 -0.39662743
v 0.330006 -0.511873 -0.396175
v 0.83065796 -0.81560516 0.35583496
v 0.34148216 -0.53248405 -0.3835039
v -0.7011566 -0.45321274 -0.13648224
v -0.642986 -0.0256517 0.508098
v 0.57588196 -0.35863495 0.60071564
v -0.774892 0.578045 -0.133025
v 0.3370819 -0.60321426 -0.38157272
v -0.39203358 -0.96782935 0.20430183
v -0.42401886 -0.80685234 0.53377914
v -0.11935234 -0.7007065 -0.33631897
v 0.33047485 -0.6251583 -0.3740921
v -0.237471 -0.750451 -0.114165
v -0.664429 0.601531 -0.658155
v 0.245062 -0.449599 0.748872
v -0.758556 0.598 -0.0632097
v -0.676279 0.413505 -0.114679
v 0.351705 -0.935738 -0.274162
v -0.78113556 0.13986015 -0.06658745
v 0.240409 -0.42523 0.753022
v 0.14792442 -0.15770149 0.69034195
v -0.347401 0.558204 0.116645
v -0.249017 -0.000722061 -0.225398
v -0.895159 -0.0355719 0.241899
v 0.062514395 0.93368125 -0.31888115
v 0.662806 -0.542724 0.51724
v 0.442519 -0.0691628 0.583154
v 0.74504566 -0.112745285 0.30438614
v 0.484879 -0.714178 0.617537
v -0.7262535 0.60164165 -0.36494446
v 0.55319977 0.15705204 0.081977844
v 0.2846527 0.06046295 0.5360718
v 0.3326416 -0.36436462 -0.39858246
v 0.30225372 -0.272377 0.73349
v 0.349617 -0.4100765 -0.3951664
v -0.67310905 -0.54834175 -0.038780212
v 0.5910034 -0.36579704 -0.25017548
v 0.70721436 -0.6349664 -0.09697342
v 0.11500549 0.17625427 0.45087814
v 0.224864 -0.441862 0.762477
v -0.253937 -0.355364 -0.265111
v -0.03623 -0.332144 0.752303
v 0.1460948 -0.30793953 0.75350183
v -0.07839966 -0.92365265 0.52615356
v 0.00508564 0.984047 -0.257912
v 0.5827236 -0.8190994 -0.081178665
v 0.392842 -0.0693212 -0.23346
v -0.25984 -0.9690467 0.5495415
v 0.35220337 -0.65237904 -0.36301804
v -0.17122662 -0.922801 0.02213335
v 0.135834 -0.697816 0.710351
v 0.179591 -0.840223 0.623038
v -0.38069153 0.7153702 -0.067596436
v 0.189794 -0.701841 0.720406
v -0.14913654 -0.97791505 -0.25586224
v 0.44135 -0.279233 0.66038
v 0.35131073 -0.72304153 -0.3615589
v 0.182891 -0.525753 0.750667
v 0.33404922 -0.75146484 -0.35594177
v -0.0184387 0.638824 -0.070761
v -0.17738438 -0.41101146 -0.40842056
v 0.175751 -0.723988 0.716777
v -0.491295 0.401477 -0.00618374
v -0.470411 -0.778295 0.41299
v 0.581437 -0.757776 -0.212776
v 0.34514236 -0.8867798 -0.2841053
v 0.357113 -0.911913 -0.276675
v -0.232945 -0.540715 -0.191839
v 0.600638 -0.748084 -0.176909
v 0.58950424 -0.7699995 -0.18287659
v 0.281662 -0.55408716 0.7360425
v -0.41104126 -0.63386154 -0.13158417
v -0.410878 -0.758714 -0.0946439
v 0.255962 -0.681119 0.712015
v -0.6096611 -0.8608246 0.17267609
v 0.33854675 -0.029664993 -0.23461056
v 0.3164482 -0.713789 0.695837
v 0.271965 -0.73058 0.705742
v 0.7488289 -0.90969276 0.19763184
v -0.221124 -0.386711 -0.304013
v -0.363703 -0.772967 -0.112682
v 0.35325623 -0.28704333 -0.38228798
v 0.05673361 -0.13260937 0.6121435
v -0.96546936 0.17645264 0.12086487
v -0.68771 -0.89441 0.0350534
v -0.573994 0.729024 -0.755412
v -0.356082 -0.963794 0.568969
v -0.850237 0.256444 -0.0279083
v -0.22601318 0.59147644 -0.11433411
v -0.15618515 -0.77129173 0.57323074
v 0.357136 -0.511388 -0.388148
v -0.397308 0.451088 0.0241599
v -0.620453 0.45863986 0.5275402
v 0.885367 -0.629115 0.397719
v 0.368335 -0.580836 -0.374278
v 0.160359 -0.509852 0.757135
v -0.158447 -0.923206 0.703957
v -0.4905243 -0.49404907 -0.18702698
v 0.77307224 -0.14598846 0.2208252
v -0.63121533 0.21918571 -0.0941191
v -0.87542343 0.2383337 0.66060257
v 0.23147583 -0.96907926 0.5812855
v -0.174646 -0.959193 0.307425
v 0.945574 -0.526687 0.0738363
v 0.017829895 -0.2942009 -0.47442627
v -0.44085 0.391417 0.0392129
v 0.7881241 -0.41921568 -0.0005302429
v -0.57081604 -0.4176712 -0.21728897
v -0.757187 0.465098 -0.0835899
v -0.434841 -0.0944785 0.550184
v -0.183603 -0.97652 -0.360699
v 0.38290215 -0.28954434 -0.37408733
v 0.3645172 -0.34160042 -0.3785324
v 0.6910362 -0.14736557 -0.11285782
v 0.583447 -0.504264 0.565322
v 0.39016724 -0.38579285 -0.37547302
v -0.0480677 0.977814 -0.187234
v 0.049424 0.724513 -0.250453
v -0.7090378 0.70153046 -0.5418091
v 0.027758 -0.97529 -0.233381
v 0.36725 -0.441125 -0.380967
v -0.76518726 0.67874336 -0.40387726
v 0.301653 -0.911375 0.428519
v 0.371108 -0.48876 -0.386276
v 0.5340271 -0.5073395 0.60530853
v -0.17034006 -0.24045944 0.5869708
v -0.57666403 0.65311736 -0.3972195
v -0.16692448 -0.5591383 -0.34201622
v -0.554332 -0.630718 -0.00789557
v -0.574677 0.137332 0.569042
v 0.382324 -0.556829 -0.373529
v 0.36839294 -0.62932825 -0.3609047
v -0.4937563 0.34878397 0.42144108
v -0.903419 0.469181 0.125538
v 0.33439255 -0.7047734 -0.36956215
v 0.910018 -0.676397 -0.00552305
v 0.5501518 -0.014116287 0.5022106
v 0.38463974 -0.78189087 -0.32696152
v 0.36586 0.03775215 -0.20898628
v 0.3645382 -0.8220911 -0.30681324
v -0.160285 -0.572944 0.512538
v -0.690073 0.492898 -0.436572
v 0.374583 -0.888192 -0.280803
v -0.56689453 -0.4452095 -0.20812607
v -0.403985 -0.605014 -0.140338
v -0.638794 -0.957672 0.415493
v 0.15431 -0.116272 0.5923
v -0.275751 0.774202 -0.134501
v -0.732196 0.495195 -0.299028
v -0.47745633 -0.5337639 -0.15355301
v 0.17542076 -0.062238693 -0.26991892
v -0.276372 -0.340365 -0.261287
v -0.68782043 0.79948425 -0.6618042
v -0.127186 0.194544 0.235239
v -0.138845 0.186134 0.259397
v -0.149088 0.174793 0.282682
v -0.761678 0.651293 -0.151712
v -0.11656618 0.13451958 -0.09870529
v -0.71268463 0.54729843 -0.5062485
v -0.356016 0.251043 0.240857
v -0.515772 0.146444 0.529903
v -0.101317 0.615294 -0.0087873
v 0.897545 -0.783141 0.0475398
v -0.7786944 0.824698 -0.59823513
v -0.6278057 0.07500076 -0.108558655
v 0.397619 -0.489325 -0.377431
v 0.383881 -0.511689 -0.383481
v 0.0449896 -0.159675 0.666934
v 0.39530754 -0.53186035 -0.37742805
v -0.801477 -0.464359 -0.0124799
v 0.14139557 0.23145199 -0.02345848
v -0.5894456 -0.8355897 0.49348095
v 0.378702 -0.605436 -0.366125
v -0.62786484 -0.34335327 0.58226585
v 0.53948784 -0.9229698 0.4013214
v -0.5892081 -0.8221431 0.123348236
v -0.06712341 -0.5975075 0.6077881
v 0.946586 -0.514059 0.290098
v 0.37221527 -0.68002415 -0.3601265
v 0.379528 -0.715509 -0.353604
v 0.986943 -0.559567 0.257356
v 0.4083786 -0.74879456 -0.32977295
v 0.38412 -0.807457 -0.310486
v -0.3924942 -0.6837177 0.49162292
v 0.38067245 -0.8615799 -0.29250145
v 0.386211 -0.908617 -0.270143
v -0.76395 0.523484 -0.0811703
v -0.4723115 0.51106656 -0.013290286
v -0.637225 -0.296797 0.587948
v -0.430135 -0.741656 -0.0873711
v 0.00494149 -0.0988209 -0.280807
v -0.7174835 0.7206116 -0.539917
v 0.43785 -0.246741 0.654285
v -0.0986754 -0.171826 0.590146
v 0.60214424 -0.93367386 0.019018173
v -0.729186 0.489243 -0.271356
v -0.6351433 -0.21749818 0.5737076
v -0.62970734 -0.25993252 0.5895119
v 0.4478302 -0.2846756 -0.3309555
v -0.8122349 0.51068115 0.48524475
v -0.13667393 -0.08502579 -0.27911925
v -0.135129 -0.122674 0.57744
v -0.621713 -0.129554 0.559124
v -0.443534 0.537267 0.183094
v -0.62150955 -0.09522629 0.54873466
v -0.64335823 0.21699524 0.6547394
v 0.379809 -0.414779 -0.379212
v -0.953051 0.101728 0.581413
v -0.22415543 -0.51950264 0.550529
v 0.399806 -0.438141 -0.367779
v -0.624206 -0.00909999 0.505939
v 0.373069 0.00670154 0.526961
v 0.276381 -0.515991 0.736655
v 0.53606415 -0.94506836 0.0103263855
v -0.9775696 0.2378006 0.18354034
v 0.415857 -0.530975 -0.369665
v -0.091656685 -0.15348983 -0.29280853
v -0.527207 -0.876594 0.294099
v -0.4960251 0.64974976 0.06447029
v -0.576403 0.58442 -0.246767
v 0.41075134 -0.6003189 -0.35936546
v 0.236041 -0.664194 0.723954
v -0.87192535 -0.11803818 0.37860107
v 0.21319962 0.17514038 0.45726013
v -0.0395998 0.639428 -0.0472222
v 0.43788147 -0.122881174 0.6192608
v 0.387596 -0.825676 -0.300812
v 0.404969 -0.839749 -0.292685
v 0.223795 -0.620435 0.745062
v -0.15076447 -0.88946533 -0.3604908
v 0.790703 -0.18689728 0.10006523
v -0.962907 0.0601185 0.165214
v 0.3232746 -0.1975708 0.6855736
v 0.0927905 0.749306 -0.28315
v 0.9281006 -0.6570778 0.012039185
v -0.97621155 0.2518654 0.3430481
v -0.42376816 -0.8390827 -0.10472822
v 0.238723 -0.965184 0.528237
v 0.0757939 -0.543579 0.72498
v 0.24597502 -0.49625587 0.7423668
v -0.400237 0.190284 0.3977
v 0.189482 -0.937182 0.127908
v 0.26258087 -0.6345329 0.7380371
v 0.40502548 -0.3549347 -0.3638649
v -0.2121849 -0.3421588 -0.31526756
v 0.15781 -0.535793 0.745814
v 0.177142 -0.548931 0.746677
v 0.4020157 -0.46425438 -0.36943054
v -0.14969 -0.87837 0.695194
v -0.206675 -0.312725 0.565054
v 0.40815 -0.512197 -0.375018
v 0.381171 0.169916 0.440927
v 0.169119 -0.665621 0.713432
v -0.147685 -0.247933 -0.36444
v 0.411303 -0.555256 -0.366088
v -0.28989983 -0.8107405 -0.198555
v 0.186783 -0.473333 0.770934
v 0.163261 -0.483996 0.769109
v -0.19937897 0.6796379 -0.023220062
v 0.167465 -0.46169 0.773942
v -0.9923763 0.13475657 0.21637726
v 0.16850376 -0.9177389 0.06073761
v 0.601425 -0.51239 0.553077
v 0.42609 -0.673219 -0.346449
v 0.342651 -0.73291 0.686426
v 0.405332 -0.692985 -0.351216
v 0.307206 -0.140112 0.636777
v 0.410093 -0.723099 -0.34113
v 0.033761 -0.827786 0.65866
v -0.4457 -0.711106 0.215756
v 0.294775 -0.372283 0.738323
v 0.311658 -0.424725 0.740761
v 0.40571785 -0.80981207 -0.29961205
v 0.196597 -0.059765 0.58467
v 0.4133072 -0.86452484 -0.28154373
v -0.40835953 -0.73291016 -0.10082245
v 0.290004 -0.441643 0.745258
v 0.45359278 -0.9518347 -0.1379757
v -0.55663 -0.802414 0.0967636
v -0.179334 -0.401187 0.552938
v 0.2919178 0.028666973 -0.23489428
v 0.619854 -0.266086 0.570789
v 0.297245 -0.53676 0.73247
v 0.61294746 0.091967106 0.34373093
v -0.17832 -0.927886 0.686982
v -0.23385048 0.66166496 -0.15739346
v -0.3746643 0.50152016 0.12360382
v -0.340004 -0.471877 -0.213276
v -0.445495 -0.785785 0.503323
v -0.682816 0.556506 -0.597248
v 0.42066574 0.19276428 0.3869629
v 0.207834 -0.396408 0.76253
v -0.106033325 0.93329144 -0.17406845
v -0.496634 -0.721108 -0.0200631
v -0.33724976 0.67030334 -0.11128998
v -0.411142 0.372525 0.172535
v 0.52266 -0.648241 0.60364
v 0.6314657 0.09396982 0.105270386
v 0.4416809 -0.35664368 -0.3463745
v 0.92755127 -0.6813278 0.018218994
v -0.53603554 0.2995491 0.49098587
v 0.0577323 -0.840462 0.657849
v 0.40947342 -0.4028082 -0.36722183
v -0.6825714 -0.39553833 0.53289795
v -0.976617 0.125099 0.446782
v -0.15959889 0.7499244 -0.082560435
v 0.469019 -0.668486 0.642615
v 0.522867 -0.674677 0.59575
v -0.365742 0.127481 0.382812
v 0.666592 -0.508845 0.513308
v -0.12787437 0.7815876 -0.111888885
v 0.65232086 -0.54835606 -0.19511414
v -0.21100211 -0.59371567 -0.1851139
v -0.120124 -0.947164 -0.224884
v 0.5220375 -0.61743 -0.29805756
v -0.558769 0.573157 0.0490217
v -0.2764 -0.637 -0.135265
v -0.918008 -0.0929284 0.250277
v 0.433238 -0.702739 -0.344277
v 0.42241 -0.76472 -0.31591
v 0.43053 -0.789313 -0.294151
v 0.39440727 -0.2663455 -0.36311436
v 0.427571 -0.843302 -0.28297
v 0.5131531 -0.44924545 0.6486206
v 0.17066383 0.15931702 -0.12005615
v -0.4016533 -0.5602417 -0.15957642
v 0.47222137 -0.542202 0.6516342
v -0.36081982 -0.8062253 -0.11548042
v 0.6904373 -0.21762371 0.4868927
v 0.69970703 -0.20314789 -0.11798096
v 0.953873 -0.494151 0.235997
v -0.5989189 -0.88016844 -0.05796814
v -0.340968 -0.784264 -0.119761
v -0.785697 0.754177 -0.404037
v -0.640285 0.494934 -0.392348
v 0.42987823 -0.4681549 0.6902466
v -0.521904 0.372212 0.435604
v -0.771252 0.876219 -0.630266
v 0.42955017 -0.4102478 -0.35488892
v 0.044795 0.945218 -0.300941
v -0.966481 0.0542283 0.208984
v 0.0760885 -0.739914 0.680844
v -0.139366 -0.964958 0.674774
v -0.1893158 0.5902481 -0.10915375
v -0.590968 0.64958 -0.2570858
v 0.41521454 -0.6315608 -0.34794998
v 0.189866 -0.941902 0.158541
v 0.40941238 -0.65518355 -0.34871292
v 0.450168 -0.80636 -0.274102
v 0.446739 -0.83379 -0.274531
v -0.030578613 -0.92144454 -0.19132566
v -0.20268822 -0.475729 -0.31698227
v -0.10839653 -0.9022944 -0.3550079
v 0.353321 -0.623213 0.69902
v -0.539237 -0.146797 -0.229703
v -0.456772 -0.768173 0.336293
v -0.118236 0.593495 -0.0844648
v -0.6075096 -0.30280685 0.59481335
v 0.378612 -0.144256 -0.275176
v -0.60435104 -0.26578808 0.59840965
v -0.587765 -0.956214 0.571134
v -0.145313 -0.933683 -0.215125
v -0.859166 -0.390921 0.30792
v 0.8740587 -0.4992485 0.3096733
v -0.603732 -0.187039 0.575363
v -0.611135 -0.160149 0.564256
v -0.589412 -0.137311 0.564446
v 0.6264496 -0.7135563 -0.15005875
v 0.6158757 0.10085106 0.3105011
v -0.63108826 0.75172186 -0.40544415
v -0.274157 -0.391055 0.57245
v 0.71666527 -0.6367302 0.42560387
v -0.336575 -0.761627 -0.120121
v 0.440327 -0.963875 -0.150777
v -0.33787358 -0.7238412 -0.1232999
v 0.397707 0.23807907 0.042993546
v -0.534005 -0.983045 -0.105536
v 0.81451 -0.456449 0.113476
v -0.8912306 -0.33781338 0.2779503
v -0.20541 -0.42240715 -0.34617615
v 0.272848 -0.117935 -0.264881
v -0.219944 0.66189003 0.0045433044
v 0.992531 -0.547609 0.216147
v 0.7707758 -0.12441665 0.14532995
v 0.5832825 -0.7796612 0.4960518
v 0.392632 -0.120009 0.629388
v -0.15050268 -0.52158356 -0.39073944
v 0.43379974 -0.5247135 -0.3615799
v 0.14164734 -0.24785614 0.74830437
v -0.315431 -0.801557 0.536267
v 0.4679718 -0.6184006 -0.33039856
v 0.359895 0.11091 0.487138
v -0.63656 0.541384 -0.530645
v 0.48447037 -0.6397691 -0.32135773
v 0.266955 -0.914923 -0.0570133
v 0.06737858 -0.28062057 0.7481804
v 0.25136185 -0.3113556 0.7552376
v 0.2876892 -0.32661438 0.7499981
v 0.28219604 -0.2989502 0.7478218
v -0.468891 -0.978311 -0.124657
v -0.508085 -0.945959 -0.118426
v 0.46201324 -0.68452144 -0.3352127
v 0.9770336 -0.6506424 0.087524414
v 0.53752804 -0.8638687 -0.07309055
v -0.13031673 -0.84731483 0.68187237
v 0.460458 -0.705921 -0.336387
v 0.2195549 -0.7819748 0.6805992
v -0.55425835 0.2025814 0.5503788
v 0.48104 -0.839496 -0.242977
v -0.195422 -0.500737 0.538775
v 0.31397247 -0.7713089 0.67678833
v -0.704548 -0.93704 0.0260995
v 0.16347885 -0.28481674 0.75139046
v -0.887671 0.190516 0.644299
v -0.216657 -0.383339 0.556237
v 0.33623886 0.19515991 0.42814636
v 0.7665634 -0.48696136 -0.034599304
v 0.361071 -0.672391 0.691255
v 0.33534 -0.682606 0.697547
v -0.20793724 0.7410183 -0.0420475
v -0.784423 0.679348 -0.284986
v -0.35944176 -0.44083405 -0.21541595
v 0.45422816 -0.13060045 -0.26755285
v -0.410451 0.435858 0.0489831
v -0.99378586 0.16343105 0.3316269
v 0.168412 -0.640368 0.724212
v 0.342858 -0.652463 0.697506
v -0.74687195 -0.3290701 -0.16570282
v 0.121623516 -0.6242752 0.7387359
v 0.143617 -0.635597 0.733811
v 0.348141 0.173133 0.449251
v 0.186511 -0.499198 0.76089
v -0.411589 -0.621001 0.473769
v 0.46559143 -0.5016155 -0.34791756
v -0.26590347 -0.08143139 -0.2450347
v 0.4787674 -0.53189754 -0.3433857
v -0.0522418 0.616183 -0.0915558
v -0.88881874 -0.06258011 0.08569336
v -0.484036 0.634865 0.111112
v -0.521981 -0.680955 0.102745
v 0.0850418 0.892112 -0.338436
v -0.7661743 -0.3488207 -0.13475037
v 0.475093 -0.724914 -0.324195
v 0.462626 -0.780683 -0.28351
v -0.273225 -0.31504 0.582873
v 0.13153076 -0.7423172 0.6950302
v 0.22462845 -0.56553555 0.745425
v -0.0430942 0.621231 -0.0682048
v -0.440122 -0.803632 -0.085243
v -0.392255 -0.777375 -0.101192
v -0.351283 -0.293398 -0.260951
v 0.197742 -0.918795 0.0469741
v -0.37586164 -0.9300115 -0.21555519
v 0.48858643 -0.35938263 -0.322464
v 0.90244675 -0.72564507 0.003967285
v 0.246818 -0.10113 -0.265931
v 0.7322006 -0.91455555 0.0892334
v 0.4655304 -0.5805931 -0.34139633
v 0.487074 -0.60031 -0.324301
v -0.367689 -0.935588 -0.254157
v -0.141637 0.809307 -0.0974483
v -0.8024597 0.4497223 0.57125854
v 0.339651 -0.000239483 0.532481
v 0.62290406 0.10435104 0.22237015
v -0.124938965 0.8335724 -0.10736847
v 0.481248 -0.703195 -0.327746
v 0.4744339 -0.75009155 -0.30765533
v -0.169879 -0.924453 0.048695
v -0.954041 0.42353 0.336208
v -0.45210648 -0.017868042 -0.22131872
v -0.031074524 0.8766084 -0.19356537
v 0.7958126 -0.8634529 0.046531677
v -0.3613739 -0.55158997 -0.17873383
v -0.597992 0.873363 -0.757298
v -0.647663 -0.000302851 0.511014
v -0.35487938 -0.73818874 -0.11821604
v -0.402312 -0.509925 0.534446
v -0.23346 -0.438499 -0.245073
v -0.164938 -0.923586 0.457125
v -0.545017 -0.237032 -0.239094
v 0.0034153461 0.8685758 -0.22242665
v -0.42721796 0.30461633 0.37212276
v -0.17425 0.77219 -0.0715657
v -0.174651 0.594664 0.0242076
v 0.48760605 -0.48565865 -0.3320732
v -0.353158 -0.885811 -0.232598
v -0.211283 -0.73982 -0.114441
v -0.49805737 -0.80532074 0.38106537
v -0.42203903 0.3422134 0.28836536
v -0.568002 0.579788 0.072779
v -0.17480162 0.19650686 0.06750202
v -0.567835 0.749962 -0.746613
v 0.027599335 -0.17068589 -0.3637526
v -0.204881 -0.405855 0.550786
v -0.14385986 0.026931763 0.48458862
v -0.182946 -0.971034 0.282258
v -0.9260307 0.3414154 0.5298767
v 0.2987213 -0.26327682 -0.40351963
v -0.83283234 -0.44916344 0.26039124
v -0.244801 -0.434054 0.55841
v 0.491218 -0.573458 -0.329487
v -0.466738 -0.792768 0.342426
v -0.471074 -0.914421 0.623423
v 0.0332533 -0.809996 0.643467
v 0.409257 -0.809234 0.586652
v -0.85813904 -0.27383804 0.4043579
v 0.61912 -0.602355 -0.221184
v 0.33258 -0.127086 -0.262203
v 0.036211014 -0.9566965 -0.2115469
v 0.0457626 -0.922004 0.527973
v -0.447017 0.446769 0.0114827
v 0.78962135 -0.23908997 0.27481842
v 0.23843 -0.973346 0.211776
v -0.8658476 0.56175715 0.28810692
v -0.72665787 -0.35701656 -0.1730175
v 0.5498085 -0.9700916 0.109550476
v -0.347492 0.473697 0.0616195
v -0.592242 -0.37887 0.575158
v 0.4482884 0.22118855 0.06805611
v 0.7088976 -0.07375336 0.37083817
v -0.0556257 -0.200242 0.661906
v 0.56005096 -0.26442695 0.60672
v -0.18988228 -0.10910416 -0.269454
v 0.077056885 -0.47047806 0.7466316
v -0.162077 -0.422096 -0.423877
v -0.06429672 -0.29213905 0.72618675
v -0.338439 0.644641 -0.108933
v -0.1520462 -0.9380355 0.12473488
v -0.3230319 0.23007154 0.21470451
v -0.595026 -0.211224 0.589181
v 0.61738396 -0.7005253 -0.1724701
v -0.35573196 -0.59106445 -0.1597271
v 0.825565 -0.466539 0.182951
v 0.7402649 -0.37854004 0.43203735
v 0.676497 -0.421781 0.515887
v 0.64808655 -0.39928603 0.549675
v -0.31520796 -0.9689722 0.533762
v -0.89527893 -0.24839592 0.3597107
v 0.03939438 0.7381973 -0.17366028
v -0.8589134 0.54488945 0.11898804
v -0.62437534 -0.038116455 0.51719666
v -0.957277 0.0956824 0.384175
v -0.638305 -0.945693 0.484276
v -0.51832294 -0.360981 -0.25090504
v 0.234904 -0.591566 0.747999
v -0.10504532 -0.01890564 0.53520584
v -0.318464 -0.114172 0.551023
v 0.4318514 -0.9616302 0.12959671
v -0.6625676 -0.98427916 0.023208618
v 0.21409512 -0.018257141 0.57082844
v 0.5717697 -0.5766525 0.57836914
v 0.506055 -0.595507 -0.310608
v -0.321827 0.692231 0.0776794
v 0.498023 -0.712106 -0.315687
v 0.48837662 -0.8110695 -0.24595642
v -0.6726786 0.24119174 -0.09686805
v -0.48226738 -0.06401229 -0.22392273
v 0.793034 -0.737455 0.434775
v 0.00771041 0.674949 -0.0971924
v -0.34574318 -0.5070324 -0.20294952
v 0.7087002 -0.020849228 0.28202057
v -0.8124161 -0.38593918 -0.059131622
v -0.38077736 0.6173153 -0.08347225
v 0.66049 -0.853894 0.39523
v 0.66730213 -0.8240967 0.41178322
v -0.530516 0.496456 0.000607861
v 0.211353 -0.292886 0.750043
v -0.355404 -0.616364 -0.150145
v -0.3547535 -0.12517929 -0.25585794
v -0.8978462 0.10604477 0.019634247
v 0.21728587 -0.18200874 0.7134962
v -0.033036 0.956007 -0.263466
v -0.46855068 0.5087576 0.32042694
v -0.36603713 -0.19403297 -0.2627799
v 0.5059509 -0.4135008 -0.31607056
v 0.263695 -0.433246 0.743054
v 0.30166054 -0.3999653 0.73637533
v -0.5704498 0.7347288 -0.7299948
v -0.210911 -0.628272 -0.157411
v 0.50977325 -0.5006714 -0.32118988
v 0.5198593 -0.31920815 0.641943
v -0.390625 0.7135849 0.06843567
v -0.156616 -0.22534 -0.310542
v 0.451207 -0.40975 0.696442
v 0.5081291 -0.53808594 -0.3219452
v 0.44326568 -0.9713519 0.016918182
v -0.618422 0.466753 -0.242087
v -0.654015 0.0225022 0.572563
v 0.296232 -0.175899 0.681595
v -0.6886673 0.18448782 -0.09301865
v -0.197254 -0.642004 -0.174879
v 0.302237 -0.846512 0.611754
v -0.22842789 -0.6532707 0.5242615
v -0.8727951 0.3022766 0.6396179
v -0.90969086 -0.16776085 0.07365036
v -0.39516497 0.5824871 0.13980389
v -0.19064713 0.7701225 -0.052288055
v 0.7029419 -0.5661545 0.47711182
v -0.3639393 -0.47966003 -0.20355225
v -0.89475346 0.02262497 0.088581085
v 0.34485245 -0.7908783 0.6487808
v -0.33946085 -0.09537983 -0.25330317
v 0.431705 0.142197 0.44079
v 0.2815199 -0.9098611 0.41228104
v 0.28017044 -0.97745013 -0.21578598
v 0.41845322 0.038513184 0.509861
v -0.8265228 -0.44319534 0.30493927
v -0.83065796 -0.22642517 -0.08288574
v 0.49513626 -0.18296814 0.62282753
v 0.5295571 -0.9142151 -0.030582428
v -0.46359253 -0.7304592 0.17385864
v 0.668174 -0.0920035 -0.118492
v -0.64437866 -0.98307705 -0.03970337
v 0.52241516 -0.4562149 -0.3125801
v 0.5186157 -0.51621246 -0.31445312
v -0.8653946 0.50446033 0.08080292
v 0.135055 -0.519628 0.748797
v 0.23376465 -0.26488113 0.7408819
v -0.386905 -0.920607 -0.171364
v -0.593322 0.670722 -0.723833
v 0.52939606 -0.5941391 -0.2875061
v -0.140229 0.865563 -0.0684727
v -0.323997 -0.845535 -0.235895
v 0.432669 -0.0578603 -0.21737
v 0.49961472 -0.68133545 -0.3187542
v -0.94467 0.354558 0.300241
v -0.21735 -0.9664092 0.6072159
v 0.45119476 0.08269882 0.48261642
v -0.172673 -0.969049 0.580354
v -0.121849 0.888894 -0.0841726
v -0.655472 -0.909981 -0.0329323
v -0.0774532 0.610956 -0.0967907
v -0.883301 -0.223346 -0.0011471
v -0.241472 -0.411887 -0.238012
v -0.449951 -0.75139 -0.0732883
v -0.508854 -0.08933735 -0.22402143
v -0.196069 0.734986 -0.186682
v -0.40286255 0.62651825 -0.06901932
v -0.2272129 -0.108932495 0.55464935
v -0.834233 0.112564 0.649633
v -0.819999 0.354386 -0.0199657
v -0.36933708 0.58690596 -0.08158374
v -0.36432457 -0.08074188 -0.250144
v 0.4815607 -0.9417343 -0.045646667
v -0.659616 0.585983 0.00563967
v -0.450317 0.4155 0.0240785
v -0.61826 0.490865 -0.331538
v -0.61890125 0.800539 -0.5878868
v 0.07296753 -0.041131973 0.574831
v 0.0310477 -0.111097 0.582179
v 0.360741 -0.8544 0.594094
v -0.9442291 0.32649708 0.19725418
v 0.547087 -0.499012 -0.294634
v 0.540655 -0.526488 -0.292373
v 0.562275 -0.816012 0.500523
v -0.7422776 0.7901001 -0.4149475
v -0.9348166 0.35855103 0.43572807
v -0.932651 -0.173923 0.173449
v -0.190057 -0.426164 0.546889
v -0.47575963 -0.79077196 0.3749876
v -0.482565 -0.125243 -0.250277
v -0.448313 -0.723843 -0.0789448
v -0.3389511 -0.15064812 -0.25835347
v -0.9684658 0.1965146 0.5396614
v -0.588367 -0.403899 0.564215
v -0.566698 -0.387061 0.572073
v 0.064884 -0.58817 0.724935
v -0.5968504 -0.3542137 0.5843239
v -0.588954 -0.314463 0.592792
v -0.784714 0.809866 -0.508878
v -0.578553 0.0725874 0.524987
v 0.256352 -0.94749 -0.28933
v 0.93481064 -0.75097275 0.30213928
v -0.579607 -0.235709 0.599739
v -0.6085248 0.5907184 0.3123951
v -0.144696 -0.918456 -0.188552
v -0.0276422 -0.822402 0.682397
v -0.582116 -0.164244 0.572226
v -0.17532349 -0.6455231 -0.23547363
v -0.9325218 0.10607147 0.064575195
v -0.6721649 0.6256199 -0.6475067
v -0.3635 -0.410478 -0.226728
v 0.5484314 -0.310503 -0.2796135
v -0.0503343 -0.935658 -0.212363
v -0.60165167 -0.020658493 0.5120802
v 0.5458851 -0.4229889 -0.29629135
v -0.169435 -0.958137 0.675931
v -0.768047 0.723021 -0.303152
v -0.65879 0.404921 -0.099919
v 0.55176 -0.466446 -0.295643
v -0.395735 -0.926921 -0.143653
v -0.8646164 0.14803982 -0.025260925
v 0.55812836 -0.52444553 -0.2817688
v 0.699111 -0.67989254 -0.068642616
v 0.166354 -0.695194 0.713334
v 0.2733121 0.08647156 -0.20547485
v -0.07492256 -0.32120323 0.7300558
v -0.7686157 -0.1675682 0.49627686
v -0.23986053 -0.19931793 -0.28176975
v 0.5359683 -0.89185715 -0.049518585
v -0.71098 0.803826 -0.634007
v 0.773157 -0.719168 0.43651
v 0.99075985 -0.649456 0.13403702
v -0.48245025 -0.7860365 0.4694457
v 0.115634 -0.471455 0.761835
v -0.77783394 0.43058777 0.5999298
v -0.89778113 -0.33411813 0.24720383
v 0.209899 -0.839683 0.618706
v 0.19384 -0.865313 0.622048
v -0.0704732 -0.368698 0.734664
v 0.0430275 -0.240116 -0.448097
v 0.398973 -0.928578 -0.257574
v 0.16380215 -0.43275547 0.77359796
v -0.61420393 0.2914586 0.5523567
v -0.333191 -0.687754 -0.129364
v 0.2975328 -0.47270966 0.7453227
v -0.762764 -0.51364326 0.03614807
v -0.468829 -0.690369 0.247037
v -0.35783672 -0.25905395 -0.2644602
v 0.7610855 -0.4410019 -0.051116943
v -0.620522 0.590986 -0.615586
v 0.13290787 0.071525574 0.53479004
v 0.16914749 0.028068542 0.5603218
v -0.446539 -0.706619 0.238287
v -0.17601776 -0.64268494 0.50252914
v -0.275654 -0.960378 0.567022
v 0.949684 -0.585849 0.338923
v -0.684105 0.439967 -0.196322
v -0.83878326 -0.3473816 0.42059326
v -0.58735657 0.48729134 -0.14173508
v 0.08824158 0.08555603 0.5222473
v 0.154184 -0.087629 0.583609
v -0.129886 0.904875 -0.178074
v -0.560689 -0.929504 0.600883
v 0.812817 -0.725316 0.429877
v -0.19652748 -0.9700304 0.5250702
v 0.0967556 0.862969 -0.33565
v 0.200532 0.0121742 0.565637
v -0.586082 0.157013 0.593299
v 0.47655106 -0.18916512 -0.2738428
v -0.8340759 -0.3198824 -0.059249878
v 0.24725199 -0.47939873 0.7434497
v -0.466947 -0.967746 0.587025
v -0.92038846 0.017045021 0.255085
v 0.53855133 0.13800812 -0.0071640015
v 0.36370468 0.254282 0.2903862
v -0.959848 0.476214 0.252465
v -0.581939 0.6706805 -0.38271904
v -0.660021 -0.947896 -0.0536093
v 0.256816 -0.408218 0.744486
v -0.49843693 -0.6250324 -0.058307648
v 0.33211875 0.1315937 -0.15951347
v -0.670146 -0.911291 -0.00337474
v -0.470485 -0.143119 -0.259493
v 0.40254 0.0136885 0.525567
v -0.88674486 0.55570245 0.24500656
v -0.7412033 -0.5547552 0.062480927
v 0.13247299 -0.19680786 0.72689056
v 0.425031 -0.942554 0.573308
v 0.64355737 0.082190715 0.13602638
v 0.2790556 -0.13946676 0.6377802
v -0.792511 -0.3822403 0.45578003
v -0.327529 -0.961186 0.564551
v 0.206453 -0.935211 0.266857
v -0.7536011 -0.12321472 -0.13072205
v -0.24921 -0.774439 -0.130737
v -0.165528 -0.275334 -0.366232
v -0.4985962 -0.5660553 -0.11071777
v -0.110679 -0.218699 0.613808
v 0.0816509 -0.0403567 -0.268722
v -0.41976786 0.29108143 0.020299911
v 0.8108368 -0.81864166 -0.0046081543
v -0.38001442 -0.30857468 -0.26077652
v -0.408952 -0.870452 -0.121457
v -0.75115776 0.12037954 -0.0765152
v -0.9791565 0.120536804 0.16312408
v -0.652019 0.7853718 -0.4759388
v -0.19705391 -0.77299595 -0.19380188
v -0.8281975 -0.38655376 -0.031352997
v -0.11500931 -0.3082714 0.6787338
v 0.48487282 -0.065582275 0.5619278
v -0.928716 0.348395 0.394204
v -0.229093 0.63843 0.0423608
v -0.7051587 0.09630489 -0.08370328
v -0.441585 -0.797474 0.222239
v -0.59586596 0.6941948 -0.36226273
v -0.462445 -0.20414719 -0.26190138
v -0.932954 0.37217 0.406101
v 0.0049511 -0.963663 -0.221831
v 0.20670524 -0.13593549 -0.29453093
v -0.995754 0.2044915 0.30102348
v -0.948129 0.363555 0.232484
v -0.9338089 -0.14865303 0.19517136
v -0.491799 -0.613417 0.39816
v -0.56041 -0.803603 0.0656847
v -0.226573 -0.972254 0.216959
v 0.80651855 -0.8819437 0.14351654
v -0.313614 0.737031 0.0614511
v 0.881068 -0.785678 0.332357
v -0.3825941 -0.62208176 -0.14323616
v -0.781088 0.516544 -0.0350506
v -0.6489 0.51386 -0.469302
v -0.37911224 -0.71554184 -0.11574745
v -0.16184998 0.8803253 -0.1664505
v -0.59731674 0.74378586 -0.7618475
v -0.36012745 -0.6531906 -0.1376934
v -0.38847685 -0.6564331 -0.13228607
v 0.27041626 -0.9588678 -0.1714325
v -0.3763126 -0.83060634 -0.11581302
v -0.363992 -0.688946 -0.126797
v -0.7647953 0.2382145 -0.07758999
v 0.5258713 0.14941967 0.3724289
v 0.45322943 -0.95863825 -0.112667084
v -0.54145 0.511034 0.464615
v -0.11189473 0.20380569 0.1973381
v 0.39115143 0.01685524 -0.21162224
v -0.597343 -0.62607 0.00558975
v -0.33772564 -0.31949234 -0.2558508
v -0.497059 -0.797102 0.401852
v 0.64271545 -0.26442337 0.557209
v 0.709518 -0.127295 -0.0798246
v -0.5718689 -0.4250641 0.5606537
v -0.661949 0.38706 -0.0853318
v 0.43963623 -0.86287975 -0.27137375
v 0.0935509 0.735686 -0.258104
v -0.959825 0.300716 0.232778
v -0.569669 -0.355701 0.580409
v 0.4908905 -0.4141655 0.66877747
v 0.30381012 -0.18194866 -0.3413086
v -0.555451 0.465219 0.487538
v -0.631902 -0.0791252 -0.181959
v -0.573777 -0.267553 0.602674
v -0.87197685 -0.20807648 -0.025226593
v -0.510343 -0.984023 -0.103076
v -0.57304764 -0.20275497 0.5927992
v -0.528334 -0.640122 -0.00574257
v -0.379301 -0.574679 -0.162291
v -0.0367538 0.0399039 -0.21703
v 0.49564362 -0.29881287 0.6502323
v -0.659317 -0.095438 -0.17187881
v -0.395547 -0.471486 -0.193864
v -0.871081 -0.331046 0.355938
v -0.0262181 0.0113674 -0.233973
v -0.376756 -0.450413 -0.206524
v -0.6706071 0.7960291 -0.47226715
v -0.383338 -0.425987 -0.216588
v -0.22399116 -0.92276764 -0.369318
v 0.28695774 0.069633484 -0.2156353
v 0.22241783 -0.1884082 -0.38307953
v -0.38806057 -0.39752388 -0.23034763
v -0.0715166 -0.968004 0.607467
v -0.513606 -0.67182 0.232012
v -0.49879086 -0.7948749 0.16123521
v 0.6046066 -0.30788898 -0.24077606
v 0.49770433 -0.9650546 0.23435402
v -0.531302 -0.958877 0.605167
v -0.845185 -0.439911 0.222569
v 0.298165 -0.972086 -0.177382
v 0.269039 -0.458518 0.744094
v -0.7348404 0.6828575 -0.4563141
v -0.335851 -0.947237 -0.319598
v -0.758173 -0.29629135 -0.15873337
v 0.19662476 -0.81733704 0.63747025
v -0.542603 0.365517 0.450181
v 0.9004402 -0.59690475 0.38219452
v -0.1743443 -0.974281 0.19934464
v -0.8823929 -0.30009365 0.005722046
v 0.409595 -0.385799 0.70872
v -0.25623703 0.7415867 0.030248642
v -0.68346405 -0.2991562 -0.19717407
v -0.10903 -0.119252 0.584346
v 0.262746 -0.0826559 0.576376
v -0.41463947 0.35029507 0.094932556
v -0.1913904 0.18808985 0.014129639
v -0.523588 -0.762762 0.0710429
v 0.120488 -0.654327 0.727459
v 0.148911 -0.6764555 0.7141237
v -0.44452 -0.540463 -0.150893
v -0.187358 0.60974 0.0409512
v 0.4145422 -0.23380852 0.6751156
v -0.548912 0.592204 0.0645135
v -0.741869 0.06397629 -0.06326485
v 0.26393 -0.915299 -0.117338
v -0.6257225 0.10580456 -0.096674204
v 0.184875 -0.977738 -0.260484
v 0.628182 -0.292002 -0.228243
v 0.627409 -0.320196 -0.228639
v 0.069633484 0.19278675 -0.06620979
v 0.188448 -0.74862 0.710218
v 0.6366081 -0.37365723 -0.22557068
v 0.66081 -0.379623 0.536333
v -0.127215 -0.360164 -0.454075
v -0.11283684 -0.3969798 0.6811943
v -0.18536496 -0.2881918 -0.32706738
v -0.33114 -0.270198 -0.265033
v -0.9728316 0.16808712 0.43002796
v -0.97313 0.143829 0.418218
v 0.308954 0.0972172 -0.187606
v -0.7641697 -0.5401974 0.10510254
v -0.95756245 0.39368534 0.27555847
v -0.062069 -0.789472 0.649219
v -0.873607 0.54793 0.15389
v -0.60999775 -0.19439125 -0.21453762
v 0.836771 -0.495306 0.282239
v 0.601336 -0.810135 -0.0735968
v 0.349261 -0.967864 0.484313
v -0.427899 -0.513585 -0.169145
v -0.40340042 -0.082725525 -0.24677086
v -0.269794 -0.366696 0.578792
v -0.728612 -0.556091 0.037763
v -0.0943892 0.899104 -0.112362
v -0.764844 0.423497 -0.0503186
v -0.8851085 -0.38512278 0.11511898
v -0.746211 0.426681 -0.0655751
v 0.5929775 0.09943104 -0.0010375977
v 0.17406654 -0.039995193 0.5830364
v 0.39999628 0.11613083 0.47517967
v -0.269726 0.580161 0.0749633
v -0.58503306 0.69919074 -0.57953215
v 0.71580505 -0.50120544 0.45907593
v 0.19074535 -0.41860008 0.7711177
v -0.303607 -0.524756 0.556146
v -0.600556 -0.977272 0.214198
v -0.43133163 -0.6889038 -0.10191345
v -0.590628 0.512924 0.490739
v -0.45729446 -0.6264534 -0.103897095
v -0.593635 0.529604 -0.350013
v -0.478044 0.525358 0.348789
v 0.524467 0.18811375 0.1527052
v -0.09313774 0.6770439 -0.17839336
v 0.55654997 0.16512579 0.1804614
v -0.477487 0.46113 0.344318
v -0.4010086 -0.11283493 -0.25693607
v -0.33779764 -0.43390656 -0.22170162
v 0.6196947 0.03346443 -0.067136765
v -0.095020294 -0.1398716 0.5916152
v -0.40190887 -0.88538647 0.59239817
v -0.489149 -0.260629 -0.264697
v -0.60063875 -0.5614395 -0.08364868
v -0.651439 0.611706 -0.0655415
v -0.56938744 -0.57170105 -0.086265564
v -0.710152 0.825391 -0.501812
v -0.723424 0.817492 -0.47793
v 0.92544 -0.519913 0.0664372
v -0.5914254 0.6991663 -0.41942596
v -0.9801804 0.15181929 0.49889183
v 0.00685916 -0.60429 0.698706
v -0.15829659 -0.6936755 -0.26585007
v -0.8141594 -0.039873123 -0.039787292
v -0.9665562 0.21158266 0.44802475
v -0.959515 0.0657112 0.519662
v 0.456283 -0.717812 0.630595
v -0.96997 0.088889 0.530673
v 0.47184658 -0.94239044 -0.06839752
v -0.84960175 -0.33275223 -0.039131165
v -0.52078 0.522098 0.00341288
v -0.598523 -0.432511 -0.2076
v 0.626644 -0.804568 -0.0632789
v 0.639529 -0.832558 -0.0543364
v -0.27214813 -0.11758804 0.5502739
v 0.111522 0.214266 -0.0517815
v 0.579144 -0.606096 0.574665
v -0.75788 0.55255 -0.171832
v -0.25589263 -0.97246194 0.47640443
v -0.62241364 -0.34916687 -0.22130394
v -0.701293 -0.133773 -0.164405
v -0.170314 0.736776 -0.195536
v 0.5929394 -0.6354122 -0.23246574
v 0.475502 0.14421082 0.42673492
v -0.5817654 0.6554527 -0.32695007
v -0.20709 0.548001 -0.00806088
v -0.30758667 -0.016946793 -0.22919655
v -0.34625053 -0.041576385 -0.2369833
v 0.33513 -0.93538 0.448
v 0.1135 -0.602032 0.740232
v -0.46019363 -0.510746 -0.17192459
v -0.19831657 0.096076965 -0.14758682
v -0.4109819 -0.047493935 -0.23009777
v -0.748937 0.213395 -0.0846261
v -0.44984818 -0.058105946 -0.22952032
v -0.685036 0.244918 0.67105
v -0.73706055 0.646286 -0.10614014
v 0.17688751 -0.96734095 0.60647964
v 0.0220967 -0.122003 -0.284301
v 0.187375 -0.957256 0.623261
v -0.42278254 -0.1625154 -0.2653146
v -0.542375 -0.372008 0.579107
v 0.7684021 -0.8855543 0.0579834
v -0.565493 -0.323852 0.588489
v -0.568695 -0.296093 0.597873
v -0.5339341 -0.2641945 0.5984063
v -0.708823 -0.183999 0.547695
v -0.122432 -0.941364 -0.357568
v 0.57884216 -0.8448639 -0.060329437
v 0.648163 -0.330817 -0.220215
v -0.6121007 -0.8623444 0.4833417
v -0.552477 -0.193633 0.591175
v -0.554592 -0.169731 0.578389
v -0.556463 -0.140841 0.569456
v -0.4355 -0.125837 -0.26001
v -0.11837244 -0.0008468628 0.5168991
v 0.55763245 -0.021118164 -0.15532684
v -0.607794 -0.8737 0.511586
v -0.45189857 0.097530365 -0.16327667
v -0.32569408 -0.7228241 0.5263157
v 0.0451504 -0.927159 0.673375
v 0.30148125 -0.8056488 0.6574135
v -0.265374 -0.983558 -0.33967
v -0.40371084 0.32608986 0.11437607
v -0.578915 0.0243346 0.494591
v 0.49620438 -0.49850845 0.65180206
v 0.150456 -0.0142234 -0.266546
v 0.6581061 -0.75059366 -0.06959474
v -0.31708705 -0.9733731 -0.05074942
v -0.871639 -0.368818 0.0691261
v -0.358502 0.265586 0.176165
v -0.8623314 0.06404877 0.010532379
v 0.161491 -0.590877 0.742908
v 0.15353394 -0.56379795 0.7431226
v -0.529103 0.423397 -0.0135696
v 0.63813686 -0.862854 -0.039028168
v -0.761889 0.574285 -0.00770568
v 0.4024353 -0.29112625 -0.36471176
v -0.0678936 -0.956628 -0.342571
v -0.59703636 -0.45617294 -0.19717216
v -0.468887 -0.759721 -0.0591782
v -0.4867673 -0.3495512 -0.256424
v -0.4597907 0.4461379 0.27244186
v -0.13603592 -0.47427368 0.56702423
v -0.45159507 -0.30016136 -0.2585994
v 0.395778 -0.409714 0.717497
v 0.10864 -0.502262 0.750859
v 0.291281 -0.103184 -0.256088
v -0.6131592 0.5444107 -0.44970703
v -0.259087 -0.0349087 -0.237825
v -0.25320148 0.20302391 0.2834282
v -0.463316 -0.274938 -0.263103
v -0.465741 -0.243581 -0.264759
v -0.27889633 0.78422546 0.028629303
v -0.169173 -0.0604619 -0.262852
v 0.098983765 -0.69981384 0.7005081
v -0.4207058 -0.97272444 0.15798187
v -0.467852 -0.168946 -0.262802
v -0.369251 0.565879 0.126609
v 0.791582 -0.767046 0.42756
v 0.420738 -0.174582 -0.281141
v -0.38856506 -0.18019056 -0.26277196
v -0.5382519 0.5651884 0.3882103
v -0.265946 -0.630455 0.545549
v -0.358714 -0.973063 -0.276438
v -0.8686956 0.0055867434 0.5208769
v -0.519159 -0.766126 0.0199601
v 0.182248 -0.60108 0.74498
v 0.509232 -0.0837081 -0.21486
v -0.861855 0.152573 0.651322
v 0.61535263 -0.8519592 0.40716553
v 0.75312567 -0.096673965 0.053409576
v 0.7438326 -0.07012367 0.07148552
v -0.760245 0.582841 -0.0346149
v 0.643893 -0.817682 0.414053
v -0.19915402 0.20515387 0.0717721
v -0.77775574 -0.25601196 0.5056
v -0.312332 0.66375 0.0660896
v -0.036224365 0.14348221 0.42484283
v 0.78157043 -0.49884033 0.019897461
v -0.952539 0.318776 0.255672
v 0.47238457 -0.29066467 0.652112
v 0.6816945 -0.76313066 -0.065222085
v -0.226356 -0.333007 -0.294001
v -0.633976 -0.913939 0.453158
v 0.712741 -0.664195 0.423047
v 0.65868 -0.804866 -0.0604723
v -0.0536895 -0.761052 0.605928
v 0.462029 -0.265422 0.64353
v 0.83815 -0.7924824 -0.010223389
v 0.50284576 -0.7505913 0.56495667
v 0.460412 -0.240347 0.635793
v -0.687158 -0.944504 0.152037
v -0.628968 -0.968816 0.208694
v 0.21217728 -0.92647505 0.29253387
v -0.566885 0.17016 0.565051
v -0.54032135 -0.8607521 0.5891228
v -0.449315 -0.147477 -0.263298
v -0.21456146 0.55910873 -0.07178879
v 0.19684696 -0.91579795 0.022420883
v 0.335865 -0.407198 0.731477
v -0.46377182 -0.36371613 -0.25526178
v -0.143207 0.198299 0.206797
v -0.344323 0.193731 0.295648
v 0.667373 -0.837702 -0.0496555
v 0.6652069 -0.8748779 -0.026470184
v 0.34084 -0.957297 0.465266
v 0.08455777 0.804718 -0.2623291
v 0.0331167 -0.641059 0.700145
v -0.559051 0.342795 -0.0647278
v -0.731987 0.6208515 -0.36536407
v -0.4129696 0.26147944 0.39083958
v 0.213283 -0.670753 0.721388
v 0.88959503 -0.76848984 0.020858765
v -0.628134 -0.937194 0.372771
v 0.74588776 -0.14748383 -0.021408081
v -0.5114536 -0.2015953 -0.25659084
v -0.493222 -0.179957 -0.25712
v -0.510585 -0.129724 -0.236409
v -0.207321 -0.665636 -0.13532
v 0.012202 -0.693798 0.674941
v -0.52667475 -0.04566765 -0.21189594
v -0.624625 0.799809 -0.75193
v -0.11437181 0.20514475 0.16322637
v -0.45881248 0.36724973 0.35060883
v -0.317645 -0.852028 -0.261739
v -0.649576 0.574816 0.04398
v -0.6245432 -0.558815 -0.06934357
v -0.3811264 -0.62772083 0.5067558
v -0.587391 -0.118707 -0.213861
v -0.3177986 -0.22682858 -0.2757821
v -0.5702362 -0.5428467 -0.12695312
v -0.952445 0.487443 0.206316
v 0.2387762 -0.028364658 -0.24337685
v 0.253842 -0.0110504 -0.240038
v 0.00567745 -0.914052 0.525555
v -0.31324768 -0.43642044 -0.2197361
v -0.884284 0.13625646 -0.011650085
v 0.4579878 0.18953323 0.359684
v 0.6135292 -0.5930166 0.54831314
v 0.7362747 -0.4380188 0.43295288
v 0.66189575 -0.92497253 0.29994202
v -0.621465 0.695475 -0.740239
v -0.547945 -0.449318 0.558935
v -0.706707 0.043240786 -0.086696625
v -0.27659452 -0.58789444 0.5543766
v -0.103408 -0.379239 0.70451
v -0.5387573 -0.39992523 0.5767021
v 0.7387314 -0.53401184 0.41555786
v -0.771798 0.0610599 0.66488
v -0.95150983 0.059675694 0.44646835
v -0.292366 0.577438 0.0888187
v -0.543061 -0.303337 0.591204
v -0.845815 0.233168 -0.0387103
v 0.00023841858 0.7876911 -0.273283
v -0.552861 -0.247828 0.601465
v -0.955665 0.070766 0.546446
v -0.552596 -0.219634 0.599702
v 0.3794966 0.25915307 0.155236
v -0.5252495 0.30990744 -0.054286957
v -0.5494423 0.2876625 -0.06988096
v -0.879162 -0.00135782 0.0879593
v -0.061416626 0.9468765 -0.23225403
v -0.53064203 -0.09385109 0.5614128
v 0.5712514 0.049446106 0.44425964
v -0.217052 -0.431147 0.553357
v 0.461702 -0.59919 0.644134
v 0.726796 -0.651682 -0.0428777
v 0.324993 -0.974608 -0.238472
v -0.55667305 0.23067856 -0.07820892
v -0.56155014 -0.0016822815 0.50217056
v -0.4039383 0.29641318 0.06039238
v -0.549213 0.0300101 0.485566
v 0.376059 -0.615608 0.684964
v 0.121816635 -0.04663396 0.5842111
v -0.214959 0.546639 -0.0400838
v 0.041137695 -0.85621154 0.670702
v -0.3747239 -0.33450508 -0.25480986
v 0.203326 -0.723242 0.722459
v -0.65455365 0.114211395 -0.09351647
v 0.12273115 -0.014858961 -0.26766264
v 0.257579 -0.106671 0.591891
v -0.5850167 -0.31168747 -0.22724056
v -0.67126465 -0.3390193 -0.20419312
v 0.0728819 0.70305 -0.190703
v -0.69869995 -0.35877705 -0.19002151
v -0.0450129 -0.950074 0.698958
v -0.717354 0.552887 -0.467242
v -0.63742256 0.50493383 -0.41727066
v -0.50726986 -0.7647052 -0.0086193085
v 0.690267 -0.708182 -0.0655434
v -0.39662868 0.32499337 0.22085762
v 0.7082138 -0.79727364 -0.058643818
v -0.763243 0.078669 0.680737
v -0.3928604 0.54391384 0.14594173
v 0.9747963 -0.54553413 0.10765076
v 0.19081497 0.115097046 0.51488495
v -0.911297 0.37476 0.139994
v -0.14899 0.90016 -0.158012
v -0.526843 0.568286 0.019142
v -0.33904457 0.1270523 0.3879547
v 0.69809 -0.55325 -0.146699
v 0.189189 0.161365 0.475076
v -0.589692 -0.634874 0.0338793
v -0.66593933 -0.42663956 -0.18203735
v -0.571307 -0.292413 -0.22953
v -0.247695 -0.350407 0.577799
v -0.564148 -0.102286 -0.218676
v -0.7418554 -0.49813366 -0.05193901
v -0.16885169 -0.2503667 -0.31647742
v -0.62118244 0.076985836 0.625494
v 0.54228973 0.092479706 0.42332458
v -0.64764404 0.7618942 -0.7110138
v 0.185876 -0.5738 0.747872
v 0.1996603 -0.7636337 0.69979095
v -0.775904 0.156378 0.691952
v -0.741676 0.510096 -0.348023
v 0.6821213 -0.69610023 -0.08223343
v -0.95757675 0.24402714 0.45660973
v -0.470243 -0.811615 0.325067
v 0.7259941 -0.12924957 0.373497
v -0.09248924 0.05419159 -0.18728638
v -0.3107376 0.80101204 -0.07973862
v 0.76535225 -0.60514355 0.38720894
v -0.80340767 0.22590303 -0.056866646
v 0.39778 -0.970603 -0.201245
v -0.671474 0.0848008 0.686851
v -0.277639 -0.967667 -0.361491
v 0.282727 -0.0961979 0.590891
v -0.3713684 -0.6906891 0.51049423
v 0.036304474 0.7141113 -0.14852524
v 0.0656271 0.754406 -0.28806305
v 0.160418 -0.967768 0.557937
v 0.708001 -0.697628 -0.0558315
v 0.706748 -0.724757 -0.062737
v 0.70413 -0.750737 -0.0656127
v -0.551239 -0.810663 0.510624
v 0.70889854 -0.76979923 -0.06474602
v 0.209375 -0.483738 0.76063
v -0.573236 0.823735 -0.737917
v -0.34637833 -0.59776306 0.5373516
v 0.3584385 -0.4377401 0.72580767
v 0.388264 -0.0317095 0.553828
v 0.75725937 -0.8985758 0.07771301
v -0.875124 -0.236453 -0.0243262
v -0.0943412 -0.245154 -0.424747
v -0.3775401 0.28267977 0.26984978
v 0.765208 -0.75301 0.438086
v -0.309705 -0.826542 0.547518
v -0.18975735 -0.96922493 0.13403702
v 0.2704811 -0.9102044 0.609745
v -0.5780835 -0.034786224 -0.19257545
v -0.115296364 0.019329071 -0.21126556
v 0.16059422 0.26809663 0.21186733
v -0.185582 0.885079 -0.0807588
v -0.671826 -0.947733 -0.0370909
v -0.529653 -0.79992 0.493892
v -0.27952063 -0.07611847 -0.24266398
v -0.189606 -0.927397 0.0409187
v -0.683012 0.595465 0.0121897
v 0.6792774 -0.88384247 -0.015903473
v 0.766923 -0.806767 -0.0408477
v -0.664084 0.717706 -0.666751
v -0.5790318 0.17675933 -0.09189464
v -0.155987 0.193972 0.23571
v 0.47572517 -0.9507437 0.48529053
v -0.19727 -0.020295 -0.226071
v -0.662226 0.110757 0.693528
v -0.78368473 0.613595 -0.22977448
v -0.577161 0.284207 -0.0790025
v -0.512615 0.548674 0.00448211
v 0.68489075 -0.50738525 0.4945221
v -0.649319 -0.927816 -0.0563289
v -0.5727509 0.12089777 -0.103067994
v -0.92019844 -0.28447342 0.27606583
v -0.623518 -0.6019249 -0.026786804
v -0.572744 -0.240384 -0.225832
v -0.61982656 0.03534478 0.5349741
v 0.225949 -0.148369 0.675848
v 0.12263358 -0.41338325 0.7623137
v -0.908302 0.0166617 0.126728
v -0.81108475 0.27246094 -0.04189682
v -0.680526 0.397427 -0.0885339
v -0.486365 -0.956899 0.61158
v -0.829998 0.13890317 -0.0389843
v -0.913878 0.518129 0.351221
v -0.433343 -0.769401 0.215037
v -0.793445 0.826858 -0.573305
v 0.857064 -0.558899 0.3723
v -0.6371956 0.8926738 -0.6846776
v -0.6187037 0.7281618 -0.368742
v 0.7221031 -0.8111496 -0.04989624
v -0.78216743 0.10816288 -0.06103134
v -0.5349579 -0.42240906 0.57216644
v -0.7852478 0.077106476 -0.04771042
v 0.54753494 -0.90527654 0.4300766
v -0.70932484 0.23616982 -0.093513966
v -0.417035 -0.365913 -0.249727
v 0.467955 -0.740083 0.611142
v -0.536678 -0.337045 0.584083
v -0.510903 -0.331666 -0.254693
v -0.216855 -0.852228 -0.345609
v 0.50883484 -0.8370962 -0.19688606
v -0.0663426 -0.803922 0.672679
v -0.38619137 0.28244388 0.08790398
v -0.529475 -0.23215 0.602122
v -0.38848 -0.949903 -0.188861
v -0.527982 -0.203131 0.595846
v -0.5181465 -0.18112755 0.58394814
v -0.293183 0.514203 0.0534985
v -0.5290222 -0.12248802 0.5695658
v -0.617047 0.135089 0.654777
v -0.74368095 0.2524395 -0.08232403
v -0.868677 -0.352074 0.340128
v -0.314529 0.575397 0.100745
v -0.51570797 0.6297302 0.056038857
v -0.590717 0.329477 0.501365
v -0.392594 0.733597 -0.0405548
v -0.949789 0.348256 0.254628
v -0.50666046 0.01317215 0.49195242
v -0.519485 0.0393653 0.482564
v 0.116265 0.15394 -0.126688
v 0.728095 -0.685912 -0.050387
v -0.643714 0.298323 0.600166
v -0.7417972 0.6429825 -0.3764801
v -0.79252243 0.46613884 -0.01737976
v -0.696259 0.45759 -0.249003
v 0.6713257 -0.01089859 -0.030090332
v -0.332014 0.593 0.0983335
v -0.907371 0.539415 0.186265
v -0.557509 0.15518 -0.093051
v 0.851083 -0.792095 0.359716
v -0.19332504 -0.7224293 0.495965
v -0.1963911 -0.5858612 0.5216732
v -0.701322 0.398848 -0.0828491
v -0.6394129 -0.85020304 0.13239765
v -0.50884247 0.27039623 -0.05612564
v 0.414887 -0.105401 0.618449
v -0.68111134 0.28536797 -0.08941054
v 0.38827515 -0.061416626 0.58503723
v 0.507781 -0.890855 0.5341
v -0.370488 -0.934335 0.597147
v 0.727254 -0.714098 -0.0613163
v 0.7426224 -0.7358036 -0.06771905
v -0.4911 -0.151703 -0.253396
v -0.518802 -0.165981 -0.246748
v 0.7403412 -0.11443329 -0.006500244
v 0.685915 -0.735332 -0.0651613
v 0.205954 -0.597192 0.74825
v -0.51135445 -0.010260582 -0.20809555
v 0.147603 -0.721074 0.709026
v 0.7104311 -0.8520279 -0.03115654
v -0.13700008 -0.922217 -0.0756073
v 0.59324646 -0.3867874 0.58971405
v 0.32234573 -0.84225774 0.60882187
v -0.50707245 -0.5834656 -0.08690643
v -0.57483 0.828854 -0.763738
v 0.60455894 -0.62081146 0.5497513
v -0.320232 -0.568291 0.550261
v 0.45034754 -0.947979 -0.16321564
v 0.256692 -0.950624 0.0189968
v -0.69319177 0.8064766 -0.47159958
v -0.021965027 0.6852417 -0.09175873
v -0.40859604 -0.44132996 -0.2089634
v -0.1438446 -0.42565918 0.59077454
v 0.742421 -0.765453 -0.0662512
v 0.5139313 -0.855484 0.53964233
v -0.353923 0.775871 -0.0394766
v 0.4860103 -0.1475792 0.6144819
v 0.215478 -0.514986 0.748348
v -0.418895 0.397828 0.117109
v 0.798218 -0.708539 0.435179
v -0.697046 -0.305487 0.552649
v -0.128917 -0.305283 -0.440383
v 0.542948 -0.523621 0.590285
v 0.36746 -0.284409 0.71645
v -0.684433 -0.47877502 -0.12336731
v -0.734119 0.407547 -0.0708651
v -0.189929 -0.430272 -0.385754
v -0.545687 -0.894602 0.29387
v 0.44032 -0.436745 0.698493
v -0.20027 -0.975045 0.307723
v 0.67242813 -0.18487358 0.49443817
v -0.6980078 -0.52468777 -0.04696083
v -0.675866 0.46436 -0.29703
v 0.0810421 -0.125487 -0.292941
v -0.423297 -0.754093 0.474087
v -0.3093099 -0.75612485 -0.12226619
v -0.315732 -0.1089983 -0.25268555
v -0.52722 -0.844269 0.584441
v 0.37172318 0.15751266 -0.1179924
v -0.522284 -0.823084 0.563605
v -0.70201445 0.6011753 0.005115509
v -0.316867 -0.489183 -0.208308
v 0.447091 -0.808913 0.567707
v -0.41337085 -0.41918373 0.5807562
v -0.4954062 0.12122664 0.5056794
v -0.698705 -0.497684 -0.0835855
v -0.61769414 0.5662178 -0.05454254
v -0.5984192 -0.59851074 -0.043395996
v -0.5820904 -0.17995453 -0.21565533
v -0.340138 -0.570677 0.542833
v -0.313689 -0.751538 0.525973
v -0.439128 0.680555 -0.0221549
v -0.8031616 -0.30350113 0.4789505
v -0.221045 0.0865363 -0.155618
v -0.376094 -0.889839 -0.162646
v -0.15571 -0.948182 0.697735
v -0.34108973 -0.104515076 0.5570402
v 0.789019 -0.789145 -0.0442539
v 0.43596458 -0.9452286 -0.20371628
v -0.05332184 0.1594162 -0.07486725
v -0.61785126 -0.4148445 -0.20736122
v -0.6108284 0.77695465 -0.7608681
v -0.91404533 0.33789062 0.5586395
v 0.3971405 -0.53644466 0.70028305
v -0.82637024 0.28832817 -0.029405594
v -0.898916 0.407727 0.131288
v -0.0582326 -0.84236 0.700717
v 0.63362885 -0.5162077 -0.21277237
v -0.0430385 -0.232122 0.705673
v -0.5937729 0.5840225 -0.1489563
v -0.0662223 -0.978461 -0.31858
v -0.5947524 0.14480674 -0.09384963
v 0.559885 0.080848694 -0.06476593
v -0.5290375 0.006706238 -0.19601059
v -0.38627344 0.30549896 0.16479397
v -0.527265 -0.46866 0.550786
v -0.4870963 -0.3166852 -0.25623477
v 0.7388153 -0.40480042 -0.08659363
v 0.56501055 -0.8135452 -0.15270996
v -0.634863 -0.9017 0.191287
v 0.434165 -0.848999 0.583756
v -0.529542 0.457178 0.442548
v -0.49311352 -0.35771942 0.5978155
v 0.246147 -0.919573 -0.0131979
v 0.7770405 -0.6929245 -0.057442665
v -0.51129913 -0.30163574 0.5932307
v 0.7704568 -0.7522505 -0.06537199
v 0.630886 -0.920303 0.332901
v -0.8457413 -0.31469536 0.41923523
v -0.44628716 0.46225166 0.2199707
v -0.8360176 -0.0104904175 0.39073944
v -0.231346 -0.407994 0.557638
v 0.968796 -0.622855 0.0659965
v -0.033367395 -0.043130875 -0.26682568
v -0.5094843 -0.15938187 0.5752189
v -0.6006839 0.37211823 -0.07303715
v -0.352043 0.185324 0.317634
v -0.57845116 -0.887568 0.5736065
v 0.88681555 -0.5926399 -0.0008568764
v -0.168314 -0.755145 0.526105
v -0.40389913 0.32824612 0.25542927
v 0.1869322 -0.13641405 0.6596699
v 0.466578 -0.795904 0.559401
v -0.05673349 -0.019515038 -0.25551653
v -0.323522 0.638864 0.0717246
v -0.5484066 -0.02980423 -0.20155334
v -0.339053 -0.243167 -0.26983
v -0.397851 -0.525455 -0.172791
v 0.9397682 -0.77767074 0.19455242
v 0.818568 -0.70437 -0.0542764
v 0.7986984 -0.76958656 -0.049171448
v -0.563107 -0.132491 -0.219749
v -0.563328 -0.164605 -0.220719
v -0.59029675 -0.85036683 0.5224705
v 0.244101 -0.0631053 0.570982
v -0.43145752 -0.59036446 -0.12853241
v -0.4192009 -0.5579109 -0.15116692
v -0.483119 -0.718447 -0.0449531
v 0.267969 -0.0586032 0.564848
v 0.23350525 -0.0408926 0.5700493
v 0.3214264 -0.3759966 0.73049736
v 0.2625723 -0.9742825 0.13882065
v -0.542811 -0.171422 -0.235662
v 0.21012688 -0.8412781 -0.31834793
v 0.75097275 -0.42757225 -0.06768799
v -0.933174 0.495488 0.163179
v -0.4537816 -0.96168077 -0.13895643
v -0.0741448 -0.821688 0.690654
v 0.82909393 -0.7263813 -0.047922134
v -0.6239128 -0.95916617 0.37265778
v -0.355223 0.584744 0.110421
v -0.53243446 -0.19596863 -0.24645233
v -0.591353 0.421997 -0.0715068
v 0.56567 -0.82798386 -0.09977722
v -0.5525818 -0.19132233 -0.23069954
v -0.304772 0.513433 -0.040661
v -0.27988434 0.53347397 -0.058555603
v -0.4704293 -0.9112246 -0.12213218
v -0.46016145 -0.115353584 -0.25434685
v -0.047317505 0.91423035 -0.17146301
v 0.18539238 -0.32184982 0.75659204
v 0.08161545 -0.92759705 -0.31298447
v -0.6189079 0.51587677 -0.4039154
v -0.11107 0.64044 0.00173989
v 0.204482 -0.946496 0.238468
v 0.125659 -0.676718 0.716658
v -0.2001648 -0.023033142 0.5142288
v -0.124967 0.583715 -0.0378357
v -0.26440707 -0.85288143 0.5610724
v -0.7877846 0.37682533 -0.045835495
v -0.695116 0.590688 0.0368504
v -0.6912708 0.3215866 0.6460171
v -0.191814 -0.261075 0.585895
v -0.291803 -0.660711 -0.12843
v -0.7180939 0.568645 -0.43019104
v -0.191267 -0.670393 -0.165422
v 0.28781128 -0.9465447 -0.026306152
v 0.50201416 -0.86304474 -0.15736389
v 0.858982 -0.63152 0.40884
v 0.7082825 -0.85868835 0.38986206
v -0.5839615 0.5816231 0.35102844
v -0.799517 0.349643 -0.0385743
v -0.185604 -0.472733 0.539155
v 0.7153244 -0.09324551 -0.032577515
v 0.11761394 -0.7987366 0.6489525
v -0.42723846 0.4212966 0.18370247
v -0.70368576 -0.25419617 -0.18609047
v -0.518248 -0.68748 0.0548149
v 0.613113 -0.831986 -0.0587551
v -0.72136 -0.158824 0.532105
v -0.248073 -0.639851 -0.135794
v 0.844692 -0.695215 -0.0468587
v 0.7685878 -0.69454765 0.43252635
v 0.784949 -0.508164 0.335837
v -0.880377 0.215521 -0.0163599
v 0.158487 -0.91099 0.467467
v 0.33109665 -0.22516418 -0.37011337
v -0.14770508 -0.45734978 -0.43039703
v -0.963222 0.08054733 0.43621445
v -0.17560673 0.013776779 -0.21082592
v -0.7254391 -0.321764 -0.1813755
v -0.92307734 -0.116622925 0.14896393
v -0.6878052 0.7432556 -0.6254425
v 0.5137086 0.19508219 0.21738625
v -0.17681122 -0.8970413 0.68530273
v -0.909462 0.22540712 0.6184921
v -0.52262616 -0.8005562 0.51384926
v -0.494264 -0.814536 0.557854
v -0.64665985 -0.4190178 -0.19546127
v -0.29226303 -0.2547636 -0.27978992
v -0.625263 0.498779 -0.372442
v -0.4076904 -0.23284984 -0.25799733
v 0.1131928 -0.14741707 0.6745882
v 0.288964 -0.918021 -0.0794603
v -0.671844 -0.866485 0.0681431
v -0.0746631 -0.980853 -0.260208
v -0.61141 0.505148 -0.351891
v -0.511551 -0.815447 -0.0409503
v -0.138696 -0.768992 -0.294071
v -0.31041908 -0.72856903 -0.12284297
v -0.2898922 -0.6801138 -0.12552452
v -0.524196 -0.489563 -0.191907
v -0.518239 -0.24400425 -0.2570758
v -0.47336817 0.25203276 -0.04416871
v -0.2391777 -0.9026699 0.62322235
v 0.028179169 0.0066070557 0.553772
v -0.204536 -0.917718 0.670285
v -0.19475 -0.286588 -0.311309
v -0.132099 -0.250425 -0.393781
v -0.651016 -0.924715 0.189907
v -0.132259 -0.954359 0.69943
v 0.39436 -0.0107127 0.537827
v -0.84796524 0.29130554 -0.013473511
v -0.832849 0.323448 -0.0145105
v -0.52038956 -0.6098404 -0.05508423
v -0.8113098 0.1995287 -0.053300858
v -0.77688 0.216843 -0.0740542
v -0.205956 -0.0432348 -0.240522
v -0.7005367 -0.17423248 -0.17807007
v -0.173413 0.564828 -0.0503759
v 0.28559422 -0.21387577 -0.38735294
v -0.584723 0.532413 -0.141655
v -0.121212 -0.981107 -0.321617
v -0.295971 -0.130443 0.551312
v -0.576004 -0.5161133 -0.15869522
v -0.63251 -0.923441 0.209842
v -0.278524 0.641398 0.043391
v 0.327563 -0.951453 -0.0827132
v -0.474521 0.535019 -0.0162675
v 0.4985876 -0.8587856 -0.18540192
v -0.51038 -0.250219 0.600864
v 0.59448624 0.0807724 -0.032859802
v -0.499796 -0.217154 0.597372
v -0.83258057 -0.24160004 0.4396057
v 0.78449726 -0.18071413 0.07096863
v -0.7380562 -0.16577911 -0.15719604
v -0.474484 -0.788492 0.508047
v -0.78835297 0.18677521 -0.06580353
v -0.72556114 -0.105918884 -0.14291763
v -0.70594406 0.7347946 -0.5795746
v -0.425289 -0.483572 -0.183933
v -0.582405 0.398095 -0.0625755
v -0.940092 0.0751316 0.092538
v -0.400019 -0.499838 -0.179688
v -0.082514 -0.914398 0.500717
v -0.238275 -0.953041 0.617564
v 0.563847 -0.77098 -0.22725
v -0.502074 0.0585457 0.47917
v -0.010237217 -0.28318024 0.7435093
v -0.60338926 0.52597046 -0.38284302
v -0.466308 -0.733687 -0.0626769
v -0.36320782 0.25070763 0.27524948
v -0.68068314 0.08385277 -0.08728647
v 0.427891 -0.217672 0.651759
v -0.7394104 -0.1773758 0.5252228
v 0.653546 0.053894043 0.32005215
v 0.4437542 -0.17955017 0.6297002
v 0.614556 -0.346217 0.570681
v 0.207225 -0.458346 0.769216
v -0.343255 0.17012 0.330545
v -0.587833 0.46631432 -0.09780216
v 0.36121655 -0.975209 -0.007329941
v -0.00996517 0.971328 -0.278291
v -0.5363083 -0.34275436 -0.24724197
v -0.173773 -0.446025 0.543711
v 0.1975174 -0.269104 -0.43343353
v -0.2919035 0.04902649 0.46375275
v -0.374905 -0.955872 -0.238659
v -0.15726423 -0.29185247 -0.40065002
v -0.124294 -0.96841 0.593741
v -0.1618042 0.7986679 -0.0761261
v -0.3270645 -0.60876846 0.54507256
v -0.07640076 -0.6264374 0.5846863
v -0.9793606 0.24929047 0.22045135
v -0.4191389 0.3823266 0.10336685
v -0.0919324 -0.360996 0.721063
v -0.591289 0.441994 -0.0835815
v 0.0166035 0.930166 -0.24823
v -0.6450043 0.019866943 -0.13053894
v 0.3466072 0.1342926 0.4802246
v -0.932343 0.372834 0.381632
v 0.415123 -0.956036 -0.215474
v -0.57765865 -0.3627882 -0.22884393
v 0.621394 -0.508184 0.545051
v -0.556509 -0.38913727 -0.22903633
v -0.0861159 -0.224807 -0.408193
v -0.17263 -0.801251 -0.297294
v -0.108349 -0.233826 0.636442
v -0.22258 -0.686881 -0.119914
v 0.421593 -0.295037 0.678494
v -0.542709 0.43388 0.456081
v -0.4635315 0.5676422 -0.024822235
v -0.4757843 0.58517456 -0.016189575
v -0.7423248 -0.25878525 -0.16947174
v -0.635707 -0.919276 0.478984
v -0.276679 -0.0120456 0.497251
v -0.850085 -0.257727 -0.0594326
v 0.111296 -0.0144144 0.576019
v -0.978172 0.107881 0.5183
v -0.71944714 -0.013092041 -0.10583496
v -0.30804443 -0.5523834 -0.17771149
v -0.363558 0.766897 -0.00683001
v -0.48616028 0.6510544 0.08325195
v 0.913435 -0.5918312 0.015737534
v 0.919951 -0.627769 0.00613545
v 0.5178375 -0.7181244 -0.2930298
v 0.7163658 -0.40570927 -0.12210083
v -0.583848 0.051921 0.507249
v 0.61611176 0.037737846 0.41051483
v 0.7087369 -0.06175232 0.00064849854
v 0.600512 -0.717213 -0.192571
v -0.65893817 0.25294065 0.6453099
v -0.8837433 -0.20829773 0.38206482
v 0.800248 -0.65589476 0.42605197
v -0.6538391 -0.05999756 -0.16049957
v -0.244708 -0.838048 0.576239
v 0.967981 -0.573011 0.075209
v -0.26992226 -0.8159065 -0.25307846
v -0.516332 -0.914814 0.62184
v -0.7344017 0.03881854 -0.07073593
v -0.487679 -0.871969 0.611764
v -0.6622715 -0.14673996 -0.1818142
v -0.501586 -0.833243 0.581018
v -0.280851 -0.96593 0.00739683
v 0.655014 -0.724343 -0.0918263
v -0.888263 0.0249347 0.418585
v 0.53463936 -0.07104874 -0.19667053
v -0.0558019 -0.16066 0.598838
v -0.724875 0.0573604 -0.0716827
v -0.634864 0.486182 -0.349996
v -0.51423264 0.5997305 0.023441315
v 0.32295 -0.149198 -0.278177
v -0.409926 0.476548 -0.0116195
v -0.559183 0.587316 0.147337
v -0.643413 -0.946306 -0.0660586
v -0.6589117 -0.19233704 -0.19265413
v 0.042526245 -0.937088 -0.31838226
v 0.449568 -0.963706 -0.0805699
v -0.099975586 0.890419 -0.22341919
v -0.07450485 -0.21572268 0.661129
v -0.707968 0.0674319 -0.079383
v -0.7850151 -0.079963684 -0.08900452
v -0.14949036 0.81492615 -0.20752716
v -0.7284775 -0.21674919 0.54193115
v -0.3419361 0.58514214 -0.09015083
v -0.728414 0.080472 -0.0729313
v -0.4259994 0.32706118 0.33036995
v -0.63554 -0.8353362 0.058522224
v -0.92612267 -0.10822582 0.20285797
v 0.3824501 -0.8674488 0.59391165
v -0.553809 0.591709 0.0914953
v 0.0886391 -0.145791 0.664031
v -0.255227 -0.963545 0.579192
v -0.26958156 -0.41641235 -0.22595024
v -0.503882 -0.409459 0.581905
v -0.7048397 0.20768547 -0.093465805
v -0.499642 -0.384292 0.591858
v 0.5719185 -0.7450497 -0.23369503
v 0.427405 -0.794888 0.583751
v -0.89368916 -0.048435688 0.2621956
v -0.69515705 0.13184261 -0.09067631
v -0.89582825 0.39486694 0.5430298
v -0.5924859 0.6154251 -0.5032501
v -0.33178318 -0.39004517 -0.23509979
v -0.860735 0.21183 -0.0318716
v -0.59037924 0.3837862 0.49643993
v -0.117433 -0.257501 -0.418064
v -0.13366854 0.16408348 -0.039974213
v 0.0914584 -0.62146 0.73443
v -0.18235612 -0.7530269 -0.17482185
v -0.503552 -0.135539 0.573394
v -0.24762 0.090126 -0.155796
v -0.798118 0.729871 -0.408202
v -0.50922775 -0.05844879 0.54419327
v -0.232589 0.105828 -0.135869
v -0.93086 0.37008286 0.49142838
v 0.5800705 -0.13346577 -0.20073318
v -0.24352252 0.13452196 -0.11346197
v -0.191556 0.0992101 0.418065
v -0.49487 0.0845141 0.484449
v 0.31726 -0.942516 0.468824
v -0.889189 0.526823 0.132692
v -0.168469 -0.303948 0.585661
v 0.210261 -0.698161 0.722696
v -0.69981766 -0.14428711 0.5389633
v -0.17043 -0.927976 0.402168
v -0.50144434 -0.8402147 -0.06771088
v 0.46736145 -0.5095444 0.6636505
v -0.2398901 0.034938812 -0.20439339
v 0.55553055 -0.12510681 -0.2141304
v 0.078868866 -0.3917446 0.76369953
v 0.4893341 -0.85046387 0.5571976
v -0.25541866 0.19192958 -0.05362606
v 0.6047783 -0.33623266 -0.23911667
v 0.23247 -0.689027 0.717573
v -0.292188 -0.0389113 -0.237209
v -0.26012802 0.054576874 -0.192132
v -0.4654 -0.811467 0.208762
v 0.44836807 0.22516346 0.25968552
v -0.27648136 0.09214687 -0.15999413
v 0.457477 0.134355 0.444164
v 0.739909 -0.649903 0.409727
v -0.261589 0.113828 -0.138904
v -0.577988 0.427404 -0.0530982
v -0.563967 0.433603 -0.0327474
v -0.265548 0.139814 -0.122343
v -0.274961 0.161742 -0.108337
v -0.57876754 -0.9073757 0.24110985
v -0.6175032 -0.90956616 0.3704853
v -0.264786 0.174882 -0.0839846
v -0.295667 0.662842 0.0454493
v 0.86819 -0.604491 0.39719
v -0.54556274 0.031654358 -0.17816925
v 0.5635071 -0.64871216 -0.26460266
v 0.57775116 -0.67754745 -0.23228455
v -0.96688 0.121085 0.392726
v -0.6951351 0.3524723 -0.078412056
v -0.2771383 0.016288757 -0.21509743
v 0.287267 -0.959383 0.323616
v -0.286227 0.0730233 -0.175984
v -0.386348 -0.953995 0.596493
v -0.28949785 0.14770079 -0.12667704
v 0.490214 -0.91726 0.53672
v -0.277087 -0.787974 -0.138213
v 0.098667145 -0.8501682 0.6470375
v -0.0933535 -0.983833 -0.305207
v -0.0338594 -0.767999 0.61831
v -0.32344055 0.16020012 0.35114288
v 0.9921684 -0.6386261 0.23604584
v -0.954555 0.425886 0.313839
v -0.9262679 -0.115018845 0.24815941
v -0.822422 -0.40054607 0.40642548
v -0.42508137 0.5312309 -0.035145044
v -0.40992564 0.36275446 0.19182205
v 0.804096 -0.628829 0.41338086
v -0.711153 0.486082 -0.365909
v -0.7737541 0.636528 -0.30529022
v -0.975403 0.112994 0.541329
v 0.6651802 -0.5733566 -0.17403412
v -0.643449 0.394488 -0.0869733
v -0.29123354 -0.42554092 0.5700333
v -0.926946 0.347249 0.36751
v -0.149715 -0.785916 0.606274
v -0.922492 -0.29180908 0.14833069
v 0.32862327 0.15429878 0.47201538
v -0.17550421 0.1981687 0.23280573
v -0.60547 0.437074 -0.127521
v -0.3016324 0.09941292 -0.1594038
v -0.418348 0.405234 0.15437
v -0.597578 -0.943554 -0.084129
v 0.40826035 -0.04899025 -0.21942139
v -0.135588 -0.713034 0.497482
v 0.17833781 -0.1791904 -0.38510752
v -0.89394 -0.18669939 0.037269592
v -0.53271914 -0.8387623 -0.04944992
v -0.689237 0.791266 -0.423589
v -0.719187 0.792494 -0.411833
v -0.699546 0.785063 -0.392145
v -0.656764 0.141011 0.693042
v 0.861999 -0.796021 0.343213
v -0.07244587 0.12115097 -0.12746048
v -0.6353016 0.73259354 -0.73088837
v 0.323332 -0.080799 -0.247026
v 0.39003992 0.24793196 0.07391167
v -0.633335 -0.905828 -0.0581007
v -0.31718063 0.043109894 -0.19235802
v -0.6599426 -0.5124512 -0.101257324
v -0.13319397 -0.31746292 0.6494751
v -0.808554 -0.0308904 0.424499
v 0.4240799 -0.2987709 -0.35170746
v -0.735683 0.877272 -0.590953
v -0.3109703 0.12320709 -0.14836884
v 0.6165123 -0.44161892 0.57011795
v 0.437473 -0.743794 0.618311
v -0.873436 0.4502411 0.5124359
v -0.29912 0.166641 -0.11303
v -0.20915985 -0.16761243 0.58779716
v 0.5245731 0.17142296 0.3283348
v 0.30288076 0.21768188 -0.052879333
v 0.67585754 -0.6644318 -0.12449646
v -0.3008871 0.20443678 -0.054768562
v -0.502538 0.372117 0.419301
v 0.014785767 0.15090466 -0.08643913
v -0.156168 -0.86223 -0.355423
v -0.31198788 0.0634346 -0.1813078
v 0.8213005 -0.7395619 0.42174911
v -0.177416 0.165257 -0.0404819
v -0.62029266 0.5212097 0.49500275
v 0.38083792 0.09647179 -0.17252159
v -0.2747345 -0.46975136 0.5602263
v -0.831846 -0.423084 0.00939534
v -0.568235 0.802307 -0.758411
v 0.858942 -0.642143 -0.0339826
v -0.485779 -0.430829 0.569966
v -0.4617443 -0.41669464 0.57583237
v -0.47764385 -0.37630463 0.59396505
v -0.4671831 -0.7000427 -0.069820404
v 0.506374 -0.694339 0.606117
v -0.216626 -0.771989 0.51729
v -0.481911 -0.289425 0.59893
v -0.48569 -0.764435 -0.0425312
v -0.495193 -0.270419 0.596895
v -0.5384903 -0.47540283 -0.19900513
v -0.483975 -0.244541 0.596854
v -0.469751 -0.219779 0.587675
v 0.139852 -0.969825 0.582503
v -0.332818 0.0855821 -0.17272
v -0.482472 -0.167414 0.576513
v -0.486572 -0.146908 0.572996
v -0.34843063 0.11058235 -0.1632204
v 0.2797413 -0.8575058 -0.2975979
v -0.8949833 0.22492623 0.00075149536
v -0.17643213 -0.67986584 -0.21839905
v 0.3542385 -0.97028947 0.5456238
v -0.09988612 -0.21203241 -0.37299
v -0.30085063 0.18885303 -0.08618879
v 0.9824009 -0.6138859 0.09338379
v -0.33790874 0.21371889 -0.04868889
v -0.489865 0.0378011 0.477568
v -0.955272 0.467288 0.226765
v -0.33755636 -0.8240285 -0.14306068
v -0.759467 0.848316 -0.638339
v -0.514452 0.474254 -0.00256962
v -0.523953 -0.966751 -0.117358
v -0.3614769 0.46887589 0.079805374
v -0.36445022 0.03347397 -0.19336176
v -0.338461 0.0608948 -0.183542
v 0.397897 -0.177026 0.645586
v 0.479678 -0.967229 0.0134418
v -0.31881523 0.15001678 -0.13160706
v -0.27840233 0.6494422 -0.13990974
v -0.770361 0.566526 -0.0582721
v -0.33490467 0.17537689 -0.109558105
v -0.226685 -0.521164 -0.210424
v -0.11451304 0.20172644 0.102415085
v -0.505375 0.501267 -0.00296958
v -0.482147 0.061854 0.469133
v -0.149317 -0.804828 -0.309608
v -0.8404236 -0.4186678 0.31864166
v 0.86620426 -0.5224514 0.0522995
v -0.928836 0.0625817 0.58348
v 0.45942 -0.219701 0.632374
v -0.743117 -0.482169 -0.0726672
v 0.236531 0.010748 -0.239177
v -0.43929672 -0.97075164 0.5641899
v 0.960996 -0.595287 0.0576167
v 0.32422638 -0.52163696 0.73106766
v 0.50558114 -0.9142151 -0.051223755
v -0.360403 0.0801555 -0.179776
v 0.401868 -0.247786 -0.347317
v 0.47064 -0.0512166 -0.199945
v 0.393832 -0.706756 0.661623
v 0.443554 -0.206448 0.63533
v -0.29182816 0.6985378 0.05559826
v -0.35393524 -0.964724 0.2287569
v -0.0301191 -0.160332 0.606824
v 0.489996 -0.587361 0.626875
v -0.805263 -0.34843 -0.0910587
v -0.35845184 0.20351028 -0.075115204
v -0.8888149 -0.38166976 0.24133301
v 0.7848668 -0.5930319 0.38272858
v -0.380521 0.229571 -0.0142597
v -0.14680386 0.001250267 -0.22025394
v 0.40755463 -0.5917816 0.6814804
v -0.247773 0.0592667 0.445986
v 0.7642 -0.579061 0.375779
v -0.390788 0.248751 0.0248709
v 0.8228202 -0.5782261 0.3844843
v -0.8230381 0.3798294 0.6238556
v -0.95018005 0.46829987 0.34897614
v 0.7911936 -0.55264807 0.35352755
v -0.227658 -0.402757 -0.283007
v -0.954832 0.0573358 0.490585
v -0.6045292 0.5013981 -0.31988525
v -0.420795 0.718666 0.00823298
v -0.802019 0.507824 0.00812354
v 0.32354736 -0.057203293 0.566473
v 0.0189414 -0.959131 0.666408
v -0.5830635 0.5316944 -0.20292759
v -0.588614 0.497813 -0.179957
v -0.61406 -0.959463 0.230166
v 0.937231 -0.757148 0.085626
v -0.571603 -0.878948 0.333869
v -0.385654 0.197454 -0.0820254
v -0.922842 0.52106 0.172152
v 0.95092773 -0.7442007 0.106853485
v 0.6940708 -0.019054651 0.34173584
v -0.144886 0.677601 -0.0376853
v -0.97991 0.120134 0.49749
v -0.401511 0.270449 0.0349516
v -0.392778 0.276788 0.0593728
v -0.219202 -0.956953 0.634364
v -0.468243 -0.889694 0.617076
v -0.017028809 0.9124985 -0.29531097
v 0.854148 -0.502368 0.0796342
v -0.45709246 -0.86518204 0.60458004
v -0.189505 0.55566 -0.0317698
v -0.3519783 0.7597618 -0.072013855
v -0.385483 0.0978932 -0.171107
v -0.300392 -0.828387 -0.251433
v -0.25078583 -0.8253689 -0.295887
v -0.626669 0.0171569 0.513377
v -0.0677152 -0.866666 0.709324
v -0.3938656 0.11581421 -0.1598854
v -0.761844 0.570001 0.0182303
v -0.5917516 -0.84174776 0.41997528
v -0.165278 0.566633 -0.0250943
v -0.40791333 0.23020363 -0.021739721
v -0.230441 -0.45813 0.556882
v -0.40016 0.241357 0.000803681
v -0.910862 0.00452285 0.184746
v -0.129708 0.919619 -0.154253
v -0.653388 0.909415 -0.701488
v -0.626959 0.899384 -0.712639
v -0.038575172 -0.54061127 0.68888855
v 0.013716698 -0.022327423 -0.24758339
v 0.77949524 -0.41739655 0.35316467
v -0.0106609 0.0374908 -0.221165
v 0.65819895 -0.95350826 0.17823029
v -0.21451712 -0.066129684 -0.24983835
v 0.094026566 -0.6443577 0.72831535
v -0.338513 -0.981014 -0.0525035
v 0.459619 -0.113389 0.608729
v -0.02570343 0.9299946 -0.19532776
v -0.5832825 0.5343313 -0.17730236
v -0.4053917 0.057783127 -0.18520641
v -0.36435413 0.13516998 -0.14695168
v -0.60142255 0.58633065 0.16378212
v -0.37229615 0.18079948 -0.10479927
v -0.41711473 0.21866608 -0.042778015
v -0.431459 0.231181 -0.0286266
v -0.413614 0.262433 0.0111435
v 0.830277 -0.647094 -0.0396278
v -0.51348305 0.22291756 -0.06412411
v -0.87302303 -0.4071288 0.2513275
v -0.7837753 0.32106686 -0.04966736
v 0.715025 -0.541825 -0.127636
v -0.50050354 0.5819473 0.002811432
v -0.488356 -0.810437 -0.0565565
v -0.8386688 0.06580186 -0.00920105
v 0.489989 -0.652243 0.633458
v -0.059432983 0.1731453 -0.046142578
v 0.720417 -0.611797 0.433481
v -0.17054415 -0.5786071 -0.32229614
v -0.8447876 -0.17537832 -0.052452087
v -0.44914627 -0.47158432 0.5538368
v -0.416963 0.0869792 -0.172194
v -0.1872797 -0.15699005 -0.27705002
v -0.340452 0.486148 0.0773136
v -0.4118569 0.1428833 -0.13746452
v -0.40731907 0.17557907 -0.10559082
v 0.44185448 -0.8776562 0.5835829
v 0.490071 0.191307 0.326721
v -0.47158623 -0.3110838 0.60297704
v -0.42676222 0.20601654 -0.060380936
v -0.067650795 -0.4420929 0.7029724
v -0.46643734 -0.26132488 0.59578395
v -0.584269 0.104193 0.566738
v 0.37067175 -0.97319293 -0.090289116
v 0.534925 -0.723498 0.557503
v -0.477671 -0.19332 0.583052
v 0.5341759 0.05842209 0.45548248
v -0.496976 -0.792335 0.427928
v -0.768796 0.784795 -0.55935
v -0.131334 -0.223316 0.598787
v -0.47459984 -0.124824524 0.56525517
v -0.4298873 0.018325806 -0.20917892
v -0.16363621 -0.7165909 -0.2521801
v -0.253238 -0.962182 0.22193
v -0.439565 0.0680512 -0.181845
v -0.462 -0.0249862 0.520559
v -0.67050767 0.6744747 -0.14887619
v -0.47006 0.0178069 0.488626
v 0.6073532 -0.85583496 -0.04863739
v 0.1631546 0.20663452 -0.074632645
v 0.70285034 -0.36135387 -0.17034912
v 0.0965376 -0.370614 0.764873
v -0.681787 0.48886 -0.412349
v 0.200155 -0.546264 0.7471
v -0.710972 0.860307 -0.681853
v 0.31895 -0.793773 0.660468
v 0.375835 -0.260941 0.707153
v 0.8440819 -0.5636902 0.015167236
v -0.831574 0.20998 0.690417
v 0.12882662 -0.91120815 0.48312378
v 0.101225 -0.95804 0.553968
v -0.89438 0.247823 0.637828
v 0.34164047 -0.2536199 -0.37939453
v -0.584922 0.588212 -0.187096
v -0.737524 0.518353 -0.370226
v -0.027549744 -0.53006744 0.701313
v -0.18728638 0.85471344 -0.16294098
v -0.857838 -0.344562 -0.0208178
v -0.1388607 -0.06544781 -0.27180243
v -0.441753 -0.638369 0.425489
v 0.470535 -0.198004 0.629056
v -0.146932 -0.382912 -0.440473
v -0.44687033 0.18814087 -0.077545166
v -0.451023 0.200059 -0.0629017
v -0.44597 0.219107 -0.0446237
v 0.439385 -0.0952496 0.60532
v -0.14644814 -0.2548833 0.5983567
v -0.6775625 0.37004784 -0.08071542
v -0.428799 0.250376 -0.013179
v 0.906125 -0.472233 0.23824
v 0.213308 -0.961892 0.212367
v -0.651018 -0.884162 -0.00570145
v 0.37691784 -0.23940754 -0.35873127
v 0.803415 -0.522742 0.326595
v 0.0632053 0.744108 -0.193385
v 0.0280226 0.657417 -0.142788
v -0.0410103 -0.965852 -0.330721
v 0.054307938 0.8429065 -0.34071946
v 0.595561 -0.528635 -0.244991
v -0.43560028 0.15653229 -0.11824036
v -0.6240432 -0.90101 0.39463198
v -0.620586 -0.921515 0.523435
v 0.85476995 -0.8442955 0.103126526
v 0.586393 -0.554417 -0.243194
v -0.785597 0.659959 -0.264502
v -0.03347397 -0.43943024 0.7240658
v 0.84 -0.491365 0.100459
v 0.73690414 -0.8858795 0.32557678
v -0.697906 0.486089 -0.389741
v -0.316004 -0.0587269 0.533051
v 0.7293854 -0.1414566 -0.050476074
v -0.96027184 0.25064325 0.41336823
v 0.09382963 -0.16172123 0.6903744
v -0.248726 -0.305116 0.576471
v -0.982707 0.201205 0.364383
v -0.467529 0.211533 -0.0534373
v -0.296586 0.555209 -0.0819657
v -0.471562 0.231203 -0.0460561
v 0.2296257 -0.8668828 0.612463
v -0.6493416 0.81871784 -0.56542706
v -0.811099 -0.504964 0.203922
v -0.45196 0.242743 -0.0324607
v -0.131723 -0.563459 0.526012
v -0.452411 0.269421 -0.0275381
v 0.853922 -0.484933 0.121326
v 0.34747696 -0.19100761 -0.33042526
v 0.350409 -0.147434 -0.275047
v -0.0447352 -0.937427 -0.342439
v -0.11512375 0.09750557 -0.14967918
v -0.18112564 0.5708046 -0.07453537
v -0.41145444 0.31775522 0.06658745
v 0.7488308 -0.5581093 0.38908768
v -0.449746 -0.751152 0.413589
v -0.011966705 0.22997665 0.23432922
v 0.10525131 -0.0023927689 -0.25882816
v -0.451325 -0.591775 0.455011
v -0.0014812946 -0.19149148 -0.39332342
v 0.11191 -0.250749 0.750159
v -0.341929 0.637366 0.0911811
v -0.245026 -0.381799 0.569831
v 0.0127433 -0.142152 0.60364
v -0.039887 -0.139064 0.590275
v -0.48854637 0.16951752 -0.08319092
v -0.476473 0.194623 -0.0645506
v -0.76372147 0.33850214 -0.05770302
v -0.774458 0.575725 -0.159317
v 0.52825165 -0.2885208 0.635519
v -0.35744 -0.9710405 0.46593475
v -0.45480418 0.30007744 -0.018312454
v -0.51254845 -0.8125591 0.16857529
v 0.37803555 0.25640988 0.25122356
v -0.46339506 -0.8257122 0.57115936
v -0.455599 -0.779614 -0.0710394
v -0.477004 -0.785217 -0.0560596
v -0.5130882 0.05332184 -0.17641449
v -0.8031732 0.5790472 0.29676056
v -0.7314863 0.64027023 -0.40059662
v -0.011131287 -0.58574677 0.6891937
v -0.461721 -0.446083 0.565278
v 0.180775 -0.933136 0.188045
v -0.45598078 -0.39093018 0.5845165
v -0.0846414 -0.744681 0.570559
v -0.2107315 -0.78974724 -0.22992706
v -0.6108532 0.3783188 0.5293312
v -0.48819637 0.10240936 -0.15046692
v -0.0498493 -0.37429 0.74447
v -0.44603944 -0.29933846 0.60512024
v -0.25394535 -0.9738179 0.3950634
v -0.235744 0.792072 0.0142076
v -0.332149 0.663423 0.0850477
v -0.130451 -0.331177 -0.448285
v -0.5350275 0.16199636 -0.087575436
v -0.045967102 -0.46020508 0.708519
v -0.456266 -0.171538 0.579062
v 0.7583256 -0.5572033 -0.019489288
v -0.447836 -0.121636 0.562832
v -0.010253906 0.20252705 0.007095337
v -0.72091675 -0.29518127 0.5424652
v -0.600123 -0.950848 0.248637
v -0.832582 0.0851888 0.642298
v -0.5150871 0.12135887 -0.122241974
v -0.25441 -0.476797 -0.211744
v -0.2934463 0.22902465 0.032637596
v 0.0317604 -0.0929305 -0.281877
v -0.462431 0.0414748 0.473078
v 0.437749 0.117524 0.463973
v -0.123597 -0.281004 -0.43111
v 0.81125927 -0.42538452 0.114608765
v 0.922432 -0.493402 0.107023
v 0.2724 -0.485291 0.741928
v -0.523219 0.446616 -0.00528409
v -0.296987 -0.297127 -0.261861
v 0.89097214 -0.489563 0.1031723
v -0.2134552 -0.47717714 -0.27869415
v -0.560339 0.456157 -0.0228773
v 0.08590698 -0.87415385 0.6587944
v 0.75912476 -0.24965477 -0.067733765
v -0.628345 0.4243 -0.128287
v -0.468416 0.47432 0.316367
v -0.5450821 0.062088013 -0.1597557
v -0.30323792 0.4987998 0.03707695
v 0.0573253 -0.0811263 -0.28284
v -0.72325134 0.664505 -0.46221924
v -0.21272 0.187948 -0.0131214
v 0.59713745 -0.78499126 -0.12484741
v -0.17282629 -0.50631714 -0.36200714
v -0.53419 0.138562 -0.101811
v -0.781137 0.554961 0.028251
v -0.8200245 -0.49347663 0.17403555
v -0.47653 0.284524 -0.0397708
v -0.503316 0.294352 -0.0472975
v -0.506579 0.424371 -0.00529211
v -0.4972191 -0.37633705 -0.2507391
v 0.380406 0.0673635 -0.187277
v -0.5746508 0.58818233 -0.28539276
v 0.1673317 -0.86447334 0.63030815
v -0.69703674 0.68017626 -0.5644684
v -0.244331 -0.558415 -0.175988
v 0.734351 -0.879873 0.0133706
v 0.823337 -0.674693 -0.0507057
v -0.800233 0.740134 -0.454378
v -0.14179134 0.733768 -0.20253515
v -0.314973 -0.941219 0.576687
v -0.563908 0.387533 -0.0532295
v 0.041799545 0.12916374 0.4805374
v 0.231189 -0.85171 0.612469
v -0.89119095 -0.3556776 0.112238884
v 0.9439268 -0.7682953 0.14787292
v 0.666296 -0.11883 -0.132245
v -0.573964 -0.984702 -0.0723158
v -0.107413 -0.294084 -0.44843
v -0.44421 -0.753757 0.195861
v 0.249581 -0.383241 0.749661
v 0.63632584 -0.7685013 0.4491501
v 0.965646 -0.689826 0.296506
v -0.272096 -0.0910439 0.535971
v -0.903204 0.147067 0.636929
v -0.0925875 -0.19768 0.607838
v 0.8373585 -0.6208687 -0.02649498
v -0.635056 0.186257 0.663929
v -0.1451683 -0.6709986 -0.30260468
v -0.41775942 0.3579582 0.24602222
v -0.5694275 0.0987854 -0.119880676
v -0.6494751 -0.3466339 0.57115936
v -0.679981 0.913921 -0.695425
v -0.08810425 -0.06460953 -0.27447414
v 0.59581184 -0.13125229 0.5385666
v -0.2606964 0.5942917 -0.11505127
v -0.662189 0.579102 -0.641751
v -0.321364 0.240064 0.174222
v -0.906568 -0.0634738 0.237173
v -0.902203 0.132158 0.00799952
v -0.53358865 0.6049104 0.10796833
v 0.8162079 -0.56274414 0.019592285
v -0.125276 -0.80832 -0.319791
v -0.05239868 -0.62570953 0.6222534
v 0.366441 -0.0198438 0.540405
v 0.363099 -0.0410245 0.560359
v 0.68121 -0.729277 0.429485
v -0.002204895 -0.15445876 0.6184349
v -0.61782074 -0.46377563 -0.1846466
v 0.81394 -0.51914 0.0572231
v -0.108386 0.591064 -0.0578771
v -0.980187 0.17485 0.375166
v -0.022130013 -0.20536661 -0.410532
v -0.481452 -0.847443 0.595452
v -0.30487633 -0.964464 0.21492767
v -0.5026283 -0.86152554 0.29116344
v -0.774664 0.535626 -0.0579735
v -0.45371628 -0.84300137 0.58726597
v 0.368495 -0.0591755 -0.233598
v 0.38127556 0.03690338 0.51574516
v -0.857825 0.525908 0.0831788
v -0.53096 0.378121 -0.0443493
v 0.0534702 -0.114392 -0.288472
v -0.518914 0.398309 -0.0257168
v -0.044902027 -0.19335157 -0.37854218
v -0.8071976 0.55391693 0.07653046
v 0.6906853 -0.9236183 0.059127808
v -0.95838 0.438575 0.29526
v 0.41381073 0.0321846 -0.19390869
v 0.952816 -0.56810665 0.05161953
v 0.37322617 -0.22410202 0.69067764
v -0.578692 0.56188 -0.227222
v 0.04620838 -0.6829109 -0.42361832
v -0.289152 -0.388382 -0.234585
v -0.960254 0.465992 0.299195
v -0.720898 0.432322 -0.111631
v -0.39624 -0.0237769 -0.222868
v -0.519086 -0.4453 -0.218869
v -0.0023832321 0.07932472 -0.18378735
v -0.83179474 0.10120392 -0.026008606
v 0.035604477 0.1062088 -0.16273117
v -0.598522 0.843862 -0.768264
v 0.014959812 0.0689621 -0.19218922
v -0.623368 0.858062 -0.758722
v 0.340677 -0.164901 -0.294791
v 0.0510246 -0.979825 -0.282407
v 0.681998 -0.320071 -0.19626
v -0.818656 -0.436969 -0.0148168
v -0.11941242 0.17948532 0.0029792786
v 0.25076294 -0.07639122 -0.26015472
v -0.45582 -0.748101 0.356533
v 0.811188 -0.7943 -0.0298683
v 0.606785 -0.48533 0.555821
v -0.6356504 0.6905159 -0.22521257
v -0.54557 0.393136 -0.042338
v -0.54602 0.41455 -0.0270227
v -0.546444 0.439201 -0.0147934
v -0.543334 0.469077 -0.00707646
v -0.555504 0.496647 -0.000548304
v -0.543947 0.518255 0.00938619
v -0.03638649 0.9764242 -0.2375145
v 0.0169811 -0.793602 0.635353
v -0.301067 0.617071 -0.118675
v -0.26176262 -0.74786615 0.5195565
v 0.6916237 -0.9073906 0.31978607
v 0.745923 -0.891811 0.297527
v -0.62672 0.56914 0.0524001
v 0.1385212 0.13214111 -0.14805603
v -0.237676 0.713988 -0.0121616
v -0.05388546 -0.07473183 0.57215405
v -0.438102 -0.357537 0.590502
v 0.04212475 0.161232 -0.084215164
v -0.452489 -0.331506 0.600593
v -0.216102 -0.938847 0.65388
v -0.321638 -0.0438572 -0.239877
v -0.31909943 0.7055702 -0.12169647
v -0.56468 0.40804 -0.0437281
v -0.432382 -0.245156 0.591107
v -0.444032 -0.221605 0.586097
v -0.834331 0.541486 0.0801542
v -0.451811 -0.197564 0.584347
v -0.567102 0.479929 -0.018481
v -0.534595 0.542276 0.0145062
v -0.5477 0.560362 0.0289444
v -0.539422 0.58375 0.0396369
v -0.44497108 -0.056121826 0.5324726
v 0.38059616 -0.21566963 -0.33821106
v -0.319235 -0.323253 0.568306
v 0.04200363 0.80921364 -0.22741699
v -0.434751 -0.0242108 0.516503
v -0.451178 -0.00217372 0.504007
v 0.0282635 0.963616 -0.304533
v 0.382939 -0.186871 -0.304442
v -0.743956 -0.087428 0.491808
v -0.464768 -0.782441 0.48402
v -0.29890633 -0.16321373 0.5595455
v -0.19381571 -0.39650536 -0.38256073
v -0.57849395 0.5894489 -0.38640213
v 0.234595 -0.940723 0.616899
v 0.40937805 0.10123068 -0.15530014
v -0.750691 0.644947 -0.122476
v -0.640801 0.588833 -0.655773
v 0.5776596 -0.9020386 -0.025051117
v -0.556437 0.538483 0.0202368
v 0.0153822 -0.0745597 -0.273764
v 0.5902567 0.059009552 0.42036057
v -0.56196 0.354034 0.464642
v -0.11922073 -0.0045776367 -0.23426056
v -0.169096 -0.273756 0.586566
v -0.924899 0.350422 0.155243
v -0.06360099 -0.21199083 -0.40533626
v -0.757254 0.448371 -0.0612213
v -0.71823883 0.7678604 -0.5887451
v 0.48609924 -0.018699646 0.52366257
v -0.904925 0.174127 0.632416
v -0.588289 -0.266823 -0.224733
v -0.8488312 -0.12872314 -0.041996002
v 0.404698 -0.203138 0.661903
v 0.207943 -0.973129 -0.271729
v 0.1984595 -0.9788224 -0.24385214
v 0.236364 -0.0869427 0.581081
v 0.34360695 -0.1675148 0.6542835
v -0.047943115 -0.58722305 0.64541626
v 0.050699234 -0.21547794 -0.43074894
v 0.419636 -0.263469 0.678945
v 0.337697 -0.436255 0.735359
v 0.7166443 -0.25201416 -0.13317871
v -0.465823 -0.806348 -0.0703737
v -0.5962601 -0.11056137 0.55902386
v -0.386618 -0.904089 -0.147341
v -0.474415 0.604532 0.148211
v -0.46551085 -0.38933563 -0.24469948
v -0.787943 0.650492 -0.291553
v -0.322996 -0.614617 -0.14878
v -0.0338142 -0.841986 0.69472
v 0.5513668 -0.44815063 0.61100006
v -0.697861 0.414971 -0.101288
v -0.568214 0.55535 0.0348239
v -0.363436 0.460908 0.0567957
v 0.350971 -0.381325 0.722141
v -0.579551 0.564608 -0.200593
v -0.0832361 0.954778 -0.176382
v -0.298498 -0.952576 -0.34859
v 0.3784485 -0.5652809 0.70440674
v -0.510836 -0.70572 0.0922251
v -0.4386816 0.29431164 -0.0041618347
v 0.180284 0.0510063 -0.214521
v -0.12736893 -0.03272438 -0.25470448
v -0.13528442 0.65905 -0.011291504
v -0.403051 -0.900037 -0.131437
v -0.170784 0.188628 0.262598
v 0.971839 -0.567095 0.29818
v 0.37591934 -0.13922882 0.6376858
v -0.846468 -0.0167288 0.367948
v -0.19889 -0.979894 0.156735
v -0.441154 -0.772999 0.477403
v -0.923663 0.373657 0.168246
v -0.716438 0.413074 -0.0855225
v -0.699234 0.63261414 -0.5299072
v 0.119062 -0.924678 0.512893
v -0.57751447 0.5398812 0.02042985
v -0.610011 0.490426 0.509969
v -0.87181854 -0.050534487 0.33003998
v -0.589514 0.555174 0.0357795
v -0.424294 0.376692 0.0769439
v -0.58229506 0.30184174 0.51283264
v -0.186154 0.176377 -0.0163979
v 0.9853061 -0.67965317 0.15499878
v 0.536486 -0.834652 0.519337
v -0.93869 0.0545966 0.112593
v -0.426521 0.547337 0.165244
v -0.7479315 0.39291 -0.06293011
v 0.176339 0.035329 -0.227678
v -0.748686 0.621568 -0.0819006
v 0.154156 0.188428 -0.0982521
v -0.930918 0.0351212 0.133725
v -0.11743641 -0.86948586 -0.3536663
v -0.1569519 0.6992111 -0.057281494
v -0.219156 -0.604369 -0.161645
v -0.231104 -0.581338 -0.168639
v -0.0378773 -0.977664 -0.245769
v -0.0428202 0.951644 -0.164827
v 0.251907 -0.13116 -0.276516
v -0.436754 -0.256152 -0.260758
v -0.598142 0.545392 0.0165666
v -0.423413 -0.00951217 -0.220656
v -0.60242 0.566912 0.0550066
v -0.302714 -0.554415 0.555392
v -0.762043 -0.0726383 0.475825
v 0.05030179 -0.061079025 -0.27313423
v -0.591064 0.574453 0.0772163
v -0.550416 -0.96518 -0.108982086
v 0.030742645 -0.43802834 0.7453327
v -0.131333 -0.681322 0.502544
v 0.0012865067 -0.6676903 0.67744064
v 0.22235012 0.2363472 -0.0141124725
v 0.286795 -0.157517 -0.304339
v -0.37875235 0.0007171631 -0.21203423
v 0.822563 -0.499943 0.0783371
v -0.420677 -0.387509 0.585467
v 0.6654358 -0.19344807 -0.14940643
v 0.6093788 -0.9093857 0.359169
v -0.160718 -0.94896 0.281746
v -0.5963836 0.7816124 -0.616951
v -0.262402 -0.792095 0.527186
v 0.727879 -0.2011 -0.0831924
v 0.09578514 0.22706985 -0.011222839
v -0.631417 -0.830995 0.0907383
v -0.420368 -0.221157 0.589705
v -0.432017 -0.202646 0.589816
v 0.208619 0.209629 -0.0586156
v -0.431479 -0.179121 0.588223
v -0.24447125 -0.8076581 0.53661335
v -0.431106 -0.146593 0.578449
v -0.149953 -0.930877 0.333912
v -0.425978 -0.0693612 0.535296
v -0.11454284 0.19180489 0.046998978
v 0.58958435 -0.088866234 0.5093155
v 0.233387 0.0856266 -0.20457268
v 0.501524 -0.28399086 -0.29764748
v -0.46750212 0.4406681 0.32062912
v 0.38881904 -0.96644497 0.41296744
v -0.690975 0.0272496 0.631535
v -0.42787743 0.07248783 0.4479761
v 0.684878 -0.703675 0.435682
v -0.433454 0.0925407 0.439303
v -0.182339 0.760004 -0.194214
v 0.7179642 -0.17312622 0.42147827
v -0.97468996 0.102461815 0.45422554
v -0.046131134 0.87400436 -0.2708435
v -0.241882 -0.142408 0.567425
v 0.77778625 -0.4927826 0.34890747
v 0.899245 -0.516698 0.0618586
v 0.400246 -0.942757 0.583297
v -0.603296 0.00718428 0.501824
v -0.7456168 0.5274897 -0.3306141
v -0.32094 0.799616 -0.0586212
v 0.0955863 0.790745 -0.269531
v -0.458928 0.647885 0.108189
v -0.428524 -0.778462 0.241995
v -0.223456 -0.909536 0.649352
v -0.4922638 -0.22706032 -0.26284623
v 0.705114 -0.740613 0.427633
v 0.496363 -0.62322 -0.315118
v -0.6587534 -0.23897934 -0.19603157
v 0.591741 -0.607582 -0.23821
v -0.790947 0.67701 -0.33905
v -0.418965 0.419707 0.0695427
v -0.603767 0.0335805 0.511458
v 0.22696304 -0.21492386 0.7290678
v 0.1478281 -0.028337479 0.58170986
v 0.801324 -0.589508 0.00157934
v -0.640652 -0.937604 0.458096
v -0.645104 0.454721 -0.246561
v 0.790103 -0.813079 -0.0253984
v 0.62031555 -0.06790161 -0.14746094
v 0.80362 -0.68018 0.431821
v -0.9645729 0.26839828 0.15401459
v -0.75940514 0.5869945 0.29786682
v -0.725566 0.579342 -0.366134
v 0.32164 0.085739136 0.5112152
v -0.139589 -0.20496 -0.30689
v 0.35572815 0.0544405 0.5147848
v -0.0370593 -0.803252 0.66467
v -0.431733 0.57573 0.157225
v 0.7980714 -0.5507183 0.029850006
v -0.30562782 -0.6118126 0.54964066
v 0.802656 -0.493414 0.0577914
v 0.484971 -0.954337 -0.0112885
v 0.5436287 -0.42921257 0.62934875
v -0.389604 0.0979787 0.416093
v 0.6276164 0.059806824 -0.014175415
v 0.6502781 0.014923096 -0.04267502
v -0.172551 -0.787153 -0.275407
v 0.414557 -0.112947 -0.266307
v -0.72390366 0.8483639 -0.66163254
v -0.428328 0.340024 0.0453215
v -0.25652838 0.20467567 -0.023180008
v -0.304215 -0.920601 0.570293
v -0.782373 -0.474299 -0.036193
v 0.26891708 0.004538536 0.5592022
v 0.53051376 -0.34695864 -0.29984856
v 0.520617 -0.312272 -0.296425
v 0.062789 -0.959892 -0.307549
v -0.650236 0.90886 -0.725971
v -0.74286 0.619456 -0.328191
v 0.74427795 -0.3159752 0.42367554
v 0.19838 -0.144429 0.674691
v 0.59213257 -0.09711838 -0.18200684
v -0.590945 -0.0879428 -0.209294
v -0.41878 -0.824842 0.556181
v 0.6504326 -0.06725407 -0.12197876
v -0.334721 -0.340515 0.566478
v -0.676553 -0.873358 0.0407415
v -0.422536 -0.771343 0.493466
v -0.588862 0.83288 -0.690737
v -0.651027 0.0931107 0.67886
v 0.07520676 -0.22807503 -0.43911743
v -0.9280815 0.44418502 0.41149902
v 0.095056534 -0.29585266 0.75473547
v 0.488916 -0.856296 -0.217681
v -0.1797607 0.20476104 0.1426568
v -0.66863346 0.33492756 0.62224483
v -0.67274046 0.5094967 -0.50226593
v 0.1879654 0.12014389 -0.15507889
v -0.59866 0.808811 -0.770823
v -0.8510132 0.49629974 0.47427368
v 0.231952 -0.210196 -0.398588
v 0.47064018 -0.86841106 -0.2439537
v -0.4574852 0.34366143 0.37613344
v -0.922253 0.0528536 0.0886282
v -0.62895167 0.4681282 -0.27127838
v -0.606215 0.48493 -0.264958
v -0.957141 0.474354 0.320614
v 0.773796 -0.554893 0.0128777
v -0.620325 0.7718544 -0.5260334
v 0.539165 -0.0340123 0.514995
v 0.67171 -0.292025 -0.200157
v -0.411469 0.139669 0.414518
v -0.534222 0.588272 0.162528
v -0.30434322 0.21715927 0.24512482
v 0.450899 -0.874511 -0.25821
v 0.419123 -0.0735924 -0.235807
v -0.426421 -0.592726 0.470601
v -0.3973179 0.50981426 0.1465168
v 0.4386654 -0.263299 -0.32764435
v -0.265971 -0.270759 -0.284313
v -0.94512224 0.39817238 0.31929398
v -0.315378 -0.81823 -0.178684
v -0.227784 -0.978477 0.171713
v -0.434571 -0.728151 0.25598
v 0.78331757 -0.6604805 -0.04309559
v -0.0719184 -0.000981446 -0.241053
v 0.585181 -0.416029 0.594828
v 0.152255 0.0613261 -0.202751
v -0.17958069 -0.9341793 0.0718689
v -0.456632 -0.953213 0.611918
v -0.771659 0.602348 -0.120037
v 0.7905464 -0.6118698 -0.013523102
v 0.19083309 -0.93003136 0.10011482
v -0.788936 0.69646 -0.327523
v -0.19695187 -0.7999897 -0.27918434
v -0.716155 -0.953522 0.101546
v 0.5888138 -0.0772171 -0.17455673
v -0.711178 -0.961582 0.0756175
v 0.789464 -0.573641 0.0135835
v -0.220809 -0.961965 0.424255
v -0.694631 -0.890588 0.103357
v 0.7848282 -0.52575684 0.03050232
v -0.408419 -0.354993 0.588995
v -0.3489914 0.7658539 0.019882202
v -0.42305 -0.329574 0.599854
v -0.208682 -0.886063 0.661981
v 0.770766 -0.786693 0.427703
v -0.945615 0.398315 0.344934
v -0.427457 -0.969673 -0.143277
v -0.40732 -0.243946 0.588778
v -0.003566265 -0.53923035 0.7127781
v -0.52325 0.571374 0.336483
v -0.938562 0.372522 0.324763
v -0.747804 0.518078 -0.305875
v 0.63251877 -0.2669108 -0.22207642
v 0.5438614 -0.40060997 0.63495636
v -0.416023 -0.11598 0.562994
v -0.179942 -0.96455 0.652706
v -0.3656716 -0.90539056 -0.21662627
v -0.4182415 -0.04471588 0.5267067
v -0.117574215 -0.91795814 -0.17152882
v 0.437422 0.20451 0.351106
v -0.23245883 -0.7286367 -0.112294555
v -0.422224 -0.00108029 0.505396
v -0.35142517 -0.91529083 0.5875931
v 0.58419037 -0.30782318 0.58709717
v 0.6277828 -0.018592834 -0.102767944
v -0.741761 0.757966 -0.331548
v -0.01128006 0.16546917 0.40457535
v -0.315993 -0.827302 -0.199323
v -0.0955137 -0.94769 -0.351428
v -0.43434 0.1743713 0.4492321
v -0.092622 -0.919323 -0.189302
v 0.19197 -0.652335 0.72227
v -0.44649124 -0.72832537 0.40853882
v -0.5054321 0.19665754 0.52350473
v -0.898908 -0.0381443 0.218078
v -0.168136 0.89312 -0.137265
v -0.237025 -0.8369 -0.322775
v 0.15757 -0.224758 -0.426778
v -0.9332428 0.3469106 0.33644104
v -0.943198 0.39632 0.37117
v 0.9357891 -0.5716572 0.34925652
v 0.10896349 0.25055122 0.30833626
v 0.6282501 -0.23854542 -0.21621895
v -0.66262054 -0.60308933 0.03566742
v 0.69498 -0.806976 0.422872
v 0.787538 -0.568987 0.366193
v -0.6490936 0.32094765 0.6016197
v -0.451307 -0.702774 0.26642
v 0.36682796 -0.11071873 0.62909555
v -0.635908 -0.144801 -0.191175
v 0.17934418 0.07147217 0.5416908
v -0.5998459 0.05376625 0.5320692
v -0.8285413 -0.46967363 0.22709656
v 0.0575327 -0.0279912 -0.257821
v 0.4905777 0.028301239 0.49435806
v -0.15475658 -0.8125031 0.6465447
v -0.501603 -0.690917 0.136777
v 0.09835386 -0.05400753 -0.27286744
v -0.448505 0.560941 0.171862
v 0.5154705 0.102731705 -0.08937454
v -0.440912 0.607408 0.144679
v -0.411715 0.620679 0.132648
v -0.408487 0.6484 0.116613
v -0.07223511 0.08834839 -0.15855026
v -0.14675188 0.07363033 -0.17031479
v 0.41667747 -0.03012085 0.55088425
v -0.772822 0.703271 -0.279467
v 0.688921 -0.116468 -0.104782
v 0.5266495 -0.014968872 -0.16294098
v 0.53037834 0.03176689 -0.13483238
v 0.27879477 0.21299267 -0.06195259
v -0.58631134 0.7061987 -0.5243778
v -0.5929265 0.6454563 -0.57081985
v 0.613534 -0.895788 0.374472
v 0.125873 -0.84409 0.635425
v 0.136465 -0.817573 0.634522
v -0.994431 0.188374 0.322601
v -0.526185 -0.801833 0.136933
v 0.409099 -0.441662 0.710278
v -0.458306 -0.776538 0.45982
v -0.84039736 0.5714729 0.21082115
v 0.26281548 0.254941 0.020841599
v -0.88173676 0.1665802 -0.017389297
v -0.345207 0.712217 0.0775709
v 0.5467758 -0.13479614 0.56837463
v 0.42824173 -0.027511597 -0.2061348
v -0.400801 -0.772911 0.505742
v -0.154675 -0.937684 0.308199
v -0.405803 -0.751116 0.491089
v 0.467497 -0.823052 -0.260182
v -0.52129 -0.279355 0.593967
v 0.277114 -0.778762 0.683591
v 0.268777 -0.192822 -0.375464
v -0.117108345 -0.92678374 0.14863586
v -0.189095 0.882992 -0.117121
v 0.577415 -0.579153 -0.246996
v 0.49300385 -0.73739624 -0.30634308
v 0.20451164 -0.2945366 -0.43702984
v 0.291352 -0.97536 0.0567205
v -0.657215 0.0704008 0.667152
v 0.420451 -0.666872 0.652876
v -0.181595 -0.773175 -0.230909
v -0.942021 0.168938 0.601466
v 0.245402 -0.913803 -0.0392673
v -0.058703423 -0.47584915 0.6928177
v -0.121114 -0.388255 -0.457646
v -0.22609997 -0.75489426 0.5104327
v 0.667309 -0.260871 -0.194905
v -0.40280342 0.5795002 -0.06342316
v 0.769308 -0.586027 -0.000473861
v -0.83880615 -0.3864441 -0.008422852
v -0.852032 -0.379886 0.37315
v 0.52033997 -0.61449814 0.60837173
v 0.738972 -0.623442 -0.0329586
v -0.0529677 0.0191576 -0.226965
v -0.662008 0.432877 -0.170678
v -0.393787 -0.327971 0.595405
v 0.8865528 -0.5382824 0.037067413
v 0.42123127 0.22036171 0.021440506
v 0.5883312 0.13836002 0.20384216
v -0.416866 -0.271059 0.599156
v -0.25631714 -0.92349696 0.60385895
v -0.06086 0.930081 -0.143924
v -0.0009536743 -0.94526196 -0.3272009
v -0.24974823 0.72810364 -0.16228485
v -0.410002 -0.196164 0.59174
v 0.16939 -0.114518 -0.277879
v -0.40354 -0.167159 0.584545
v -0.451627 -0.697365 0.294848
v 0.124923706 -0.27071 0.7530787
v -0.645039 0.843781 -0.740479
v -0.220111 0.202646 0.0190867
v 0.517643 -0.90538406 0.50414276
v -0.700788 0.718922 -0.222942
v -0.301514 0.814263 -0.0536151
v -0.537907 -0.62396 -0.0280484
v -0.264418 -0.847469 -0.313456
v -0.0208984 -0.112376 0.580642
v -0.4173813 0.056840897 0.45863342
v 0.08452058 0.7430968 -0.21409702
v 0.0449191 -0.689053 0.682232
v 0.40748405 -0.19670296 -0.29762268
v -0.603901 0.421865 -0.0891526
v 0.42233 -0.191812 0.64168
v -0.56452775 0.048255086 0.49264085
v 0.123451 -0.955591 -0.299894
v -0.718716 0.505979 -0.44407
v -0.954458 0.491114 0.305128
v -0.0434793 -0.223271 -0.426301
v 0.6434021 -0.16767693 -0.16207886
v -0.191075 -0.0573634 -0.252689
v -0.90470886 -0.26080132 0.33952332
v -0.9296818 -0.13717079 0.2534027
v -0.21837902 -0.82014465 -0.30918312
v -0.78361034 0.721611 -0.45596695
v -0.16633224 0.17281103 -0.014253616
v 0.444045 -0.227017 0.639463
v 0.8440056 -0.59103394 -0.0066375732
v 0.69312286 -0.02035904 0.013153076
v 0.337897 -0.356617 0.727356
v 0.0299748 -0.562574 0.711734
v 0.643692 -0.12035942 -0.15299988
v 0.5358429 -0.101997375 -0.21492767
v -0.19492626 -0.13905334 0.58135414
v -0.227144 -0.982075 -0.361708
v -0.6323223 -0.9247639 0.50223446
v 0.212797 0.139456 -0.137281
v -0.411376 0.591762 0.144471
v -0.17293358 -0.44341612 -0.4084301
v -0.025974274 0.06326294 0.505661
v 0.290301 -0.919812 -0.111252
v 0.501862 -0.221176 -0.274642
v -0.22858715 -0.7804065 -0.15588951
v 0.5692444 -0.17254257 -0.22769737
v -0.93821526 0.5095978 0.31962585
v 0.654997 -0.768488 0.431535
v 0.8128994 -0.42382956 0.2003212
v -0.5872412 0.7924042 -0.65444183
v 0.549622 0.00810571 -0.137831
v 0.028944016 -0.04206848 -0.25881004
v -0.149152 0.605499 0.0168688
v -0.39679718 -0.86101246 0.58112824
v -0.20736694 -0.9217299 -0.032722473
v -0.39403486 -0.8401842 0.5656452
v -0.363864 0.144003 0.365296
v -0.559139 -0.918144 0.292929
v -0.397021 -0.793915 0.522644
v -0.38413 -0.751861 0.504698
v 0.0972821 -0.219179 0.737665
v -0.3929 -0.724867 0.494181
v -0.40851 0.711111 -0.0399957
v -0.41121292 -0.70467186 0.47021103
v 0.57304 -0.444795 0.59538
v -0.039798737 0.09463501 -0.15387726
v -0.899238 -0.332895 0.100035
v -0.597405 0.43954 -0.104907
v 0.356289 -0.953638 -0.262655
v -0.209844 0.122471 0.396592
v 0.07452583 0.72021866 -0.25077057
v 0.075207 -0.980609 -0.260154
v -0.0148423 0.945746 -0.290093
v 0.10354996 -0.3296318 0.7587795
v 0.25336432 0.12439728 -0.16326141
v -0.407774 -0.484206 0.547365
v -0.44367218 0.5515604 -0.03389263
v -0.2974639 0.22994614 0.19846344
v 0.47554874 0.19216347 0.018659592
v -0.391436 -0.465267 0.558494
v -0.377918 -0.442199 0.563311
v 0.0382913 -0.406673 0.750516
v -0.152713 -0.237425 -0.334229
v -0.392262 -0.377404 0.581914
v 0.0695162 -0.364569 0.76234
v 0.690611 -0.00324543 0.03445
v -0.0972686 -0.194069 -0.325851
v -0.40698 -0.30188 0.602574
v -0.39354324 -0.28119373 0.5961733
v 0.74794006 -0.50193787 -0.07884216
v 0.44732666 0.007045746 -0.18927765
v 0.7064543 -0.8820305 -0.0075302124
v -0.3956 -0.219311 0.583589
v -0.8138752 0.38975906 -0.022584915
v -0.00107907 -0.921928 0.689234
v -0.47778082 -0.7838056 0.44190884
v -0.780668 0.718588 -0.328507
v -0.396325 -0.139216 0.571095
v -0.3849 -0.113316 0.558631
v -0.401886 -0.0873033 0.546727
v -0.258247 -0.293853 -0.280596
v 0.43196487 0.05374527 -0.17481613
v -0.441042 -0.98366 -0.125014
v 0.57196045 -0.19683838 0.5825119
v 0.0971254 0.811729 -0.336526
v -0.347606 0.155646 0.350762
v -0.951678 0.420353 0.361812
v -0.26535416 0.6299248 -0.13581467
v 0.882839 -0.50117 0.0803898
v 0.66866136 -0.7156601 0.44904327
v -0.58584833 0.5240402 -0.22995377
v -0.361364 0.746393 0.0441627
v -0.714796 0.497442 -0.413395
v -0.294005 -0.505958 -0.196598
v -0.960371 0.455739 0.273414
v -0.498855 0.168704 0.521159
v -0.693992 0.498152 -0.464072
v 0.930886 -0.560354 0.038552
v -0.31181335 0.4944229 -0.005622864
v 0.29977036 0.19851303 -0.07947159
v -0.29123497 -0.43401337 -0.21792984
v -0.57018 0.425674 0.492938
v 0.39353 -0.170101 -0.283695
v 0.410212 -0.142273 -0.273973
v 0.4370041 0.16751194 -0.062438965
v -0.202639 -0.879453 -0.362683
v 0.58386993 -0.5155592 -0.2642784
v 0.46784973 0.038225174 -0.16948509
v 0.46245193 0.0948925 -0.1338253
v -0.270178 -0.983068 0.107958
v 0.0511772 -0.979284 -0.247705
v -0.9539 0.438306 0.220615
v 0.053684235 0.108181 0.5004959
v -0.79763 0.72421 -0.433992
v -0.648821 0.441923 -0.197629
v 0.676489 -0.785086 0.423249
v 0.45652008 0.07784271 -0.15170097
v 0.12358916 -0.07030392 -0.2755401
v -0.22465134 0.10491943 0.41698265
v -0.185426 -0.863078 0.666659
v -0.63030577 0.570364 -0.6049652
v -0.799203 0.789719 -0.510488
v 0.31313705 -0.97557074 0.016971588
v -0.386372 0.62974 0.121389
v 0.641861 -0.893651 0.365945
v -0.7819643 0.62516785 -0.20002747
v -0.606538 0.624718 -0.671189
v -0.641824 0.794006 -0.728516
v -0.389615 0.695943 0.0844713
v -0.432366 0.369934 0.0535688
v 0.347029 -0.0722694 -0.241344
v -0.657914 -0.852509 0.0497412
v 0.37384152 0.21730232 0.38526535
v -0.417751 0.427715 0.129364
v -0.04365158 0.72253036 -0.21688843
v 0.650163 -0.454194 -0.193888
v -0.663416 0.427609 0.581016
v 0.809699 -0.433512 0.252603
v 0.011715233 0.1845522 -0.042785645
v 0.916258 -0.559731 0.356594
v -0.39381027 -0.8142414 0.54099655
v -0.370256 -0.802355 0.531189
v -0.377431 -0.776266 0.516187
v 0.0490261 -0.785403 0.646372
v -0.7387185 0.45520926 -0.11421394
v 0.543622 -0.178666 0.596392
v 0.49823332 -0.8837261 -0.11238098
v -0.368577 -0.7295 0.510277
v -0.904015 -0.214545 0.0700712
v 0.26698112 0.26468468 0.30181885
v -0.6835096 0.7343216 -0.26374817
v -0.799241 0.168747 0.683223
v 0.85111165 -0.8561149 0.18240261
v 0.702386 -0.430034 -0.131598
v -0.333357 0.204483 0.27351
v -0.575414 0.708171 -0.737087
v 0.08375549 -0.19814587 -0.41327667
v -0.36539024 -0.41874915 0.56441903
v -0.39963102 -0.40441513 0.58054066
v -0.55155945 -0.98410875 -0.091132164
v 0.134536 0.0342565 -0.234457
v -0.380547 -0.35091 0.584265
v -0.604522 0.320209 0.525209
v -0.8537369 0.52955246 0.4163208
v -0.120244026 -0.15005398 -0.28976488
v -0.961224 0.398844 0.254654
v -0.047729492 -0.9209143 0.70734406
v -0.33930016 -0.22101784 0.5681114
v -0.200881 0.854887 -0.0327378
v 0.574382 -0.695729 0.546933
v -0.380186 -0.191568 0.579554
v -0.374641 -0.160086 0.571915
v 0.57899475 -0.0010108948 -0.13079071
v -0.36664665 -0.13250542 0.5644636
v -0.108034134 0.07503319 -0.16963577
v -0.66765594 0.84098434 -0.7128601
v -0.38594818 -0.051750183 0.53873444
v 0.396988 -0.209457 -0.316842
v -0.9218445 -0.13370514 0.28769684
v -0.949111 0.262535 0.481538
v -0.39920044 -0.022586823 0.52236557
v 0.55698776 -0.8937073 -0.038555145
v -0.37889743 0.056777954 0.45513916
v -0.42276382 0.5885811 -0.0539093
v 0.33548737 -0.9670869 -0.062511444
v 0.029570758 -0.12897623 0.5931288
v 0.537235 -0.782143 -0.242128
v 0.795571 -0.500642 0.311762
v -0.484061 0.47675 0.366893
v 0.563624 -0.0396881 0.506631
v -0.29450607 -0.073661804 0.5287895
v 0.5945778 0.023981094 -0.10046387
v 0.567441 -0.601264 -0.258284
v 0.45568562 -0.23994446 -0.30513573
v 0.65236825 -0.024097443 -0.07911301
v -0.820325 -0.346228 -0.0672244
v 0.63298 0.00860171 -0.0766759
v -0.3369522 0.5100632 -0.042037964
v -0.9364233 0.41725695 0.40364456
v -0.122824 0.038573 -0.193912
v 0.62000275 -0.4994669 -0.2276802
v 0.0762525 0.790545 -0.324169
v 0.0858581 0.767472 -0.306281
v -0.6624272 0.29874402 0.62521434
v -0.501585 0.49273443 0.40085983
v -0.572311 0.0947489 0.540217
v 0.05513382 -0.57097816 0.7168875
v -0.0372829 -0.983491 -0.29923
v 0.0612753 -0.225668 0.739478
v -0.010749921 -0.16397287 -0.3177203
v -0.656634 0.559631 -0.619765
v -0.5914116 -0.9862359 -0.016506195
v 0.014629602 0.16876507 -0.066072464
v 0.569521 -0.897474 0.410382
v 0.561469 -0.0833786 0.525434
v 0.044711024 -0.1519922 -0.31862938
v -0.799403 0.285549 0.69112
v 0.29250574 -0.83602333 -0.30898285
v -0.094646 -0.33384 0.71575
v -0.88133 -0.3109417 0.34702682
v -0.62200356 -0.8946862 0.42432308
v -0.11412811 0.7123833 -0.19800472
v -0.12652397 -0.51485825 -0.42443085
v -0.945546 0.326179 0.302551
v -0.38146 0.656387 0.108276
v -0.374734 0.680924 0.0943526
v -0.64931893 0.70038795 -0.2248497
v -0.726838 0.783313 -0.384643
v -0.121528625 -0.56975746 -0.39383698
v -0.75933456 0.040258408 -0.051467896
v 0.7272186 -0.27072144 0.44085693
v -0.93522 0.0852357 0.594447
v 0.570449 -0.558808 -0.258886
v -0.945179 0.478383 0.182362
v 0.4761362 -0.12051296 -0.25783253
v -0.10676956 0.12144947 0.41215134
v 0.4732628 -0.10342407 -0.24808502
v -0.020106 0.979912 -0.256061
v -0.365802 -0.838624 0.562506
v -0.21126962 -0.54325485 -0.21940231
v 0.40083313 0.18289185 -0.060256958
v 0.576278 -0.627689 -0.253606
v 0.557519 -0.606433 0.587607
v -0.352556 -0.778019 0.52409
v -0.5945034 0.57068634 0.4014969
v -0.256288 -0.869849 0.588764
v 0.917683 -0.771165 0.0651879
v -0.69389 0.729384 -0.247009
v -0.724976 0.497629 -0.384076
v -0.357036 -0.548349 0.539526
v -0.944351 0.382168 0.213307
v -0.0598918 -0.912932 0.491756
v -0.45878887 0.009575844 -0.21185637
v -0.5785483 0.5590515 -0.2623453
v 0.47117615 -0.31879425 -0.32671356
v -0.025730133 -0.9167584 -0.16275787
v -0.77548313 0.6303406 -0.16517639
v -0.1904583 -0.05517578 0.5361328
v -0.49473572 -0.8299885 0.32705688
v 0.63565063 -0.37901306 0.56160355
v -0.432215 -0.941881 0.613596
v -0.273452 0.690118 -0.149463
v -0.94040775 0.25889206 0.5513935
v -0.378578 -0.495513 0.552345
v 0.75224304 -0.0905323 0.2002716
v -0.865179 -0.00853879 0.0609265
v -0.6424601 0.4060173 0.57267284
v -0.31097412 0.6473732 -0.12413788
v -0.7529583 0.6962528 -0.44865036
v 0.63000834 0.08392382 0.04209709
v -0.639804 0.544062 -0.560566
v -0.904428 -0.187551 0.059118
v -0.367425 -0.371543 0.570959
v -0.864142 -0.355687 0.363792
v -0.1419118 0.026477814 -0.20406055
v -0.367449 -0.324986 0.58568
v -0.3816223 -0.30079412 0.59384155
v -0.757086 0.535228 -0.126208
v -0.904522 -0.298207 0.0528354
v -0.902211 -0.322846 0.0737837
v -0.882119 -0.343756 0.0576442
v 0.395101 -0.282337 0.697231
v -0.35521317 -0.16562653 0.5693474
v -0.8257141 0.4633789 0.53881836
v -0.577209 0.46138 -0.0442402
v -0.856102 -0.4164009 0.055187225
v 0.88017607 -0.47311735 0.24548721
v -0.3036785 -0.4633026 0.56468153
v -0.368972 -0.0885354 0.554555
v 0.252511 0.0656445 -0.221846
v -0.366123 -0.0342372 0.531978
v -0.540511 -0.663666 0.0866549
v -0.39035034 -0.004508972 0.51223373
v -0.317606 0.214085 0.253432
v -0.524314 -0.76505 0.0445255
v -0.534983 -0.787876 0.0565982
v -0.5716009 -0.81224513 0.046970367
v -0.207377 0.602453 0.047764
v -0.6156573 0.17224216 0.6456938
v -0.778637 0.772487 -0.427337
v -0.36656 0.726425 0.0652391
v -0.28522778 -0.9452381 -0.058656693
v 0.0651543 0.814428 -0.248868
v -0.837101 0.46053314 0.031188965
v -0.922095 0.3855 0.504946
v -0.849926 0.4234562 0.04751587
v -0.865955 0.402282 0.0561361
v 0.251949 -0.615865 0.746065
v -0.879537 0.357806 0.0402198
v 0.241284 -0.640914 0.736675
v -0.470543 -0.845204 0.25434
v 0.0138572 0.700134 -0.21212
v -0.916859 0.258225 0.051526
v -0.6323006 0.53686714 -0.4902954
v -0.74178934 0.600399 -0.029052734
v 0.5412712 -0.8994756 0.4538498
v -0.897859 0.46612 0.456906
v -0.91644 0.231907 0.043103
v -0.9268379 0.20341396 0.059978485
v -0.250304 0.687171 0.000586707
v 0.5924418 0.12489891 0.30278587
v 0.031051636 0.76626587 -0.27742767
v -0.431638 -0.892586 -0.1236
v -0.06829071 -0.7287617 0.5869789
v -0.370547 0.608455 0.11481
v -0.363115 0.634478 0.107506
v -0.91809845 0.06798267 0.06996155
v -0.8750906 0.016067505 0.06420517
v -0.86018 0.014157 0.046047
v -0.86325073 -0.041280746 0.039611816
v 0.07722473 -0.19617462 0.7223034
v -0.721263 -0.498063 -0.0699273
v 0.035354614 0.76355743 -0.1938591
v 0.9925308 -0.6188688 0.123298645
v -0.6893561 0.8441696 -0.56201935
v -0.73573 0.594326 -0.30575
v -0.934228 0.467424 0.16205
v -0.474934 -0.628138 0.380937
v -0.42356682 0.15239966 0.43765712
v 0.648915 -0.793213 0.422506
v 0.316528 -0.451479 0.742852
v -0.855967 0.0902796 -0.00706395
v -0.82727814 -0.16723347 0.445755
v 0.959765 -0.525653 0.0947545
v -0.697927 0.364491 0.633126
v -0.0961247 -0.734126 0.551761
v -0.353841 -0.863026 0.574353
v -0.89250755 -0.23166847 0.04773712
v -0.892154 -0.321719 0.0422451
v -0.8647423 -0.36187553 0.041168213
v -0.632822 0.439369 -0.173183
v -0.2367096 -0.9385338 0.009002686
v -0.840631 -0.44654 0.0585093
v -0.361518 -0.754644 0.515582
v 0.119811 -0.718954 0.69959
v 0.65613556 -0.34416962 0.538147
v 0.569018 -0.760512 0.511576
v 0.31373596 0.24981976 0.341568
v 0.00460543 -0.979305 -0.247378
v 0.13125062 -0.099603295 0.58325094
v 0.47195053 -0.036750793 0.54153824
v -0.527113 -0.665549 0.0453011
v -0.26712704 0.022628784 0.4767208
v -0.08372395 -0.178803 -0.30754408
v 0.6804123 -0.6474285 0.4820633
v 0.8476534 -0.8566337 0.14878845
v -0.207371 -0.983986 -0.342949
v -0.519013 -0.738167 0.0565687
v -0.7114811 -0.42594147 -0.14921188
v 0.91776276 -0.68416786 0.36787415
v -0.30415535 -0.97173023 -0.013320923
v -0.47167397 -0.82620955 -0.07479286
v 0.73023605 -0.5715256 -0.08853531
v -0.5290413 0.6107397 0.05275917
v -0.353873 -0.519646 0.55269
v -0.09654617 -0.0579834 0.55960846
v -0.36097145 -0.46255112 0.56306505
v -0.81868 0.53859 0.0579143
v 0.11126089 0.20235205 -0.075470924
v 0.6277237 -0.684494 -0.16958618
v -0.636435 0.569898 0.0011966
v 0.488436 -0.886867 0.554406
v -0.8208008 -0.19567871 -0.0900116
v -0.8475075 0.40105438 0.034671783
v -0.454445 -0.783061 0.195581
v -0.4756651 0.42005205 0.36696434
v -0.89790344 0.3161621 0.04508972
v -0.763694 0.740846 -0.328971
v -0.902822 0.277631 0.0367396
v -0.90949726 0.20915651 0.016822815
v 0.929052 -0.609141 0.0237169
v -0.92515945 0.13472176 0.04650116
v 0.203991 -0.929725 0.624275
v -0.37215042 0.21892023 0.3243637
v 0.59144396 -0.8018608 -0.096702576
v -0.16816139 -0.33996964 0.58177376
v -0.166435 -0.964263 0.256589
v -0.91415405 0.10626984 0.039764404
v -0.31299973 0.54010296 0.08864212
v -0.345401 -0.0642268 0.546821
v -0.842536 0.0154341 0.0232633
v -0.850918 -0.0111704 0.0344295
v -0.471917 -0.67911 0.278924
v -0.8738098 -0.0743103 0.036071777
v -0.13405228 -0.63577175 -0.3552513
v -0.911925 -0.205618 0.0981384
v 0.450837 -0.762547 -0.304945
v -0.8835468 -0.1117363 0.03727722
v -0.5937042 -0.07807541 0.5461693
v -0.5203762 0.34374762 0.44639015
v -0.636943 0.411301 -0.106413
v -0.412945 0.452716 0.13714
v -0.77866745 0.6786499 -0.25704956
v 0.869296 -0.777954 0.353638
v -0.9062958 0.20269775 0.62586975
v -0.907753 -0.27431297 0.058532715
v -0.8679733 -0.3429222 0.0057296753
v 0.630856 -0.624965 -0.204855
v -0.84726715 -0.4071312 0.031295776
v 0.0944985 0.747213 -0.23791
v 0.82762 -0.668594 0.424813
v -0.835975 -0.434567 0.0331371
v -0.7936239 -0.47520447 0.020433426
v 0.42328453 -0.005630493 0.53245544
v 0.4849229 -0.24111938 0.63686943
v -0.70240784 -0.57562256 0.03643799
v -0.355771 0.660792 0.098822
v 0.60227203 -0.19027996 -0.20928001
v 0.372742 -0.932982 -0.267554
v -0.83364105 -0.4677124 0.09725571
v -0.517772 -0.742404 0.0321062
v -0.653504 -0.846855 0.0781521
v -0.48293304 0.64863586 0.013130188
v -0.839994 -0.407236 0.350656
v 0.0292937 -0.966768 0.64282
v -0.9295372 -0.27257085 0.24859047
v -0.817005 0.51911 0.0345851
v -0.18360233 -0.54730225 0.52501106
v 0.58325195 -0.73992157 0.51423645
v 0.205787 -0.0880494 0.585872
v 0.6592331 -0.74247336 0.44067574
v -0.514583 -0.710631 0.0674391
v -0.8286972 0.38178253 -0.00076293945
v -0.393874 0.123587 0.394543
v -0.385538 0.447777 0.0516088
v -0.353462 -0.820398 0.546724
v -0.7981415 -0.111091614 -0.08734131
v 0.101069 0.82179 -0.310323
v -0.8446102 0.36088562 0.012245178
v -0.326157 -0.777278 0.528419
v -0.663296 0.501299 -0.451769
f 6422 6424 3635 
f 6641 4522 253 
f 2904 5018 5402 
f 145 174 146 
f 5527 1692 1174 
f 2926 3047 3148 
f 4114 1348 4503 
f 3893 3189 5701 
f 6893 5467 3131 
f 5232 1944 6306 
f 2161 5530 842 
f 5453 3644 847 
f 144 1593 2388 
f 5948 2860 2204 
f 675 3941 5223 
f 2398 5566 2068 
f 375 5090 6103 
f 7015 3407 1264 
f 5613 2107 2038 
f 684 394 2807 
f 7105 2089 4295 
f 5551 3465 6076 
f 2192 1303 1440 
f 1886 1243 594 
f 2025 2335 1627 
f 3462 2533 3837 
f 726 782 780 
f 150 5901 6512 
f 4236 6538 2022 
f 691 6239 2765 
f 7094 3334 1983 
f 6192 2781 4195 
f 622 2377 625 
f 6886 2607 2841 
f 3834 2455 3953 
f 91 1250 4850 
f 2710 1161 740 
f 2204 1302 134 
f 3362 7080 2726 
f 4720 5684 2895 
f 2491 5383 1710 
f 5445 1949 4166 
f 5398 5459 1234 
f 4151 1717 2351 
f 5679 6406 2638 
f 6570 2565 5321 
f 292 91 183 
f 53 4845 336 
f 3257 4050 5621 
f 4456 4700 2258 
f 2123 3877 6995 
f 4571 4744 4570 
f 4598 75 1935 
f 2641 1362 2853 
f 6534 5238 4462 
f 6788 6009 6055 
f 6306 6531 6346 
f 4617 2759 3076 
f 2809 6371 605 
f 6528 109 60 
f 5637 2446 6644 
f 2908 2172 1320 
f 5633 507 5347 
f 5655 2435 143 
f 5881 3509 6524 
f 881 2246 819 
f 6738 2059 2491 
f 2666 1449 224 
f 440 1952 1667 
f 1968 7073 6224 
f 3628 3203 3790 
f 5014 6222 6254 
f 2059 5662 7128 
f 806 494 3222 
f 147 115 114 
f 6855 652 6907 
f 628 238 2738 
f 3599 2873 1605 
f 5723 536 3291 
f 5554 1963 366 
f 4638 6467 2593 
f 2389 2531 2950 
f 843 1732 3644 
f 6482 3354 2708 
f 4446 1924 3307 
f 2477 106 1099 
f 5488 2051 940 
f 3610 4488 4274 
f 4494 5821 5940 
f 3528 6813 1338 
f 4869 389 815 
f 1955 4256 1367 
f 3723 179 3716 
f 5361 4097 1319 
f 2177 1486 3916 
f 272 6724 3035 
f 4760 4007 2211 
f 1516 3233 947 
f 539 6626 5360 
f 371 374 4010 
f 7060 2576 4366 
f 6148 6221 6130 
f 581 1245 1330 
f 6106 2552 2104 
f 5726 2886 4068 
f 4867 5003 6077 
f 528 3989 4300 
f 5950 4073 3032 
f 1702 685 5670 
f 2401 3899 5911 
f 3952 560 4898 
f 5369 5654 5371 
f 6570 5321 3238 
f 5898 3125 5941 
f 4839 277 4771 
f 6272 5538 6439 
f 1572 4417 6473 
f 5030 118 1327 
f 867 3875 772 
f 292 5876 91 
f 5664 1747 3107 
f 2067 5898 2265 
f 5321 2565 3358 
f 6977 6013 5355 
f 5943 634 661 
f 4962 4501 7113 
f 2024 2520 3770 
f 66 3770 2520 
f 613 192 188 
f 2086 6787 6549 
f 2572 6687 1379 
f 195 553 509 
f 2440 6657 6537 
f 1936 5434 79 
f 2358 6219 6278 
f 6997 7066 5008 
f 5085 5240 1741 
f 1680 396 2911 
f 998 229 2840 
f 174 145 173 
f 5033 904 1159 
f 6564 4480 1306 
f 5887 6206 500 
f 2120 2275 5577 
f 998 322 856 
f 6420 1965 2462 
f 275 208 151 
f 173 172 200 
f 73 141 3651 
f 962 5953 5008 
f 200 129 174 
f 2043 5362 2174 
f 6074 2803 2926 
f 6241 2873 5949 
f 677 6572 1932 
f 3121 3093 5574 
f 5525 6718 2001 
f 5293 6969 4836 
f 543 6462 2359 
f 3122 2400 1417 
f 123 6865 435 
f 5134 2964 3055 
f 2911 396 5440 
f 1356 6131 6686 
f 6636 5366 6493 
f 207 4018 777 
f 1627 2335 1937 
f 757 4332 2438 
f 1240 995 2693 
f 5296 3933 6858 
f 771 2337 217 
f 717 6473 1883 
f 6284 1259 5997 
f 3118 4208 2730 
f 5720 1295 452 
f 4112 346 6746 
f 4324 2728 559 
f 5793 5242 5192 
f 1282 1840 344 
f 5924 4497 2163 
f 1921 1739 1967 
f 5536 6941 1018 
f 247 7019 6108 
f 2760 4301 2729 
f 1759 3189 5844 
f 1712 1431 1604 
f 1722 5479 321 
f 6801 4841 625 
f 542 589 449 
f 3226 2270 7078 
f 2344 187 2895 
f 3197 821 4372 
f 6154 1694 5936 
f 6369 6606 4198 
f 1298 544 458 
f 2109 1458 2113 
f 1190 2766 3144 
f 6161 3137 4214 
f 1351 3392 6699 
f 5936 2336 6154 
f 6528 60 987 
f 6696 6211 2988 
f 7047 5655 165 
f 4035 533 3955 
f 4727 4287 55 
f 4345 4678 2498 
f 6080 4809 829 
f 1073 719 257 
f 1000 6940 1324 
f 3715 3240 4555 
f 4556 4949 6891 
f 5207 622 3745 
f 151 48 116 
f 6578 6566 959 
f 147 97 3694 
f 229 856 230 
f 6511 4581 6510 
f 1302 3119 134 
f 2840 5008 998 
f 2180 2182 4753 
f 3909 2071 2398 
f 3405 5109 5443 
f 4049 16 48 
f 6054 3547 6263 
f 7051 2946 2995 
f 461 3538 2391 
f 6283 6282 4310 
f 5054 3950 5050 
f 702 4588 870 
f 4482 3861 126 
f 2051 5525 2001 
f 2413 2035 2252 
f 2234 6648 2072 
f 4105 338 3556 
f 6592 4559 2245 
f 1275 1315 3789 
f 3132 4860 2825 
f 2605 4363 5587 
f 1046 1937 2335 
f 5681 5230 499 
f 1868 6719 858 
f 597 3486 4545 
f 2526 6951 1699 
f 4157 5093 3722 
f 3084 3034 3087 
f 583 7092 3723 
f 1706 2656 2020 
f 3357 6770 6862 
f 4940 4890 443 
f 2600 1977 2274 
f 573 3416 4693 
f 2616 3263 6874 
f 5339 4272 4368 
f 3546 12 5465 
f 6736 6904 860 
f 1792 2812 4409 
f 762 3428 294 
f 5420 2136 3397 
f 2781 3684 4211 
f 292 193 5876 
f 2098 4850 1250 
f 582 5671 178 
f 5946 6652 451 
f 2132 3142 3552 
f 2330 2153 2233 
f 6278 7073 2358 
f 3432 268 3024 
f 6375 4347 4224 
f 7146 4136 6792 
f 172 145 35 
f 5910 6786 6230 
f 6610 2151 1811 
f 229 200 2840 
f 6730 5332 441 
f 6042 2009 3512 
f 613 60 6805 
f 1832 4217 950 
f 3579 1869 1516 
f 3383 4914 4592 
f 368 5207 3745 
f 959 4308 872 
f 97 114 202 
f 3230 5758 5067 
f 441 170 6730 
f 1576 990 408 
f 181 2292 6644 
f 177 202 129 
f 208 153 151 
f 5372 1514 354 
f 3919 7020 5462 
f 4920 4066 4918 
f 2476 2448 5281 
f 2245 1730 3926 
f 3382 6439 6551 
f 5491 2395 1730 
f 4434 6987 1404 
f 3755 4157 3353 
f 668 4971 5706 
f 6739 2492 1335 
f 4708 3223 1947 
f 78 4504 1341 
f 6681 1957 1807 
f 139 6732 6781 
f 3549 1571 1499 
f 332 6767 3361 
f 2573 2563 5476 
f 4964 1805 4742 
f 4604 4208 2150 
f 5496 365 6623 
f 6160 5820 6227 
f 5219 5336 764 
f 5266 6438 3992 
f 3187 3257 2436 
f 6306 1944 6531 
f 1934 2369 2112 
f 5440 396 1806 
f 4153 3466 1852 
f 2344 1018 228 
f 6310 1623 2615 
f 604 1556 3654 
f 6308 5177 2235 
f 1570 2073 164 
f 6094 5876 193 
f 541 588 542 
f 5645 7116 1541 
f 6021 2415 6944 
f 674 5126 2166 
f 1861 6064 6062 
f 4877 1909 3717 
f 1283 2801 3625 
f 1022 1010 1291 
f 2660 1845 2721 
f 1675 743 4934 
f 1876 471 6176 
f 5 2435 189 
f 6299 1928 1072 
f 121 4542 3167 
f 1251 6543 2578 
f 3525 3944 4397 
f 971 3733 2623 
f 358 570 523 
f 1147 1006 5226 
f 6690 2996 1168 
f 796 5891 566 
f 900 6304 5640 
f 6357 4675 3128 
f 5 6805 73 
f 5174 4590 6369 
f 229 230 129 
f 4127 1774 347 
f 153 48 151 
f 4507 2600 2573 
f 153 4049 48 
f 7062 6712 1189 
f 4613 5286 3616 
f 6309 3410 5617 
f 4738 2746 2074 
f 4021 6032 2137 
f 4331 3652 4858 
f 2124 2332 1464 
f 525 7 2554 
f 4364 1492 138 
f 4681 4279 1691 
f 984 6720 4250 
f 2391 2249 1268 
f 2001 5559 2051 
f 3667 5848 5175 
f 5033 530 6115 
f 6654 6411 5830 
f 3144 4490 5361 
f 3952 6040 191 
f 179 3669 1859 
f 6968 6853 3765 
f 4178 6737 5209 
f 522 5043 3149 
f 161 4232 3703 
f 6474 5853 3654 
f 6017 2260 2035 
f 1457 3653 3205 
f 6702 6964 4116 
f 108 6767 5331 
f 4952 5007 5066 
f 6956 6535 2315 
f 6053 6139 5926 
f 6816 6906 3814 
f 2733 1497 5190 
f 5178 634 5943 
f 250 6529 4718 
f 2186 776 6424 
f 4339 3137 4964 
f 4070 6826 3946 
f 3891 325 26 
f 3813 1303 1347 
f 3629 4667 1680 
f 1903 3842 125 
f 542 449 541 
f 860 6084 6736 
f 104 4790 1668 
f 851 296 4379 
f 2389 578 3145 
f 1773 5605 1170 
f 4153 3398 5167 
f 3207 3809 3687 
f 4749 4600 6218 
f 2353 6917 6830 
f 143 962 7066 
f 1409 1722 5551 
f 2244 360 2097 
f 1012 1202 749 
f 6698 5951 5549 
f 6648 1076 2760 
f 508 4809 6080 
f 5953 962 225 
f 4730 2795 2501 
f 6514 1124 1291 
f 5156 4263 1247 
f 3035 1758 6134 
f 3856 3657 1864 
f 910 1189 1105 
f 5332 6566 1367 
f 5638 2689 6007 
f 115 87 38 
f 2468 712 1191 
f 1922 2424 2210 
f 603 4120 6033 
f 2085 378 2119 
f 5579 5868 5711 
f 3178 5305 130 
f 2922 3047 2926 
f 3703 13 2594 
f 92 3329 6671 
f 2261 6884 4567 
f 3469 3902 4454 
f 6356 5357 1835 
f 3205 895 1180 
f 982 4948 5669 
f 44 43 489 
f 1669 908 6606 
f 3962 6080 829 
f 4228 3659 4819 
f 2252 2621 2256 
f 470 81 560 
f 4150 6349 1327 
f 87 47 4356 
f 2937 288 5146 
f 5709 5741 551 
f 6242 6678 2383 
f 2193 3633 941 
f 6398 5375 6854 
f 333 1060 377 
f 2720 4399 1023 
f 5587 2736 5918 
f 1288 3933 58 
f 6614 7108 3975 
f 6665 5871 6431 
f 2617 7061 6049 
f 5845 2342 2671 
f 2920 6142 77 
f 30 500 6087 
f 2080 6361 1277 
f 5626 6451 4537 
f 4432 2340 2566 
f 5174 6523 1929 
f 6169 1101 187 
f 5568 6293 4698 
f 2137 4775 4021 
f 6480 6481 4677 
f 6699 6915 2136 
f 5760 1911 2226 
f 292 2429 449 
f 4140 5461 589 
f 780 782 351 
f 431 4442 4431 
f 1346 449 589 
f 5994 6771 4058 
f 2478 3430 5429 
f 3327 2626 2940 
f 7051 4885 731 
f 1154 5449 4288 
f 6740 1582 5804 
f 6962 6501 1016 
f 130 5907 1828 
f 4894 2756 6861 
f 4520 5400 178 
f 1860 5768 799 
f 5914 2350 3328 
f 5834 4138 6236 
f 3132 1668 4790 
f 2135 3736 897 
f 3676 2342 6432 
f 1435 1550 1437 
f 1413 5819 4919 
f 6844 7043 3365 
f 3728 6894 3061 
f 5497 2500 5765 
f 3842 6430 6883 
f 2730 4189 405 
f 3852 1651 45 
f 2181 3821 226 
f 6277 6408 6279 
f 849 4815 6615 
f 5505 6430 2084 
f 279 429 208 
f 2083 3033 2773 
f 5648 5848 5877 
f 3603 1295 6612 
f 6614 4682 2321 
f 5435 4837 2592 
f 5153 3881 2072 
f 4511 1176 6147 
f 606 5802 3394 
f 6030 5986 6029 
f 469 1763 4785 
f 3764 3656 5350 
f 97 202 177 
f 4356 4670 87 
f 2958 2943 568 
f 237 6816 3381 
f 3693 6507 876 
f 6315 7142 3226 
f 2205 864 6183 
f 6609 6608 6715 
f 2152 1715 3143 
f 1773 203 5605 
f 2536 503 6055 
f 4753 6432 2180 
f 1054 3338 5073 
f 4770 782 4255 
f 1710 5906 2491 
f 5016 2779 7010 
f 2219 3035 3141 
f 4408 7110 6313 
f 1231 1430 2444 
f 6434 95 3793 
f 3479 4455 5602 
f 6560 4880 3043 
f 872 4308 628 
f 2465 2471 4256 
f 6979 4456 1926 
f 5550 4960 5653 
f 6710 6930 5048 
f 1676 4724 5553 
f 3367 100 1897 
f 780 351 4226 
f 537 735 663 
f 1322 1134 6026 
f 4669 734 976 
f 94 6846 6681 
f 822 1480 2 
f 3657 3656 1864 
f 944 1615 943 
f 4860 179 3723 
f 1700 264 6405 
f 700 359 5445 
f 42 3437 1438 
f 194 2462 2269 
f 7127 367 6406 
f 4236 1385 1915 
f 6212 6216 6098 
f 2910 5780 6829 
f 5568 466 4283 
f 342 380 183 
f 411 1094 5072 
f 445 292 380 
f 4485 5055 6500 
f 4523 3945 2865 
f 1067 1312 1216 
f 479 3014 6452 
f 3235 4788 7033 
f 3381 4715 2906 
f 846 1557 644 
f 2974 691 5301 
f 4962 737 5745 
f 3011 736 506 
f 7117 7114 5822 
f 6827 5679 171 
f 193 292 449 
f 5009 7114 6981 
f 1073 257 2123 
f 5805 3376 3161 
f 604 4332 606 
f 6505 82 5806 
f 5102 6823 3527 
f 6510 4581 6452 
f 4270 4918 4066 
f 3966 6554 402 
f 2903 1840 393 
f 3453 3446 3746 
f 854 4658 1432 
f 4516 1974 2945 
f 731 4529 2954 
f 3015 6140 4346 
f 3589 2482 1677 
f 1061 4914 340 
f 147 116 115 
f 208 275 279 
f 6727 6388 6303 
f 1314 1628 5326 
f 268 1876 2057 
f 4510 3993 1663 
f 3896 3897 3899 
f 2415 6788 6944 
f 479 4581 3897 
f 5131 3363 3094 
f 1963 5757 2986 
f 4243 5516 3970 
f 6230 1775 6339 
f 2967 6490 6890 
f 2258 2108 2710 
f 5451 3935 4544 
f 4894 6861 2117 
f 3331 378 2281 
f 2321 4682 6772 
f 3227 197 2267 
f 653 1617 853 
f 1866 2585 2363 
f 2288 2290 5074 
f 2524 2087 5767 
f 490 6125 1429 
f 1022 1031 1010 
f 5091 3367 1897 
f 242 2764 4521 
f 1682 6900 2261 
f 2780 1516 947 
f 6574 969 3387 
f 4394 6778 652 
f 5880 5858 5857 
f 2824 2308 6078 
f 4620 671 1493 
f 5047 3092 3846 
f 6758 4248 5189 
f 5688 5414 5127 
f 6818 1992 1731 
f 5381 6945 2842 
f 5740 5094 6047 
f 4402 3929 5075 
f 2621 2035 2260 
f 5712 4968 5086 
f 5693 5394 870 
f 3192 4580 753 
f 673 5932 5649 
f 4634 3595 6126 
f 1947 6994 1913 
f 4863 201 1387 
f 5236 1898 5216 
f 2568 2060 1508 
f 527 1825 3285 
f 3704 952 6750 
f 5846 6762 714 
f 131 4140 588 
f 4330 5719 2419 
f 2411 3975 600 
f 4725 483 3228 
f 4366 5065 5733 
f 607 511 599 
f 5346 7077 5320 
f 3200 6744 7124 
f 3143 1093 2152 
f 1999 6894 6497 
f 2940 883 3327 
f 183 124 2668 
f 6528 3627 107 
f 6369 4590 6463 
f 172 165 6997 
f 408 1439 1473 
f 5 192 6805 
f 508 3193 949 
f 754 4512 2179 
f 6435 507 6682 
f 7026 2968 6059 
f 4024 5090 375 
f 998 856 229 
f 3752 2960 5883 
f 5994 4813 126 
f 177 129 230 
f 188 987 613 
f 2682 575 3738 
f 3651 195 509 
f 996 1318 598 
f 366 429 5002 
f 6712 368 1105 
f 2736 900 5640 
f 598 997 1639 
f 1563 1420 1057 
f 1411 1162 1690 
f 5554 1709 2904 
f 2419 5005 3259 
f 153 3640 4049 
f 2759 6527 6575 
f 419 1582 6740 
f 4406 1251 2578 
f 2486 4480 3018 
f 564 5983 5412 
f 2159 3065 1690 
f 3259 5005 4318 
f 5592 2953 5608 
f 2926 1502 6074 
f 4604 6301 2821 
f 3105 2618 5750 
f 6358 71 3756 
f 6141 6256 6255 
f 104 1668 1190 
f 1859 2585 1937 
f 5053 5863 2276 
f 2131 3376 2960 
f 5423 2542 4494 
f 2940 4649 1919 
f 3366 283 5282 
f 434 975 2253 
f 954 2558 5433 
f 213 333 1372 
f 1703 6717 2490 
f 1042 264 3399 
f 5278 4946 5805 
f 7094 5294 2927 
f 2271 434 2253 
f 715 2622 610 
f 6751 1333 5977 
f 5742 5558 1858 
f 6269 6107 6398 
f 818 6173 690 
f 2785 6103 5304 
f 1132 2899 3893 
f 3532 2386 2248 
f 941 435 258 
f 2138 3442 3441 
f 1286 531 1299 
f 5721 6710 6542 
f 701 6400 680 
f 3706 5785 2016 
f 1127 3263 2616 
f 4737 2315 6535 
f 6928 6050 6643 
f 6513 6547 6464 
f 2123 2399 1073 
f 2390 4289 4632 
f 651 679 2488 
f 2644 5674 2469 
f 5939 5890 5961 
f 6982 81 470 
f 5336 6240 764 
f 882 5073 901 
f 45 1651 5224 
f 4198 1451 669 
f 4075 4470 4367 
f 5886 6213 578 
f 6038 4625 4747 
f 1748 1791 1707 
f 4990 6713 4997 
f 2283 93 6171 
f 2230 2599 2591 
f 2680 2434 5845 
f 4414 6267 3986 
f 5248 803 6821 
f 2799 2722 2847 
f 5002 331 366 
f 3706 4627 861 
f 6036 6982 633 
f 5331 1568 5271 
f 200 174 173 
f 6935 3020 4062 
f 1529 5947 2445 
f 2779 5936 1286 
f 331 368 6712 
f 6303 1838 6727 
f 151 3694 275 
f 7124 4180 4706 
f 6074 1502 3791 
f 1621 4626 2747 
f 1963 3640 153 
f 6144 3218 384 
f 374 2047 1197 
f 4841 1105 3745 
f 6080 3778 508 
f 5223 4451 334 
f 2538 826 1459 
f 1124 270 1022 
f 618 1371 2559 
f 618 1520 2115 
f 1401 1934 2112 
f 3559 4290 5765 
f 6058 5198 1677 
f 4979 4977 992 
f 345 2983 5776 
f 2893 2475 6420 
f 1 4968 5712 
f 4113 5571 3957 
f 898 4706 1065 
f 1263 1480 6993 
f 763 978 4146 
f 4534 6278 6219 
f 1108 6589 1228 
f 704 2267 243 
f 71 6358 6016 
f 1258 1426 2313 
f 2118 4143 6559 
f 5258 3967 6486 
f 1688 6791 5376 
f 4863 2134 6267 
f 1693 6360 4087 
f 3152 624 1067 
f 6225 334 4451 
f 2976 1128 6265 
f 1079 6079 4058 
f 4635 7144 7138 
f 7036 4710 3175 
f 239 6385 6389 
f 6043 3791 3329 
f 752 5690 3161 
f 2799 2955 2848 
f 2037 2647 1711 
f 2626 3327 3054 
f 1016 2339 1198 
f 2399 4650 2544 
f 5991 926 2690 
f 5177 6308 6355 
f 6938 1064 4956 
f 456 6067 1561 
f 4269 4137 4179 
f 277 270 4771 
f 893 1643 5268 
f 4737 5876 2315 
f 5734 5779 5753 
f 2698 5094 5461 
f 762 2378 875 
f 4011 1244 2748 
f 2151 1847 6437 
f 6577 1613 7034 
f 629 3680 3576 
f 5792 6741 6611 
f 2534 770 2417 
f 4740 1477 2777 
f 430 6438 2246 
f 6389 6385 2428 
f 494 3977 493 
f 1097 2194 1850 
f 3138 3302 3303 
f 399 2990 2223 
f 553 751 6907 
f 4197 4199 3803 
f 601 70 73 
f 417 3555 6446 
f 706 960 707 
f 512 502 480 
f 4253 2162 6376 
f 5146 4321 1281 
f 4170 3202 3088 
f 6534 189 769 
f 1172 5993 5191 
f 3868 616 478 
f 856 357 230 
f 5787 4839 5341 
f 3660 5959 5665 
f 2444 3408 6845 
f 1928 2049 6536 
f 5744 6101 2493 
f 6202 4171 5604 
f 252 991 214 
f 625 4841 622 
f 6712 7062 331 
f 588 4140 542 
f 2802 5775 793 
f 3063 4088 1562 
f 949 2433 251 
f 928 6786 3110 
f 6970 5894 5511 
f 1105 4841 910 
f 6164 4062 3020 
f 266 3368 1622 
f 3482 5330 4440 
f 5969 5179 5662 
f 1756 5050 3054 
f 6001 6948 4998 
f 191 1643 893 
f 4438 2292 1280 
f 2389 2950 578 
f 3514 3414 2677 
f 1011 7071 2929 
f 1254 4306 1343 
f 6106 2296 2552 
f 3291 5983 2266 
f 4800 4804 4801 
f 683 3962 382 
f 6883 3952 125 
f 2366 88 4152 
f 1407 6973 1252 
f 1866 809 2585 
f 5364 808 760 
f 2569 2046 6831 
f 2384 609 1053 
f 2628 1021 2723 
f 2253 213 2271 
f 6959 975 7070 
f 919 705 882 
f 5977 211 120 
f 1989 376 2804 
f 5841 5838 5880 
f 296 6865 2583 
f 6522 1372 6082 
f 1007 3949 6393 
f 3369 1716 2280 
f 764 364 2006 
f 903 544 632 
f 4026 3292 1471 
f 4979 2693 4977 
f 218 1434 6224 
f 6274 2390 3370 
f 891 6108 7041 
f 1101 4042 4720 
f 6793 2324 6228 
f 851 6180 7136 
f 1441 2814 5122 
f 3456 4799 3313 
f 5400 554 2772 
f 292 183 380 
f 6829 3656 2039 
f 5498 5667 6443 
f 5824 2896 3537 
f 6949 4214 6230 
f 1346 385 449 
f 5327 2496 5170 
f 404 5371 2784 
f 1209 7030 1545 
f 2376 1921 4172 
f 1254 221 5399 
f 5823 3741 3914 
f 5155 2121 790 
f 77 7088 2920 
f 69 2050 195 
f 921 5760 1482 
f 6050 221 1254 
f 1043 6999 3234 
f 6355 2943 5177 
f 5722 1033 6757 
f 478 5044 2682 
f 864 3102 1610 
f 4866 5450 5446 
f 1484 4083 1279 
f 5008 5953 322 
f 358 271 357 
f 6464 6200 6544 
f 4930 3277 4865 
f 2647 4530 2918 
f 3545 908 1669 
f 5621 2026 3257 
f 429 279 3868 
f 6300 1501 2348 
f 1192 4218 1426 
f 6474 3654 2597 
f 3417 3411 5242 
f 6397 1834 6208 
f 6074 3791 6043 
f 910 4841 6801 
f 2091 818 4701 
f 6502 3442 4796 
f 4775 7056 4021 
f 688 2061 366 
f 4550 2930 1389 
f 2917 875 5526 
f 7116 6455 3726 
f 1890 4631 4961 
f 2531 2389 6114 
f 2242 1319 2243 
f 3345 6347 5475 
f 3629 6181 1034 
f 488 6374 1266 
f 4562 4800 4794 
f 2193 296 7136 
f 1901 2073 2691 
f 3998 3078 7064 
f 1825 527 2003 
f 2028 1785 4536 
f 3141 37 2219 
f 2602 7137 5499 
f 5375 6398 6107 
f 2842 6945 434 
f 3235 7033 3236 
f 4293 5801 4448 
f 1466 2165 2946 
f 1400 6402 922 
f 1713 1336 2396 
f 6001 5998 6948 
f 6576 5018 2904 
f 7072 1225 6853 
f 5075 1913 4733 
f 3856 5856 3657 
f 120 156 4471 
f 4294 4229 3944 
f 1553 2208 4849 
f 1456 5563 5404 
f 186 2915 3801 
f 6212 6098 5654 
f 3790 7000 3636 
f 5292 4805 2327 
f 5536 6439 3382 
f 3387 6931 5058 
f 3872 6954 1789 
f 1733 3275 4183 
f 5344 2509 3617 
f 2063 1998 1480 
f 18 3300 6017 
f 2800 6085 3919 
f 4971 5385 5706 
f 785 1989 2802 
f 5823 3914 3313 
f 5633 869 2086 
f 1298 1346 544 
f 2634 5164 2545 
f 726 1039 3191 
f 111 6818 3533 
f 5462 5038 4016 
f 1634 4084 5431 
f 4727 4798 5178 
f 5616 2480 5614 
f 2100 4772 5701 
f 5780 2910 5497 
f 849 2965 5495 
f 4003 401 5036 
f 1709 3556 4987 
f 1721 2298 906 
f 3731 5421 240 
f 566 5891 4701 
f 2087 2524 5196 
f 3144 5361 3145 
f 553 263 5036 
f 6000 104 578 
f 1691 6272 2062 
f 524 3868 358 
f 3681 2750 6628 
f 2921 6168 3906 
f 5201 6895 6870 
f 4361 4197 4360 
f 3478 2747 4626 
f 1807 94 6681 
f 6518 1461 5665 
f 7047 2435 5655 
f 2921 2889 2816 
f 2422 3242 3113 
f 6894 1999 6782 
f 231 97 177 
f 1949 359 2784 
f 5207 368 5002 
f 2974 6266 3444 
f 2358 3516 4610 
f 622 5207 6341 
f 1301 1414 5255 
f 3406 5286 4447 
f 6244 6482 2708 
f 20 2663 267 
f 5656 5007 789 
f 2571 2618 3105 
f 6893 5468 5467 
f 1248 5968 7068 
f 5510 1357 6427 
f 4956 1064 5337 
f 2994 6916 5064 
f 1732 843 2065 
f 888 3806 2185 
f 285 6102 6457 
f 4818 6520 898 
f 6465 5603 805 
f 6558 6526 4620 
f 831 4390 2820 
f 4595 6012 516 
f 6959 6751 4471 
f 5898 5921 2265 
f 156 212 2253 
f 6353 3001 2013 
f 1233 5809 852 
f 3841 6959 7070 
f 120 6751 5977 
f 1372 377 6082 
f 4427 6522 1134 
f 3887 572 3236 
f 5901 6497 2510 
f 4305 4455 3479 
f 1830 6828 1656 
f 590 6852 3343 
f 4398 3546 5465 
f 6461 4026 1471 
f 3076 5649 5931 
f 937 2199 7033 
f 5756 276 4296 
f 4166 2257 2105 
f 2420 6688 3477 
f 690 1112 3835 
f 1298 3607 193 
f 7021 3919 6085 
f 6636 6735 6737 
f 1719 643 1064 
f 6700 1021 2628 
f 4301 2114 5972 
f 882 705 5073 
f 3608 5647 2596 
f 2092 6770 119 
f 5878 642 3175 
f 1153 2896 6705 
f 5373 4282 5116 
f 6229 6013 4874 
f 263 2520 6213 
f 5359 4212 2892 
f 909 558 683 
f 5204 5133 5261 
f 5690 752 4499 
f 6266 3211 6373 
f 6336 6362 239 
f 1258 6828 1150 
f 1063 357 856 
f 6241 3444 2394 
f 192 5 189 
f 1816 2298 1950 
f 1052 4878 4159 
f 5777 5082 722 
f 441 769 170 
f 64 4999 805 
f 5749 5720 4017 
f 3937 4795 6215 
f 575 621 4855 
f 5767 2087 6944 
f 429 2682 3738 
f 2052 2383 2011 
f 429 478 2682 
f 1758 6724 841 
f 2817 2822 5401 
f 416 357 1063 
f 915 5318 6034 
f 6921 761 6824 
f 5312 3288 1882 
f 1326 1289 1358 
f 502 1492 277 
f 5457 5916 1294 
f 289 1860 799 
f 4772 6720 2211 
f 616 5599 3799 
f 2143 2571 3736 
f 344 1237 1282 
f 2620 3905 4944 
f 5576 6947 3023 
f 2259 2109 2172 
f 5286 3406 612 
f 4213 5634 473 
f 2161 6201 5869 
f 1992 6818 6646 
f 921 682 2731 
f 3239 5263 6535 
f 4146 3592 763 
f 838 2051 5488 
f 1394 111 5453 
f 2349 1660 1836 
f 4350 1815 6249 
f 7145 157 6939 
f 4669 5492 223 
f 5652 2365 697 
f 2972 2897 980 
f 3893 2899 3189 
f 4451 2833 2835 
f 798 7015 2134 
f 7008 2232 7084 
f 5234 545 6642 
f 3540 4916 5821 
f 2632 2818 6880 
f 4975 3274 2547 
f 2155 6676 2780 
f 3825 2155 2780 
f 745 1654 4634 
f 1408 1575 4095 
f 749 4846 767 
f 213 290 333 
f 112 2492 6580 
f 1341 2025 2278 
f 1955 2526 1875 
f 819 4779 580 
f 5135 4826 4985 
f 2994 4990 2103 
f 4378 5052 3940 
f 340 5128 6078 
f 444 4537 2429 
f 1819 1157 672 
f 100 3367 1152 
f 5482 320 407 
f 7125 3256 2624 
f 6187 2982 2980 
f 965 1094 919 
f 263 5886 4003 
f 994 7139 837 
f 6142 5756 5156 
f 2838 4614 3922 
f 3278 3528 892 
f 2595 953 878 
f 2190 5332 145 
f 6851 2129 2814 
f 2747 1488 1621 
f 4330 450 5395 
f 4665 6901 2733 
f 195 263 553 
f 1298 458 401 
f 5517 10 2992 
f 4047 3580 5929 
f 3575 6470 6965 
f 1938 3454 3906 
f 1460 1560 3374 
f 325 3891 661 
f 4955 6405 4165 
f 4156 5475 330 
f 7066 1673 5655 
f 575 3539 3738 
f 940 5559 6880 
f 7133 5313 4135 
f 4066 4139 4794 
f 2983 1993 4246 
f 231 271 279 
f 5286 4613 4447 
f 4395 6390 574 
f 1446 1165 1798 
f 231 177 271 
f 478 429 3868 
f 2857 2816 2964 
f 3799 5599 4454 
f 7119 6312 6602 
f 6341 5207 576 
f 2926 2803 2852 
f 910 338 1189 
f 1389 4094 4550 
f 1076 3443 2760 
f 1103 1670 5707 
f 6769 1749 5305 
f 5559 940 2051 
f 4732 3292 3293 
f 6310 2615 4103 
f 5837 813 2260 
f 3380 7090 6151 
f 5050 2735 5054 
f 7041 6108 1008 
f 2038 898 3693 
f 4802 1912 1881 
f 898 1065 4818 
f 6845 1228 2444 
f 3617 1849 4274 
f 7038 1592 2338 
f 1052 5124 5584 
f 1937 1046 1637 
f 272 2666 224 
f 1688 5376 776 
f 1372 6522 2271 
f 5822 3135 7117 
f 6319 5446 3046 
f 434 6945 975 
f 1037 960 4328 
f 237 5694 2516 
f 212 290 213 
f 7081 2388 1593 
f 3285 1941 527 
f 5263 3239 936 
f 2558 3572 1143 
f 3236 29 6026 
f 2790 7100 2660 
f 743 1782 4934 
f 6604 3733 461 
f 3238 6169 6570 
f 4116 5304 243 
f 42 1438 3567 
f 4865 2929 4196 
f 1979 6404 446 
f 5753 5738 5737 
f 918 2491 5906 
f 6914 689 4774 
f 6610 6920 472 
f 5900 305 3079 
f 2350 5914 2640 
f 3883 1621 1538 
f 6456 3584 372 
f 6746 346 4819 
f 6011 447 6474 
f 1729 2201 1735 
f 5218 4736 5590 
f 4849 2208 2128 
f 1289 5129 1358 
f 1627 65 2278 
f 6961 5141 7023 
f 2320 3059 1156 
f 694 6772 7083 
f 762 3099 2378 
f 6302 6336 6282 
f 185 2972 980 
f 6546 299 3428 
f 2568 2069 3670 
f 6058 2620 4944 
f 4003 3458 401 
f 314 5434 1936 
f 54 748 698 
f 962 5008 7066 
f 2390 5969 2059 
f 3144 3145 104 
f 2545 6041 4533 
f 4216 4068 4237 
f 335 1744 2559 
f 69 66 2050 
f 6149 375 6103 
f 225 652 569 
f 892 1338 6674 
f 7066 6997 1673 
f 2152 675 3519 
f 3966 3616 570 
f 1311 1007 6393 
f 5008 2840 6997 
f 524 616 3868 
f 6157 1457 6156 
f 6275 5573 5735 
f 2299 5430 6665 
f 6094 391 5876 
f 569 1063 225 
f 5803 5779 5841 
f 989 5950 1821 
f 5180 6781 6732 
f 2213 5609 422 
f 4454 4447 1306 
f 909 6589 558 
f 3704 6714 176 
f 1919 4649 6367 
f 3244 3030 3439 
f 480 517 6573 
f 359 1949 5445 
f 6225 2236 1182 
f 2305 2239 1123 
f 198 319 3560 
f 2699 4516 2945 
f 1583 1423 1687 
f 3644 5453 3167 
f 1109 4038 3023 
f 4290 3112 5780 
f 291 1990 5415 
f 6846 747 6943 
f 2815 5225 3410 
f 517 480 766 
f 2225 6927 5872 
f 5488 6880 2818 
f 4786 6946 166 
f 48 47 116 
f 692 775 2561 
f 92 6671 5668 
f 2402 1627 2585 
f 3324 1323 1967 
f 5959 3660 2054 
f 4398 4988 4694 
f 4925 4923 5515 
f 7100 2980 2660 
f 537 333 373 
f 3540 595 4916 
f 7142 4759 2314 
f 755 850 482 
f 6147 5980 4511 
f 4504 2610 61 
f 748 937 765 
f 2093 5870 7129 
f 859 663 810 
f 2883 5638 1122 
f 3037 2732 685 
f 5161 3248 5208 
f 3139 2387 623 
f 572 29 3236 
f 54 1321 2199 
f 294 487 762 
f 2556 3605 2521 
f 5300 5299 5850 
f 3557 821 2017 
f 2849 5447 1177 
f 1760 1023 2636 
f 4497 5924 697 
f 283 5410 12 
f 5795 3788 5138 
f 4330 5360 6626 
f 3839 2806 5642 
f 2294 3633 7060 
f 2200 1727 2367 
f 2797 1938 4631 
f 3156 5133 5696 
f 2427 888 2205 
f 677 6868 6887 
f 541 4537 6451 
f 4247 3666 6579 
f 6912 1584 1735 
f 4376 3817 4777 
f 2098 5650 308 
f 1929 4281 2927 
f 6998 1111 1330 
f 1254 6643 6050 
f 2892 2097 360 
f 1055 919 1094 
f 5850 6004 6131 
f 2151 472 1847 
f 1075 6533 2394 
f 5740 2282 5094 
f 401 553 5036 
f 1232 458 751 
f 3338 788 901 
f 3707 4384 1424 
f 1927 7111 6974 
f 2203 1496 1039 
f 1738 1581 6912 
f 1596 2771 5925 
f 5912 6125 490 
f 7049 157 64 
f 5469 4395 574 
f 4532 6699 2136 
f 1106 5628 4602 
f 3782 1957 6681 
f 6213 1865 578 
f 399 6789 3972 
f 1063 856 322 
f 3010 1218 6340 
f 7018 5458 5469 
f 6643 1254 6444 
f 1855 3686 1465 
f 114 97 147 
f 429 576 5002 
f 4861 6974 7111 
f 4855 1185 1025 
f 5 73 102 
f 1072 6536 371 
f 2328 1996 1994 
f 6742 1964 6173 
f 1107 1130 620 
f 4175 2731 682 
f 5864 5807 5861 
f 5045 1614 1712 
f 4613 5386 6564 
f 3417 3957 3411 
f 4679 7104 5705 
f 3957 5571 5514 
f 128 871 3504 
f 6016 5507 71 
f 7044 7112 6976 
f 2758 5486 5167 
f 5123 755 482 
f 377 1372 333 
f 6075 6870 6612 
f 4809 4148 829 
f 5719 4330 5395 
f 6631 4547 2126 
f 7070 3540 3841 
f 2567 1893 6347 
f 3132 3627 2013 
f 3781 1831 6711 
f 6959 6755 6751 
f 1607 5339 4368 
f 7094 2927 3003 
f 4799 3456 4080 
f 6884 2261 6900 
f 7033 4788 937 
f 4278 2736 5587 
f 393 933 2807 
f 5295 7128 7069 
f 400 7146 4796 
f 5907 7132 768 
f 3714 1854 3530 
f 1006 4476 5091 
f 7044 329 7112 
f 2704 626 2798 
f 2600 4507 3644 
f 6318 3051 1183 
f 2618 1917 1920 
f 6439 2222 6272 
f 5462 2811 5308 
f 2361 1085 1448 
f 3376 752 3161 
f 5104 1772 1138 
f 901 5073 3338 
f 5914 1789 778 
f 6581 415 4402 
f 5626 5064 6451 
f 4391 5472 3679 
f 1338 6813 3513 
f 1055 1094 1133 
f 5061 3257 1468 
f 6048 6713 444 
f 1681 2685 712 
f 2653 6905 7059 
f 4069 3202 5315 
f 2272 3093 4770 
f 1957 1717 2935 
f 6239 6241 6237 
f 4000 5333 1261 
f 5594 6933 4039 
f 3585 5310 5243 
f 1359 4644 6881 
f 1088 5769 86 
f 1878 3661 6214 
f 4365 2542 6086 
f 674 5607 5126 
f 1085 5429 1448 
f 3239 439 4497 
f 2499 3173 6749 
f 66 69 601 
f 589 542 4140 
f 416 570 358 
f 4466 675 4982 
f 206 6553 6558 
f 5956 5911 5910 
f 3700 3388 6603 
f 216 2689 6849 
f 1194 1185 4855 
f 2520 2024 1865 
f 4231 2570 7067 
f 3113 286 5852 
f 6137 6158 5014 
f 5532 5531 4709 
f 2377 2307 2979 
f 720 710 722 
f 621 2682 5044 
f 6856 999 2581 
f 4743 72 5252 
f 3597 3967 686 
f 2552 2296 1866 
f 5512 5498 4864 
f 2627 3484 5049 
f 2929 4865 3277 
f 1574 1735 1584 
f 7076 664 1753 
f 3191 4419 1763 
f 5937 2105 3861 
f 1455 2707 4433 
f 3701 142 5368 
f 957 1077 3066 
f 4041 783 6217 
f 1492 502 1146 
f 5351 3726 6455 
f 6535 439 3239 
f 838 5488 291 
f 4837 3599 1529 
f 4881 4848 4880 
f 1737 3357 3577 
f 3187 4578 1036 
f 1821 5950 3032 
f 2377 2979 1522 
f 3550 3663 2221 
f 5127 4981 4660 
f 212 213 2253 
f 5686 5273 2645 
f 5867 5854 4560 
f 1028 2723 1021 
f 754 850 755 
f 4288 1312 1154 
f 1202 3789 1494 
f 735 850 758 
f 6832 2662 3315 
f 2253 975 156 
f 272 3035 2219 
f 241 211 5977 
f 3006 3889 5230 
f 3825 3887 1321 
f 3980 5475 4156 
f 5709 551 1569 
f 572 947 811 
f 3887 7033 2199 
f 847 2000 1394 
f 666 859 862 
f 537 663 1060 
f 6082 377 437 
f 2702 3554 5509 
f 6226 6790 2756 
f 4572 4080 4486 
f 5716 5501 4986 
f 5739 2961 490 
f 5333 5589 1261 
f 1934 1401 4169 
f 3876 6505 6859 
f 1204 680 1959 
f 2846 2604 1136 
f 4770 4255 571 
f 6451 5064 131 
f 2698 131 6047 
f 2964 2963 3055 
f 4976 2935 1717 
f 366 153 208 
f 3292 3935 6479 
f 1807 2935 2015 
f 4366 2576 5065 
f 5290 6327 4993 
f 5088 3299 866 
f 6035 6070 6344 
f 2104 2552 2363 
f 541 449 2429 
f 5305 1749 2792 
f 4919 293 929 
f 1477 1822 6845 
f 5359 2892 3429 
f 5030 584 3734 
f 185 2658 2972 
f 1087 5810 713 
f 1639 997 620 
f 3044 3002 3042 
f 5739 3429 360 
f 4941 3299 890 
f 565 226 3587 
f 6364 1817 958 
f 6271 5985 5414 
f 3419 4202 3806 
f 3149 4587 5313 
f 1899 5519 3433 
f 3826 3852 45 
f 36 1622 6260 
f 490 1429 5739 
f 6726 6616 6617 
f 554 1410 1513 
f 2074 2073 2110 
f 1163 5683 1143 
f 6427 4299 4891 
f 225 322 5953 
f 845 6684 3823 
f 468 4079 6492 
f 4067 792 236 
f 2767 6930 963 
f 710 720 1802 
f 2136 6915 4836 
f 1795 1712 1645 
f 4502 515 2127 
f 4804 4800 4709 
f 5398 1234 5934 
f 560 552 4358 
f 3993 1553 2241 
f 1438 3437 127 
f 576 3738 3539 
f 3045 4394 795 
f 7024 7096 7097 
f 279 271 358 
f 538 859 666 
f 2307 3823 2979 
f 5850 6131 5868 
f 3406 5599 614 
f 1860 803 5248 
f 576 3539 6341 
f 2242 2389 3145 
f 4527 2753 2053 
f 262 2416 133 
f 6226 6233 6790 
f 2328 111 1394 
f 1585 1770 4339 
f 6818 2632 5593 
f 1915 2363 2471 
f 4226 1266 780 
f 4368 4272 2004 
f 5260 6374 4594 
f 2275 5684 2095 
f 1628 2872 5095 
f 3746 3446 3926 
f 702 6958 10 
f 5135 4668 4826 
f 2362 2032 5195 
f 437 2250 6082 
f 4015 1095 6486 
f 1047 40 4958 
f 6847 1563 1567 
f 6452 3014 1862 
f 156 120 211 
f 3393 5141 6961 
f 5453 847 1394 
f 3078 3837 2533 
f 887 6038 2924 
f 3113 5852 2422 
f 1060 333 537 
f 6595 3805 6676 
f 286 985 3117 
f 4626 1621 4431 
f 7099 4432 3393 
f 1804 5697 6797 
f 5483 1495 248 
f 1496 1069 1039 
f 947 3825 2780 
f 3941 4451 5223 
f 748 767 698 
f 3770 60 2024 
f 1432 4491 816 
f 4093 3674 4378 
f 1917 2618 2571 
f 5006 3401 5160 
f 1641 1571 3549 
f 1337 2838 3922 
f 6593 5899 5902 
f 1048 6114 2243 
f 1648 3382 2082 
f 6047 131 6916 
f 5119 1082 1525 
f 4950 6281 5250 
f 4209 571 1390 
f 2974 5301 6266 
f 6771 1898 5236 
f 1594 2706 2183 
f 178 5400 582 
f 3941 6049 7061 
f 458 705 751 
f 2939 3182 585 
f 475 3760 376 
f 1232 553 401 
f 2640 5914 778 
f 569 416 1063 
f 5899 6593 5892 
f 904 693 1159 
f 2093 4357 5870 
f 553 1232 751 
f 7070 975 6945 
f 3847 1850 4508 
f 567 6973 2326 
f 4335 780 1266 
f 6921 6920 7122 
f 6907 4607 268 
f 5548 1512 5569 
f 5833 5562 6638 
f 2204 134 6926 
f 509 553 652 
f 3553 2641 6515 
f 4858 2089 7105 
f 3210 6124 5352 
f 5781 316 574 
f 7064 3078 2139 
f 1879 1788 1790 
f 4613 6564 4447 
f 1472 1431 1712 
f 2784 359 404 
f 2747 4338 1488 
f 1110 4008 6195 
f 2455 3834 6946 
f 4390 860 3494 
f 3604 6561 4000 
f 281 6965 4909 
f 5746 5642 2806 
f 1050 1233 5515 
f 5119 2751 5337 
f 4549 6882 1199 
f 786 238 5527 
f 5018 6074 6043 
f 708 6161 6949 
f 2843 6034 5748 
f 6390 4371 6855 
f 1528 1671 5311 
f 528 3776 3989 
f 1059 4004 6734 
f 5957 5857 6396 
f 6997 2840 172 
f 2085 1010 1031 
f 2062 6272 5923 
f 991 6581 214 
f 425 2306 1340 
f 2674 5573 6170 
f 4152 1265 5391 
f 1583 1589 4623 
f 4948 1223 4638 
f 2665 300 2905 
f 3022 5576 2157 
f 426 1231 909 
f 5526 875 2378 
f 923 5115 2762 
f 6300 3053 3814 
f 3171 6721 7123 
f 238 628 905 
f 5827 5414 5688 
f 1108 1228 3402 
f 1764 2317 5144 
f 967 1090 969 
f 1378 4504 78 
f 6563 1589 1820 
f 5311 7109 1528 
f 758 1032 1035 
f 3825 572 3887 
f 241 433 2645 
f 5911 4724 2401 
f 4712 7098 3578 
f 3740 6632 3804 
f 3587 4432 2566 
f 6082 2250 1134 
f 6485 4528 2204 
f 7091 1666 2494 
f 2635 442 2633 
f 5244 4148 5082 
f 5237 6273 5727 
f 3578 4846 3347 
f 6121 1428 3403 
f 3651 225 102 
f 6737 1335 6636 
f 604 606 1120 
f 6222 6253 6254 
f 4894 671 6526 
f 2200 2201 1729 
f 2246 3155 430 
f 3821 5942 3352 
f 2048 169 4814 
f 6029 6089 6090 
f 1508 6071 3197 
f 1398 1437 1439 
f 3636 5806 82 
f 2184 881 1877 
f 1232 401 458 
f 5073 4917 5912 
f 4710 4277 5878 
f 1476 4182 5764 
f 2523 5195 2352 
f 2523 2858 2362 
f 5580 3077 1019 
f 734 5959 976 
f 6883 5505 6040 
f 6808 925 4725 
f 608 7108 6952 
f 1598 3987 1962 
f 2608 6174 5917 
f 1386 1272 1412 
f 3966 570 416 
f 5847 5738 5807 
f 6143 1979 446 
f 6376 721 3989 
f 1014 4095 1575 
f 5458 641 6554 
f 4656 4184 4629 
f 6205 6785 7136 
f 4741 917 2113 
f 4462 5238 4044 
f 1756 6909 209 
f 2426 5938 3692 
f 2245 4559 4558 
f 2456 2115 2373 
f 7011 5275 3327 
f 1841 5669 753 
f 4758 2563 5074 
f 3932 4103 6840 
f 809 2296 2145 
f 4965 5155 5928 
f 6037 2065 843 
f 5006 5160 999 
f 2232 1505 7082 
f 6651 1875 4389 
f 38 87 2190 
f 2867 2290 1917 
f 7058 1943 5896 
f 5816 5728 5797 
f 32 3042 3241 
f 6095 1180 3160 
f 1217 3891 3786 
f 235 4553 639 
f 1060 663 538 
f 1032 1230 1035 
f 19 6541 411 
f 5846 714 6309 
f 6085 7122 7021 
f 627 437 538 
f 765 627 666 
f 1134 1322 4427 
f 1134 2250 6026 
f 5742 1954 5558 
f 1994 9 5340 
f 6522 6082 1134 
f 4178 5108 4427 
f 4466 3519 675 
f 1284 3333 1634 
f 4143 84 4190 
f 6831 1363 2569 
f 2884 4415 2321 
f 3538 3499 3578 
f 1674 2749 879 
f 952 3109 6795 
f 3088 4273 4170 
f 1322 4178 4427 
f 1457 6095 6156 
f 1959 4169 1520 
f 2938 2783 1813 
f 5615 6251 4257 
f 2351 6952 4151 
f 354 651 1391 
f 302 4605 6178 
f 2432 1868 6889 
f 3193 3399 949 
f 4294 3525 4449 
f 3287 4457 1471 
f 1460 1519 1560 
f 5331 5240 5085 
f 3547 3960 3785 
f 2456 2373 1371 
f 6263 5121 1821 
f 6608 1669 6463 
f 1722 1409 1114 
f 5934 1116 163 
f 3029 3030 2828 
f 2205 2302 1914 
f 5297 602 3580 
f 2518 3567 1664 
f 705 458 4917 
f 1337 711 5122 
f 150 4463 1999 
f 4303 5180 6732 
f 5442 5418 5460 
f 2046 828 303 
f 1206 1207 4543 
f 6598 5176 3228 
f 6803 3209 6766 
f 4543 1055 1206 
f 3263 1351 1832 
f 5609 455 422 
f 4754 3341 1005 
f 834 1097 5265 
f 4567 5022 1674 
f 1705 1400 922 
f 6413 2457 6635 
f 1490 4646 166 
f 1095 4565 878 
f 6907 268 2057 
f 2443 6472 2397 
f 652 553 6907 
f 3450 5620 1698 
f 268 3432 1876 
f 514 5267 4158 
f 795 652 4828 
f 1819 5730 1157 
f 4334 453 3185 
f 3966 416 569 
f 4355 2668 1085 
f 5206 3266 3057 
f 2984 703 979 
f 415 958 4402 
f 2598 2372 2528 
f 2112 2373 1401 
f 1300 2984 979 
f 516 5001 5334 
f 1198 4087 1016 
f 6411 6403 2942 
f 1821 1300 989 
f 178 689 4520 
f 5643 857 3223 
f 2292 4461 6644 
f 5044 616 3799 
f 309 5539 2453 
f 2352 5195 1894 
f 4838 4835 5343 
f 4097 6635 2457 
f 2840 200 172 
f 2900 1301 4123 
f 834 82 3876 
f 6102 4508 1107 
f 3238 148 4081 
f 4829 4668 5137 
f 3223 857 1947 
f 333 290 373 
f 2250 3235 6026 
f 6315 4943 5673 
f 4321 5719 280 
f 4008 4675 3249 
f 504 3550 2221 
f 2858 2523 2856 
f 3678 1638 2042 
f 1347 2611 3813 
f 1053 4776 2384 
f 1075 4319 6503 
f 3488 5225 2815 
f 1035 810 758 
f 4219 3687 865 
f 5947 6727 1838 
f 4816 5123 5273 
f 1883 783 717 
f 5123 4816 755 
f 1118 1195 1080 
f 5048 5658 6710 
f 2826 6215 5863 
f 2513 1720 2675 
f 6681 6943 3782 
f 256 2271 6522 
f 4837 6662 4832 
f 819 2246 6438 
f 1124 2403 4771 
f 3999 4469 3440 
f 6067 1590 1518 
f 6987 1051 647 
f 3248 4755 4261 
f 4972 4464 6384 
f 315 4020 4304 
f 4779 6438 5266 
f 2547 3270 1029 
f 484 4937 4936 
f 356 4374 3753 
f 1436 551 5724 
f 3877 877 3602 
f 6176 2057 1876 
f 4190 3415 2513 
f 6587 3061 6894 
f 5691 777 4018 
f 2651 3474 1665 
f 6003 2015 715 
f 5436 2304 1954 
f 4646 2116 166 
f 2199 937 54 
f 5546 1301 5379 
f 1889 1791 1887 
f 111 3533 121 
f 1880 7064 5184 
f 933 393 1282 
f 1913 5075 3929 
f 4762 80 2849 
f 3424 1708 2082 
f 4231 4768 2570 
f 5463 5534 4474 
f 1633 989 2128 
f 558 3962 683 
f 2599 1475 2591 
f 5225 5617 3410 
f 3106 1933 897 
f 4104 6562 6775 
f 5190 2905 300 
f 1776 1007 6104 
f 1592 5565 3056 
f 5795 4370 3984 
f 2022 1996 2000 
f 6660 5888 2014 
f 4211 6860 4195 
f 6481 6418 2263 
f 3365 2406 2291 
f 3221 4724 1981 
f 5209 6737 6843 
f 290 212 287 
f 3059 3169 2352 
f 329 7044 4861 
f 1119 1423 2795 
f 814 5112 6929 
f 4845 1706 2020 
f 2377 1185 2307 
f 4193 6950 5801 
f 382 968 729 
f 4861 7111 1027 
f 1321 54 8 
f 2066 1940 1970 
f 4589 6844 7101 
f 4533 1686 5210 
f 1479 1814 1455 
f 6885 4131 6515 
f 677 4929 6892 
f 1074 1118 765 
f 5650 2098 936 
f 6504 738 6240 
f 3484 6183 1610 
f 2249 2391 3347 
f 3200 7124 4706 
f 3653 6222 4057 
f 6849 5638 3973 
f 6865 258 435 
f 765 1118 1080 
f 7126 6990 7063 
f 748 916 767 
f 6007 2689 3050 
f 4914 1061 5251 
f 6075 5792 6611 
f 2414 5033 1159 
f 6096 1013 5729 
f 2756 6790 1793 
f 3991 2826 1197 
f 2069 1758 3670 
f 5749 5728 5720 
f 602 5633 5347 
f 3770 6805 60 
f 6908 5391 6834 
f 4945 4947 1608 
f 1731 2861 2818 
f 5020 5832 529 
f 5541 3338 5557 
f 498 2411 599 
f 7052 4379 7134 
f 423 1314 5326 
f 788 3338 5541 
f 1799 5072 294 
f 5359 778 1789 
f 1799 3428 299 
f 3302 3136 3303 
f 294 3428 1799 
f 1439 408 2224 
f 2040 1429 6125 
f 6729 6731 6216 
f 1207 1206 1251 
f 1584 1581 3829 
f 1133 6543 1206 
f 1058 705 1055 
f 4692 7038 2338 
f 5088 3052 2891 
f 3214 6874 3263 
f 6969 3397 4836 
f 1266 486 4335 
f 3128 4675 1110 
f 1058 4543 4607 
f 1523 1912 4802 
f 2317 1764 1081 
f 2829 355 19 
f 795 4394 652 
f 2497 4925 6667 
f 2054 2913 6389 
f 4485 3013 1221 
f 4038 1109 692 
f 4922 4567 432 
f 3521 2090 276 
f 6543 6541 355 
f 6323 4050 4187 
f 5253 6127 6189 
f 6186 3900 6994 
f 2901 3315 2662 
f 3826 45 5628 
f 3208 1359 7055 
f 2578 6543 355 
f 2020 336 4845 
f 1144 344 432 
f 3249 1501 4008 
f 308 4850 2098 
f 20 1287 2076 
f 2016 4589 3833 
f 5691 4018 6197 
f 6034 2843 5314 
f 3862 6601 6727 
f 4861 1027 3852 
f 5918 2736 2773 
f 2303 5750 2618 
f 2373 2112 2370 
f 3364 1752 2230 
f 4857 1353 4046 
f 4917 458 903 
f 6946 21 2455 
f 5793 1441 5122 
f 287 241 373 
f 1632 2638 2625 
f 4165 2316 4955 
f 5863 5053 4010 
f 965 788 2534 
f 5407 5123 482 
f 1498 442 3234 
f 3392 1351 3263 
f 880 4248 5540 
f 212 211 287 
f 537 482 850 
f 1283 4325 261 
f 6944 6055 5767 
f 6758 2613 4248 
f 4324 6399 2728 
f 1336 5627 1527 
f 2472 3833 4589 
f 4378 6960 4093 
f 6542 6454 6487 
f 2673 6340 2323 
f 6505 3876 82 
f 4654 1559 4482 
f 1584 3829 1014 
f 1152 6577 100 
f 3054 3327 6909 
f 1031 4364 5270 
f 4733 6994 3873 
f 4610 579 2077 
f 3334 6147 5289 
f 2748 1244 3511 
f 429 3738 576 
f 1026 7031 3985 
f 1069 3191 1039 
f 916 1080 1009 
f 2390 4632 5624 
f 6404 1979 4324 
f 6637 4403 3832 
f 3411 5514 2507 
f 5046 739 5169 
f 4625 6038 2215 
f 2497 6667 4458 
f 2638 6992 5679 
f 261 2801 1283 
f 1474 485 1765 
f 3404 2146 3779 
f 1967 1739 3324 
f 3832 6507 6520 
f 154 6856 1241 
f 6163 6149 4113 
f 2116 4646 4820 
f 1753 1514 4639 
f 1133 1206 1055 
f 321 5938 1722 
f 3064 1207 1273 
f 6294 3157 1659 
f 6893 1542 6063 
f 5409 3973 5638 
f 2834 1219 6523 
f 4828 5855 3045 
f 6236 6159 3426 
f 2136 4500 4532 
f 3598 2529 2670 
f 5945 550 6483 
f 3144 104 1190 
f 5762 306 4312 
f 4320 4139 5447 
f 4620 6586 6558 
f 3274 2530 2684 
f 2217 5129 2320 
f 3644 1977 2600 
f 5643 1495 4975 
f 1518 1561 6067 
f 1780 4599 1908 
f 2213 422 5955 
f 2291 2406 328 
f 2356 5699 1265 
f 6223 6905 4487 
f 6124 1987 5352 
f 4879 6318 2535 
f 5371 1481 2784 
f 5179 6281 6282 
f 2061 5554 366 
f 110 1661 4692 
f 546 5875 5113 
f 2849 1177 3849 
f 2715 5690 4499 
f 758 850 1030 
f 4187 4050 5068 
f 6501 5483 6899 
f 663 735 810 
f 3286 1049 932 
f 3774 3976 5210 
f 859 810 1035 
f 5775 660 793 
f 1628 5566 2872 
f 3425 3612 4986 
f 1313 2987 1681 
f 2208 1553 1945 
f 3189 2899 5487 
f 981 4367 5367 
f 749 767 916 
f 5696 4686 6630 
f 5788 5787 2544 
f 1241 1961 2394 
f 904 98 693 
f 1727 1726 2032 
f 538 666 627 
f 1080 916 913 
f 6451 588 541 
f 2662 2045 2108 
f 4055 6295 1489 
f 799 5768 2739 
f 3000 685 1702 
f 3521 365 5496 
f 171 2924 6827 
f 1495 5643 248 
f 6591 5183 1494 
f 647 1051 1824 
f 5483 2863 7040 
f 6016 1627 1935 
f 4757 6169 3238 
f 5052 2912 3940 
f 3079 1591 5900 
f 6815 5516 1504 
f 3719 3302 3138 
f 5291 696 1696 
f 5950 989 1633 
f 6967 5785 6844 
f 5253 6189 4159 
f 791 3294 1084 
f 2063 2304 3363 
f 1926 282 4194 
f 490 1054 5912 
f 1055 705 919 
f 5366 2543 6354 
f 1816 1142 403 
f 4747 468 6038 
f 392 6298 5820 
f 262 3570 3339 
f 751 705 1058 
f 588 6451 131 
f 3933 1288 5697 
f 748 913 916 
f 4406 868 1273 
f 4922 436 1376 
f 5781 471 1876 
f 2805 548 6841 
f 6700 6874 5762 
f 6490 2967 4606 
f 6729 5927 4931 
f 5304 5090 243 
f 3775 22 2252 
f 5915 5890 5960 
f 2434 1371 2370 
f 1420 6015 1408 
f 3578 3347 3538 
f 501 1989 7131 
f 6583 634 5178 
f 6568 5531 5532 
f 1449 2204 224 
f 2269 2462 2135 
f 1260 4673 132 
f 6667 1233 7016 
f 2236 6225 85 
f 1273 868 3064 
f 6317 4879 3508 
f 2211 4007 4481 
f 617 3584 6456 
f 233 3485 5413 
f 7002 7001 7079 
f 2484 3203 3628 
f 3617 2509 2614 
f 4847 6096 5729 
f 4731 1857 4435 
f 5558 1954 2063 
f 38 114 115 
f 654 2822 1415 
f 4664 3543 6817 
f 1209 1211 1474 
f 5265 6722 977 
f 5699 5818 6703 
f 6787 473 6996 
f 4888 5189 4761 
f 2246 2322 3155 
f 879 1237 1144 
f 1064 6938 1719 
f 1869 6249 1516 
f 1148 1009 1080 
f 269 266 1622 
f 1384 4186 3925 
f 4049 3640 561 
f 3970 2636 1023 
f 3233 811 947 
f 1231 426 1430 
f 912 6249 1815 
f 5432 4483 5678 
f 7059 362 6762 
f 2209 6494 2006 
f 4592 2196 3633 
f 1012 1009 1148 
f 3984 3788 5795 
f 4578 3259 4822 
f 3767 3182 2939 
f 455 3185 453 
f 5017 4316 5801 
f 4724 5592 1981 
f 716 6040 5505 
f 2243 1319 2551 
f 749 1009 1012 
f 2488 6372 4010 
f 5873 7120 6027 
f 4586 3888 3889 
f 7134 2583 7052 
f 4084 421 891 
f 5435 6192 6025 
f 1219 3289 3731 
f 903 632 6125 
f 2555 5492 4669 
f 4905 26 3915 
f 5394 5693 3252 
f 6907 751 1058 
f 3052 824 14 
f 5018 2803 6074 
f 4310 6282 6336 
f 531 218 2868 
f 4371 4828 6855 
f 5988 6668 6276 
f 6390 471 574 
f 3860 4028 2574 
f 3830 5781 3432 
f 3703 4232 1464 
f 3552 1359 2132 
f 2540 7040 3315 
f 3167 111 121 
f 1256 4213 5295 
f 2586 318 1299 
f 4747 4625 72 
f 680 6909 4169 
f 6752 6656 5764 
f 1965 2273 2462 
f 5212 5837 15 
f 5967 5493 6091 
f 3090 2138 836 
f 6898 3645 1235 
f 484 493 719 
f 958 1817 4402 
f 2334 3158 1941 
f 3311 1612 3510 
f 1378 6358 18 
f 3502 2453 4888 
f 3743 1164 1515 
f 1877 1878 699 
f 5112 1458 676 
f 3269 3060 3464 
f 5409 5456 3973 
f 1778 144 3296 
f 6642 1871 5234 
f 1407 2676 3449 
f 117 6417 6503 
f 1032 758 1030 
f 5026 1329 3886 
f 3104 3560 2428 
f 3937 6215 4181 
f 498 511 6573 
f 1695 1032 1030 
f 3041 5763 1373 
f 7058 2697 5598 
f 1186 862 1113 
f 1450 1445 1405 
f 6375 2852 4347 
f 4696 5227 4552 
f 2164 6560 6516 
f 3933 6594 6858 
f 6913 3772 3859 
f 1315 1275 1460 
f 1196 1012 1148 
f 4450 4375 6381 
f 4198 2959 2834 
f 4296 5156 5756 
f 1519 1412 1518 
f 1381 4892 4690 
f 5266 1092 6178 
f 1051 6987 961 
f 1404 5499 7137 
f 3230 3623 128 
f 2602 1216 1312 
f 4958 41 2095 
f 4591 4477 5602 
f 3890 171 5679 
f 2630 6242 2383 
f 2717 4336 1166 
f 1146 512 607 
f 3134 6067 456 
f 6546 762 875 
f 3838 6835 6588 
f 2735 2549 4558 
f 6632 3323 2805 
f 6251 5615 2037 
f 19 1799 299 
f 3303 4130 4449 
f 6343 4434 1404 
f 6599 6447 5639 
f 2500 2262 1683 
f 5624 4632 6879 
f 1432 6958 5394 
f 2761 626 1531 
f 4147 1599 4695 
f 3784 574 316 
f 5721 6721 963 
f 3211 2316 6006 
f 2970 1636 428 
f 2794 2905 5190 
f 2150 3118 6467 
f 3442 2138 4387 
f 5502 3253 2973 
f 6502 3968 3441 
f 5517 4095 6018 
f 3741 2006 6494 
f 1140 3502 3395 
f 1968 6224 1577 
f 4771 270 1124 
f 989 1300 979 
f 3634 2993 6816 
f 4534 5713 4896 
f 5950 2835 4073 
f 3113 4803 4322 
f 2866 3888 4586 
f 2397 6472 1956 
f 2928 3018 5105 
f 1535 1125 6699 
f 3780 6804 6607 
f 1317 59 5759 
f 1741 332 4189 
f 3914 4486 3456 
f 2397 5530 2443 
f 1478 2636 3970 
f 3309 1960 4505 
f 5724 551 5741 
f 2633 442 2958 
f 2392 90 503 
f 4527 2053 2060 
f 4557 4289 2764 
f 678 5916 5457 
f 1210 4607 4543 
f 1958 660 327 
f 1137 1192 2283 
f 7051 1024 6955 
f 3717 1912 1523 
f 7073 6278 6224 
f 1405 1445 5870 
f 4483 2380 1138 
f 1272 1242 1195 
f 5223 4982 675 
f 4896 3681 4534 
f 1229 1230 3373 
f 2181 226 565 
f 627 4788 437 
f 6726 6868 4996 
f 5943 4727 5178 
f 2917 2829 6546 
f 5817 4552 5039 
f 3655 3395 5600 
f 1822 2027 3779 
f 3896 7046 6810 
f 5295 7069 1256 
f 6816 237 3634 
f 698 3578 3818 
f 1606 6047 1751 
f 3301 2887 6325 
f 6819 6920 6610 
f 6874 3214 950 
f 6374 5260 3352 
f 3347 4846 749 
f 4789 4273 2975 
f 739 7126 1312 
f 7126 2602 1312 
f 4290 5780 5497 
f 4224 910 3561 
f 1118 1074 1117 
f 4078 2272 571 
f 4264 459 302 
f 1727 1729 1574 
f 3261 577 961 
f 2924 6492 6827 
f 5499 7057 1216 
f 1429 227 5739 
f 307 5063 1844 
f 2451 5927 5924 
f 1745 1737 3577 
f 5869 6201 3111 
f 6214 3661 1655 
f 355 2917 2578 
f 3251 4261 736 
f 5072 1094 965 
f 2060 457 1508 
f 773 556 6036 
f 1210 1207 3064 
f 4044 5238 441 
f 820 4079 1309 
f 1902 2928 3823 
f 3221 2007 2997 
f 5651 2473 278 
f 5658 4996 6542 
f 1595 456 1561 
f 5315 487 2417 
f 3269 3464 5790 
f 5210 3976 3512 
f 4852 4599 3285 
f 1297 6104 4941 
f 4816 4659 754 
f 351 4770 3093 
f 6246 27 3082 
f 4038 51 5576 
f 5394 702 870 
f 4654 4496 1559 
f 806 3977 494 
f 3535 3534 3496 
f 2648 6009 4136 
f 3651 102 73 
f 716 2084 2824 
f 1708 6941 1648 
f 4496 4350 2322 
f 1258 2777 7053 
f 6820 2549 547 
f 3289 2959 2749 
f 4016 2811 5462 
f 33 222 2969 
f 2868 319 2586 
f 5471 6670 3786 
f 3588 252 3367 
f 4823 3907 6395 
f 4594 7023 5141 
f 1687 5601 1583 
f 5601 1687 53 
f 7029 3667 3851 
f 5331 5084 1568 
f 3797 6247 5973 
f 4072 2864 3298 
f 1354 4861 3852 
f 5029 5727 4966 
f 6512 6233 150 
f 1421 2910 7107 
f 5224 1651 4627 
f 4291 460 2114 
f 3127 3476 3128 
f 5532 1547 5485 
f 6213 2520 1865 
f 905 5527 238 
f 3789 1196 1275 
f 3145 578 104 
f 4133 2439 6160 
f 6022 6556 6119 
f 1439 1236 1398 
f 2860 272 224 
f 815 7063 4869 
f 824 1311 6393 
f 5379 1301 5255 
f 5255 5107 5379 
f 5580 518 3077 
f 5055 4868 6679 
f 4328 5704 1037 
f 2758 3793 5486 
f 5419 2984 5121 
f 1859 3716 179 
f 718 5976 3884 
f 6594 5303 4708 
f 2345 3169 5173 
f 6726 6617 2125 
f 4642 6402 1640 
f 2338 1592 3056 
f 1738 1906 1973 
f 4324 1979 6325 
f 159 1543 972 
f 6083 6211 6223 
f 1655 4212 6214 
f 3499 459 4264 
f 83 7139 6469 
f 2775 3620 5455 
f 4371 5855 4828 
f 1675 6003 715 
f 6873 6291 6689 
f 1996 3307 1994 
f 6720 6109 4250 
f 4718 6595 4712 
f 2571 2143 2837 
f 3793 6458 5486 
f 817 6717 1703 
f 4792 2414 369 
f 2310 992 4096 
f 6830 2857 1187 
f 5541 2534 788 
f 5712 5086 4 
f 6892 6572 677 
f 355 6541 19 
f 24 2413 22 
f 6884 2388 7081 
f 3876 6859 2194 
f 3028 110 5716 
f 2246 881 2184 
f 369 1159 6549 
f 5866 5103 251 
f 440 2261 1376 
f 1507 4031 3913 
f 6689 6291 6798 
f 4131 6312 3553 
f 3705 5867 4182 
f 2114 4301 2452 
f 2606 3729 6885 
f 64 6843 7049 
f 3159 2027 1822 
f 348 5269 1526 
f 2497 4754 4292 
f 5342 1686 3207 
f 640 6787 6996 
f 6973 3991 2326 
f 4504 3262 1341 
f 6792 6502 7146 
f 1367 2363 2585 
f 505 5083 6850 
f 4386 4911 345 
f 3210 3611 3216 
f 4671 6462 2881 
f 5826 5686 5825 
f 5665 734 6518 
f 5373 3972 6789 
f 1373 1304 3041 
f 5236 5216 5518 
f 3417 3249 4675 
f 1193 1186 1307 
f 3323 4775 2137 
f 2194 681 1130 
f 3485 6797 1918 
f 196 5226 4154 
f 5089 2674 3153 
f 1030 850 754 
f 4199 3436 5716 
f 4172 474 886 
f 948 807 3600 
f 1569 551 1436 
f 444 445 380 
f 5122 711 5793 
f 6047 5094 2698 
f 4052 4426 4090 
f 741 4942 6187 
f 765 862 1186 
f 5000 2092 119 
f 1074 765 1186 
f 4953 6005 5500 
f 1393 7121 6591 
f 1820 2020 4337 
f 7067 4443 4231 
f 400 7009 5028 
f 1777 5141 3393 
f 749 916 1009 
f 4484 4875 4310 
f 1317 2539 1083 
f 4843 6506 1930 
f 4063 3988 5642 
f 4351 3478 6209 
f 1652 1438 127 
f 577 1268 1202 
f 5152 5300 6692 
f 2171 2332 5845 
f 6860 3116 801 
f 7057 3152 1216 
f 5791 7109 5311 
f 5416 5322 5302 
f 3476 1885 3128 
f 4508 4750 3847 
f 214 1152 252 
f 5739 2244 2961 
f 6096 4847 6625 
f 5826 5688 5686 
f 468 1309 4079 
f 4933 4935 5379 
f 6561 3150 6468 
f 2890 6888 6937 
f 3768 3766 2939 
f 5735 5573 5464 
f 884 971 389 
f 2638 1632 6992 
f 6735 6636 6634 
f 4736 4853 4009 
f 253 4462 4044 
f 2838 2129 4614 
f 6880 5990 2632 
f 2218 3062 2254 
f 1660 1662 1836 
f 110 4692 5586 
f 5632 3253 2650 
f 3644 4507 843 
f 1603 1533 1571 
f 6803 6812 1658 
f 4359 4191 4524 
f 3266 3464 2855 
f 90 2524 5767 
f 2272 4770 571 
f 2612 4704 1784 
f 6578 959 872 
f 6635 1637 6413 
f 2464 979 1204 
f 1598 1962 5604 
f 6612 4971 6075 
f 2254 3062 809 
f 4807 4272 6842 
f 1415 492 4934 
f 1977 2012 2274 
f 4812 656 978 
f 5976 718 6315 
f 5052 481 6706 
f 1247 6333 1874 
f 4136 6009 6788 
f 3580 602 5929 
f 1699 1879 2526 
f 3362 855 4847 
f 140 6352 1277 
f 2429 292 445 
f 1347 1598 1854 
f 285 6457 1318 
f 1230 1113 1035 
f 6953 532 2737 
f 3539 1025 6341 
f 644 1526 846 
f 269 2231 5100 
f 4570 4014 4009 
f 1652 127 5169 
f 2566 3833 2472 
f 8 2155 1321 
f 2155 3825 1321 
f 54 937 748 
f 1419 1315 1460 
f 67 1587 324 
f 863 2869 5942 
f 6094 2095 391 
f 6155 6067 3134 
f 4237 7005 4216 
f 150 1999 5901 
f 3335 5385 3936 
f 6076 3465 5078 
f 1824 1051 961 
f 6147 2122 812 
f 5681 564 659 
f 1202 1012 3789 
f 4381 3697 3554 
f 4924 3213 3212 
f 5224 4627 4827 
f 1652 5169 5832 
f 5499 1216 2602 
f 6046 6111 6127 
f 5144 5191 5993 
f 791 1084 4421 
f 596 1112 4907 
f 797 7038 1661 
f 6546 2829 299 
f 1043 3516 6999 
f 2079 3301 3418 
f 394 393 2807 
f 1108 3402 5233 
f 6220 2674 6253 
f 206 5773 5612 
f 5547 4013 5264 
f 1269 387 581 
f 2570 5469 1728 
f 7024 7097 6961 
f 3026 4743 3024 
f 1910 7129 6659 
f 3286 932 3017 
f 3016 2382 1416 
f 71 1935 3807 
f 6081 2581 999 
f 261 555 1096 
f 908 3545 2807 
f 6539 2321 6772 
f 1699 2360 1879 
f 2964 5134 2479 
f 1133 1094 411 
f 3266 5247 3464 
f 873 1703 6171 
f 3399 956 1042 
f 5999 5844 4942 
f 1932 6454 6542 
f 725 4392 5452 
f 2076 1296 2663 
f 1004 4774 689 
f 6421 1768 2665 
f 1212 5129 1289 
f 5569 4013 5547 
f 4348 3881 5153 
f 3210 1642 3421 
f 6599 4665 2733 
f 3216 3611 3425 
f 6067 6155 1590 
f 4823 6072 3757 
f 2011 2383 6678 
f 6006 6394 6409 
f 3440 4469 383 
f 5145 5423 4494 
f 2310 4096 2502 
f 3449 3311 3282 
f 2880 1381 6750 
f 2563 2303 5074 
f 2237 4142 2619 
f 5035 5477 2712 
f 6633 6766 3990 
f 6152 4346 2318 
f 6021 2087 5196 
f 5602 2504 4591 
f 2615 3937 3391 
f 853 1617 6129 
f 4449 3138 3303 
f 634 6583 545 
f 6383 6359 3663 
f 2559 194 335 
f 892 1098 2156 
f 2264 5559 2001 
f 4711 2823 4751 
f 5577 2275 4621 
f 1230 1032 3373 
f 1501 6300 4008 
f 2824 5897 6593 
f 2867 2402 2290 
f 594 2023 1833 
f 5563 1456 4909 
f 4606 1872 6490 
f 1136 5033 6115 
f 1695 1030 4298 
f 6682 693 585 
f 1581 1738 1591 
f 4836 3397 2136 
f 1117 1193 1272 
f 5538 6272 1691 
f 6345 6533 3662 
f 4331 1778 3652 
f 5521 5110 3739 
f 6026 3235 3236 
f 5224 1045 45 
f 6615 4108 6175 
f 1466 6926 1870 
f 1195 1242 1196 
f 5508 5552 3626 
f 4791 7061 6848 
f 1530 5730 1819 
f 3725 1246 2209 
f 4123 1301 6683 
f 1148 1080 1196 
f 2602 7063 7137 
f 4508 1130 1107 
f 3880 6248 5113 
f 2059 6738 4047 
f 1419 4751 1393 
f 577 1202 961 
f 6955 2918 4530 
f 5183 6591 4811 
f 3584 617 4646 
f 4375 3947 5027 
f 3928 2864 2886 
f 5075 4124 3166 
f 353 893 5268 
f 5169 739 529 
f 6879 6752 5623 
f 2359 6260 543 
f 325 1462 4624 
f 5942 486 3352 
f 4164 957 7118 
f 3126 3141 3035 
f 563 4169 5275 
f 6611 5201 6870 
f 6655 6560 6590 
f 4399 3677 2508 
f 617 203 4820 
f 15 3300 3756 
f 4747 72 868 
f 820 4406 2578 
f 304 347 1181 
f 2417 487 294 
f 5916 678 3204 
f 6369 2834 5174 
f 943 1155 728 
f 5350 3656 6829 
f 3672 5023 5344 
f 5426 5839 5840 
f 5096 5325 5097 
f 4504 1378 2610 
f 2367 2032 2362 
f 2644 3777 1762 
f 5432 6188 4483 
f 3900 1029 5790 
f 5195 2523 2362 
f 6495 5206 6647 
f 2277 505 5583 
f 4411 5059 6121 
f 4535 4679 4205 
f 6703 6365 4868 
f 4205 3999 4535 
f 1841 2334 2004 
f 3750 2655 4587 
f 4759 7142 5673 
f 4187 6704 5585 
f 3782 747 599 
f 372 3584 2235 
f 1700 234 2433 
f 3249 711 1339 
f 6929 3953 814 
f 2297 844 1392 
f 3694 116 147 
f 2774 6745 386 
f 2023 5760 2731 
f 563 5245 1934 
f 5624 5969 2390 
f 983 5513 3735 
f 3572 6881 4077 
f 3523 422 3495 
f 3533 5593 121 
f 6563 1820 4681 
f 1446 2869 4738 
f 3081 3298 2864 
f 2095 6094 4958 
f 5866 526 1221 
f 2657 1403 2651 
f 6012 4595 3866 
f 1196 1080 1195 
f 4298 1030 754 
f 5078 4338 6076 
f 397 1740 3297 
f 529 4288 5449 
f 4078 7014 3093 
f 2091 2802 793 
f 5801 4293 5017 
f 515 3921 5794 
f 2344 2895 6669 
f 6429 709 6711 
f 622 4841 3745 
f 1750 4417 2767 
f 1695 4298 2743 
f 426 1426 1430 
f 5611 345 5776 
f 2474 1492 6922 
f 5793 711 5242 
f 5155 790 5078 
f 2796 2743 1070 
f 2925 4735 3075 
f 3373 3041 1229 
f 3793 2415 6021 
f 3734 2442 6753 
f 3502 4888 3395 
f 3707 1424 6403 
f 1193 1117 1074 
f 2357 1666 5799 
f 7138 6769 4635 
f 832 6367 4649 
f 1202 1494 961 
f 4776 1053 4651 
f 459 4605 302 
f 1293 3030 3244 
f 5770 1343 4306 
f 2983 345 4911 
f 4882 7074 3412 
f 3244 3440 383 
f 6802 828 6896 
f 6034 5314 5262 
f 1652 5970 5529 
f 3161 339 1422 
f 1837 5586 4692 
f 2735 4559 5054 
f 1892 5717 1046 
f 3967 5433 6486 
f 6584 6684 5932 
f 456 6600 3134 
f 3716 1859 583 
f 3428 762 6546 
f 5017 4238 4106 
f 4607 3024 268 
f 1823 3127 4284 
f 4360 4672 4361 
f 320 5106 407 
f 5866 251 234 
f 596 7048 7125 
f 3533 6818 5593 
f 1663 1633 2208 
f 6709 6487 1872 
f 3579 3805 3155 
f 5246 5894 1267 
f 6588 2331 2381 
f 6126 1499 2217 
f 3666 5715 5092 
f 647 1824 5183 
f 485 1474 493 
f 2412 2227 1641 
f 5129 2217 1358 
f 1085 2668 4728 
f 4859 5743 4088 
f 3005 6165 6767 
f 4243 4399 1504 
f 1812 1171 1222 
f 1812 1222 1292 
f 6174 2608 5440 
f 2856 2678 2855 
f 5716 3803 4199 
f 6433 6447 5933 
f 7061 2617 6848 
f 7049 6838 6939 
f 1036 4822 885 
f 314 1936 832 
f 5689 2446 52 
f 6949 6230 6786 
f 4279 5538 1691 
f 3106 897 3105 
f 3062 2585 809 
f 6342 3979 5395 
f 5659 1554 1794 
f 3006 5334 4586 
f 5415 1955 6651 
f 163 1403 6862 
f 4871 5477 4045 
f 5191 5144 6304 
f 2234 4412 2637 
f 2534 5411 770 
f 5487 2899 5099 
f 1193 1074 1186 
f 4707 938 4254 
f 3295 4237 3491 
f 2974 3444 6239 
f 5274 6238 5272 
f 6576 4347 2803 
f 7043 6844 5785 
f 5425 2445 1838 
f 6810 4722 3014 
f 2429 4537 541 
f 1681 2987 6864 
f 454 6290 1149 
f 4652 4787 983 
f 2270 3226 2229 
f 4220 5348 5954 
f 136 1135 6338 
f 6734 6838 6634 
f 1275 1519 1460 
f 4714 4101 4411 
f 1080 913 765 
f 2706 182 877 
f 4998 5981 5935 
f 1506 4913 662 
f 3261 4434 2623 
f 3126 2248 2068 
f 7121 1689 6591 
f 2992 2546 2461 
f 961 1494 1824 
f 4714 1734 4101 
f 6680 2686 7011 
f 2457 2587 2551 
f 7063 6990 4869 
f 452 3961 4017 
f 226 3420 1777 
f 410 4824 2355 
f 4376 4253 1264 
f 6780 3281 1487 
f 5317 4220 6032 
f 5511 5894 5246 
f 3212 6917 4924 
f 3936 1295 3335 
f 439 6956 2163 
f 5058 6931 873 
f 280 3979 5895 
f 5783 2019 1532 
f 2583 3019 7052 
f 3336 6123 1700 
f 6092 567 4001 
f 5784 2418 3907 
f 4788 627 937 
f 5428 5083 2277 
f 6826 783 515 
f 5583 7089 2277 
f 874 829 4148 
f 6934 6836 6731 
f 868 4406 1309 
f 980 2640 185 
f 1299 2779 1286 
f 3099 762 487 
f 5573 6275 6170 
f 2400 5378 504 
f 6225 4451 85 
f 2799 2850 2727 
f 316 4326 3784 
f 3415 3449 2676 
f 5662 6283 7069 
f 4374 356 204 
f 1293 1361 1452 
f 6650 2427 7110 
f 5074 2303 2288 
f 2640 5740 2350 
f 6587 6894 6782 
f 291 5488 1990 
f 3261 2623 6604 
f 74 2988 4705 
f 6183 6313 2427 
f 6900 233 2388 
f 4679 4535 7104 
f 392 1316 5370 
f 473 4576 6996 
f 1020 2665 1625 
f 1604 1645 1712 
f 4576 473 1847 
f 1610 1654 5049 
f 7001 7002 1498 
f 2325 6821 803 
f 4818 4317 4344 
f 2173 5005 4321 
f 5445 4997 700 
f 1285 1182 4189 
f 6753 1406 3734 
f 5340 9 1990 
f 3756 161 2594 
f 2827 110 3028 
f 1213 1253 1020 
f 2197 266 269 
f 2477 2871 421 
f 1181 1774 6508 
f 3436 3029 3028 
f 4473 1892 1119 
f 507 5633 6549 
f 6288 6002 6284 
f 5602 4455 4459 
f 1662 2312 2579 
f 4573 2548 3451 
f 1000 2096 1952 
f 6437 2707 1811 
f 3506 3312 3475 
f 6559 1891 6434 
f 7045 7114 5009 
f 2967 2965 849 
f 4359 4524 4829 
f 508 5233 3193 
f 663 859 538 
f 1700 6123 234 
f 7065 1243 1886 
f 4836 6915 5293 
f 1672 6697 6709 
f 4042 4531 391 
f 1195 1117 1272 
f 1139 1213 1020 
f 4107 3912 4076 
f 232 2633 4128 
f 4952 4899 3380 
f 2911 2220 1680 
f 1685 2392 5661 
f 1502 5668 6671 
f 6094 3607 6114 
f 5962 5939 5961 
f 459 461 4605 
f 3067 924 5259 
f 575 2682 621 
f 122 3783 5875 
f 3718 1142 1033 
f 337 5499 1404 
f 708 2601 4921 
f 781 724 5996 
f 6987 337 1404 
f 3740 3804 6910 
f 5874 7027 5188 
f 3083 4582 383 
f 6271 6113 5985 
f 2614 1666 7091 
f 7137 815 6343 
f 3998 3618 3078 
f 1789 6954 6214 
f 5151 5921 4765 
f 2693 77 1240 
f 2683 3437 42 
f 6270 3412 137 
f 2385 456 1595 
f 5679 6827 7127 
f 4768 6348 7018 
f 3576 1126 2765 
f 2439 4133 930 
f 6746 2951 2572 
f 2225 5872 1748 
f 1614 5045 1650 
f 2627 1057 1420 
f 2858 2859 2525 
f 4736 4234 6136 
f 2855 2678 2851 
f 1290 1213 1289 
f 6338 1135 149 
f 5143 199 5705 
f 1630 1431 1395 
f 3436 4199 4535 
f 413 1774 4127 
f 6048 1448 6713 
f 643 926 123 
f 2259 4750 2284 
f 5088 1311 824 
f 6345 605 6371 
f 6526 5761 4894 
f 3644 1982 1977 
f 773 3483 1534 
f 2982 636 3351 
f 2182 2180 2343 
f 1701 2053 1015 
f 5252 5666 4743 
f 3256 7125 3795 
f 107 109 6528 
f 1928 6536 1072 
f 6669 5577 2222 
f 6181 687 1243 
f 4663 4352 4662 
f 4228 346 5211 
f 6993 1480 822 
f 2195 1856 1889 
f 6705 6014 1153 
f 3600 807 4031 
f 6158 6137 3624 
f 5927 2451 4931 
f 1287 3547 6054 
f 2005 5370 6936 
f 5301 3211 6266 
f 2235 3114 372 
f 6292 1236 6387 
f 4723 5420 3397 
f 76 5763 4756 
f 3320 1796 3720 
f 6347 1893 5475 
f 2634 2545 5210 
f 4287 835 3010 
f 2340 7103 3833 
f 3135 1352 7117 
f 2734 608 2351 
f 4570 4744 4014 
f 1184 1418 2188 
f 727 1689 7121 
f 1275 1196 1242 
f 4856 970 2160 
f 319 198 318 
f 6660 460 4291 
f 2576 7060 6785 
f 1090 2603 2774 
f 6830 1187 2287 
f 6375 3115 2727 
f 5391 2366 4152 
f 5849 5812 5847 
f 64 805 5209 
f 2747 3478 4351 
f 2444 1228 1231 
f 971 815 389 
f 2810 3728 1103 
f 1275 1386 1519 
f 6025 4195 5034 
f 2458 4832 629 
f 3764 5606 6363 
f 1958 327 328 
f 4904 2823 727 
f 7118 3066 1511 
f 7130 2591 1475 
f 2325 1539 6092 
f 3604 3232 135 
f 426 909 911 
f 4455 4305 3812 
f 6346 5435 6025 
f 7143 3229 3645 
f 2948 1172 784 
f 4401 6639 3298 
f 6996 4576 761 
f 4968 1 3 
f 3927 6765 5968 
f 231 275 3694 
f 1693 2355 6360 
f 4192 4183 4354 
f 7096 2467 1123 
f 3095 3446 6441 
f 1405 1307 1305 
f 6580 6079 112 
f 4989 1624 4884 
f 2986 5527 905 
f 7104 4535 4199 
f 4545 6938 4956 
f 2481 4999 5382 
f 5661 2392 3123 
f 6666 3409 4370 
f 3465 5928 5155 
f 1837 1100 5675 
f 1800 5045 1797 
f 1603 1641 1748 
f 1361 1292 1396 
f 6496 6322 6852 
f 900 4806 2763 
f 5143 7104 6327 
f 955 4402 5075 
f 772 3124 6135 
f 5426 5702 5290 
f 1139 1212 1213 
f 1290 1289 1326 
f 1693 1198 1766 
f 1020 1253 6421 
f 1642 3275 1733 
f 1437 1550 1473 
f 5117 5264 6238 
f 618 2456 1371 
f 6538 4236 1915 
f 2551 5717 489 
f 2844 2758 6694 
f 1203 4666 425 
f 4081 4531 4757 
f 3513 3360 6674 
f 6396 5998 5957 
f 1486 3422 5480 
f 6604 1268 3261 
f 2797 4631 1888 
f 274 704 243 
f 4401 3298 3081 
f 2014 5888 288 
f 4247 4689 3666 
f 586 76 4756 
f 4552 5351 4696 
f 4421 3881 4348 
f 702 10 6018 
f 2748 6663 384 
f 831 6008 6749 
f 4059 3839 3988 
f 6098 4004 3433 
f 848 4815 849 
f 2460 4628 1380 
f 330 1893 6728 
f 954 746 4141 
f 2297 1976 3788 
f 2875 1084 3491 
f 1294 579 3326 
f 6530 6166 5416 
f 4751 4904 7121 
f 5931 5649 5932 
f 3066 2823 4711 
f 5377 951 5363 
f 5585 5884 6691 
f 647 2900 1220 
f 5556 398 2553 
f 919 882 901 
f 842 2704 2161 
f 4614 2129 2709 
f 6469 7139 3162 
f 6139 6071 349 
f 875 2917 6546 
f 2218 4758 5074 
f 4241 5013 5193 
f 2104 4341 6106 
f 2072 5895 5153 
f 6799 6473 4417 
f 5262 5314 6335 
f 3305 4634 1156 
f 3703 4096 13 
f 4999 1907 6465 
f 6847 2032 1726 
f 6638 5417 5833 
f 7098 4712 6595 
f 3595 2412 3549 
f 1292 1222 1253 
f 643 4302 2690 
f 1671 6552 1540 
f 794 4000 6561 
f 5004 5150 5152 
f 6027 5588 5884 
f 1469 1358 1427 
f 718 3884 497 
f 1590 6155 3256 
f 5728 5731 3335 
f 1539 803 1860 
f 3172 6423 6205 
f 3881 4412 2234 
f 3049 340 6078 
f 2282 2897 5461 
f 6512 5901 977 
f 2894 4171 6321 
f 1034 7065 3878 
f 65 6016 6358 
f 2495 6911 2664 
f 5652 5927 6212 
f 1540 3996 1671 
f 304 63 347 
f 5760 687 1911 
f 4279 4091 5516 
f 787 5745 2700 
f 1377 4616 1462 
f 203 2454 4820 
f 1540 6552 2902 
f 3538 459 3499 
f 6694 6792 4136 
f 6135 3124 1382 
f 2818 2861 5488 
f 3020 1260 4307 
f 2724 2727 3115 
f 6963 6261 242 
f 884 3362 2726 
f 2365 2478 5650 
f 2167 690 796 
f 2540 1491 7040 
f 1883 2127 783 
f 1918 1288 3652 
f 1113 859 1035 
f 5848 4397 5424 
f 964 1986 4572 
f 1454 1307 1405 
f 5770 5181 1248 
f 6000 107 4790 
f 28 3763 1619 
f 6271 5414 5827 
f 4698 6293 6627 
f 1136 904 5033 
f 6031 5961 5986 
f 3039 7099 1444 
f 1431 1500 1604 
f 5570 4834 4960 
f 1014 927 4095 
f 4662 2179 4512 
f 5209 5108 4178 
f 497 6315 718 
f 5381 5338 595 
f 4790 104 6000 
f 4668 4829 4524 
f 1049 3286 7007 
f 2624 6600 2589 
f 4672 4359 4829 
f 105 2404 6209 
f 5100 2197 269 
f 7008 323 7013 
f 1447 3333 3608 
f 4191 3796 3611 
f 2837 2867 1917 
f 6420 1371 2893 
f 1100 2175 5675 
f 5056 1837 4692 
f 4300 3479 4477 
f 4991 5137 5287 
f 1394 1996 2328 
f 5287 5285 5564 
f 4650 707 6923 
f 161 3756 71 
f 2101 2099 2182 
f 525 5712 4 
f 3030 1293 1452 
f 2361 380 342 
f 1442 6659 7129 
f 2039 7107 6829 
f 2035 2413 18 
f 5723 5346 1089 
f 2526 1790 1909 
f 2912 5052 1005 
f 494 1474 1211 
f 3152 647 1220 
f 5806 6979 1926 
f 3139 1857 3151 
f 950 4217 140 
f 3946 6826 5794 
f 1567 1563 1057 
f 4833 1068 4575 
f 3017 932 5164 
f 2691 2073 1570 
f 4572 2709 6851 
f 908 2807 933 
f 1971 2070 2148 
f 1603 1645 1604 
f 2110 2073 2148 
f 3999 3436 4535 
f 6895 5232 6970 
f 408 990 2212 
f 2412 3102 1914 
f 3371 1638 3678 
f 5129 1212 5173 
f 2906 2348 6822 
f 765 937 627 
f 658 1126 5814 
f 4871 4689 4247 
f 2104 1385 4341 
f 102 2435 5 
f 154 6371 804 
f 4561 4391 4612 
f 4906 1623 6310 
f 2408 2118 2524 
f 775 2742 25 
f 973 3068 1903 
f 4388 4340 4385 
f 5843 5506 3742 
f 2133 409 2725 
f 4358 3324 1739 
f 2071 5566 2398 
f 2119 6619 1705 
f 5115 61 2762 
f 840 2176 4265 
f 6031 5986 6030 
f 6659 295 3397 
f 3631 473 2086 
f 4482 1559 3872 
f 1445 1450 1373 
f 3746 2902 6552 
f 6492 2924 468 
f 1112 596 2624 
f 6976 7112 7045 
f 3373 1695 2796 
f 1861 2240 5965 
f 1350 3916 1239 
f 6211 3343 2988 
f 3193 2146 3399 
f 2106 6061 3905 
f 5503 3136 3302 
f 2244 2097 4069 
f 1766 1198 1804 
f 1241 6856 2581 
f 3656 6446 1864 
f 6377 2973 3025 
f 5034 4195 1724 
f 1952 440 438 
f 1193 1412 1272 
f 1195 1118 1117 
f 2423 2424 1922 
f 2507 6871 3527 
f 2394 3862 2873 
f 2919 7123 5708 
f 6699 3392 1535 
f 6577 1688 1613 
f 6487 6454 1872 
f 1770 6252 2969 
f 7056 4775 3553 
f 6293 5568 4283 
f 1364 1965 3 
f 2492 811 6580 
f 5960 5958 5981 
f 4589 3322 2472 
f 1 5712 2554 
f 6208 1834 6464 
f 3715 4555 5918 
f 2606 6910 3729 
f 692 923 2762 
f 3091 3040 3089 
f 1509 6073 4353 
f 1358 1630 1326 
f 2522 2345 2678 
f 6975 6974 7044 
f 3276 6228 2324 
f 1358 1469 1630 
f 1550 1435 1472 
f 1268 6604 461 
f 3839 5689 2806 
f 1410 554 645 
f 210 6939 6837 
f 6192 5435 3342 
f 1581 1591 3079 
f 1665 4337 2020 
f 1888 4631 1890 
f 5074 2290 2402 
f 2778 1925 3948 
f 4475 343 2470 
f 1977 1982 2012 
f 5986 5915 5982 
f 4909 4739 281 
f 5414 5417 5279 
f 6505 5806 1926 
f 4985 6638 5562 
f 6713 1448 4997 
f 6046 6127 6029 
f 4593 4416 4282 
f 4019 623 2745 
f 1399 3340 3114 
f 1724 6698 5034 
f 5088 2891 3299 
f 234 6415 5866 
f 6880 5488 940 
f 6388 6727 6601 
f 6806 1348 4114 
f 6657 6513 6544 
f 3124 3875 152 
f 6427 1608 5920 
f 499 5230 2529 
f 893 3324 552 
f 1312 1067 1154 
f 3421 4191 3611 
f 4169 6909 5275 
f 4296 4263 5156 
f 1812 3244 383 
f 6452 808 6510 
f 4826 4984 4985 
f 1355 171 2518 
f 5384 1839 1100 
f 4882 3336 7074 
f 2167 818 690 
f 76 295 5763 
f 1999 4463 6782 
f 1229 3041 1304 
f 5239 5372 5482 
f 5293 1910 6969 
f 4874 6977 6323 
f 2093 1910 5293 
f 6692 1155 2371 
f 6549 6787 369 
f 5870 4601 1405 
f 2016 3833 7103 
f 4493 1595 1454 
f 6710 963 6930 
f 1454 1595 1307 
f 6245 1274 1624 
f 4428 1573 1597 
f 4283 1059 6493 
f 5826 1333 6107 
f 772 6135 670 
f 5681 3073 4645 
f 2386 2079 3418 
f 4882 3412 1629 
f 1150 6828 1830 
f 4855 1025 3539 
f 4751 1419 1460 
f 4182 5560 6752 
f 3811 6379 902 
f 13 1558 5212 
f 883 2393 6680 
f 6227 4810 6160 
f 2686 563 7011 
f 3158 5990 1602 
f 886 474 245 
f 2320 1156 2217 
f 1699 2521 2360 
f 1950 1142 1816 
f 4729 4552 5817 
f 1183 2347 6318 
f 855 3362 884 
f 764 4468 364 
f 4708 5303 3223 
f 3360 6248 742 
f 5217 5345 5172 
f 2108 2379 2901 
f 6253 2674 6170 
f 6541 6543 1133 
f 2888 4218 5182 
f 5353 2511 31 
f 2691 2251 1901 
f 1472 1395 1431 
f 5330 3482 4056 
f 1867 3667 5175 
f 2412 3595 3102 
f 5636 3237 3744 
f 1707 1603 1748 
f 3999 4205 4469 
f 383 4469 3083 
f 3803 3615 3612 
f 3504 5459 5283 
f 5481 6091 5493 
f 3136 5503 418 
f 4475 2421 4465 
f 6214 6954 699 
f 1439 6387 1236 
f 6563 4681 1691 
f 2485 46 4730 
f 3511 1244 3282 
f 669 2959 4198 
f 1753 4639 7076 
f 2060 2568 3670 
f 3498 4702 6172 
f 2418 4784 3907 
f 2762 2742 775 
f 3929 1947 1913 
f 2326 2047 4001 
f 4033 911 93 
f 382 829 874 
f 1108 5233 508 
f 2804 376 3760 
f 1777 4432 3587 
f 1634 3505 4084 
f 3394 1120 606 
f 6034 5318 5748 
f 4065 4207 3827 
f 6805 3770 601 
f 4305 520 3812 
f 5014 6255 6137 
f 802 1794 4188 
f 1535 3392 1984 
f 579 4128 3326 
f 6203 4206 4457 
f 4658 2546 6958 
f 3252 5693 3636 
f 1711 2647 5804 
f 1069 1496 510 
f 5179 5969 5250 
f 3771 2647 2037 
f 4357 3732 899 
f 1726 1563 6847 
f 6456 4209 617 
f 5168 4329 2648 
f 5326 5495 423 
f 2474 138 1492 
f 4594 3420 5260 
f 489 43 6545 
f 3361 334 1285 
f 3361 4982 334 
f 5441 1524 5416 
f 3807 1935 75 
f 6 2285 5845 
f 4010 5053 7010 
f 1355 4326 2215 
f 2675 448 1026 
f 3911 6483 2052 
f 6427 1357 1608 
f 4351 6209 1114 
f 7081 1181 5104 
f 1964 6742 6975 
f 4253 3989 3986 
f 2090 4263 4296 
f 6251 4109 4257 
f 5406 2590 103 
f 6752 5764 4182 
f 2457 1319 4097 
f 5406 5003 3559 
f 6551 5538 5516 
f 5282 6499 1199 
f 5227 6552 5039 
f 4524 4192 4668 
f 5132 5279 5417 
f 1360 1328 1395 
f 6286 2914 2170 
f 3059 1894 3305 
f 2509 966 4887 
f 1604 1533 1603 
f 1500 1630 1469 
f 1971 1901 5657 
f 2017 6466 2577 
f 841 6724 3068 
f 1293 1812 1292 
f 5598 3070 312 
f 976 996 4669 
f 3363 4912 1998 
f 5414 4981 5127 
f 2227 2412 1914 
f 3497 4275 930 
f 1395 1326 1630 
f 4183 3275 4168 
f 6446 3555 4418 
f 5795 4513 4370 
f 2603 1327 118 
f 3071 4380 5317 
f 1712 1614 1550 
f 5920 1088 4940 
f 1901 1971 2148 
f 2266 5983 1164 
f 6639 4405 3882 
f 4678 2738 3811 
f 1595 4493 2385 
f 1798 726 780 
f 1627 2867 1935 
f 6139 6784 5926 
f 1494 3789 1315 
f 6897 6898 3231 
f 5067 3623 3230 
f 5601 336 2020 
f 5859 3863 3272 
f 1023 1116 2720 
f 2222 5923 6272 
f 5407 373 241 
f 2711 1596 5925 
f 6317 3051 6318 
f 1743 3304 3883 
f 4735 1354 3826 
f 3389 6794 1176 
f 4699 49 938 
f 4426 5218 4251 
f 565 1618 2181 
f 5371 404 5369 
f 5692 5159 4778 
f 5315 3202 2985 
f 4689 4056 4048 
f 3161 5374 5434 
f 1230 1186 1113 
f 619 5966 796 
f 6969 1910 6659 
f 2659 520 4465 
f 1127 2616 2628 
f 2095 4730 2501 
f 4870 4424 4423 
f 2743 2796 1695 
f 418 5503 6166 
f 3125 5898 2067 
f 510 2364 4536 
f 4726 465 1200 
f 5901 1999 6497 
f 785 2802 2091 
f 5427 2674 5089 
f 3732 4357 2093 
f 2605 4555 3164 
f 4899 4988 4040 
f 723 29 811 
f 6600 2385 4493 
f 5941 6035 5963 
f 3927 827 920 
f 4769 5692 4778 
f 2887 6245 6516 
f 1966 4376 3407 
f 610 679 651 
f 1298 193 385 
f 7136 6180 6723 
f 6136 4710 4853 
f 6255 6254 5736 
f 5983 2034 1164 
f 1454 1405 4601 
f 4976 6372 679 
f 2283 4033 93 
f 4362 667 3455 
f 2425 1637 6635 
f 2937 2729 4301 
f 5908 3284 3283 
f 98 2604 2981 
f 4248 4761 5189 
f 7031 1026 2719 
f 2610 2413 24 
f 4782 5612 4776 
f 4044 441 5332 
f 4877 6718 1875 
f 995 2255 813 
f 1779 1901 2251 
f 5104 6419 7081 
f 1805 2962 4121 
f 5843 3156 5506 
f 60 613 987 
f 2507 1599 4147 
f 6336 6302 6359 
f 764 6240 4468 
f 5637 3493 2700 
f 1426 426 1192 
f 2118 2408 4143 
f 4469 5933 3083 
f 7129 1445 1442 
f 1358 2217 1427 
f 4095 927 6018 
f 5554 5757 1963 
f 2731 592 2023 
f 732 4947 5136 
f 1360 1292 1328 
f 1533 1500 1469 
f 2309 2154 4230 
f 5988 5836 5835 
f 2192 1598 1347 
f 3059 2320 3169 
f 5132 4984 4983 
f 990 1650 1679 
f 3253 6332 2650 
f 37 4506 2219 
f 2626 5050 3950 
f 178 5671 5619 
f 4354 4352 4826 
f 4668 4192 4354 
f 5287 5137 5285 
f 4993 4361 4672 
f 5132 5417 6638 
f 3616 5286 570 
f 1589 6563 2062 
f 4286 3097 3930 
f 2760 2452 4301 
f 3165 3704 176 
f 3028 3029 2827 
f 5800 990 1679 
f 4360 3803 3796 
f 4360 3796 4359 
f 6406 2985 2625 
f 361 3684 4978 
f 6327 4197 4361 
f 6384 6235 4972 
f 6762 5846 2669 
f 1847 472 4576 
f 241 2645 5407 
f 3940 6960 4378 
f 6193 2368 6779 
f 5474 400 5028 
f 2020 1820 1589 
f 1313 2504 5602 
f 1512 1270 4769 
f 5288 5564 5992 
f 5137 4668 5135 
f 5983 889 2034 
f 651 743 610 
f 3471 6448 4565 
f 4988 4398 4040 
f 1984 2628 2723 
f 1344 4599 1278 
f 3836 1881 1788 
f 1379 5164 2572 
f 2946 4814 2560 
f 3775 7130 1706 
f 2095 2501 4621 
f 5290 5702 199 
f 2084 2308 2824 
f 1289 1213 1212 
f 2247 1887 5136 
f 1457 6157 5139 
f 2452 4023 2114 
f 3537 418 5824 
f 1413 1853 5819 
f 432 344 1840 
f 2517 6545 43 
f 1984 1127 2628 
f 4716 483 4717 
f 1008 3949 6202 
f 5222 6204 5319 
f 1450 1305 1304 
f 5543 5222 6613 
f 840 5452 4392 
f 2427 2205 6183 
f 6265 2428 6385 
f 2712 4870 5952 
f 2511 5600 31 
f 2585 1627 1937 
f 5470 4902 4994 
f 5206 1625 6647 
f 7068 5968 6765 
f 3094 2304 2800 
f 6600 4493 4851 
f 3542 4466 4982 
f 534 7131 1984 
f 3720 6822 3320 
f 1590 3374 1560 
f 6749 3173 3264 
f 2954 4529 2647 
f 2964 2816 2963 
f 6931 3190 1184 
f 5708 6697 2919 
f 3480 5450 4866 
f 2153 5685 2233 
f 2243 6114 2242 
f 1386 1242 1272 
f 6981 7117 7048 
f 370 6692 5300 
f 5076 5369 404 
f 578 1865 6000 
f 187 6477 6169 
f 1815 4496 4654 
f 6903 6043 3329 
f 112 1079 2543 
f 1662 1660 2487 
f 3287 6479 5451 
f 4208 3118 2150 
f 2126 640 6631 
f 7035 6723 6180 
f 805 5603 5220 
f 263 195 2050 
f 979 703 1204 
f 6203 4457 3284 
f 4023 2452 4946 
f 246 1666 2614 
f 3036 2535 190 
f 972 2437 159 
f 4965 2424 2423 
f 3785 5419 6263 
f 1565 3033 2083 
f 4854 2785 6964 
f 5199 4496 2322 
f 4377 2801 1096 
f 4876 4769 5677 
f 623 39 3139 
f 6332 1547 4562 
f 548 2805 4603 
f 2076 3032 1296 
f 974 4948 982 
f 4329 5474 5522 
f 2345 1212 2851 
f 3829 4588 927 
f 5695 4676 4844 
f 6516 6560 6655 
f 5639 5004 6692 
f 4095 4408 1408 
f 1894 5195 6847 
f 2320 5173 3169 
f 3948 1925 1317 
f 1472 1360 1395 
f 1435 1396 1472 
f 141 73 70 
f 1292 1253 1328 
f 6062 6064 6031 
f 5263 91 4737 
f 5865 2990 695 
f 2991 3063 2337 
f 6352 313 5422 
f 2564 6502 6792 
f 3131 6794 3389 
f 2427 6313 7110 
f 2930 4550 5318 
f 75 2554 3807 
f 4660 4512 4659 
f 4250 6109 5649 
f 6099 4443 6326 
f 5621 6323 6977 
f 5170 4688 5213 
f 6363 417 3764 
f 4298 754 2179 
f 6269 6271 5827 
f 1616 6555 6764 
f 5376 728 5711 
f 1146 6922 1492 
f 3723 3716 583 
f 4790 3627 3132 
f 6190 4298 2179 
f 6279 6120 5992 
f 4658 2461 2546 
f 7139 83 4303 
f 7113 4501 1343 
f 3958 3808 3713 
f 6165 3005 3542 
f 5352 1642 3210 
f 4973 5292 5276 
f 4719 2354 3668 
f 4672 4360 4359 
f 4059 3318 5578 
f 5586 5675 4986 
f 6654 5830 3461 
f 5171 5765 6188 
f 171 887 2924 
f 5657 1901 1779 
f 6303 6130 4185 
f 6096 6625 3088 
f 2365 1365 5076 
f 4373 5254 7131 
f 681 620 1130 
f 6313 3484 4408 
f 7009 4796 3442 
f 4191 3421 4192 
f 1230 1229 1305 
f 4209 1390 5605 
f 833 6988 1942 
f 1812 1293 3244 
f 1556 1120 1557 
f 6531 6662 5435 
f 2009 6042 1714 
f 5966 5870 899 
f 3274 3270 2547 
f 1561 1307 1595 
f 1294 3326 5457 
f 4537 6713 5626 
f 1776 5946 2894 
f 199 5997 1259 
f 3369 4806 5809 
f 5858 5797 5857 
f 4500 5644 4532 
f 6812 6804 3780 
f 12 5282 283 
f 40 2517 43 
f 1685 808 5364 
f 3806 4202 2185 
f 4711 4751 4893 
f 401 3458 1298 
f 4898 125 3952 
f 889 499 3676 
f 4194 6505 1926 
f 1692 2986 5757 
f 4681 1820 4337 
f 2354 5312 1882 
f 989 979 2464 
f 1401 2373 2115 
f 2770 491 3515 
f 2111 3557 2017 
f 508 5103 4809 
f 3119 2808 2752 
f 4623 4621 2501 
f 2724 6201 2722 
f 5768 6331 274 
f 2844 2415 3793 
f 4673 1260 2982 
f 3288 1284 5431 
f 1924 4446 5079 
f 476 56 5221 
f 1889 1887 2247 
f 4934 492 1675 
f 717 4041 6521 
f 4193 6524 6418 
f 1144 4567 1674 
f 5675 5586 1837 
f 4566 6933 5594 
f 5899 1342 5268 
f 7054 4783 902 
f 2352 2522 2523 
f 4073 2835 2833 
f 1361 1293 1292 
f 5190 696 2794 
f 403 1784 6112 
f 6976 1964 6975 
f 4639 407 326 
f 7118 1511 3795 
f 4961 4631 6425 
f 4611 5026 3886 
f 5257 300 4582 
f 6557 2102 436 
f 5130 5510 1785 
f 4468 2630 2874 
f 3119 1302 2808 
f 2157 1892 1046 
f 1589 1583 2020 
f 2908 1850 3847 
f 6043 5402 5018 
f 4948 974 1223 
f 713 6936 395 
f 3579 1516 2780 
f 5055 1617 653 
f 4083 5468 2532 
f 2740 2280 3012 
f 2874 364 4468 
f 2433 949 3399 
f 5418 5345 5323 
f 17 1476 5764 
f 866 3299 4941 
f 6812 6777 6298 
f 3382 6551 3700 
f 2764 4289 4521 
f 3793 95 6458 
f 5777 3734 584 
f 6205 6441 3172 
f 3107 4505 1960 
f 3199 3895 4087 
f 4364 1022 270 
f 4309 2890 787 
f 1309 4406 820 
f 4809 1255 5082 
f 1627 2278 2025 
f 262 3339 1566 
f 1305 1186 1230 
f 5254 4373 1125 
f 1560 1518 1590 
f 4956 2751 4545 
f 3974 1562 7116 
f 1352 3135 7118 
f 2941 1653 4661 
f 2975 4273 1810 
f 8 54 3818 
f 4978 3684 4185 
f 6244 3763 28 
f 6501 2863 5483 
f 6890 6892 6471 
f 3900 6186 1029 
f 2626 6180 2940 
f 2335 2025 2550 
f 438 2102 5042 
f 2080 5691 549 
f 3112 3559 5003 
f 1955 1951 5079 
f 6514 2403 1124 
f 2811 4016 2927 
f 5327 5214 5215 
f 4741 1793 6790 
f 6919 1493 1600 
f 4559 6592 6811 
f 2765 6239 3576 
f 6735 6838 7049 
f 1973 2537 2540 
f 6650 2992 888 
f 2179 4662 4168 
f 6152 2318 3697 
f 1531 842 5530 
f 5850 5299 6004 
f 2447 2395 3547 
f 5135 5285 5137 
f 163 1116 1760 
f 6023 3472 4798 
f 5982 5915 5960 
f 3960 3547 2395 
f 5426 4993 4992 
f 5356 1001 5798 
f 732 3664 4202 
f 5397 2958 442 
f 4992 4829 4991 
f 5288 4991 5287 
f 3807 3058 161 
f 5992 6120 5839 
f 1654 3102 3595 
f 4992 4991 5288 
f 2185 6927 2302 
f 2364 2028 4536 
f 4947 4945 5136 
f 5935 5841 5930 
f 1576 1473 1550 
f 5143 6327 5290 
f 475 534 409 
f 1779 2251 1679 
f 5226 1006 5583 
f 2371 943 4665 
f 2074 2110 2168 
f 4004 6836 6734 
f 2195 2247 4945 
f 5889 11 1783 
f 599 511 498 
f 4361 4993 6327 
f 5398 2881 5459 
f 2139 2279 11 
f 6077 4765 6475 
f 1803 4489 1418 
f 6225 1182 1285 
f 5483 1491 2898 
f 2282 980 2897 
f 5258 1095 953 
f 4651 2482 1103 
f 991 252 462 
f 6043 6903 5402 
f 107 1865 109 
f 2013 6528 6353 
f 1017 190 1836 
f 3439 3436 3440 
f 539 4578 3187 
f 5770 180 3219 
f 3192 6467 5860 
f 4669 223 734 
f 1631 3620 3431 
f 245 6350 886 
f 4061 7124 4012 
f 2283 6171 986 
f 4756 5763 3041 
f 22 25 2742 
f 2582 1962 1532 
f 2763 6304 900 
f 3665 6848 1296 
f 2862 5747 2998 
f 2348 2906 3053 
f 4029 3959 3956 
f 6874 6700 2616 
f 1442 295 6659 
f 4851 2589 6600 
f 5658 6542 6710 
f 2529 3598 499 
f 4357 899 5870 
f 2417 770 4069 
f 5090 4024 3985 
f 6672 1742 2797 
f 2273 2135 2462 
f 4466 4766 3910 
f 1495 2598 4975 
f 3046 5446 5451 
f 1367 3669 6641 
f 2812 6086 4409 
f 3340 7082 1505 
f 310 3170 3168 
f 2808 1302 1449 
f 3568 4227 878 
f 6643 6444 6888 
f 4344 6637 3832 
f 1892 2157 1119 
f 4743 5666 3024 
f 5019 398 6207 
f 5794 3947 3946 
f 4909 6470 5563 
f 4030 5255 1689 
f 4675 6357 412 
f 2886 4072 2692 
f 2487 2360 2521 
f 3748 5608 2953 
f 5746 52 2700 
f 2185 2302 2205 
f 2054 2428 3560 
f 4239 1140 356 
f 5230 6065 2920 
f 4507 6037 843 
f 462 252 413 
f 2579 1348 6806 
f 1791 1795 1707 
f 7010 5053 5016 
f 3476 4153 5167 
f 5428 59 5083 
f 1046 2335 3022 
f 936 3239 4497 
f 4876 5274 5272 
f 2013 3627 6528 
f 274 6331 2884 
f 4448 1597 4333 
f 3493 4619 50 
f 732 5769 4947 
f 86 2463 2461 
f 625 1522 5281 
f 1808 1179 1747 
f 4653 4488 5145 
f 6852 6322 3343 
f 1088 5630 5769 
f 1088 86 1383 
f 3594 6396 254 
f 2049 4001 6536 
f 530 2414 201 
f 6292 2827 2828 
f 6292 110 2827 
f 1608 5904 4945 
f 4459 2788 3500 
f 2036 6951 6566 
f 5955 649 6380 
f 6301 4604 6877 
f 1588 3667 1867 
f 3 1056 1364 
f 3002 2956 2955 
f 6570 1350 7042 
f 2971 593 2972 
f 6816 2993 6906 
f 4639 326 7076 
f 7059 6762 3116 
f 1815 4350 4496 
f 2275 2095 4621 
f 3422 228 1018 
f 2278 78 1341 
f 2882 305 5900 
f 4844 6330 5277 
f 5287 5564 5288 
f 2516 5028 7009 
f 6035 5939 5962 
f 6478 5188 957 
f 5007 5656 2496 
f 1144 1237 344 
f 4986 5501 5586 
f 6194 1279 4083 
f 2108 4700 2379 
f 5476 2254 2145 
f 189 5229 188 
f 6410 6675 6412 
f 475 2291 3760 
f 6408 6407 6673 
f 3817 4376 1966 
f 5562 5564 5285 
f 5919 6376 2162 
f 4994 5077 5470 
f 6523 1219 825 
f 3581 3506 3475 
f 1123 2467 5011 
f 2587 2457 6413 
f 5836 5988 6277 
f 1561 1412 1307 
f 4086 2144 3107 
f 5798 951 5356 
f 3440 3244 3439 
f 6015 1727 1574 
f 5200 2705 4514 
f 4400 4313 4396 
f 5323 5416 1524 
f 665 5840 5839 
f 6060 2169 939 
f 306 5762 6874 
f 6048 444 2361 
f 6603 3388 2508 
f 2003 6718 3717 
f 4909 6965 6470 
f 4191 4359 3796 
f 2204 2860 224 
f 4559 6811 7035 
f 5535 5140 5316 
f 5115 923 2550 
f 1409 5551 6076 
f 1862 808 6452 
f 3693 898 6507 
f 929 293 4808 
f 4491 7000 5707 
f 296 258 6865 
f 3938 4060 3939 
f 729 969 6574 
f 3284 4457 3287 
f 5095 5326 1628 
f 5182 4218 1192 
f 387 4019 4334 
f 7146 5168 2648 
f 543 1121 6462 
f 2300 2753 841 
f 6859 4194 681 
f 4476 5678 1772 
f 2941 3299 2891 
f 1866 2296 809 
f 6049 2152 1093 
f 6581 958 415 
f 3673 4227 3568 
f 2215 6038 887 
f 587 4667 2228 
f 3664 5136 1887 
f 6581 6791 1688 
f 4618 1754 3177 
f 3060 2856 2855 
f 1396 1292 1360 
f 732 4202 3419 
f 3284 5908 6204 
f 164 2080 1570 
f 2499 924 3067 
f 1801 1800 1895 
f 263 4003 5036 
f 3633 2782 941 
f 5037 5324 4748 
f 1979 3418 3301 
f 5221 642 476 
f 5166 2657 1745 
f 6065 3889 3501 
f 5086 2475 2893 
f 4151 6299 4976 
f 2510 2484 7012 
f 6034 5262 4817 
f 2729 1281 6648 
f 1332 4232 3058 
f 5421 1683 2262 
f 897 3736 3105 
f 5399 1363 4306 
f 450 4330 6626 
f 634 545 325 
f 3516 2358 7132 
f 2985 3202 4170 
f 317 2313 4218 
f 1017 1836 6747 
f 3357 1737 6770 
f 4300 3989 721 
f 6993 822 4873 
f 4051 4053 3971 
f 5966 4601 5870 
f 1984 3392 1127 
f 976 5959 1786 
f 4070 3879 3783 
f 822 2210 2424 
f 1835 4908 3932 
f 6782 6553 6587 
f 4023 5278 1422 
f 5920 443 6427 
f 1795 1856 1797 
f 2395 3996 1540 
f 5419 701 2984 
f 4304 4020 5251 
f 1263 2567 4777 
f 2012 2303 2274 
f 2774 379 1090 
f 2561 775 25 
f 5690 5374 3161 
f 1057 745 1567 
f 1121 543 1622 
f 4097 6401 6635 
f 3334 5980 6147 
f 2045 3712 1161 
f 5015 5084 5085 
f 6423 3170 2576 
f 3451 2548 5099 
f 313 797 5800 
f 5143 5705 7104 
f 2881 6462 5283 
f 6483 550 2052 
f 25 22 1706 
f 6192 3342 1842 
f 1562 4088 5490 
f 4930 2789 4188 
f 2818 2632 6818 
f 3686 1855 289 
f 2940 6180 851 
f 89 2459 771 
f 2129 5122 2814 
f 7038 4217 3536 
f 994 650 4235 
f 6694 6788 2844 
f 5339 876 5561 
f 2539 5030 1406 
f 3715 4514 2705 
f 5829 2690 4302 
f 3262 61 5115 
f 5714 2494 2357 
f 1745 1706 2515 
f 5671 4763 5619 
f 615 2969 222 
f 2534 294 5072 
f 2446 1991 181 
f 6909 1756 3054 
f 5127 4660 4816 
f 287 211 241 
f 1717 4151 4976 
f 3419 86 5769 
f 5045 1712 1797 
f 1940 1801 1895 
f 4984 4663 4983 
f 5705 1259 168 
f 6107 5827 5826 
f 5992 5564 5836 
f 5422 1679 2251 
f 6070 6068 5535 
f 5009 6981 4907 
f 711 1337 1339 
f 4881 2164 4989 
f 4522 6641 179 
f 2484 3628 7012 
f 5127 5273 5686 
f 1857 4731 1487 
f 5860 4580 3192 
f 1616 6972 1402 
f 3468 5733 5203 
f 5270 4364 138 
f 6565 6288 6284 
f 5867 4950 3831 
f 4983 5279 5132 
f 3623 5067 247 
f 4983 4662 4821 
f 3132 2013 4860 
f 6286 3683 2914 
f 469 1390 4255 
f 7085 7014 7013 
f 2471 2363 4256 
f 6286 1188 6491 
f 6279 5836 6277 
f 756 7058 5627 
f 340 4914 3383 
f 1966 7015 798 
f 3871 425 4666 
f 5535 6064 1861 
f 3724 1763 469 
f 4849 1744 1553 
f 691 2765 137 
f 6521 5782 4618 
f 1875 2526 4877 
f 1222 6421 1253 
f 1322 6026 723 
f 5415 9 1951 
f 3060 2859 2858 
f 4219 4054 1829 
f 3118 2730 1884 
f 3134 2624 6155 
f 1499 6126 3549 
f 1986 3708 4572 
f 6949 6786 708 
f 2189 4558 2549 
f 3294 3295 3491 
f 2719 1026 448 
f 2927 5294 2811 
f 6219 4610 2077 
f 1352 3795 7048 
f 2306 5148 1278 
f 5213 4688 3457 
f 4170 2625 2985 
f 3149 3750 4587 
f 6838 6734 6837 
f 4208 4189 2730 
f 5932 845 5931 
f 6770 2092 6862 
f 1054 5557 3338 
f 4862 539 3187 
f 1846 1114 1409 
f 6224 1434 1577 
f 4304 5251 2954 
f 4277 4710 4207 
f 5323 5217 5215 
f 6626 539 5025 
f 4071 2688 4259 
f 3433 5519 6098 
f 3687 1626 865 
f 5581 1578 4921 
f 1653 5700 4969 
f 5873 5884 6704 
f 1730 2245 5491 
f 2460 2631 4472 
f 4438 7102 4461 
f 2322 2246 2184 
f 1706 22 3775 
f 7056 6613 4021 
f 1925 2697 6814 
f 1689 5255 1414 
f 4338 5078 5468 
f 235 4054 431 
f 2100 3189 1759 
f 4925 5515 1233 
f 4658 854 1383 
f 3690 5070 1809 
f 4024 5486 6458 
f 2470 6287 2075 
f 1396 1360 1472 
f 6427 443 4299 
f 6745 1925 6814 
f 6611 6741 3680 
f 4121 4939 4742 
f 95 1026 3985 
f 343 4475 4465 
f 5777 722 710 
f 5657 1801 1940 
f 7060 3633 2193 
f 816 5707 1670 
f 582 5400 2772 
f 4967 4637 4902 
f 1760 1116 1023 
f 5594 4039 454 
f 3926 6592 2245 
f 986 1137 2283 
f 5576 3022 6947 
f 1720 3415 1465 
f 2099 2101 1896 
f 2652 2996 5427 
f 555 886 557 
f 5710 513 386 
f 1464 4232 1463 
f 1706 1745 2656 
f 2593 631 4638 
f 4180 4137 4269 
f 547 1756 6621 
f 5169 529 5832 
f 6982 2753 2300 
f 1875 6718 5525 
f 3036 1978 2535 
f 5022 1683 5421 
f 5070 339 314 
f 6237 6241 2458 
f 6095 6070 6156 
f 2228 20 267 
f 5522 5661 3123 
f 1069 510 2862 
f 2579 1836 1662 
f 2498 4503 3605 
f 88 5792 6075 
f 141 70 69 
f 2334 2333 3158 
f 2515 1706 7130 
f 1990 5488 2861 
f 2210 822 2 
f 991 958 6581 
f 1989 785 4701 
f 4961 6168 1890 
f 537 373 482 
f 1240 1752 3364 
f 3361 3542 4982 
f 2252 22 2413 
f 6552 5227 3746 
f 6339 5956 5910 
f 2257 4166 1949 
f 2755 5509 2718 
f 695 2990 399 
f 2986 905 3640 
f 4 6 525 
f 1180 1457 3205 
f 2293 4472 2631 
f 3421 3611 3210 
f 374 2826 5863 
f 5257 6447 6599 
f 5410 1995 6151 
f 1119 46 4473 
f 5576 51 2157 
f 4235 650 1897 
f 5609 3185 455 
f 4830 3152 1220 
f 1914 2302 2227 
f 2627 4408 3484 
f 1970 5904 5130 
f 5273 5127 4816 
f 3157 6294 420 
f 801 4577 3416 
f 1383 2461 4658 
f 5426 4992 5288 
f 1576 1650 990 
f 1800 1801 1779 
f 5688 5127 5686 
f 6433 4679 5150 
f 1661 110 6292 
f 482 373 5407 
f 2073 2074 2746 
f 3082 4164 6246 
f 6078 5128 62 
f 1725 5790 5247 
f 4104 5997 6122 
f 1400 1705 6619 
f 3616 4685 4613 
f 832 1809 314 
f 5555 4954 2841 
f 5716 3436 3028 
f 5868 1160 5711 
f 1045 4827 5976 
f 4293 4297 4238 
f 946 794 6468 
f 2891 3052 5952 
f 3388 6815 1504 
f 5393 4799 1441 
f 6985 1900 122 
f 4478 6728 3792 
f 827 216 920 
f 5158 2886 5715 
f 1935 5507 6016 
f 4197 3803 4360 
f 4283 6493 6354 
f 2264 1175 5559 
f 4697 2226 6366 
f 6970 3603 6612 
f 5349 3828 3827 
f 734 244 6518 
f 3439 3029 3436 
f 4870 2712 5477 
f 4639 5239 407 
f 7055 1040 4141 
f 1194 3469 1902 
f 4114 4783 7054 
f 6375 2727 2850 
f 4352 4168 4662 
f 3990 6766 3209 
f 5332 2190 6566 
f 2567 6347 2162 
f 1754 5882 3177 
f 6053 821 3197 
f 4092 3426 5343 
f 2334 1841 2333 
f 2290 2288 1920 
f 3999 3440 3436 
f 1627 2402 2867 
f 6262 6403 6654 
f 3151 3101 1596 
f 5908 3480 3678 
f 6809 6167 6702 
f 3623 247 2871 
f 5741 5709 5738 
f 4539 4441 5328 
f 1634 3333 1447 
f 3700 2082 3382 
f 5139 5089 3153 
f 2342 2180 6432 
f 4721 594 1833 
f 4189 4208 2821 
f 3489 3930 6179 
f 4723 3397 295 
f 3415 1720 2513 
f 2373 2370 1371 
f 2671 2342 3598 
f 648 1897 7089 
f 5505 2084 716 
f 2979 6684 1522 
f 2145 2147 5476 
f 7029 5848 3667 
f 2217 1156 6126 
f 6476 5724 5812 
f 7051 215 2946 
f 3595 4634 1654 
f 1077 5363 2823 
f 5904 2195 4945 
f 1357 5510 5130 
f 4940 1383 854 
f 3806 888 2463 
f 2908 1320 6722 
f 6699 4532 1351 
f 2601 708 6786 
f 4599 1340 1278 
f 5657 1940 1971 
f 1763 6624 4785 
f 814 3953 6807 
f 1170 2154 1773 
f 1368 5133 5204 
f 6594 4708 6858 
f 2451 5924 2163 
f 4957 1252 567 
f 5912 903 6125 
f 3725 1546 1544 
f 5232 5201 1944 
f 3095 6811 3446 
f 933 1451 908 
f 6098 5519 5654 
f 6142 2920 6162 
f 1874 6333 5398 
f 1344 1904 1941 
f 5429 4728 2478 
f 4484 6389 2913 
f 2349 1836 190 
f 5789 766 502 
f 6066 7030 1646 
f 3982 5682 2913 
f 4946 2760 3443 
f 5935 5978 4998 
f 6922 6252 2474 
f 2271 213 1372 
f 1731 1992 2861 
f 6352 140 313 
f 1994 1992 2328 
f 1175 1602 5990 
f 4145 3513 6813 
f 4992 4672 4829 
f 912 1815 4654 
f 4706 2038 3200 
f 2434 2101 2343 
f 1264 6267 7015 
f 662 1986 1506 
f 3175 4710 5878 
f 6951 2526 1955 
f 9 3307 1924 
f 3271 5284 5151 
f 5234 3181 1377 
f 2332 2124 5845 
f 1800 1797 1856 
f 1792 4409 3610 
f 4964 3137 1805 
f 1596 2711 2387 
f 4239 2453 3502 
f 4042 2095 5684 
f 2671 2171 5845 
f 2464 1204 1959 
f 618 2115 2456 
f 2867 4598 1935 
f 4 2285 6 
f 544 1346 2971 
f 5304 4116 2785 
f 3272 6229 6316 
f 735 758 810 
f 2276 5863 6215 
f 5468 4083 4338 
f 4181 6215 2826 
f 5136 3664 732 
f 6775 6414 4104 
f 3008 3122 5553 
f 4940 443 5920 
f 2073 1901 2148 
f 5835 5562 5833 
f 6863 1616 3853 
f 1856 1795 1889 
f 1676 3122 630 
f 5251 1061 2954 
f 6114 3607 2531 
f 1960 5664 3107 
f 4985 5285 5135 
f 6329 2707 1455 
f 3731 3289 2749 
f 247 6108 2871 
f 273 1501 3249 
f 5746 2700 5745 
f 2254 809 2145 
f 5407 2645 5123 
f 547 2549 2735 
f 5344 5023 3714 
f 5273 5123 2645 
f 6562 4104 6122 
f 6820 3785 2933 
f 4926 7081 6419 
f 4977 13 4096 
f 6004 6289 833 
f 168 6002 6289 
f 5649 6109 6540 
f 6972 1616 6764 
f 4821 4981 5279 
f 4693 3739 142 
f 2064 2022 2000 
f 5836 5564 5835 
f 6530 6185 5964 
f 6980 5736 5735 
f 6284 5997 4104 
f 582 2375 4515 
f 2746 164 2073 
f 6055 6944 6788 
f 2065 4341 1732 
f 5592 4724 1676 
f 5001 2866 5334 
f 6366 5917 4397 
f 2203 726 1798 
f 6578 2744 2036 
f 4341 1385 4236 
f 3430 359 700 
f 5650 697 2365 
f 2037 315 3771 
f 2646 6665 6431 
f 4641 5661 5528 
f 730 6687 5087 
f 1881 2346 1908 
f 4879 6317 6318 
f 44 46 43 
f 3173 3843 5472 
f 4600 4911 3639 
f 4542 1579 3167 
f 189 188 192 
f 7037 6238 5971 
f 6142 1752 1240 
f 7035 6180 3950 
f 2135 897 1933 
f 753 631 2593 
f 6650 888 2427 
f 1553 1744 4542 
f 1945 3993 4510 
f 5531 2505 5367 
f 5859 3272 6316 
f 85 1663 2236 
f 6839 4498 2090 
f 1834 6200 6464 
f 5239 1514 5372 
f 6338 5452 5080 
f 6740 6334 419 
f 506 4261 4755 
f 4009 4014 4034 
f 1584 1014 1575 
f 4283 466 1059 
f 1835 3932 6840 
f 3688 4225 5566 
f 3812 520 2788 
f 1994 5340 1992 
f 4944 854 5198 
f 3226 7078 5976 
f 5228 3916 3571 
f 2784 5216 1949 
f 1431 1630 1500 
f 1407 1503 6973 
f 5889 2925 3551 
f 2531 1298 3458 
f 2463 888 2992 
f 2968 4565 1095 
f 1576 1614 1650 
f 1970 5130 2066 
f 1566 853 3695 
f 6943 747 3782 
f 1777 3393 4432 
f 4937 484 1073 
f 1728 5718 2570 
f 444 6713 4537 
f 1679 5422 5800 
f 4977 2693 1781 
f 1505 2232 2629 
f 5246 3961 452 
f 6841 6632 2805 
f 4446 4256 5079 
f 5607 637 5126 
f 4548 3493 5637 
f 2818 6818 1731 
f 2361 342 1085 
f 5750 3106 3105 
f 4793 4667 89 
f 12 5489 3582 
f 2353 3213 4924 
f 6535 5263 4737 
f 1711 5804 6251 
f 1779 1650 1800 
f 4350 6249 1869 
f 4491 3252 7000 
f 2650 2741 5632 
f 3551 4436 11 
f 6036 1015 6982 
f 6053 6071 6139 
f 6199 3982 1461 
f 974 982 6842 
f 6461 6459 4026 
f 4793 2228 4667 
f 163 1736 1403 
f 2991 2331 2405 
f 6743 6690 3762 
f 4321 5146 5888 
f 3792 6728 1893 
f 1785 2066 5130 
f 6092 1539 4957 
f 3571 3916 1486 
f 4509 7064 535 
f 2485 41 40 
f 3032 2076 6264 
f 2302 6927 2225 
f 7054 1619 3763 
f 6168 2921 2816 
f 5117 7037 4564 
f 3226 7142 2314 
f 2398 2068 2248 
f 3796 3612 3611 
f 6697 1672 477 
f 1864 6446 4418 
f 6566 4670 959 
f 6106 2065 2147 
f 2742 24 22 
f 6033 4774 1004 
f 3866 4595 2131 
f 2064 847 1732 
f 5445 4990 4997 
f 4255 1390 571 
f 1632 4170 4273 
f 4130 3303 3136 
f 698 3818 54 
f 3064 868 72 
f 1748 5872 1791 
f 1889 2247 2195 
f 2364 2110 2028 
f 2168 1446 4738 
f 1831 532 6953 
f 3191 1763 3724 
f 3296 3652 1778 
f 3185 387 4334 
f 6294 6863 420 
f 1534 556 773 
f 3291 2266 5723 
f 5833 5988 5835 
f 2970 1594 5995 
f 6863 6866 6768 
f 7116 3726 3974 
f 5535 5316 6156 
f 5167 3398 2758 
f 23 4069 2097 
f 2185 2205 888 
f 3765 3683 6491 
f 6921 3359 761 
f 2072 3881 2234 
f 310 5645 5733 
f 1787 1158 5817 
f 6358 1378 65 
f 6412 6562 6122 
f 1453 4377 682 
f 3785 6820 6400 
f 7101 6844 3365 
f 1567 3305 1894 
f 3899 3897 2819 
f 2444 1430 3408 
f 4703 6162 2920 
f 5997 665 6122 
f 1412 1193 1307 
f 370 5300 5579 
f 501 376 1989 
f 1420 1408 2627 
f 612 3406 614 
f 4194 6859 6505 
f 2130 1580 2306 
f 2971 1346 593 
f 3735 2483 3587 
f 2585 1859 3669 
f 7006 1013 3661 
f 5850 5579 5300 
f 5415 1990 9 
f 1602 1941 3158 
f 6424 6422 2238 
f 6049 3941 675 
f 1307 1186 1305 
f 6749 3264 6498 
f 5491 2189 3960 
f 6596 6351 4380 
f 3032 4073 3665 
f 3788 1976 3316 
f 3013 4485 6500 
f 5388 4541 2607 
f 2639 3009 6317 
f 6463 6606 6369 
f 3671 6623 6622 
f 3455 4063 4362 
f 1990 2861 5340 
f 2895 5684 2120 
f 4860 3001 179 
f 4624 3915 26 
f 5360 4578 539 
f 5328 5047 3846 
f 4091 4279 5387 
f 492 615 222 
f 4845 2561 2588 
f 3721 3672 5344 
f 5990 6880 1175 
f 1268 461 2391 
f 969 968 967 
f 6010 5349 4052 
f 1044 1410 6904 
f 7000 3790 5707 
f 4996 5658 6616 
f 1679 1650 1779 
f 1367 4044 5332 
f 1354 3852 3826 
f 3071 6613 5319 
f 753 4580 2333 
f 5720 3335 1295 
f 6502 2564 3968 
f 5674 2644 1762 
f 516 5334 3072 
f 6217 783 6826 
f 3903 4248 2613 
f 2865 3945 4154 
f 2514 4704 674 
f 6717 1485 3184 
f 2994 6713 4990 
f 1727 2032 2367 
f 1628 1314 5051 
f 2911 5440 2608 
f 681 1690 620 
f 1951 1955 5415 
f 1579 335 3106 
f 2076 1287 6054 
f 2227 2302 2225 
f 4770 351 782 
f 6939 157 7049 
f 2757 2836 2947 
f 1923 6297 2310 
f 4667 3878 89 
f 525 6 7 
f 255 6620 3381 
f 4536 5747 510 
f 5754 7077 3743 
f 3291 536 5412 
f 7084 823 1091 
f 4471 6751 120 
f 2039 2206 7107 
f 5333 6955 1024 
f 752 3376 4595 
f 3949 7019 266 
f 5245 1896 2101 
f 1313 4459 4616 
f 3062 2402 2585 
f 2383 550 2630 
f 6811 3095 6723 
f 6261 6963 5862 
f 3960 2395 5491 
f 4405 6012 3866 
f 6276 6407 6277 
f 5754 5320 7077 
f 1261 2769 6571 
f 891 2871 6108 
f 3743 2266 1164 
f 6400 701 5419 
f 752 759 4499 
f 3706 2016 4827 
f 4390 6498 860 
f 6367 832 1089 
f 5358 6716 3697 
f 1923 2502 2667 
f 4901 4970 5572 
f 899 5891 5966 
f 6315 5673 7142 
f 5669 631 753 
f 1882 2019 5783 
f 3042 3183 3241 
f 3272 6320 6229 
f 1965 6420 2475 
f 2624 2589 1112 
f 1622 5758 1121 
f 1456 5404 6607 
f 5417 5985 5831 
f 1238 1154 4745 
f 1319 2457 2551 
f 1549 4842 4892 
f 6510 4641 5905 
f 3188 2107 1904 
f 363 5596 4653 
f 1383 4940 1088 
f 5290 4993 5426 
f 1688 776 1613 
f 2356 1436 5818 
f 2363 1915 1385 
f 6145 5022 4567 
f 6555 6768 6407 
f 3457 4688 3593 
f 3721 5596 3672 
f 3329 3791 6671 
f 6972 6664 6971 
f 4230 6058 2309 
f 5838 5858 5880 
f 6562 6774 6775 
f 1069 2862 2998 
f 137 3412 691 
f 5513 4787 5680 
f 1626 3980 4156 
f 4541 5555 2841 
f 5569 5204 5548 
f 5962 6068 6035 
f 2698 5461 4140 
f 2898 2537 2372 
f 2450 2629 2713 
f 2274 2563 2573 
f 2626 3054 5050 
f 2012 1579 5750 
f 5912 1054 5073 
f 5426 5288 5839 
f 7058 1527 5627 
f 367 3099 5315 
f 834 7012 82 
f 6901 4665 943 
f 5054 7035 3950 
f 321 5479 2654 
f 989 2464 2128 
f 227 1429 2040 
f 1100 1839 2175 
f 5093 4157 3755 
f 1365 5369 5076 
f 1733 4192 3421 
f 7135 3046 4268 
f 3885 3016 3917 
f 3890 42 2518 
f 6284 4104 6414 
f 5086 4968 2475 
f 2464 1959 618 
f 3843 3173 2499 
f 1494 5183 1824 
f 3131 1746 6893 
f 5402 6903 1692 
f 3167 1982 3644 
f 2208 4510 1663 
f 1308 4603 7120 
f 5629 779 4643 
f 2511 5353 6117 
f 63 144 1778 
f 193 3607 6094 
f 2670 2171 2671 
f 4932 5534 6440 
f 7131 534 501 
f 446 2872 2071 
f 1468 1068 4833 
f 6977 2026 5621 
f 2808 1449 2666 
f 3626 6640 3907 
f 134 1870 6926 
f 592 1833 2023 
f 1082 4020 1525 
f 131 5064 6916 
f 2256 2591 3775 
f 7034 6517 2078 
f 917 6790 6233 
f 5063 2453 4239 
f 2746 207 777 
f 4536 1785 467 
f 2137 6032 5954 
f 1462 325 545 
f 2173 4119 3983 
f 5189 4888 2030 
f 5988 5833 5831 
f 2224 797 1661 
f 4571 4265 2176 
f 149 1135 2436 
f 4034 5590 4736 
f 2224 408 2212 
f 1895 1800 1856 
f 5492 2555 6940 
f 3276 4098 7039 
f 3368 266 5758 
f 5767 6055 503 
f 5173 1212 2345 
f 2203 1798 1165 
f 3888 3501 3889 
f 6125 632 2040 
f 1239 7042 1350 
f 2742 2762 2610 
f 217 1158 1787 
f 6352 1570 1277 
f 4628 5685 635 
f 4298 1987 2743 
f 2064 1732 4341 
f 635 1380 4628 
f 1811 6609 6610 
f 4086 3107 99 
f 5893 5939 5941 
f 1043 4610 3516 
f 2060 2053 457 
f 27 4773 4556 
f 4586 5334 2866 
f 5215 5214 5323 
f 476 5395 450 
f 973 2300 3068 
f 5718 5786 5529 
f 6607 6804 6800 
f 3899 2997 3896 
f 1378 2278 65 
f 1325 5973 6123 
f 61 3262 4504 
f 6201 2704 2722 
f 3783 5114 5875 
f 6040 3920 191 
f 5802 1211 1209 
f 4336 5035 3477 
f 1881 3836 2346 
f 4599 1344 3285 
f 4780 4339 4964 
f 2496 5656 667 
f 6167 6809 3529 
f 5761 6226 4894 
f 5460 1524 5441 
f 4891 5747 6427 
f 4785 1170 469 
f 1165 1446 2168 
f 5011 7093 4564 
f 3388 3700 6815 
f 4419 2106 6624 
f 3877 257 877 
f 4325 3483 773 
f 6570 2177 1350 
f 3593 6661 5147 
f 2622 2935 4976 
f 3909 2398 3103 
f 51 4038 53 
f 5768 274 243 
f 1759 5844 5999 
f 3313 4799 5393 
f 3847 2259 2172 
f 6908 5814 1388 
f 2554 1332 3058 
f 4912 3363 5131 
f 3033 1565 2174 
f 5560 5623 6752 
f 3668 2354 2944 
f 1515 5754 3743 
f 2369 5245 2101 
f 2550 1109 2335 
f 5988 5831 6113 
f 1189 338 4105 
f 1448 6048 2361 
f 5564 5562 5835 
f 4522 3001 5229 
f 4826 4352 4984 
f 6269 6550 6271 
f 1086 4923 427 
f 115 116 47 
f 4542 2241 1553 
f 4512 754 4659 
f 4852 1908 4599 
f 5285 4985 5562 
f 4993 4672 4992 
f 2525 2684 2527 
f 126 1898 6771 
f 1144 1674 879 
f 7119 4600 4749 
f 4852 1825 4802 
f 3030 1452 1398 
f 427 4923 4925 
f 2981 1871 3768 
f 2817 4339 1770 
f 749 2249 3347 
f 2093 3129 3732 
f 1809 3019 5991 
f 2364 1496 2110 
f 1073 484 719 
f 1160 5376 5711 
f 6056 2607 6886 
f 2173 3614 4119 
f 164 777 2080 
f 4738 2869 207 
f 1527 6886 1336 
f 5784 3907 4843 
f 2080 549 6361 
f 6191 774 846 
f 5831 5985 6113 
f 7104 4199 6327 
f 3473 1623 5481 
f 2105 126 3861 
f 6550 6664 6763 
f 2079 1122 2831 
f 5464 2996 6690 
f 5373 5116 3972 
f 3741 6494 6725 
f 179 3001 4522 
f 1908 2346 1183 
f 4588 3079 305 
f 354 1391 1826 
f 1933 3106 335 
f 547 2735 5050 
f 4920 4918 5828 
f 3757 6072 6285 
f 6727 5947 3862 
f 636 2293 6140 
f 3524 1956 6649 
f 7105 4331 4858 
f 3905 2620 2106 
f 3398 4153 1852 
f 4147 447 6871 
f 1265 5973 5391 
f 3045 5855 4395 
f 3133 6991 2683 
f 4419 6624 1763 
f 1663 3993 405 
f 3130 3089 3038 
f 5002 576 5207 
f 538 437 1060 
f 2379 1755 1591 
f 1861 6062 6090 
f 1676 2953 5592 
f 6910 2853 3740 
f 3501 6172 6065 
f 4415 6051 7108 
f 6818 111 6646 
f 4220 5954 6032 
f 3970 1023 4243 
f 3521 276 365 
f 4286 3489 3843 
f 4279 4681 5387 
f 365 276 5756 
f 6896 221 6045 
f 6567 1830 4285 
f 2897 589 5461 
f 6746 932 1049 
f 1620 4413 4071 
f 6696 3410 6309 
f 6151 4064 3455 
f 1408 4408 2627 
f 2594 5212 3756 
f 4158 1636 2970 
f 6598 3290 5176 
f 1530 5984 1050 
f 3449 3619 1407 
f 4490 2766 7092 
f 1724 2031 5951 
f 5856 4511 5980 
f 6200 6014 6705 
f 5321 5752 148 
f 4157 3722 6942 
f 1789 4212 5359 
f 2147 2296 6106 
f 4918 4656 5828 
f 918 5906 3631 
f 2026 2436 3257 
f 2564 3398 1852 
f 2973 4573 3451 
f 3242 4768 4803 
f 6947 2335 1109 
f 1657 964 6725 
f 4628 2233 5685 
f 3688 5566 5051 
f 3012 784 1172 
f 6383 3550 1334 
f 395 6795 1087 
f 6588 4859 2331 
f 516 3279 4595 
f 946 6334 6740 
f 1234 2720 1116 
f 2130 3981 1580 
f 3477 2231 4336 
f 2381 2991 1886 
f 1164 4753 1515 
f 1822 1477 3159 
f 7093 4674 7087 
f 3371 3678 3867 
f 3613 3650 3696 
f 1566 3695 1873 
f 5097 5324 5037 
f 2624 596 7125 
f 321 2654 3692 
f 796 566 2167 
f 1603 1571 1641 
f 2399 4937 1073 
f 5170 5214 5327 
f 2450 6456 372 
f 6586 2384 5773 
f 5581 5028 1578 
f 1670 3589 6875 
f 3671 6162 4046 
f 5103 5866 1255 
f 5864 5960 5890 
f 1589 4621 4623 
f 3608 3333 6411 
f 2230 2256 2255 
f 265 1701 556 
f 3412 5301 691 
f 5910 6230 6339 
f 2621 813 2255 
f 6941 5536 1648 
f 2854 7087 2207 
f 1078 4649 4379 
f 6646 111 2328 
f 2288 2618 1920 
f 6871 2011 6678 
f 5320 5754 6680 
f 3840 3713 3802 
f 1618 5942 3821 
f 335 194 2269 
f 2296 2147 2145 
f 5985 5417 5414 
f 7080 3362 4847 
f 537 850 735 
f 5833 5417 5831 
f 2101 2182 2343 
f 6520 4818 3832 
f 1875 5525 4389 
f 5486 4024 2216 
f 6550 6113 6271 
f 4985 4984 5132 
f 35 145 6730 
f 5309 2284 2750 
f 2809 2966 804 
f 705 4917 5073 
f 2515 7130 5909 
f 5000 2599 6142 
f 253 4044 1367 
f 2479 5211 4112 
f 2808 4506 37 
f 5825 433 6105 
f 3669 179 6641 
f 3736 2135 1364 
f 3014 3510 1862 
f 4598 4117 75 
f 1602 1175 2264 
f 6848 2663 1296 
f 3821 2181 1618 
f 4907 1112 690 
f 2003 527 2264 
f 3908 3614 6660 
f 4580 5860 800 
f 6988 833 6569 
f 3614 5354 4119 
f 5212 2594 13 
f 2358 7073 7132 
f 6611 3680 5201 
f 3105 3736 2571 
f 499 3598 3676 
f 283 1995 5410 
f 1077 2823 3066 
f 6575 4250 3076 
f 5461 5094 2282 
f 5573 2996 5464 
f 220 2238 6422 
f 2853 6910 2606 
f 5879 4604 2150 
f 227 2658 6733 
f 2078 6577 7034 
f 3372 3314 1704 
f 5257 3083 5933 
f 2948 784 5732 
f 2898 1491 2537 
f 1832 3536 4217 
f 2370 2369 2434 
f 1560 1519 1518 
f 5049 1654 745 
f 2034 889 6432 
f 1153 6014 6665 
f 5933 4469 4205 
f 1935 71 5507 
f 870 305 2882 
f 491 2286 6342 
f 5820 6298 6777 
f 5453 111 3167 
f 6509 5574 7022 
f 18 2413 2610 
f 1857 6044 3151 
f 775 692 2762 
f 5813 63 1778 
f 1474 1765 1209 
f 4998 2493 6101 
f 3012 4963 784 
f 7130 3775 2591 
f 3827 4234 5349 
f 753 2333 1841 
f 6733 2658 185 
f 258 2193 941 
f 2207 6198 2854 
f 1843 1033 5722 
f 1917 2571 2837 
f 6178 2726 7080 
f 4837 4832 5949 
f 1367 6566 6951 
f 5753 5861 5807 
f 3616 3966 402 
f 1066 1806 267 
f 3532 4101 1734 
f 4358 1739 2149 
f 6297 1923 5230 
f 688 366 4105 
f 2103 2105 5937 
f 4963 5732 784 
f 4758 2218 2254 
f 2583 7134 296 
f 6289 6569 833 
f 3387 3190 6931 
f 1615 5989 6901 
f 6374 488 6368 
f 1606 3328 2350 
f 2328 1992 6646 
f 5837 5212 1558 
f 3736 1056 2143 
f 5965 5149 5535 
f 886 555 4172 
f 774 159 2044 
f 6500 5055 720 
f 2904 1709 6576 
f 1858 5558 3817 
f 6617 3780 2125 
f 5822 6658 6246 
f 3348 4285 3007 
f 5221 6324 642 
f 1761 4109 1582 
f 352 546 2809 
f 5644 1592 3536 
f 4270 4470 4067 
f 5879 4638 1223 
f 5518 2784 1481 
f 3307 2022 6538 
f 6188 2500 2380 
f 5465 4040 4398 
f 4229 5636 3154 
f 3262 2025 1341 
f 5819 1161 3199 
f 6621 209 6400 
f 6413 1637 1046 
f 4264 4718 3499 
f 6842 5489 3546 
f 3121 5574 6368 
f 5199 2184 699 
f 6950 6481 6480 
f 3934 2560 2769 
f 900 2736 4278 
f 5871 5926 6784 
f 2026 6977 1548 
f 6627 6354 2543 
f 7127 6827 5526 
f 2180 2342 2343 
f 98 904 1136 
f 7053 3408 1258 
f 573 3048 5979 
f 729 683 382 
f 2637 3752 5883 
f 1665 3474 5542 
f 2792 130 5305 
f 1250 91 5263 
f 6589 3962 558 
f 5907 768 1828 
f 5265 977 834 
f 3007 4285 1656 
f 2680 2893 1371 
f 7020 6819 4590 
f 523 612 614 
f 1104 3127 3128 
f 2255 2256 2621 
f 6557 1840 2903 
f 3692 2424 2426 
f 2719 799 7031 
f 3188 1904 1344 
f 282 1690 681 
f 4722 3510 3014 
f 4341 4236 2064 
f 4491 5394 3252 
f 2670 2529 2667 
f 3778 6080 3962 
f 5623 1375 5624 
f 1581 1584 6912 
f 1871 2981 5234 
f 3323 1362 4775 
f 194 1371 6420 
f 1896 5754 1515 
f 2273 1364 2135 
f 1686 7028 6376 
f 5648 5175 5848 
f 3331 4121 2962 
f 2962 1805 6161 
f 5494 3813 2611 
f 1278 1340 2306 
f 2932 4128 2958 
f 3807 2554 3058 
f 6206 1587 167 
f 15 5837 2260 
f 7080 5729 4779 
f 6947 3022 2335 
f 3639 6459 6218 
f 4884 3913 5725 
f 5636 5635 7086 
f 1204 703 701 
f 3602 6702 6167 
f 2790 2793 2761 
f 6246 3135 5822 
f 6242 4468 6240 
f 1744 335 1579 
f 6398 6759 6548 
f 3204 678 676 
f 520 343 4465 
f 289 799 448 
f 2936 6287 2470 
f 5522 5528 5661 
f 2223 6789 399 
f 4921 5905 5528 
f 6020 3978 6339 
f 4907 6173 1964 
f 5179 5250 6281 
f 6562 6412 6773 
f 1101 4720 187 
f 803 1539 2325 
f 5003 5406 3271 
f 1544 1640 1246 
f 3625 2801 3176 
f 6004 168 6289 
f 5963 6035 6344 
f 5426 5840 5702 
f 4646 3100 3584 
f 199 5143 5290 
f 2817 1433 4339 
f 597 4257 3486 
f 4963 3348 4597 
f 858 963 6721 
f 2000 1996 1394 
f 4269 1065 4180 
f 1290 1253 1213 
f 5681 499 889 
f 4679 6433 4205 
f 5311 3996 5791 
f 1685 5661 4641 
f 6162 4703 4046 
f 490 5557 1054 
f 3466 4153 3476 
f 6599 2733 5190 
f 6214 699 1878 
f 3636 3628 3790 
f 1155 370 728 
f 854 6875 5198 
f 5411 2244 770 
f 5191 2763 2740 
f 3485 1918 5622 
f 1161 3712 3199 
f 307 6776 2311 
f 3285 1825 4852 
f 1294 2562 5713 
f 1373 1450 1304 
f 3842 2860 6430 
f 1542 6893 1179 
f 6304 2763 5191 
f 6475 6825 3522 
f 6993 4873 1263 
f 3469 4454 1306 
f 1871 3472 3766 
f 4699 4518 5026 
f 4651 3728 4782 
f 5080 4571 4266 
f 5430 2299 5635 
f 6008 6760 5722 
f 2089 58 162 
f 2103 4166 2105 
f 4393 4612 4391 
f 326 407 5106 
f 7129 1910 2093 
f 1783 11 2279 
f 5851 1793 4741 
f 1994 3307 9 
f 870 2882 5693 
f 3297 5776 317 
f 6932 2341 3177 
f 2288 2303 2618 
f 68 2759 4617 
f 4745 1062 5546 
f 5051 5566 1628 
f 5899 5892 5766 
f 4548 4619 3493 
f 1246 3725 1544 
f 1546 348 7030 
f 2337 3063 3974 
f 5886 2531 4003 
f 1612 5306 3510 
f 6592 3446 6811 
f 1993 4597 3348 
f 4206 5543 4749 
f 676 1458 2109 
f 5873 6027 5884 
f 4570 4271 4571 
f 4962 6937 6444 
f 6850 6989 2865 
f 1785 2070 2066 
f 2590 5010 103 
f 3011 4583 4227 
f 5015 6301 6005 
f 5800 797 2212 
f 6301 2441 2821 
f 2128 2208 1633 
f 3032 6264 1821 
f 2228 4793 5791 
f 773 2029 4325 
f 2136 5420 4500 
f 5716 3615 3803 
f 4022 4093 6960 
f 1 4117 3 
f 4983 4663 4662 
f 2970 1384 1594 
f 6784 6431 5871 
f 4186 1384 5571 
f 4305 343 520 
f 4166 4990 5445 
f 3356 991 462 
f 1340 4599 1780 
f 1381 2880 4746 
f 2923 3176 1588 
f 4182 3831 5560 
f 405 1182 2236 
f 4822 1036 4578 
f 3842 6883 125 
f 2594 161 3703 
f 3719 5093 5069 
f 3261 961 4434 
f 5429 1085 4728 
f 5665 5959 734 
f 3546 1223 6842 
f 6706 3575 6761 
f 963 6710 5721 
f 2613 2669 5846 
f 4715 6816 3814 
f 5681 889 564 
f 2269 1933 335 
f 5601 53 336 
f 4200 857 5643 
f 6526 6558 6553 
f 456 2385 6600 
f 2487 3605 2312 
f 3978 5401 3008 
f 2692 1084 2875 
f 1397 1753 664 
f 6669 1018 2344 
f 2680 4900 2893 
f 4514 3033 3004 
f 682 1096 4175 
f 834 977 2510 
f 943 2371 1155 
f 4149 4148 5244 
f 2332 2502 4096 
f 46 44 4473 
f 3399 2146 956 
f 257 3877 2123 
f 1959 1520 618 
f 2715 536 5374 
f 3231 5134 3281 
f 1667 1952 2096 
f 1359 6881 297 
f 5345 5217 5323 
f 209 6909 680 
f 2861 1992 5340 
f 5376 4155 3548 
f 5972 288 2937 
f 4808 1345 233 
f 2468 1191 6115 
f 6759 6398 6854 
f 2142 1271 113 
f 5587 4363 4278 
f 3150 3649 4822 
f 6853 6756 7072 
f 2434 2343 5845 
f 6676 7098 6595 
f 4916 3310 5821 
f 4571 4271 4266 
f 1996 2022 3307 
f 5085 1741 2441 
f 1463 2124 1464 
f 6996 6631 640 
f 2010 3583 2309 
f 6647 1625 2665 
f 4821 4512 4660 
f 2554 75 1 
f 1177 2584 3849 
f 2248 3460 3532 
f 5565 1592 5644 
f 1501 273 2431 
f 5540 3903 945 
f 1974 4516 6571 
f 4259 4405 3866 
f 3364 995 1240 
f 2725 4652 983 
f 5997 5840 665 
f 2255 995 3364 
f 6869 6773 6867 
f 4722 6810 6663 
f 6553 6782 4463 
f 4091 3970 5516 
f 5151 6077 3271 
f 5733 5065 310 
f 6978 6863 934 
f 2737 532 7071 
f 4946 5278 4023 
f 2488 679 6372 
f 6277 5988 6276 
f 6412 6675 6773 
f 4638 2150 6467 
f 6131 6004 833 
f 6002 1259 6284 
f 6296 1578 5694 
f 457 2053 1701 
f 1518 1412 1561 
f 3595 3549 6126 
f 1494 1315 1419 
f 3663 3550 6383 
f 1385 2104 2363 
f 7011 883 6680 
f 3341 4754 2605 
f 610 1675 715 
f 3374 1590 3256 
f 2177 3916 1350 
f 1810 6625 855 
f 1593 144 63 
f 5370 1316 395 
f 5946 1776 6104 
f 6007 2642 2831 
f 6263 5419 5121 
f 6740 5804 6532 
f 946 6740 6532 
f 2943 6355 1490 
f 1056 4598 2143 
f 1690 282 2159 
f 6264 6263 1821 
f 4589 2016 6967 
f 228 2177 6477 
f 5174 5038 4590 
f 6865 926 2583 
f 3446 6592 3926 
f 2021 6765 4411 
f 3023 6947 1109 
f 2254 5476 4758 
f 2395 1540 1730 
f 2228 267 587 
f 950 306 6874 
f 3356 7105 4295 
f 1959 680 4169 
f 4341 2065 6106 
f 1172 4622 6602 
f 3762 6690 1168 
f 1471 6479 3287 
f 4117 4598 1056 
f 4064 4063 3455 
f 4543 1058 1055 
f 6542 6487 5721 
f 1548 6977 5355 
f 3441 1852 836 
f 2436 2026 149 
f 3413 6395 3907 
f 4046 4703 4702 
f 4558 4559 2735 
f 6484 243 5090 
f 2588 2561 25 
f 5189 3416 4577 
f 3752 1620 4259 
f 2752 37 4093 
f 2447 20 2228 
f 1468 3257 3187 
f 2222 6439 5536 
f 1423 2696 1687 
f 4033 2283 1192 
f 6508 413 4476 
f 4802 1825 1523 
f 1332 1463 4232 
f 2591 2256 2230 
f 4113 6149 4854 
f 5909 1475 119 
f 995 1781 2693 
f 2854 7093 7087 
f 2605 4754 4458 
f 2260 813 2621 
f 209 6621 1756 
f 217 2337 3974 
f 2277 5083 505 
f 945 5846 5617 
f 2542 5772 6983 
f 5814 6908 6270 
f 3876 2194 1097 
f 1130 4508 1850 
f 359 3430 404 
f 647 337 6987 
f 365 5756 6622 
f 3162 7139 6517 
f 5994 126 6771 
f 2405 4088 3063 
f 6772 3227 6539 
f 1342 1541 5490 
f 85 5950 1633 
f 6609 6715 4590 
f 5891 899 4373 
f 6216 5927 6729 
f 2326 1197 2047 
f 1920 1917 2290 
f 6651 291 5415 
f 2559 2128 2464 
f 5581 5522 5474 
f 6347 5919 2162 
f 2124 1463 7 
f 2105 2257 126 
f 3133 6992 4789 
f 6680 2393 5320 
f 2285 4 4900 
f 5382 3794 2481 
f 4387 2516 7009 
f 5754 1896 2686 
f 7077 5346 5723 
f 525 2554 5712 
f 3510 4722 3311 
f 4867 3522 6363 
f 3193 3402 3779 
f 5723 2266 7077 
f 1206 6543 1251 
f 1452 1361 1435 
f 176 6006 6409 
f 2068 3141 3126 
f 1168 2652 5771 
f 2237 6023 2644 
f 1392 6394 6629 
f 1392 844 5810 
f 894 1849 7091 
f 3779 2146 3193 
f 5750 1579 3106 
f 3538 3347 2391 
f 6569 6876 6988 
f 1426 4218 2313 
f 6420 2462 194 
f 2433 3399 264 
f 593 1346 589 
f 1244 6335 6234 
f 5845 2285 2680 
f 423 5495 5641 
f 7106 6144 3762 
f 6638 4985 5132 
f 3416 573 801 
f 4577 801 6460 
f 4497 697 936 
f 2675 1026 1891 
f 1106 4602 2056 
f 2752 2808 37 
f 4394 2870 5458 
f 5977 6105 433 
f 4116 1205 1374 
f 6968 6854 6853 
f 5423 6086 2542 
f 2214 2159 282 
f 5110 4568 1369 
f 293 2355 1345 
f 2170 2382 2609 
f 1070 1987 1839 
f 4781 5037 4980 
f 6972 1188 2681 
f 2378 7127 5526 
f 4102 5616 6159 
f 2097 1013 23 
f 3624 6137 5854 
f 5688 5826 5827 
f 159 2437 6011 
f 3528 3278 5365 
f 740 1853 3065 
f 3488 6177 6133 
f 2209 2006 364 
f 6460 2613 4577 
f 58 2089 6305 
f 1535 5254 1125 
f 5335 5546 4935 
f 2938 3027 2783 
f 1609 2235 5177 
f 31 6133 5353 
f 5331 6767 5240 
f 4886 2695 6653 
f 6468 794 6561 
f 7131 5254 1535 
f 668 1569 2356 
f 2980 2982 5975 
f 2649 5509 638 
f 7086 3154 5636 
f 7143 1647 301 
f 2593 6467 3192 
f 933 669 1451 
f 977 6722 6695 
f 3376 5805 2960 
f 40 46 2485 
f 854 1432 6875 
f 6093 1308 4833 
f 2510 6497 2484 
f 7044 6976 6975 
f 716 5902 3920 
f 305 870 4588 
f 2231 3477 6688 
f 4235 1897 100 
f 6459 3639 5611 
f 6295 4055 5358 
f 3233 6249 912 
f 2186 6424 2238 
f 2343 2342 5845 
f 2848 2850 2799 
f 7056 3553 6312 
f 4902 4972 3594 
f 7120 4603 6027 
f 6704 5071 5873 
f 4730 46 1119 
f 5932 673 6701 
f 331 5002 368 
f 1236 2828 1398 
f 6837 6939 6838 
f 2867 2143 4598 
f 4684 4574 4608 
f 3656 3657 2039 
f 2672 1704 2410 
f 5283 5459 2881 
f 6049 1093 2617 
f 5341 4937 2544 
f 5289 1985 1983 
f 4938 4098 2324 
f 3846 6579 3691 
f 2619 4142 3370 
f 3231 6898 5211 
f 5820 2439 1549 
f 1687 51 53 
f 4880 2164 4881 
f 3454 1938 5674 
f 2659 3500 2788 
f 2889 2921 3037 
f 5952 14 2712 
f 2287 1049 7007 
f 6523 4281 1929 
f 3037 5674 2732 
f 3923 5629 3163 
f 2471 2465 6538 
f 4116 2267 1205 
f 3936 4971 6612 
f 3888 2866 3498 
f 3955 533 1380 
f 4337 5387 4681 
f 6005 6301 6877 
f 6259 4111 3523 
f 830 1880 5556 
f 1327 6349 584 
f 3143 6174 1093 
f 2428 2054 6389 
f 3919 7021 7020 
f 4969 4423 5013 
f 4081 5876 4531 
f 3708 1796 2709 
f 3152 4830 624 
f 6240 5336 6504 
f 3069 2553 4144 
f 5280 5408 5021 
f 2689 6831 3050 
f 2879 4026 3297 
f 2032 6847 5195 
f 6273 4966 5727 
f 4808 1667 929 
f 3903 2613 5846 
f 6460 801 3116 
f 4826 4668 4354 
f 2094 3684 361 
f 4845 2588 1706 
f 7146 6502 4796 
f 1858 798 646 
f 5098 5325 4349 
f 1137 5182 1192 
f 695 406 5865 
f 4487 1098 590 
f 5000 1475 2599 
f 5974 4366 3468 
f 6958 702 5394 
f 2435 102 143 
f 4875 6283 4310 
f 5048 6932 3177 
f 5007 5327 5062 
f 1424 4384 5228 
f 1582 4109 6251 
f 5565 4500 5384 
f 2543 1335 112 
f 3220 3031 3194 
f 1250 5263 2098 
f 5891 796 5966 
f 4930 1794 1554 
f 613 6805 192 
f 5639 4665 6599 
f 6396 5857 254 
f 5133 1368 5696 
f 5245 563 2686 
f 6791 6581 3384 
f 1822 3402 6845 
f 3084 2907 2878 
f 2301 6128 2330 
f 2368 3804 6632 
f 3442 6502 3441 
f 2946 2165 4814 
f 2430 1489 3655 
f 6011 2044 159 
f 1521 204 1140 
f 911 4033 426 
f 6021 5196 6434 
f 1678 2231 269 
f 5883 1076 2234 
f 4403 1199 6499 
f 250 302 1092 
f 4783 4503 2498 
f 3241 3183 3268 
f 3554 3697 6716 
f 6763 6668 6113 
f 7092 2825 3723 
f 5704 3529 6809 
f 1201 1011 3142 
f 951 5798 5107 
f 2577 5059 4101 
f 2732 5670 685 
f 5937 1606 1751 
f 6105 5977 1333 
f 1727 6015 1726 
f 2021 7068 6765 
f 1792 839 2812 
f 2275 2120 5684 
f 1469 1499 1533 
f 737 7075 4525 
f 4122 3015 1845 
f 2766 4490 3144 
f 3148 3146 3215 
f 5668 6482 92 
f 3121 488 351 
f 2957 2922 2956 
f 781 2789 724 
f 2793 2949 2952 
f 1983 1985 4912 
f 3264 4037 6677 
f 2536 4329 3123 
f 5573 2674 5427 
f 5493 4635 3473 
f 2724 3111 6201 
f 1259 5705 199 
f 6778 611 652 
f 2848 2922 2852 
f 4224 338 910 
f 6652 6022 6119 
f 6869 6867 6978 
f 2004 2334 4368 
f 6768 6555 1616 
f 2068 4225 3141 
f 6300 3814 6195 
f 6195 4008 6300 
f 1993 2983 942 
f 5546 5379 4935 
f 5610 5631 5124 
f 6209 3478 105 
f 6526 4463 5761 
f 3600 1507 303 
f 6569 6288 6876 
f 4346 6152 3015 
f 4508 6628 4750 
f 6986 7095 3541 
f 1503 4181 3991 
f 6059 2968 4015 
f 4773 6658 7112 
f 5680 4787 1021 
f 2536 2648 4329 
f 4374 6295 5358 
f 5784 1098 1141 
f 3197 4372 2568 
f 1587 2375 167 
f 5164 932 2572 
f 6627 6293 6354 
f 6364 5296 6858 
f 7101 3365 2133 
f 1538 1714 3883 
f 4351 1114 1846 
f 404 3430 5076 
f 390 1488 3213 
f 3777 55 5670 
f 4054 235 639 
f 2679 1601 378 
f 5283 128 3504 
f 6575 6527 4250 
f 201 4863 530 
f 4303 837 7139 
f 1096 2801 261 
f 58 3933 5296 
f 96 2221 3663 
f 6806 6747 2579 
f 597 2751 5119 
f 2316 4165 6394 
f 5220 5108 5209 
f 3747 5149 3585 
f 5188 5363 1077 
f 5504 3453 4696 
f 1933 2269 2135 
f 5549 5246 1267 
f 1330 2075 6287 
f 5717 1892 44 
f 854 4944 4940 
f 5989 1497 2733 
f 5412 659 564 
f 6382 424 5024 
f 3400 4474 5256 
f 5333 794 6532 
f 3124 7039 1382 
f 4533 5210 2545 
f 1099 871 128 
f 3365 2291 2133 
f 6246 4164 3135 
f 3163 4717 483 
f 6340 2643 2323 
f 4060 4137 4061 
f 4227 6229 6320 
f 1050 5984 5809 
f 2574 5355 3860 
f 1858 646 5742 
f 4250 6527 984 
f 3654 1556 2597 
f 5999 3951 3524 
f 4299 4890 4891 
f 4213 1916 1710 
f 3001 6353 5229 
f 5902 5899 1643 
f 6028 2430 4886 
f 2643 6340 1218 
f 1958 6975 6742 
f 4907 6981 596 
f 4485 526 6703 
f 5196 2524 2118 
f 3655 5600 2511 
f 4346 3642 3147 
f 5948 2204 5120 
f 3074 3031 2978 
f 4458 4363 2605 
f 5849 5893 3125 
f 1687 2696 51 
f 2695 2783 2830 
f 4355 183 2668 
f 2830 2783 3027 
f 6028 4886 6653 
f 6397 2017 821 
f 6724 272 6833 
f 5358 4055 6716 
f 1265 5699 3797 
f 5436 6085 2800 
f 6487 6709 5708 
f 2336 768 6154 
f 5602 4459 1313 
f 2492 6739 723 
f 2757 2702 2755 
f 2280 4963 3012 
f 3780 1658 6812 
f 7085 323 5843 
f 6834 5391 5973 
f 4346 6140 3642 
f 1612 495 4190 
f 5949 2873 3599 
f 1169 5989 4124 
f 1406 6753 6519 
f 2721 2790 2660 
f 2690 926 643 
f 6231 3179 3330 
f 5354 750 1761 
f 2660 2980 4122 
f 5362 4323 3033 
f 5202 3767 2237 
f 6331 5768 5248 
f 6903 1619 1174 
f 2467 7096 7024 
f 4447 4454 5599 
f 3892 3649 6561 
f 44 1892 4473 
f 4740 672 1157 
f 760 84 5364 
f 2629 7008 155 
f 2476 5281 6584 
f 5350 5606 3764 
f 2645 433 5825 
f 1522 6584 5281 
f 1550 1472 1712 
f 3232 4516 2699 
f 3183 3040 3091 
f 3811 2498 4678 
f 5347 507 1224 
f 3680 1226 5201 
f 6105 1333 5826 
f 4224 5815 6375 
f 2645 5825 5686 
f 61 2610 2762 
f 6756 6854 5375 
f 2850 2852 6375 
f 5797 5728 5749 
f 5211 6898 4228 
f 4064 6151 1995 
f 672 1830 6567 
f 5038 1929 4016 
f 5129 5173 2320 
f 1402 2681 2931 
f 754 755 4816 
f 3766 2237 3767 
f 5776 2983 4246 
f 2578 2917 820 
f 5279 4981 5414 
f 4553 3976 3774 
f 6867 6866 6978 
f 4900 2680 2285 
f 351 488 4226 
f 6277 6407 6408 
f 5087 1111 6998 
f 1380 5903 2460 
f 2514 1816 6112 
f 848 6057 4815 
f 685 6428 3037 
f 6218 160 4206 
f 6728 4478 3692 
f 5518 1899 5568 
f 5158 4048 4056 
f 5732 6132 2948 
f 6668 5988 6113 
f 3294 3085 3295 
f 4682 2411 498 
f 6963 6957 5862 
f 5886 2950 2531 
f 6886 1527 6056 
f 4592 3633 2294 
f 1829 639 5342 
f 6964 6702 3925 
f 4111 649 3523 
f 877 6817 2706 
f 1496 2203 1165 
f 1898 126 2257 
f 3743 7077 2266 
f 3204 2284 5309 
f 943 728 3548 
f 997 6102 1107 
f 2162 4376 2567 
f 819 6438 4779 
f 892 1141 1098 
f 1374 6702 4116 
f 5065 2576 3170 
f 1050 1459 1530 
f 504 2221 1417 
f 6109 6649 1956 
f 2202 2372 1906 
f 1226 3680 629 
f 3583 2010 6919 
f 146 38 145 
f 5896 2697 7058 
f 6501 6962 2863 
f 1879 1790 2526 
f 1600 5060 2454 
f 1950 6757 1033 
f 2935 1807 1957 
f 463 5971 5274 
f 2435 7047 189 
f 2311 3739 3021 
f 1947 1817 6364 
f 2584 5546 5335 
f 6270 6908 1629 
f 1946 5701 2211 
f 6831 2689 216 
f 6965 281 1969 
f 6153 6089 6127 
f 5584 4778 5159 
f 5211 2479 7017 
f 1461 3982 5665 
f 2470 2075 4475 
f 1876 3432 5781 
f 3283 3480 5908 
f 4450 3947 4375 
f 388 5600 880 
f 2228 3996 2447 
f 620 997 1107 
f 945 5698 5540 
f 2800 5308 3094 
f 2649 2718 5509 
f 6718 4877 3717 
f 1988 1110 6195 
f 1522 6684 6584 
f 6028 6653 638 
f 4188 2789 781 
f 3315 7040 2863 
f 2755 2754 2907 
f 4590 5462 7020 
f 3038 2909 2947 
f 2757 2755 2836 
f 2836 2755 2907 
f 4074 3753 5903 
f 4100 4640 3555 
f 2880 6750 952 
f 2114 4023 5829 
f 5358 2318 4374 
f 1403 2657 5166 
f 4823 6243 6072 
f 6572 6890 6490 
f 630 2953 1676 
f 3737 3696 3822 
f 1983 4912 5131 
f 4513 2187 6666 
f 4401 3081 5194 
f 3897 3110 2819 
f 5615 4257 597 
f 4005 741 1167 
f 3002 3183 3042 
f 4813 4482 126 
f 3360 4145 3186 
f 6201 2161 2704 
f 6837 6836 7141 
f 1424 5228 3571 
f 5701 1946 3893 
f 6924 6918 2721 
f 4565 2968 4752 
f 1484 1279 3213 
f 2543 1079 6627 
f 2847 2955 2799 
f 2226 1482 5760 
f 5855 4371 6390 
f 352 122 5875 
f 624 4830 1062 
f 2036 6566 6578 
f 421 2871 891 
f 503 3123 2392 
f 4077 1163 1143 
f 2708 6747 6244 
f 5739 360 2244 
f 4695 6311 2970 
f 2957 3146 3148 
f 5111 4762 4935 
f 3640 905 561 
f 5527 2986 1692 
f 3339 6753 2442 
f 3935 4732 4544 
f 5145 363 4653 
f 3522 6825 6363 
f 1543 159 774 
f 3539 575 4855 
f 1356 1160 5868 
f 6428 5925 2771 
f 2803 4347 2852 
f 2349 2347 3836 
f 5229 6534 4522 
f 3490 3679 5472 
f 6739 6737 4178 
f 7072 6755 6959 
f 5177 5397 1609 
f 4563 5041 4980 
f 6326 7067 5970 
f 2709 1796 4614 
f 5525 838 4389 
f 4899 4040 7090 
f 6709 6175 1672 
f 1683 1138 2380 
f 5338 5603 6465 
f 5847 5812 5724 
f 6706 481 5641 
f 1458 5112 5851 
f 3181 2987 1377 
f 6124 2175 1839 
f 3481 3015 6152 
f 3853 1402 2931 
f 2551 2587 5717 
f 6937 4962 5745 
f 6923 517 766 
f 4821 4660 4981 
f 4140 131 2698 
f 6286 2681 1188 
f 526 5699 6703 
f 2251 2691 5422 
f 6675 6410 6673 
f 6863 6978 6866 
f 1639 1162 2555 
f 1655 2097 2892 
f 614 5599 616 
f 3578 7098 3818 
f 1312 4288 739 
f 6142 5156 2092 
f 5980 2407 5856 
f 389 4869 2975 
f 6906 6195 3814 
f 2422 5852 2759 
f 6565 6414 6775 
f 1115 390 2353 
f 1773 2154 2309 
f 1646 1765 485 
f 6675 6673 6866 
f 2487 2312 1662 
f 5171 196 2590 
f 2611 5023 3672 
f 6521 4618 2341 
f 5593 2333 4580 
f 4824 1345 2355 
f 1527 3541 6056 
f 4701 785 2091 
f 5044 478 616 
f 2070 1971 2066 
f 6733 3429 227 
f 1093 5440 1066 
f 2692 2875 4068 
f 5392 5520 3434 
f 1056 3 4117 
f 3635 776 1160 
f 2893 4900 5086 
f 6166 5964 418 
f 5077 4994 4980 
f 4995 3184 1485 
f 3459 6485 215 
f 5312 6654 3461 
f 1256 5682 6199 
f 813 1781 995 
f 5861 5753 5803 
f 5387 5542 1478 
f 5237 5029 219 
f 2277 1684 5428 
f 1403 5166 6862 
f 6739 1335 6737 
f 436 432 1840 
f 4405 5001 6012 
f 1759 5999 3524 
f 753 2593 3192 
f 1160 1356 3635 
f 5172 5345 1002 
f 2706 6817 2183 
f 5436 1954 5057 
f 4499 759 659 
f 2846 1191 712 
f 3927 920 3973 
f 392 1470 4746 
f 852 4363 7016 
f 3444 1075 2394 
f 5572 5575 4901 
f 3156 823 5544 
f 1938 6425 4631 
f 2141 1349 158 
f 2103 4990 4166 
f 5071 7120 5873 
f 1724 4195 4517 
f 5393 5793 3963 
f 2717 3521 2786 
f 2539 3638 118 
f 6492 4079 2917 
f 5795 5138 896 
f 2694 5353 6177 
f 3074 2832 2977 
f 5142 2673 6259 
f 6529 430 3805 
f 1766 410 1693 
f 2909 2839 2757 
f 5264 5117 4686 
f 3123 503 2536 
f 3080 3317 3201 
f 3155 1869 3579 
f 2939 585 3768 
f 5514 5571 1599 
f 1102 6139 6135 
f 708 4921 1578 
f 1220 2900 4123 
f 2793 2790 2839 
f 1197 2826 374 
f 507 693 6682 
f 6786 2819 3110 
f 978 3108 4812 
f 686 2595 4755 
f 714 6223 6309 
f 4866 5446 6319 
f 4041 6217 1276 
f 5116 6796 3972 
f 842 626 2704 
f 6489 6836 4004 
f 153 366 1963 
f 1626 105 865 
f 3614 2173 5888 
f 3181 2776 6864 
f 2761 2798 626 
f 1686 5342 5210 
f 5382 3707 3794 
f 5930 5880 5957 
f 2721 1845 6924 
f 2727 2722 2799 
f 1154 1062 4745 
f 3245 3215 3243 
f 6112 1784 4704 
f 6311 1599 5571 
f 4761 4248 880 
f 6671 3791 1502 
f 2479 5134 7017 
f 1314 5052 5051 
f 5137 4991 4829 
f 2957 3047 2922 
f 5460 5418 1524 
f 3280 3431 3312 
f 3350 2187 1086 
f 4276 2769 2560 
f 5067 266 7019 
f 694 3227 6772 
f 3882 4071 4072 
f 5729 7080 4847 
f 6800 6936 6666 
f 1585 2474 1770 
f 2970 428 4695 
f 4025 1086 427 
f 1742 6672 3370 
f 682 4377 1096 
f 2229 5567 2160 
f 5603 5381 5220 
f 5828 2584 4920 
f 4972 4974 4464 
f 1710 5295 4213 
f 7072 6959 3841 
f 2670 2671 3598 
f 6469 1905 83 
f 6824 761 4576 
f 2857 6830 6917 
f 4111 2323 2643 
f 2749 5421 3731 
f 1493 5060 1600 
f 454 453 6290 
f 1243 687 2023 
f 3341 3164 3940 
f 6814 5896 1803 
f 1344 1278 5148 
f 3853 2609 420 
f 549 5691 306 
f 4431 3254 4626 
f 1951 9 1924 
f 77 2693 4979 
f 6983 3540 5821 
f 2775 5842 3699 
f 1714 1538 390 
f 2896 5824 6185 
f 6773 6675 6867 
f 6407 6276 6555 
f 1773 2309 2454 
f 1680 1911 687 
f 5817 5039 1671 
f 6279 5992 5836 
f 1669 6608 6329 
f 4825 1948 1723 
f 5839 5288 5992 
f 5388 6978 934 
f 6410 6279 6408 
f 2468 4863 4591 
f 2854 6198 4564 
f 939 5186 2812 
f 6768 1616 6863 
f 4363 4458 7016 
f 1629 3412 6270 
f 2185 4202 6927 
f 5915 5961 5890 
f 1817 3929 4402 
f 6978 5388 6869 
f 412 6163 3417 
f 2159 2214 2258 
f 665 5839 6120 
f 413 252 3588 
f 2522 3169 2345 
f 5983 3291 5412 
f 5069 4766 6250 
f 2953 6980 3748 
f 6879 6656 6752 
f 4702 6065 6172 
f 4321 5888 2173 
f 6696 6309 6211 
f 981 286 4327 
f 6845 7053 1477 
f 1510 5231 1948 
f 4070 3783 3497 
f 2186 2238 3162 
f 3117 6527 5852 
f 3426 6330 5343 
f 1529 3599 5947 
f 5567 4759 5570 
f 2238 220 6469 
f 4739 1456 464 
f 7097 7025 6961 
f 5984 5118 3369 
f 3575 205 1005 
f 1357 5130 5904 
f 4700 1755 2379 
f 152 3875 2541 
f 3141 3688 3674 
f 2694 6117 5353 
f 6344 6095 3160 
f 6238 7037 5117 
f 6955 1041 2918 
f 2158 4305 4300 
f 5068 4050 5061 
f 4566 5594 6748 
f 27 6658 4773 
f 2877 2832 2978 
f 3417 711 3249 
f 3460 2248 3126 
f 49 4252 938 
f 2211 6720 4760 
f 5838 5779 5816 
f 2579 6747 1836 
f 2830 3027 2977 
f 1517 938 5259 
f 387 3185 581 
f 2486 3018 2928 
f 3179 3206 1215 
f 6632 6841 2368 
f 2964 2479 1187 
f 4506 2808 2666 
f 6745 6814 5710 
f 4827 3884 5976 
f 2560 4814 4276 
f 3785 6400 5419 
f 2666 2219 4506 
f 3619 4103 3391 
f 4019 301 4435 
f 1269 301 387 
f 3084 3080 3034 
f 2839 2790 2721 
f 2793 2839 2909 
f 3531 3609 3463 
f 62 2701 5974 
f 1972 3385 3379 
f 2069 6134 1758 
f 2847 2722 2798 
f 2722 2704 2798 
f 2949 2793 2909 
f 1215 3206 3225 
f 5717 44 489 
f 4720 4042 5684 
f 5530 2161 2443 
f 6154 768 1968 
f 566 818 2167 
f 759 3279 3073 
f 6115 2846 1136 
f 3975 2411 6614 
f 4531 5876 391 
f 6216 6489 6098 
f 2926 5668 1502 
f 3931 4173 3969 
f 5181 5770 827 
f 3729 1764 6885 
f 4698 5236 5518 
f 3146 3044 3096 
f 5568 1899 466 
f 4120 3518 3016 
f 3358 6956 1131 
f 673 5649 6540 
f 1072 371 6372 
f 2887 6655 2191 
f 3148 3047 2957 
f 93 873 6171 
f 2484 2810 3203 
f 1468 4833 5061 
f 6813 3378 6605 
f 3346 3154 5424 
f 1860 289 1539 
f 4235 2078 994 
f 2353 390 3213 
f 6341 1025 622 
f 5925 6748 2711 
f 6379 1174 1619 
f 2963 2889 2771 
f 3906 4961 6425 
f 2015 2935 2622 
f 847 2064 2000 
f 1432 4658 6958 
f 431 4054 4442 
f 4587 2655 2768 
f 3553 1362 2641 
f 148 2315 4081 
f 2040 2658 227 
f 710 3734 5777 
f 4397 5848 7029 
f 6755 7072 6756 
f 4767 4812 5157 
f 6741 1126 3576 
f 1225 7072 3841 
f 1333 5375 6107 
f 5035 4336 4440 
f 55 3777 4727 
f 6060 1416 2382 
f 3337 1631 3280 
f 7133 3448 5313 
f 2931 2681 2170 
f 654 2400 3008 
f 2116 5298 4786 
f 5922 5151 5284 
f 6534 253 4522 
f 2163 6956 3358 
f 4474 3400 5466 
f 4274 4488 4653 
f 4715 3053 2906 
f 2506 4864 521 
f 3016 1416 2519 
f 6477 2177 6570 
f 4824 410 3485 
f 2736 5640 2773 
f 4607 3026 3024 
f 6548 6759 6857 
f 1291 1705 922 
f 4902 4927 4994 
f 4701 818 566 
f 2463 86 3419 
f 1642 1733 3421 
f 1616 1402 3853 
f 1941 1602 527 
f 1271 2789 113 
f 5030 2539 118 
f 574 471 5781 
f 2313 317 311 
f 280 5395 3979 
f 384 3218 2748 
f 4545 3908 6938 
f 3104 5106 320 
f 1038 605 6345 
f 5265 1097 1850 
f 5262 4011 4683 
f 3435 5437 5101 
f 2186 1613 776 
f 6122 665 6412 
f 1227 4873 3792 
f 2551 1939 2243 
f 5550 2160 5567 
f 119 1475 5000 
f 6972 6764 6763 
f 6855 471 6390 
f 4751 2823 4904 
f 1855 1465 2676 
f 1527 312 1178 
f 6765 5456 4714 
f 2356 1265 4152 
f 3410 6696 2815 
f 2830 2714 2695 
f 2783 2694 6177 
f 1551 6573 517 
f 4765 3160 6475 
f 1376 2102 438 
f 5509 6716 4519 
f 6290 2198 1149 
f 3929 1817 1947 
f 3488 1813 6177 
f 1490 166 2943 
f 2197 6393 3949 
f 1966 1858 3817 
f 3670 1758 4527 
f 6032 3071 5317 
f 6028 4055 1489 
f 845 5932 6684 
f 772 670 265 
f 5509 2755 2702 
f 3379 3386 3330 
f 3858 3737 3822 
f 5425 1838 1842 
f 2949 2909 3040 
f 5120 4528 731 
f 2044 6011 2597 
f 2071 3909 446 
f 6593 5902 2824 
f 2232 7008 2629 
f 3496 3698 3658 
f 5934 163 1874 
f 1215 3225 3325 
f 5991 2690 3690 
f 6508 1774 413 
f 5713 2077 579 
f 5530 2397 2033 
f 1147 5226 5432 
f 5328 3846 4223 
f 1845 3015 3481 
f 3042 32 3096 
f 2156 2495 5365 
f 339 3161 5434 
f 5473 5668 3217 
f 4958 40 41 
f 2926 2852 2922 
f 1463 1332 7 
f 6747 2708 1017 
f 6397 6466 2017 
f 2349 6318 2347 
f 515 783 2127 
f 7140 6337 3856 
f 3619 3391 1503 
f 1136 2604 98 
f 644 1557 1120 
f 2630 4468 6242 
f 3824 3219 180 
f 2147 6037 5476 
f 2673 5142 55 
f 2504 712 2468 
f 4670 6566 2190 
f 3659 4228 1235 
f 82 3628 3636 
f 4884 4881 4989 
f 1559 4496 5199 
f 578 2950 5886 
f 6985 1038 6417 
f 5517 2992 6650 
f 6618 6795 3109 
f 4685 402 641 
f 2506 5614 4959 
f 1669 6329 3545 
f 3993 2241 800 
f 930 4275 1900 
f 681 4194 282 
f 2512 364 2874 
f 5556 2553 5111 
f 2018 5249 1389 
f 592 2731 4175 
f 3438 3586 4159 
f 1316 1366 395 
f 2492 112 1335 
f 277 1492 270 
f 1057 5049 745 
f 4213 1256 5634 
f 287 373 290 
f 5220 2842 5108 
f 5308 2800 3919 
f 2605 5587 4555 
f 6634 6493 1059 
f 1115 7007 3286 
f 3009 1203 3051 
f 1632 4273 4789 
f 2813 4897 6597 
f 5786 4326 1664 
f 6395 1349 4823 
f 6121 6547 6513 
f 5473 3354 6482 
f 3546 4398 1223 
f 535 2139 4436 
f 4404 2885 3813 
f 6981 7048 596 
f 5082 5777 5244 
f 6697 5708 6709 
f 6130 4978 4185 
f 2213 2659 4465 
f 2810 6497 6894 
f 3066 7118 957 
f 1199 4403 4549 
f 2351 1717 2734 
f 1225 3841 3540 
f 3781 6711 2142 
f 4795 130 1828 
f 7076 326 1128 
f 3723 2825 4860 
f 945 5225 5698 
f 2169 2703 5186 
f 1256 7069 4875 
f 6117 2695 4886 
f 6756 5375 6755 
f 5400 4520 554 
f 7057 5499 337 
f 3443 5805 4946 
f 6508 5104 1181 
f 5566 2071 2872 
f 6911 2495 2156 
f 2609 2931 2170 
f 2909 2757 2947 
f 6548 6269 6398 
f 6676 2155 7098 
f 2109 2259 2284 
f 2382 2170 4439 
f 1374 197 5704 
f 207 863 6582 
f 2342 3676 3598 
f 6555 6668 6764 
f 1514 1782 354 
f 1783 4556 6891 
f 6288 6565 6876 
f 6673 6407 6768 
f 3038 3087 3130 
f 6924 3481 4381 
f 6412 665 6120 
f 3259 4578 5360 
f 5005 1931 4318 
f 1860 5248 5768 
f 6365 6703 5818 
f 6059 4162 988 
f 6633 1754 4618 
f 2216 1885 5486 
f 3363 2304 3094 
f 3130 3225 3206 
f 967 968 4150 
f 2761 4005 2790 
f 6872 6876 6565 
f 741 1531 2033 
f 1527 1178 3541 
f 491 5878 3515 
f 2952 2949 3040 
f 1845 3481 6924 
f 6474 428 5853 
f 6019 4076 4492 
f 3044 3042 3096 
f 4715 3381 6816 
f 3312 5473 3217 
f 6223 6211 6309 
f 720 653 853 
f 5402 5757 2904 
f 6738 2491 918 
f 6077 5151 4765 
f 3216 3425 5675 
f 5941 5939 6035 
f 6817 257 4664 
f 4429 5951 2031 
f 41 4730 2095 
f 2198 2711 1149 
f 7009 3442 4387 
f 7062 1189 4105 
f 5945 6483 5944 
f 1855 1252 4957 
f 5161 5208 4866 
f 5133 4082 5261 
f 448 1720 1465 
f 2921 3906 3454 
f 731 2954 1061 
f 3694 151 116 
f 1110 1988 3128 
f 3662 1038 6345 
f 2459 7065 2337 
f 5674 1938 2469 
f 4726 1200 5154 
f 1887 1791 5872 
f 4765 5921 5963 
f 6179 840 3641 
f 4920 5447 4066 
f 1342 5743 353 
f 5764 1769 17 
f 7082 7004 823 
f 5481 4906 6370 
f 1131 5752 3358 
f 4372 2069 2568 
f 5031 4932 5032 
f 1893 2567 3792 
f 6839 1678 36 
f 5608 6743 5592 
f 6342 2286 1697 
f 572 3825 947 
f 5556 1001 830 
f 464 6800 6754 
f 5656 789 667 
f 4656 4629 5582 
f 2999 744 1485 
f 3359 7122 6116 
f 3360 5113 6248 
f 1457 5139 1997 
f 5598 2697 3070 
f 1526 6191 846 
f 6581 1688 1152 
f 6511 928 3110 
f 792 4322 993 
f 4419 1069 2998 
f 4231 993 4803 
f 1787 5817 1671 
f 5614 2055 5162 
f 129 202 174 
f 787 3493 50 
f 1399 7004 3340 
f 4261 506 736 
f 7081 1593 304 
f 1912 3717 1909 
f 4082 5133 3156 
f 5431 1537 2019 
f 6570 7042 2565 
f 3529 6995 3877 
f 3864 2029 2376 
f 3335 5731 5703 
f 4999 64 157 
f 3799 4454 3902 
f 1006 1147 4476 
f 4486 3914 4572 
f 4138 6159 6236 
f 2666 272 2219 
f 5600 4761 880 
f 2669 6460 3116 
f 6658 7114 1071 
f 2938 4099 3027 
f 662 255 1986 
f 1152 1688 6577 
f 3619 1503 1407 
f 1018 6669 5536 
f 5766 5203 5733 
f 4697 7029 3851 
f 723 6739 1322 
f 4645 3073 3072 
f 638 4055 6028 
f 340 5120 1061 
f 1633 1663 85 
f 2542 6983 4494 
f 3089 3179 3091 
f 4572 6851 4080 
f 414 1572 2341 
f 2051 838 5525 
f 2223 6164 3025 
f 3033 4514 2773 
f 4534 2077 5713 
f 2375 1635 167 
f 5338 5381 5603 
f 1906 2372 2537 
f 4566 5142 6259 
f 5691 2080 777 
f 2845 2761 2793 
f 5827 6107 6269 
f 1645 1603 1707 
f 362 6223 714 
f 6187 1167 741 
f 3329 28 6903 
f 2956 3044 2957 
f 3622 3581 3475 
f 1859 2425 583 
f 5763 295 1442 
f 190 1017 1310 
f 190 6318 2349 
f 1631 3431 3280 
f 5824 5964 6185 
f 6086 4903 4365 
f 6227 5820 6777 
f 5943 835 4287 
f 4532 5644 1351 
f 1512 4769 4013 
f 6003 33 6922 
f 2304 2063 1954 
f 1422 339 5070 
f 2610 24 2742 
f 6307 2519 5714 
f 4365 5772 2542 
f 4381 3554 6918 
f 4155 944 3548 
f 3151 1596 2387 
f 581 1111 1269 
f 4679 5705 5150 
f 1488 1484 3213 
f 1944 6662 6531 
f 930 1549 2439 
f 3055 3101 6044 
f 1111 581 1330 
f 2287 1187 2479 
f 4272 5339 5561 
f 4833 4575 6093 
f 2797 1742 1938 
f 5397 5177 2943 
f 3125 6129 5849 
f 7020 7021 6819 
f 2981 2776 3181 
f 1308 548 4603 
f 635 3592 3955 
f 2476 6701 5618 
f 4547 6116 5057 
f 2934 6488 5109 
f 7118 3135 4164 
f 5759 5180 3948 
f 4138 4951 4102 
f 108 5271 1002 
f 2978 2832 3074 
f 2507 4147 6871 
f 2015 6003 94 
f 5557 5411 5541 
f 5970 7067 5718 
f 207 2746 4738 
f 1997 3153 6220 
f 5335 3849 2584 
f 2541 3875 867 
f 2480 5392 3434 
f 5318 915 2930 
f 5438 5110 5521 
f 3434 5165 5163 
f 5711 728 370 
f 6695 6512 977 
f 4092 2489 5533 
f 2790 1167 7100 
f 3561 1767 5815 
f 2825 7092 2766 
f 4677 5725 807 
f 4785 2154 1170 
f 1334 2976 6383 
f 2657 2651 2656 
f 3078 2279 2139 
f 4122 1845 2660 
f 5497 240 2262 
f 6281 6258 6302 
f 4973 5276 5687 
f 7086 6228 3154 
f 345 5611 4386 
f 1740 5176 3290 
f 2533 3462 6478 
f 3861 1262 5937 
f 5343 2580 4092 
f 2766 1190 1668 
f 3163 483 3923 
f 285 1331 6628 
f 3339 6196 6753 
f 2502 2171 2670 
f 2786 1353 4857 
f 3401 6813 6605 
f 2330 4472 2293 
f 2978 3196 3120 
f 4650 5788 2544 
f 1281 5895 2072 
f 4240 4611 2088 
f 712 2504 1681 
f 3182 3767 5202 
f 3932 4908 6310 
f 284 2672 2409 
f 3414 2672 2677 
f 3678 2042 5908 
f 3468 3467 62 
f 1761 1582 419 
f 4386 3639 4911 
f 712 2685 2846 
f 2783 2695 2694 
f 5057 6116 5436 
f 7138 7079 7001 
f 2718 2649 2787 
f 2699 548 1308 
f 750 5354 3908 
f 1497 696 5190 
f 2832 2830 2977 
f 7022 4594 6509 
f 1565 6193 2174 
f 3487 3201 3317 
f 2907 2754 2878 
f 3034 3086 3087 
f 5175 7039 152 
f 1619 6903 28 
f 5635 6228 7086 
f 6099 6100 5020 
f 4968 1965 2475 
f 3044 3146 2957 
f 3658 2575 3496 
f 361 4978 2664 
f 3474 1478 5542 
f 4151 1928 6299 
f 4622 1172 2948 
f 3505 3424 5774 
f 1644 3310 1611 
f 5011 2467 7023 
f 5882 3209 5658 
f 4719 4587 2768 
f 1167 6187 2980 
f 1047 1048 2517 
f 4048 3666 4689 
f 2077 4534 6219 
f 1121 3230 4895 
f 28 92 6244 
f 2708 3354 1310 
f 1145 463 5274 
f 5019 3558 4951 
f 5485 1547 3544 
f 4677 2263 4848 
f 2673 2323 6259 
f 6386 595 5338 
f 1550 1614 1576 
f 3786 3891 4905 
f 7136 3095 6205 
f 2857 2964 1187 
f 1417 2221 96 
f 7070 6945 595 
f 5964 6166 6530 
f 3151 2387 3139 
f 2865 505 6850 
f 5120 731 1061 
f 4663 4984 4352 
f 2914 4903 2703 
f 4653 3721 4274 
f 3139 39 4435 
f 3037 3454 5674 
f 2933 3785 3960 
f 2741 5373 6789 
f 2312 1348 2579 
f 5825 6105 5826 
f 1225 3540 6983 
f 2113 2172 2109 
f 1549 4892 1470 
f 3353 4157 1715 
f 1494 1419 1393 
f 4112 1049 2287 
f 1736 1760 2636 
f 1714 1115 3286 
f 5559 1175 6880 
f 4524 4191 4192 
f 6312 6613 7056 
f 6033 6307 2357 
f 3683 3308 2914 
f 3683 1225 3308 
f 5281 1767 6801 
f 2877 3084 2878 
f 6971 1188 6972 
f 6625 1810 3088 
f 5687 1270 4973 
f 3426 4092 5533 
f 822 2424 4478 
f 2881 5398 6333 
f 6184 5671 67 
f 5310 3585 6118 
f 483 4716 3228 
f 414 2341 6932 
f 420 6863 3853 
f 6463 4590 6715 
f 6447 6433 5004 
f 376 501 534 
f 6817 877 257 
f 3256 3795 3374 
f 1421 3731 2910 
f 4451 2835 85 
f 1271 175 724 
f 483 4725 3923 
f 2268 4146 978 
f 5595 5534 3590 
f 2396 1336 6182 
f 5021 424 5081 
f 1684 6781 5591 
f 6100 1652 5832 
f 6056 3541 7095 
f 1942 1178 312 
f 6569 6289 6288 
f 6066 2403 4642 
f 3689 3759 3650 
f 7108 6821 6952 
f 6565 6284 6414 
f 6984 6774 6869 
f 2943 166 6946 
f 1490 3100 4646 
f 1155 6692 370 
f 1146 502 512 
f 2962 6296 3331 
f 4729 5817 3726 
f 728 5376 3548 
f 1245 2075 1330 
f 1702 4566 3000 
f 726 3191 3724 
f 5162 6314 5185 
f 6850 59 1083 
f 6216 6731 6489 
f 1270 1512 4973 
f 1308 7120 5061 
f 4697 3851 2226 
f 1169 1497 5989 
f 3558 5019 6207 
f 4030 5107 5255 
f 7064 1880 3998 
f 3178 130 4795 
f 356 1140 204 
f 2843 6370 5357 
f 2206 825 7107 
f 6430 5948 3049 
f 1866 2363 2552 
f 3934 2769 1261 
f 6206 1163 4077 
f 5205 2107 5613 
f 4843 5552 6506 
f 3314 3194 2410 
f 5327 5007 2496 
f 184 4705 284 
f 5337 2782 5119 
f 386 513 3190 
f 3034 3080 3201 
f 2878 2787 2877 
f 7050 5330 4045 
f 25 1706 2588 
f 2945 548 2699 
f 3067 5259 4707 
f 5776 311 317 
f 3196 3031 3220 
f 6426 4323 1870 
f 5450 3480 3283 
f 1434 218 531 
f 6764 6668 6763 
f 6653 2714 2649 
f 3196 2978 3031 
f 4510 2208 1945 
f 1263 4873 1227 
f 1879 2360 1788 
f 3194 2977 2410 
f 3255 3317 3120 
f 3038 2947 3087 
f 7026 4752 2968 
f 2687 1806 396 
f 969 1090 379 
f 3427 3390 3332 
f 3089 3040 2909 
f 1185 1194 2307 
f 2010 609 2384 
f 3951 5999 4942 
f 3969 1649 3857 
f 1744 4849 2559 
f 5432 5678 1147 
f 3433 4004 466 
f 6477 2344 228 
f 5318 5292 5748 
f 2380 2500 1683 
f 6443 1863 521 
f 7019 1008 6108 
f 2817 5401 6020 
f 6295 204 1521 
f 3036 1310 6693 
f 3811 2738 786 
f 5252 3830 5666 
f 1789 5914 3328 
f 1440 6069 2192 
f 3372 3344 3314 
f 4946 2452 2760 
f 4687 6928 1953 
f 4219 4442 4054 
f 7049 6843 6735 
f 2264 2001 2003 
f 3461 1284 3288 
f 5609 2213 2421 
f 2234 2637 5883 
f 6386 6465 5125 
f 1598 2192 6069 
f 4916 6386 3310 
f 1281 2729 2937 
f 6751 6755 1333 
f 3281 6044 1487 
f 1126 6741 1388 
f 1854 1598 4171 
f 3101 3055 2963 
f 2428 6265 3104 
f 139 837 6732 
f 5467 6794 3131 
f 6068 5962 6031 
f 4528 5120 2204 
f 1333 6755 5375 
f 5101 4464 4551 
f 6069 1151 1598 
f 4944 4890 4940 
f 1255 3013 722 
f 3603 452 1295 
f 5821 3310 1644 
f 349 1508 1701 
f 5581 5528 5522 
f 1371 2434 2680 
f 3048 3701 2031 
f 5307 5641 2965 
f 6550 6269 6548 
f 6212 1365 5652 
f 7115 4819 3659 
f 3781 532 1831 
f 6525 5521 3739 
f 2382 4439 6060 
f 4276 169 2769 
f 2223 3253 5632 
f 3885 3157 3198 
f 4625 5796 5252 
f 1591 1973 2379 
f 354 1782 743 
f 5940 1644 363 
f 5024 5021 5408 
f 5293 6915 3129 
f 3633 2196 1082 
f 6128 3972 2153 
f 4365 4903 3308 
f 1355 2215 887 
f 6662 1944 1226 
f 6120 6279 6410 
f 219 5029 3961 
f 738 6504 5102 
f 1268 577 3261 
f 5706 5703 5734 
f 1467 1425 2557 
f 269 36 1678 
f 6273 4967 4966 
f 3849 5335 4762 
f 2238 6469 3162 
f 5093 3140 4449 
f 1178 6986 3541 
f 6869 5388 6984 
f 1297 6556 6104 
f 521 1863 2055 
f 4122 2980 5975 
f 2175 3210 3216 
f 354 743 651 
f 1264 3407 4376 
f 935 4349 5443 
f 6774 6773 6869 
f 3304 431 3883 
f 2572 932 6746 
f 812 5289 6147 
f 4842 6985 4690 
f 3039 7103 7099 
f 2440 6661 1428 
f 2973 3253 3025 
f 2264 527 1602 
f 3212 1279 2449 
f 232 579 4610 
f 3344 3255 3314 
f 6885 1764 4131 
f 5350 3112 5606 
f 3194 3031 3074 
f 693 507 6549 
f 6119 6556 6052 
f 1612 3311 495 
f 2878 2754 2787 
f 430 3992 6438 
f 3070 6878 1942 
f 4966 254 5749 
f 6653 2649 638 
f 3565 3375 3520 
f 3317 3080 3120 
f 1298 2531 3607 
f 6459 3297 4026 
f 2164 4880 6560 
f 3127 1823 3476 
f 4362 5642 4525 
f 3490 5472 3843 
f 1444 298 4943 
f 5697 6110 3933 
f 7041 1370 891 
f 4392 725 2574 
f 4610 2635 232 
f 4265 4571 5452 
f 3089 2909 3038 
f 642 6324 7036 
f 2702 2757 6918 
f 6579 5092 3691 
f 4810 1276 3497 
f 3888 3498 3501 
f 6518 244 684 
f 2033 4942 741 
f 2761 1531 4005 
f 5611 3297 6459 
f 1258 2313 4410 
f 4632 4557 6656 
f 3165 6409 6394 
f 2834 6369 4198 
f 1776 6321 6202 
f 4500 5420 5384 
f 5683 1163 6059 
f 2955 2952 3002 
f 4547 3359 6116 
f 383 4582 1171 
f 3778 3962 6589 
f 3431 3620 3621 
f 7082 7084 2232 
f 267 1806 587 
f 2605 3164 3341 
f 4759 5567 2229 
f 2406 3365 7111 
f 3610 4409 4488 
f 2421 581 3185 
f 1309 468 4747 
f 2745 2198 6290 
f 6689 5040 1536 
f 685 3000 6428 
f 4580 800 121 
f 4811 1414 1301 
f 1300 5121 2984 
f 6935 5865 406 
f 3750 1907 2655 
f 4004 6098 6489 
f 6221 5365 2495 
f 2756 4894 6226 
f 3129 6915 1125 
f 6748 3000 4566 
f 2389 2242 6114 
f 4526 4794 4831 
f 2019 1537 1532 
f 1008 2582 7041 
f 3081 2864 3928 
f 4108 6615 4815 
f 4933 1001 5111 
f 3943 5616 5614 
f 2008 5313 4587 
f 5575 4835 4593 
f 1028 4652 409 
f 2438 4158 259 
f 3461 3288 5312 
f 6896 6045 6802 
f 5191 3012 1172 
f 623 2387 2711 
f 5466 5444 5454 
f 5253 5403 5310 
f 4238 4297 4110 
f 545 6583 6642 
f 4337 1665 5542 
f 4000 1261 6571 
f 2119 378 1601 
f 6181 1243 1034 
f 2522 2678 2856 
f 4494 5940 5145 
f 1523 2003 3717 
f 5089 2018 5427 
f 4445 656 4812 
f 297 6881 3572 
f 4719 2768 2354 
f 4916 595 6386 
f 5386 68 6564 
f 6835 3838 1323 
f 6853 6854 6756 
f 118 3638 2603 
f 3102 864 1914 
f 2519 5484 3016 
f 5998 6384 6948 
f 1758 841 4527 
f 5126 637 246 
f 2877 2714 2832 
f 3198 3016 3885 
f 5186 2703 4903 
f 1641 3549 2412 
f 6307 4120 5484 
f 6763 6113 6550 
f 2977 3194 3074 
f 6648 2234 1076 
f 664 504 5378 
f 5702 5840 5997 
f 3224 3174 3260 
f 3710 3630 3709 
f 6124 1839 1987 
f 2681 1402 6972 
f 3120 2877 2978 
f 689 178 1004 
f 6614 2411 4682 
f 1083 2539 6519 
f 3663 6359 6257 
f 4478 4873 822 
f 5984 1819 5118 
f 4712 3499 4718 
f 3975 7108 608 
f 5186 6086 2812 
f 3224 3086 3174 
f 2614 7091 1849 
f 3034 3174 3086 
f 3810 3754 3637 
f 6986 6872 7095 
f 4000 794 5333 
f 6492 5526 6827 
f 6986 6876 6872 
f 1543 774 6191 
f 1705 1010 2119 
f 5885 5057 5742 
f 2668 124 4850 
f 5644 3536 1832 
f 3328 1262 1789 
f 3337 3245 3243 
f 3562 3372 3445 
f 4853 4736 6136 
f 3180 3268 3183 
f 2642 1274 6245 
f 3789 1012 1196 
f 1942 6988 1178 
f 6388 6148 6130 
f 3209 6803 1658 
f 3773 5842 2775 
f 3215 3146 3243 
f 1505 3114 3340 
f 3508 3506 3581 
f 6878 833 1942 
f 6745 2603 3638 
f 4652 2725 409 
f 6732 837 4303 
f 997 598 1318 
f 2738 872 628 
f 4303 83 5180 
f 2023 687 5760 
f 474 3838 245 
f 5693 5806 3636 
f 3568 878 4565 
f 1245 581 2421 
f 4397 5917 3525 
f 5087 3229 1269 
f 6952 2049 1928 
f 6468 4318 1931 
f 1846 1409 6076 
f 1149 6748 5594 
f 1235 6436 3659 
f 3008 2400 3122 
f 96 6280 6980 
f 2988 6322 4705 
f 1715 5913 3143 
f 3689 3816 3759 
f 641 402 6554 
f 5729 1013 580 
f 2518 1664 1355 
f 5786 1664 3567 
f 3568 4612 3573 
f 4442 3254 4431 
f 3294 2770 3085 
f 2664 6911 361 
f 4237 7003 7005 
f 2975 1810 389 
f 5534 2058 4474 
f 6538 1915 2471 
f 3573 3673 3568 
f 4622 2948 6132 
f 2308 2084 3049 
f 1779 1801 5657 
f 4952 4953 5500 
f 4351 1846 2747 
f 1904 2107 5205 
f 2276 5016 5053 
f 6184 4188 781 
f 656 6138 978 
f 2838 1337 5122 
f 6240 738 6242 
f 142 3048 4693 
f 5937 1262 1606 
f 3370 4142 1742 
f 3401 6605 5160 
f 6981 7114 7117 
f 6331 4415 2884 
f 6437 4433 2707 
f 442 2635 3234 
f 1414 6591 1689 
f 5109 3405 3798 
f 1347 3714 5023 
f 3756 5212 15 
f 5570 5610 5646 
f 2608 2220 2911 
f 7110 5517 6650 
f 5544 5396 4082 
f 2301 636 406 
f 4848 5725 4677 
f 6370 4906 4908 
f 3963 5192 6823 
f 6657 6544 6450 
f 1964 5009 4907 
f 6630 5117 3742 
f 250 3992 6529 
f 1172 6602 5993 
f 4755 3248 5161 
f 805 4999 6465 
f 6658 27 6246 
f 4062 6164 2989 
f 3343 6211 6083 
f 1092 5266 3992 
f 1194 621 3902 
f 2596 1708 3424 
f 4471 975 6959 
f 5783 2944 1882 
f 3983 6334 1931 
f 3349 3224 3260 
f 4203 1644 1611 
f 629 3576 2458 
f 3447 3487 3317 
f 6635 6401 2425 
f 4595 3279 752 
f 1171 6421 1222 
f 3651 141 195 
f 6950 6480 4448 
f 5931 845 5105 
f 3130 3087 3086 
f 2276 4795 1828 
f 393 1840 1282 
f 4929 6471 6892 
f 4638 631 4948 
f 2668 4850 308 
f 3496 3396 3535 
f 2721 6918 2757 
f 5698 388 5540 
f 6857 6968 1188 
f 4030 5363 951 
f 6603 3677 106 
f 3971 4053 3858 
f 6664 6550 6548 
f 4129 1649 3969 
f 4875 5682 1256 
f 4012 6744 1580 
f 1489 2430 6028 
f 2843 5357 6356 
f 3390 3535 3470 
f 2565 6729 4931 
f 1252 6973 567 
f 6866 6673 6768 
f 222 1675 492 
f 32 3241 3355 
f 4155 6791 3384 
f 6373 176 4319 
f 3321 3349 3423 
f 5649 3076 4250 
f 6864 2685 1681 
f 4005 1531 741 
f 4365 3308 5772 
f 4763 5996 907 
f 5885 201 4547 
f 1713 5627 1336 
f 894 839 1792 
f 3917 3016 3518 
f 6060 939 1416 
f 939 2812 839 
f 6934 6731 6729 
f 168 5150 5705 
f 5785 861 7043 
f 2434 2369 2101 
f 4134 3787 4132 
f 4529 4530 2647 
f 1167 2790 4005 
f 3495 422 4039 
f 4435 301 4731 
f 5134 3231 7017 
f 729 968 969 
f 6988 6876 6986 
f 1580 3981 4012 
f 1905 6469 220 
f 6182 6886 2841 
f 1248 4032 180 
f 5779 5751 5816 
f 5766 5645 1541 
f 4892 4746 1470 
f 3615 4986 3612 
f 6390 4395 5855 
f 5710 386 6745 
f 1798 780 4335 
f 6860 801 573 
f 6248 3947 4450 
f 2233 4472 2330 
f 1314 423 481 
f 2157 51 1119 
f 5598 1527 7058 
f 1468 1036 885 
f 5089 5139 5140 
f 139 57 650 
f 5535 6156 6070 
f 6143 446 3909 
f 808 1685 6510 
f 109 2024 60 
f 3128 1885 6357 
f 4346 3147 2318 
f 2437 972 6871 
f 737 3824 7075 
f 2214 4456 2258 
f 4284 3127 1104 
f 664 1827 504 
f 964 1506 1986 
f 210 6837 7141 
f 5749 254 5797 
f 4441 3827 3828 
f 1159 369 2414 
f 2958 4128 2633 
f 1563 6015 1420 
f 6586 4620 6919 
f 4225 3688 3141 
f 1218 6670 6380 
f 885 4822 3649 
f 2661 5862 6957 
f 4052 4240 4241 
f 190 1310 3036 
f 5567 4960 5550 
f 2819 5910 5911 
f 5175 3276 7039 
f 6255 5736 6141 
f 3700 6603 3424 
f 619 4493 5966 
f 5679 6992 3890 
f 7022 5574 4674 
f 5630 1608 4947 
f 5577 6669 2120 
f 4949 329 1354 
f 5101 4630 3435 
f 1753 1782 1514 
f 5919 1686 6376 
f 313 5800 5422 
f 3725 5269 1546 
f 2789 1271 724 
f 3732 1125 4373 
f 5350 6829 5780 
f 4222 4267 2716 
f 4379 4649 851 
f 6948 4464 5329 
f 2628 2616 6700 
f 5821 1644 5940 
f 3079 3829 1581 
f 6311 4695 1599 
f 1452 1435 1437 
f 5662 2059 5969 
f 3120 3080 2877 
f 6131 833 6686 
f 1790 1788 1912 
f 4299 443 4890 
f 1042 4165 264 
f 5113 3360 3186 
f 2531 3458 4003 
f 1237 879 3273 
f 4998 6948 2493 
f 2298 6391 1950 
f 454 455 453 
f 6403 6262 3707 
f 3883 1714 6042 
f 2148 2028 2110 
f 5294 7094 5131 
f 5372 1826 1299 
f 3091 3180 3183 
f 3321 3423 3492 
f 1649 3820 3857 
f 2589 4851 796 
f 5774 2477 421 
f 4742 4939 4780 
f 5755 4760 6720 
f 2885 4203 7133 
f 4427 5108 256 
f 6737 6735 6843 
f 5996 4763 781 
f 580 7006 2295 
f 522 1611 5125 
f 607 599 747 
f 6088 6685 3277 
f 2289 2353 6830 
f 455 4039 422 
f 5895 1281 4321 
f 2842 5220 5381 
f 4203 1611 3448 
f 1347 1303 2192 
f 4534 6224 6278 
f 5701 3189 2100 
f 5715 4048 5158 
f 3805 3579 6676 
f 2166 2514 674 
f 2287 2479 4112 
f 38 146 114 
f 219 5549 5951 
f 2329 6138 656 
f 3310 6386 5125 
f 4439 2914 2703 
f 2550 923 1109 
f 6642 3472 1871 
f 6857 6664 6548 
f 242 5676 2764 
f 2519 1416 4244 
f 5860 6467 3118 
f 1849 1792 3610 
f 6968 6857 6759 
f 4120 3016 5484 
f 5589 3934 1261 
f 883 2940 1919 
f 2521 1699 101 
f 3879 4070 3946 
f 2956 2922 2848 
f 4114 3763 6806 
f 4087 3895 6962 
f 504 1417 2400 
f 479 3896 6810 
f 5714 2519 655 
f 4607 6907 1058 
f 4911 942 2983 
f 5912 4917 903 
f 7032 3953 6929 
f 655 2519 4244 
f 6673 6410 6408 
f 4944 3905 4890 
f 556 1701 1015 
f 6247 6123 5973 
f 5329 5437 5405 
f 659 759 3073 
f 6481 6950 6418 
f 3232 2699 6093 
f 5676 4636 2764 
f 6984 6775 6774 
f 4489 1803 519 
f 1777 3420 5141 
f 6312 7119 6613 
f 5755 985 2503 
f 832 1936 1089 
f 7025 7099 3393 
f 1564 3570 5010 
f 6259 2323 4111 
f 5024 424 5021 
f 4713 4767 424 
f 5510 467 1785 
f 361 6911 6905 
f 4233 1975 2088 
f 2889 3037 6428 
f 2697 1925 2778 
f 4419 6061 2106 
f 1114 6209 5479 
f 5849 3904 5812 
f 812 1985 5289 
f 5435 5425 3342 
f 594 2381 1886 
f 4755 2595 506 
f 6380 6670 5471 
f 554 4520 518 
f 2828 2827 3029 
f 2276 2336 5016 
f 5759 5591 6781 
f 6618 3109 3165 
f 6066 1646 3758 
f 3072 5334 3006 
f 7069 6283 4875 
f 5871 1834 5926 
f 6906 2993 4284 
f 3438 4159 6146 
f 6649 4772 2100 
f 5982 5960 5981 
f 6024 329 4949 
f 2661 2797 1888 
f 4776 5612 5773 
f 3557 4372 821 
f 3867 4261 3251 
f 3255 3196 3220 
f 2824 5902 716 
f 74 184 2938 
f 5578 1991 5689 
f 4108 1672 6175 
f 4643 1359 3208 
f 5056 5384 1100 
f 6607 5404 3780 
f 4716 4717 6598 
f 3087 2947 2907 
f 4045 5477 5035 
f 3531 3385 1972 
f 3816 3730 3854 
f 1194 4855 621 
f 3073 5681 659 
f 4207 4065 4277 
f 6337 1176 4511 
f 6927 3664 5872 
f 4127 3356 462 
f 6870 6075 6611 
f 498 7083 4682 
f 5389 1002 5442 
f 5161 1718 4755 
f 349 670 6139 
f 3199 3712 3895 
f 1802 720 853 
f 6964 2785 4116 
f 5765 2500 6188 
f 2582 1008 1962 
f 1306 2486 3469 
f 3698 3496 3737 
f 1814 684 3545 
f 4012 3981 4061 
f 7032 6929 5457 
f 6621 6400 6820 
f 1101 4757 4531 
f 3859 3901 562 
f 4235 100 2078 
f 4640 1208 3507 
f 486 2869 1446 
f 5913 6942 3525 
f 6701 2476 6584 
f 4670 2190 87 
f 1743 4553 235 
f 1651 1027 861 
f 504 1827 3550 
f 1572 414 4417 
f 3589 1670 2482 
f 964 1657 1506 
f 6064 5535 6068 
f 3055 6044 3281 
f 2994 2103 1751 
f 2815 2938 1813 
f 3749 186 381 
f 6632 3740 3323 
f 511 480 6573 
f 3915 3500 4905 
f 5609 2421 3185 
f 5111 4935 4933 
f 6395 3413 158 
f 2741 4554 5373 
f 999 2966 5006 
f 4692 1661 7038 
f 434 2271 256 
f 4135 1555 1151 
f 1642 5352 3275 
f 363 4203 4404 
f 2636 3474 1736 
f 2200 1729 1727 
f 6810 3014 479 
f 1180 895 3160 
f 5654 5369 1365 
f 6256 6141 6280 
f 6823 5102 3963 
f 1214 6465 1907 
f 5539 309 2030 
f 4086 99 3389 
f 7108 6614 4415 
f 1006 648 7089 
f 5125 1214 5043 
f 2305 6925 1552 
f 3276 5175 5648 
f 1746 99 1747 
f 2357 5799 4774 
f 4800 4562 1547 
f 2397 3951 2033 
f 2425 6401 583 
f 4764 6081 5160 
f 7091 5714 655 
f 3765 6853 1225 
f 5815 3115 6375 
f 643 123 1064 
f 4244 839 655 
f 2772 591 2375 
f 5100 6688 6393 
f 5750 2303 2012 
f 4244 1416 939 
f 2914 3308 4903 
f 2562 5916 5309 
f 259 5267 3222 
f 6247 5699 526 
f 2960 3443 1076 
f 5653 4834 1723 
f 2372 2598 2898 
f 2982 1260 6935 
f 5068 7120 5071 
f 5659 1794 802 
f 1898 2257 5216 
f 3821 5260 3420 
f 896 2538 3258 
f 6412 6120 6410 
f 4047 6738 5297 
f 4239 533 3591 
f 6073 6243 5663 
f 4261 3867 3248 
f 3123 4329 5522 
f 6262 6654 5312 
f 3071 6032 4021 
f 5808 709 3917 
f 1955 1367 6951 
f 550 2383 2052 
f 4884 1274 3050 
f 173 145 172 
f 529 5582 5020 
f 5612 3061 6587 
f 6691 6316 5585 
f 5168 400 5474 
f 2938 184 4099 
f 4065 2876 3085 
f 3162 6517 2186 
f 6754 4739 464 
f 3416 5189 2030 
f 3893 1946 4481 
f 2206 5856 2407 
f 513 1184 3190 
f 3225 3086 3224 
f 2834 3289 1219 
f 3349 3260 3319 
f 4022 2752 4093 
f 89 1528 7109 
f 3898 3816 3854 
f 3569 3647 3606 
f 2368 6193 3804 
f 3990 1754 6633 
f 1327 967 4150 
f 6258 4950 4560 
f 2696 1423 1119 
f 744 519 4995 
f 6807 1793 5851 
f 3330 3386 3427 
f 3330 3427 3332 
f 5900 1591 1755 
f 4287 4727 5943 
f 2407 3003 4281 
f 1585 5270 2474 
f 6370 6091 5481 
f 2510 7012 834 
f 2760 2729 6648 
f 1931 6334 6468 
f 2952 2845 2793 
f 5542 5387 4337 
f 1171 1812 383 
f 341 2725 983 
f 1414 4811 6591 
f 5670 5142 1702 
f 28 3329 92 
f 2188 1485 817 
f 954 1040 2558 
f 4441 5193 5328 
f 6693 5473 3506 
f 3243 32 3355 
f 512 480 511 
f 303 3050 2046 
f 3836 2487 1660 
f 6083 4487 590 
f 6146 6189 6111 
f 6955 4885 7051 
f 6444 4501 4962 
f 5142 4566 1702 
f 1498 3234 7001 
f 3863 5859 6351 
f 6486 5433 4015 
f 357 416 358 
f 100 6577 2078 
f 4602 7078 2270 
f 4531 4042 1101 
f 1483 6435 5202 
f 448 2675 1720 
f 3926 2902 3746 
f 2446 5637 52 
f 3045 2870 4394 
f 4876 5677 5660 
f 3697 2318 5358 
f 817 873 6931 
f 249 6852 5784 
f 4839 1646 5341 
f 1956 3951 2397 
f 4637 4596 4927 
f 5579 5711 370 
f 599 600 3782 
f 347 5813 4127 
f 1228 6589 909 
f 283 3366 1995 
f 6302 6258 6359 
f 4872 5448 2849 
f 1499 1427 2217 
f 6081 6601 2374 
f 3829 3079 4588 
f 2156 5365 3278 
f 133 2416 103 
f 2581 2374 1961 
f 3608 2596 1447 
f 3250 6351 6596 
f 4647 4687 4648 
f 5231 5437 3435 
f 3505 1634 1447 
f 1001 5356 830 
f 3438 5610 3586 
f 5125 1611 3310 
f 4322 4327 286 
f 4876 5660 5651 
f 4135 5313 2008 
f 2842 434 256 
f 2724 2722 2727 
f 5494 363 4404 
f 232 2635 2633 
f 1459 5730 1530 
f 1798 4335 1446 
f 4135 1151 6069 
f 2988 3343 6322 
f 5457 6929 678 
f 6140 2293 2631 
f 7133 4203 3448 
f 4135 6069 1440 
f 255 662 6620 
f 5064 5626 2994 
f 5962 5961 6031 
f 4900 4 5086 
f 1757 5874 3837 
f 2981 3768 98 
f 2915 2677 3503 
f 1912 1909 1790 
f 4439 2703 2169 
f 1906 2537 1973 
f 4705 184 74 
f 2540 2379 1973 
f 4711 1511 3066 
f 6018 10 5517 
f 5678 4476 1147 
f 3432 3024 5666 
f 2382 3198 3157 
f 2609 3157 420 
f 6759 6854 6968 
f 5772 1225 6983 
f 3225 3224 3325 
f 5819 1853 740 
f 3084 3087 2907 
f 3016 3198 2382 
f 3562 3563 3447 
f 5792 88 2366 
f 3570 1564 6196 
f 47 16 4356 
f 3155 4350 1869 
f 3683 3765 1225 
f 4951 4138 5019 
f 1410 1044 1513 
f 1948 5231 6488 
f 4688 5811 4032 
f 1897 57 7089 
f 265 670 1701 
f 3350 1086 4025 
f 3403 2021 4411 
f 4740 3159 1477 
f 3816 3689 3730 
f 3265 3330 3267 
f 1328 1290 1326 
f 4450 6381 742 
f 6251 2037 1711 
f 3316 3404 2027 
f 5404 2125 3780 
f 976 1318 996 
f 6518 1814 1461 
f 6984 5388 7095 
f 814 5851 5112 
f 1747 99 3107 
f 1223 4398 5879 
f 6702 3602 182 
f 671 2117 5298 
f 4954 1659 6429 
f 3755 3910 5069 
f 3306 1953 4615 
f 1735 1574 1729 
f 4954 6429 4633 
f 3470 3241 3268 
f 4647 4648 4609 
f 1481 5519 1899 
f 3337 3355 1631 
f 3387 379 3190 
f 6121 5059 6547 
f 2086 473 6787 
f 2360 2487 3836 
f 1044 6904 7026 
f 4464 4974 4551 
f 1853 1413 1324 
f 1586 1313 4616 
f 519 5478 2737 
f 2923 2541 1129 
f 6081 2374 2581 
f 5228 1239 3916 
f 3415 2676 1465 
f 6533 1241 2394 
f 5822 7114 6658 
f 4282 5373 4554 
f 1723 6597 5653 
f 417 6363 6825 
f 6056 7095 2607 
f 73 6805 601 
f 7052 1078 4379 
f 4320 4831 4794 
f 2532 5468 6063 
f 2111 2557 1425 
f 2190 145 38 
f 628 561 905 
f 6322 6496 4705 
f 5349 5218 4426 
f 2432 1750 4734 
f 408 1473 1576 
f 6639 5001 4405 
f 1548 149 2026 
f 3560 319 2054 
f 4938 2324 2646 
f 5435 6662 4837 
f 154 6533 6345 
f 4377 3176 2801 
f 992 6297 7088 
f 5875 5114 5113 
f 4823 3757 3626 
f 5482 5372 1299 
f 5917 6174 3143 
f 868 1309 4747 
f 2421 4475 1245 
f 1638 5319 2042 
f 1091 3156 5843 
f 7013 323 7085 
f 5165 5184 4509 
f 6342 1697 5895 
f 761 3359 6631 
f 5117 6630 4686 
f 5520 5165 3434 
f 4414 4591 4863 
f 4874 4187 5585 
f 3605 4503 2312 
f 7027 5363 5188 
f 3832 4818 4344 
f 6537 6705 6185 
f 3814 3053 4715 
f 4691 4036 518 
f 5631 2473 5651 
f 4764 6388 6601 
f 3253 5502 4311 
f 3100 1490 6308 
f 2955 2847 2952 
f 1743 3883 6042 
f 5617 5225 945 
f 6295 1521 3655 
f 1619 7054 902 
f 3619 6840 4103 
f 4896 5713 2562 
f 6019 4106 4076 
f 4492 3749 381 
f 7125 7048 3795 
f 4683 5771 4817 
f 327 5775 328 
f 1492 4364 270 
f 1842 3342 5425 
f 4861 7044 6974 
f 2768 2481 3794 
f 2998 6210 4419 
f 4774 6033 2357 
f 6061 4419 6210 
f 2896 6185 6705 
f 4135 2008 1555 
f 3026 5235 4743 
f 4914 2196 4592 
f 3174 3034 3201 
f 3255 3344 3317 
f 2947 2836 2907 
f 23 3088 3202 
f 5944 1526 5269 
f 1962 1008 5604 
f 5147 2466 5302 
f 220 6878 1905 
f 4424 4870 4871 
f 4163 4210 4249 
f 3218 6144 7106 
f 2781 1842 3684 
f 1795 1791 1889 
f 3777 2644 6023 
f 1266 4226 488 
f 3202 4069 23 
f 7133 1440 2885 
f 6406 5679 7127 
f 1930 6506 186 
f 3268 3180 3267 
f 363 1644 4203 
f 796 3835 2589 
f 301 4019 387 
f 4050 3257 5061 
f 4887 246 2509 
f 5844 132 4673 
f 2575 3396 3496 
f 2609 3853 2931 
f 1493 6919 4620 
f 374 5863 4010 
f 3308 1225 5772 
f 6176 6907 2057 
f 3052 14 5952 
f 6425 1938 3906 
f 894 7091 655 
f 6773 6774 6562 
f 3564 3517 3563 
f 2122 6147 1176 
f 6892 6890 6572 
f 3157 3885 3917 
f 3337 3243 3355 
f 6806 6244 6747 
f 3621 3620 2775 
f 3859 562 6913 
f 4137 4060 4179 
f 5186 4903 6086 
f 1310 3354 6693 
f 2559 2464 618 
f 999 804 2966 
f 6033 1004 907 
f 6065 4702 4703 
f 6007 2831 1122 
f 6308 1490 6355 
f 5268 1643 5899 
f 3009 3581 4666 
f 92 6482 6244 
f 239 6389 4484 
f 1271 2142 175 
f 4242 3994 4115 
f 6765 3927 5456 
f 1338 892 3528 
f 460 2014 288 
f 5478 756 1713 
f 1496 1165 2110 
f 1173 170 7047 
f 2506 5163 4864 
f 6228 5635 6793 
f 55 5142 5670 
f 2604 2776 2981 
f 5119 1525 597 
f 454 4039 455 
f 4127 7105 3356 
f 863 5942 1618 
f 4568 5110 5438 
f 5515 2538 1459 
f 519 2737 4995 
f 6275 6253 6170 
f 122 1038 6985 
f 6745 2774 2603 
f 1757 3618 5356 
f 1317 5759 3948 
f 3707 7145 4384 
f 571 4209 6456 
f 2445 2592 1529 
f 4725 5537 3923 
f 3022 2157 1046 
f 4028 3673 3573 
f 1870 134 6426 
f 5363 4030 2823 
f 2093 5293 3129 
f 3284 3287 3283 
f 39 4019 4435 
f 3479 4300 4305 
f 2916 2483 5680 
f 6799 4417 1750 
f 5672 4778 5584 
f 4348 1697 1848 
f 1862 5306 760 
f 2804 2802 1989 
f 4103 2615 3391 
f 2745 623 2711 
f 6319 1718 5161 
f 5405 5744 2493 
f 5194 3928 4883 
f 49 4611 4090 
f 1925 6745 3638 
f 139 1684 57 
f 4271 4853 4710 
f 5061 7120 5068 
f 6090 2240 1861 
f 6192 1842 2781 
f 1027 1651 3852 
f 3934 5589 1024 
f 5545 823 7144 
f 2672 284 3503 
f 2803 5018 6576 
f 3801 6585 249 
f 3733 4605 461 
f 2917 355 2829 
f 4867 5606 3112 
f 1460 4893 4751 
f 2334 1941 1904 
f 6656 4636 1769 
f 5160 6605 4764 
f 3018 4617 5105 
f 2126 4792 640 
f 4936 5341 1646 
f 184 2409 4099 
f 3517 3487 3447 
f 260 6149 6163 
f 3086 3225 3130 
f 3554 2702 6918 
f 3919 5462 5308 
f 3742 6198 2207 
f 3423 3349 3319 
f 4115 4201 4204 
f 4163 4161 4245 
f 2625 4170 1632 
f 2141 4502 5663 
f 5058 873 6574 
f 6896 828 2046 
f 3633 1082 2782 
f 706 2123 6995 
f 3265 3267 3180 
f 2045 1161 2710 
f 3169 2522 2352 
f 4723 76 586 
f 3879 3880 5114 
f 2639 3508 3581 
f 2956 3002 3044 
f 2284 4750 6628 
f 3859 3658 3769 
f 6230 4214 1775 
f 5738 5709 5737 
f 1327 584 5030 
f 688 3556 2061 
f 6248 3880 3947 
f 4905 3891 26 
f 7054 3763 4114 
f 3760 328 5775 
f 4074 5903 533 
f 6324 4266 7036 
f 6224 4534 3681 
f 3987 1151 1555 
f 4190 84 1612 
f 6392 1962 3987 
f 278 2473 4943 
f 2927 4281 3003 
f 5470 4655 4630 
f 4700 4456 1755 
f 2504 2468 4591 
f 2533 27 4556 
f 4949 1354 4735 
f 3419 3806 2463 
f 5900 4456 2882 
f 4593 4554 5575 
f 1303 3813 2885 
f 6690 6743 5608 
f 580 4779 5729 
f 4035 3592 4146 
f 1838 4185 1842 
f 6130 6303 6388 
f 4494 6983 5821 
f 6516 6655 2887 
f 3617 4274 3721 
f 6691 5588 5859 
f 4502 2127 6073 
f 2060 3670 4527 
f 1916 4213 473 
f 6222 1997 6220 
f 367 2985 6406 
f 655 839 894 
f 2344 6477 187 
f 4724 3221 2401 
f 1387 201 5885 
f 3757 5508 3626 
f 839 4244 939 
f 4780 4939 1031 
f 3103 2386 3418 
f 3900 5790 1725 
f 6763 6664 6972 
f 3260 3174 3201 
f 6913 5842 3773 
f 2410 4099 2409 
f 3277 4930 1554 
f 1004 5619 907 
f 3414 3514 3630 
f 3917 709 3157 
f 5250 1375 3831 
f 3317 3344 3447 
f 709 1659 3157 
f 2607 7095 5388 
f 2396 6182 4633 
f 3543 806 34 
f 155 7014 2713 
f 3319 3487 3375 
f 5879 2150 4638 
f 6720 4772 6109 
f 1532 1370 2582 
f 6872 6775 6984 
f 6426 3004 3033 
f 5937 1751 2103 
f 4148 4809 5082 
f 2599 2230 1752 
f 7095 6872 6984 
f 3526 3423 3601 
f 1143 3572 4077 
f 6315 1444 4943 
f 5578 3366 6882 
f 6637 4343 1280 
f 1418 4489 744 
f 1663 405 2236 
f 3379 1215 3325 
f 3053 6300 2348 
f 3869 3981 2130 
f 7108 6051 6821 
f 389 1810 855 
f 1184 513 1418 
f 3658 3772 2575 
f 437 4788 3235 
f 3414 1704 2672 
f 3567 5529 5786 
f 6041 1379 6687 
f 6672 2797 2661 
f 3312 3506 5473 
f 1174 1692 6903 
f 562 3938 6913 
f 2459 2337 771 
f 4053 3901 3858 
f 2535 1978 3508 
f 2347 2346 3836 
f 3012 5191 2740 
f 2312 4503 1348 
f 6974 6975 1927 
f 1098 6911 2156 
f 5243 5403 4094 
f 236 4184 4067 
f 1578 2516 5694 
f 6706 6761 5052 
f 4630 5101 4551 
f 1324 2555 1162 
f 6672 6274 3370 
f 1486 2177 3422 
f 2319 3498 2866 
f 4499 659 2715 
f 4915 3097 4286 
f 4440 4336 2717 
f 2366 1388 5792 
f 991 4295 958 
f 4418 2144 4086 
f 2161 5869 2443 
f 3957 5514 3411 
f 5982 5981 6046 
f 5026 49 4699 
f 4641 6510 1685 
f 3703 1464 4096 
f 5834 5019 4138 
f 4637 4927 4902 
f 1985 812 2210 
f 4767 4713 4445 
f 4308 4356 16 
f 3943 4538 5616 
f 1479 4433 5634 
f 6078 2308 3049 
f 235 3304 1743 
f 3571 2942 1424 
f 6977 4874 6013 
f 4987 4224 4347 
f 3401 5006 4145 
f 5383 7128 1710 
f 3921 5027 3947 
f 6012 5001 516 
f 2431 273 1339 
f 4558 2189 2245 
f 5810 6795 6618 
f 981 4327 4367 
f 6351 3250 3863 
f 6133 388 5698 
f 4816 4660 4659 
f 3798 2813 6597 
f 7023 7022 5011 
f 4257 4109 3486 
f 1071 7114 7045 
f 2240 6090 6089 
f 463 1145 6925 
f 6957 6274 6672 
f 2133 2291 475 
f 1216 3152 1067 
f 3113 3242 4803 
f 5974 2701 2294 
f 5596 5494 2611 
f 284 2409 184 
f 1732 847 3644 
f 5784 4843 1930 
f 4217 797 313 
f 2062 5923 1589 
f 5597 6645 2677 
f 1440 7133 4135 
f 1388 5814 1126 
f 2787 2714 2877 
f 1716 5118 3377 
f 6900 2388 6884 
f 6716 5509 3554 
f 5783 6392 2944 
f 3581 3009 2639 
f 3260 3201 3487 
f 2410 2977 4099 
f 1837 5056 1100 
f 3314 2410 1704 
f 3565 3319 3375 
f 1707 1795 1645 
f 6465 6386 5338 
f 3452 3319 3565 
f 4412 4413 1620 
f 6570 6169 6477 
f 3187 1036 1468 
f 280 5895 4321 
f 3566 3601 3754 
f 3332 3470 3268 
f 1032 1695 3373 
f 1818 4999 2481 
f 5145 4488 5423 
f 3496 3534 3737 
f 152 1867 5175 
f 4409 6086 5423 
f 5294 5308 2811 
f 2461 2463 2992 
f 6015 1575 1408 
f 6714 6503 176 
f 1386 1412 1519 
f 7071 1011 925 
f 2223 5632 6789 
f 3217 5668 2926 
f 3130 3206 3089 
f 4439 2169 6060 
f 2847 2798 2845 
f 4404 3813 5494 
f 4184 4656 4918 
f 2798 2761 2845 
f 3437 5169 127 
f 6796 5695 6232 
f 2440 6537 6530 
f 2792 6999 3516 
f 6268 3277 6685 
f 6491 1188 3765 
f 2577 2111 2017 
f 7065 2991 2337 
f 2448 2476 3111 
f 5708 5721 6487 
f 3586 1052 4159 
f 3831 1375 5560 
f 6193 1565 6416 
f 6743 3762 5778 
f 5653 6597 4897 
f 1188 6971 6857 
f 2679 662 4913 
f 1428 6657 2440 
f 2357 6307 5714 
f 5996 6033 907 
f 3271 103 5284 
f 4308 16 561 
f 3948 5180 2778 
f 6152 4381 3481 
f 5458 6778 4394 
f 4797 4270 4801 
f 714 6762 362 
f 5475 1893 330 
f 5929 2619 4047 
f 1844 4146 2268 
f 2140 2466 5147 
f 4762 2553 3069 
f 2449 6194 6783 
f 6041 7028 4533 
f 4185 1838 6303 
f 5011 7022 7093 
f 2374 6601 3862 
f 2054 319 5959 
f 510 1496 2364 
f 2416 2265 5922 
f 3753 4074 356 
f 3912 3840 3800 
f 1387 2134 4863 
f 798 1858 1966 
f 1867 152 2541 
f 4487 6905 6911 
f 5410 7090 5465 
f 253 1367 6641 
f 3714 966 5344 
f 4369 4804 4709 
f 5890 5849 5847 
f 1719 6660 4291 
f 5192 2507 6823 
f 2640 2282 5740 
f 3211 7074 2316 
f 5951 4429 219 
f 381 5508 6019 
f 5892 5203 5766 
f 5591 5759 59 
f 4905 3500 3786 
f 648 5091 1897 
f 4859 353 5743 
f 3003 5980 3334 
f 5744 6146 6101 
f 2088 4969 5013 
f 5638 2883 5409 
f 2409 2672 2410 
f 3255 3220 3314 
f 1704 3414 3372 
f 4707 3843 3067 
f 4822 4318 3150 
f 4616 1377 1586 
f 6951 101 1699 
f 6888 4615 1953 
f 720 722 6500 
f 1399 7002 7079 
f 448 3686 289 
f 2787 2649 2714 
f 5320 3870 5346 
f 4848 3043 4880 
f 3630 3596 3445 
f 863 207 2869 
f 3319 3260 3487 
f 3437 5046 5169 
f 7013 155 7008 
f 3573 4393 4028 
f 3500 3915 4459 
f 6345 6371 154 
f 5156 1247 1874 
f 4270 4184 4918 
f 3325 3321 1972 
f 3374 3795 1511 
f 3601 3452 3565 
f 2715 659 5412 
f 1173 35 6730 
f 2205 1914 864 
f 3325 3224 3321 
f 332 1741 5240 
f 3845 3685 3751 
f 1781 813 5837 
f 1422 5278 3161 
f 1231 1228 909 
f 5384 5420 4723 
f 1972 3379 3325 
f 5433 5524 4015 
f 4632 4289 4557 
f 531 2868 2586 
f 3878 2459 89 
f 1680 687 6181 
f 3377 4285 3348 
f 3545 6329 1814 
f 1356 6422 3635 
f 469 4255 3724 
f 4807 982 5669 
f 6063 5468 6893 
f 5091 648 1006 
f 4938 6431 1102 
f 4175 1096 557 
f 1447 2596 3505 
f 1761 4119 5354 
f 1202 2249 749 
f 1882 2944 2354 
f 2556 2521 101 
f 2847 2845 2952 
f 3901 4053 3787 
f 5313 3448 3149 
f 472 6921 6824 
f 7121 1393 4751 
f 2008 4719 1555 
f 2871 2477 3623 
f 1092 3992 250 
f 2882 5806 5693 
f 2925 3075 3551 
f 1617 3904 6129 
f 562 3901 3787 
f 5125 6465 1214 
f 3905 6061 6210 
f 3865 5842 3939 
f 6411 3333 5830 
f 4587 4719 2008 
f 6493 5366 6354 
f 5140 2018 5089 
f 1781 5837 1558 
f 2752 4022 3119 
f 3558 5392 4951 
f 6490 1872 6454 
f 2178 5159 5692 
f 2470 2158 2936 
f 2758 2844 3793 
f 1437 1473 1439 
f 6006 6373 3211 
f 3279 516 3072 
f 105 1626 2404 
f 4018 207 6582 
f 5337 2751 4956 
f 1895 1856 2195 
f 2642 2887 3301 
f 5444 3405 5443 
f 221 6050 6045 
f 1375 5250 5969 
f 7141 1239 210 
f 917 6233 6695 
f 6605 6148 6388 
f 3561 910 6801 
f 3018 4480 68 
f 983 3735 341 
f 2849 80 4872 
f 517 707 1551 
f 5841 5861 5803 
f 3350 4025 4739 
f 353 1323 893 
f 3980 3809 3345 
f 2170 2681 6286 
f 6033 5996 603 
f 689 6914 4691 
f 1592 7038 3536 
f 5484 2519 6307 
f 2237 3766 3472 
f 360 3429 2892 
f 5085 5084 5331 
f 7071 532 2929 
f 6491 3683 6286 
f 5232 5894 6970 
f 1226 1944 5201 
f 72 4743 5235 
f 2374 2394 1961 
f 136 5221 56 
f 934 5555 4541 
f 91 124 183 
f 5377 5363 7027 
f 4550 4584 5687 
f 4865 4196 4930 
f 740 3065 2710 
f 6136 4207 4710 
f 4954 5555 1659 
f 6189 6127 6111 
f 1024 2995 3934 
f 5095 848 5326 
f 4106 4107 4076 
f 6891 5889 1783 
f 969 379 3387 
f 1803 5710 6814 
f 4476 1772 6508 
f 3988 4064 4059 
f 2505 4007 4760 
f 3564 3563 3682 
f 1306 4480 2486 
f 4955 3336 6405 
f 1349 6243 4823 
f 3630 3514 6645 
f 5780 3112 5350 
f 3660 2913 2054 
f 3744 3537 2896 
f 5597 3675 6645 
f 6493 6634 6636 
f 4820 4646 617 
f 5775 2802 2804 
f 4857 4401 5194 
f 4690 6417 117 
f 5610 3438 5231 
f 6218 4600 3639 
f 3520 3685 3565 
f 703 2984 701 
f 4234 3827 4207 
f 6825 6475 895 
f 3515 5878 4277 
f 5013 4423 5012 
f 4085 4118 4161 
f 1391 2488 7010 
f 3033 2174 5362 
f 144 233 5413 
f 6123 657 1325 
f 5517 7110 4095 
f 3585 5965 6118 
f 3332 3267 3330 
f 2494 1666 2357 
f 4931 3358 2565 
f 6401 4097 4490 
f 165 172 35 
f 6203 5222 5543 
f 2092 5156 1874 
f 3689 3648 3730 
f 4141 4726 7055 
f 3251 6596 3371 
f 5585 6704 5884 
f 6393 6688 824 
f 3089 3206 3179 
f 1748 2227 2225 
f 4616 4459 3915 
f 3622 4666 3581 
f 3720 1796 255 
f 3467 5897 6078 
f 3386 3379 3385 
f 251 5103 508 
f 3147 3642 4374 
f 6232 3592 635 
f 4119 6334 3983 
f 3263 1127 3392 
f 4150 4149 6349 
f 6308 3584 3100 
f 676 678 5112 
f 3830 316 5781 
f 2535 6318 190 
f 431 4431 3883 
f 6923 5789 5788 
f 3215 3246 3148 
f 2791 6456 2450 
f 1461 1814 1479 
f 5455 3620 1631 
f 3613 3574 3650 
f 3216 5675 2175 
f 5074 2402 2218 
f 2535 3508 4879 
f 1070 5384 586 
f 4474 5466 5463 
f 3017 2634 2009 
f 5728 5751 5731 
f 3273 669 1237 
f 1555 4719 3668 
f 6009 2648 2536 
f 5023 2611 1347 
f 4697 6366 4397 
f 5830 1284 3461 
f 964 3741 6725 
f 7062 4105 366 
f 3281 5134 3055 
f 1349 6395 158 
f 3288 2019 1882 
f 489 1939 2551 
f 1098 4487 6911 
f 2315 5752 1131 
f 2655 2481 2768 
f 3381 6822 3720 
f 6344 4765 5963 
f 7046 6663 6810 
f 1005 6761 3575 
f 363 5145 5940 
f 3559 3112 4290 
f 247 5067 7019 
f 5365 3378 3528 
f 5347 1224 1483 
f 6137 6255 6256 
f 5664 17 1808 
f 4172 1921 474 
f 2432 6889 1536 
f 5952 2941 2891 
f 2611 3672 5596 
f 3831 4950 5250 
f 4930 4188 1794 
f 858 6719 4734 
f 887 171 1355 
f 4425 5776 4246 
f 734 223 244 
f 557 6350 592 
f 4414 3776 528 
f 823 7004 7144 
f 895 3205 1208 
f 2791 2450 2713 
f 272 2860 1903 
f 4189 1182 405 
f 3391 4181 1503 
f 1619 902 6379 
f 294 2534 2417 
f 4108 4815 559 
f 573 5979 6860 
f 6282 6283 5179 
f 3751 3564 3682 
f 6496 6585 3503 
f 6686 6422 1356 
f 3946 3880 3879 
f 2841 2607 4541 
f 39 623 4019 
f 3996 2228 5791 
f 3562 3445 3596 
f 5659 324 5887 
f 3709 3630 6645 
f 5555 934 6294 
f 3942 2305 1552 
f 3802 3675 3800 
f 603 724 175 
f 1103 3203 2810 
f 4603 5348 4220 
f 3180 6231 3265 
f 4115 4029 4201 
f 2998 3905 6210 
f 4127 462 413 
f 3850 3815 3727 
f 3423 3452 3601 
f 2235 3584 6308 
f 2465 3307 6538 
f 6701 6540 5618 
f 3111 3115 2448 
f 227 3429 5739 
f 3379 3330 1215 
f 4957 289 1855 
f 5710 1803 513 
f 2216 6357 1885 
f 1641 2227 1748 
f 446 559 6057 
f 6063 6194 2532 
f 2545 5164 1379 
f 2430 6117 4886 
f 206 6558 6586 
f 586 5384 4723 
f 3029 3439 3030 
f 3555 2144 4418 
f 3658 3698 3769 
f 4113 4854 4186 
f 4909 1456 4739 
f 3246 3217 3148 
f 382 874 968 
f 1631 3355 2575 
f 5422 2691 6352 
f 6943 6681 6846 
f 2090 4498 4263 
f 6092 4957 567 
f 3871 4666 3622 
f 6367 5346 3870 
f 3869 3871 3622 
f 4420 6579 3846 
f 6391 5722 6757 
f 4862 2436 1135 
f 6693 1978 3036 
f 4642 1544 6066 
f 2001 6718 2003 
f 5733 3468 4366 
f 4701 5891 4373 
f 470 560 4358 
f 736 6320 3251 
f 4689 4045 5330 
f 5490 4088 5743 
f 7140 4418 4086 
f 625 2377 1522 
f 385 1346 1298 
f 4328 6995 3529 
f 4021 6613 3071 
f 3684 2094 2653 
f 6781 5180 5759 
f 2942 5480 6411 
f 2512 5945 3725 
f 4814 1257 2048 
f 411 1799 19 
f 4251 2041 4254 
f 1163 167 4162 
f 3301 2079 2831 
f 2300 973 81 
f 4433 1479 1455 
f 4630 4655 5098 
f 6124 3210 2175 
f 3955 1380 635 
f 4889 4445 4713 
f 6362 6383 2976 
f 5468 5078 790 
f 2395 2447 3996 
f 529 739 4288 
f 4058 4654 4813 
f 721 2936 2158 
f 549 306 950 
f 2297 3788 3984 
f 6904 3494 860 
f 6620 662 5694 
f 4214 6949 6161 
f 692 2561 4038 
f 5049 1057 2627 
f 2644 2469 1742 
f 5112 678 6929 
f 6234 6840 3282 
f 4716 6598 3228 
f 3168 3453 5504 
f 4650 6923 5788 
f 3516 7132 2792 
f 4084 891 1537 
f 1001 4933 5798 
f 6619 2119 1601 
f 6066 1544 1546 
f 6381 158 3413 
f 4508 6102 285 
f 1579 4542 1744 
f 3043 3171 6590 
f 3517 3447 3563 
f 1532 1962 5783 
f 2249 1202 1268 
f 4370 3409 3984 
f 5774 106 2477 
f 1555 3668 3987 
f 3632 3562 3596 
f 3448 1611 522 
f 6194 6063 1542 
f 3155 3805 430 
f 5413 3485 5622 
f 3630 3445 3414 
f 2612 1784 4691 
f 3149 5043 3750 
f 3918 3637 3845 
f 6309 5617 5846 
f 6187 4673 2982 
f 84 2408 90 
f 1285 4189 332 
f 2165 4323 2043 
f 3520 3517 3564 
f 6593 5897 5892 
f 485 4936 1646 
f 3997 3810 3918 
f 3643 3646 3566 
f 2423 812 2122 
f 3318 3366 5578 
f 3975 608 2734 
f 661 3891 1217 
f 4806 3369 2740 
f 3601 3565 3637 
f 668 2356 88 
f 2321 4415 6614 
f 3227 694 1037 
f 1453 3667 1588 
f 5022 6419 1683 
f 3091 3179 6231 
f 6150 6476 6679 
f 5039 6552 1671 
f 2575 3355 3396 
f 3930 3097 4014 
f 1819 6567 5118 
f 3390 3463 3574 
f 6695 6722 1320 
f 6304 2317 5640 
f 3531 3386 3385 
f 5467 790 6794 
f 5384 1070 1839 
f 3848 3924 3815 
f 2085 4939 2281 
f 6499 876 6507 
f 3869 3699 3865 
f 4666 1203 3009 
f 1448 5429 700 
f 4541 5388 934 
f 5455 1631 2575 
f 4428 1597 4479 
f 2309 609 2010 
f 5730 1459 826 
f 2142 5808 3518 
f 5038 5462 4590 
f 5455 3773 2775 
f 802 324 5659 
f 4196 532 3781 
f 4461 496 4437 
f 3865 3699 5842 
f 2916 5762 4312 
f 7110 4408 4095 
f 2520 2050 66 
f 6582 565 2916 
f 4614 1796 3922 
f 3056 5565 5384 
f 4481 4007 6568 
f 6723 7035 6811 
f 3713 3682 3711 
f 2207 7087 7014 
f 1855 2676 1252 
f 2212 797 2224 
f 2168 4738 2074 
f 6417 1038 3662 
f 763 5695 3108 
f 5032 4781 6382 
f 5057 5885 4547 
f 6815 3700 6551 
f 5109 5187 5443 
f 4190 495 3415 
f 3567 2518 42 
f 3799 3902 5044 
f 3271 5406 103 
f 2533 2279 3078 
f 4493 619 4851 
f 6070 6035 6068 
f 1648 2082 1708 
f 4397 7029 4697 
f 2006 5219 764 
f 6273 4596 4967 
f 3125 5893 5941 
f 4866 6319 5161 
f 3847 4750 2259 
f 5588 6351 5859 
f 5582 4629 5020 
f 6767 332 5240 
f 3866 3752 4259 
f 1987 3275 5352 
f 6003 1675 222 
f 5878 491 642 
f 6580 811 3233 
f 2211 4481 1946 
f 6298 392 6804 
f 6830 2287 2289 
f 3870 2393 883 
f 5828 4745 2584 
f 6041 730 7028 
f 4423 5700 5952 
f 7005 7003 4223 
f 5638 6849 2689 
f 650 994 837 
f 6628 2750 2284 
f 3827 4441 4065 
f 4745 5828 1238 
f 6011 2437 447 
f 2900 647 5183 
f 4969 5700 4423 
f 4481 1132 3893 
f 2876 4441 4539 
f 6017 3300 15 
f 5164 2634 3017 
f 2470 343 2158 
f 4076 3912 4492 
f 4963 2280 1716 
f 5707 816 4491 
f 453 4334 6290 
f 3445 3372 3414 
f 3645 6898 6897 
f 5810 6618 1392 
f 6160 4810 4133 
f 189 7047 769 
f 3204 676 2284 
f 3751 3685 3564 
f 2404 2654 5479 
f 1370 1537 891 
f 3682 3808 3751 
f 6387 2224 1661 
f 3571 1486 5480 
f 3730 3648 3727 
f 3224 3349 3321 
f 5204 4805 5548 
f 3180 3091 6231 
f 5060 1493 5298 
f 6348 641 7018 
f 5777 584 6349 
f 7026 988 1044 
f 3815 3850 3848 
f 4197 6327 4199 
f 3613 3534 3574 
f 6926 215 6485 
f 3330 3179 1215 
f 1600 2454 3583 
f 5265 2908 6722 
f 3643 3648 3647 
f 2324 6793 2646 
f 1718 350 3597 
f 1317 1925 3638 
f 3850 3754 3810 
f 2779 1299 1826 
f 3606 3689 3609 
f 988 4162 1635 
f 3003 3334 7094 
f 1818 2481 2655 
f 2982 6935 636 
f 6573 1551 7083 
f 123 926 6865 
f 3917 3518 5808 
f 4425 4410 311 
f 1173 7047 165 
f 3396 3241 3535 
f 4733 1696 1169 
f 1203 425 1340 
f 4429 5368 5237 
f 3634 237 2516 
f 1569 668 5709 
f 4695 428 447 
f 3051 1780 1183 
f 6955 4530 4885 
f 4325 2029 3864 
f 1267 5034 6698 
f 1308 5061 4833 
f 508 3778 1108 
f 3323 3740 2853 
f 6314 2058 5185 
f 4332 604 3654 
f 6980 630 96 
f 5646 4834 5570 
f 5802 1545 3394 
f 406 636 6935 
f 555 261 3864 
f 5479 1722 1114 
f 2527 2200 2367 
f 3359 4547 6631 
f 4275 3783 1900 
f 7028 730 2936 
f 3183 2952 3040 
f 58 6305 1288 
f 3088 1810 4273 
f 1865 2024 109 
f 2945 1974 2048 
f 5005 5719 4321 
f 1694 531 1286 
f 4848 2263 3043 
f 4713 4568 5438 
f 4116 243 2267 
f 6798 6291 1509 
f 3907 6640 4843 
f 64 5209 6843 
f 3720 255 3381 
f 1138 1772 5678 
f 1556 1557 2044 
f 3157 2609 2382 
f 175 3518 4120 
f 493 1474 494 
f 5820 6160 2439 
f 1326 1395 1328 
f 5005 2173 3983 
f 6731 6836 6489 
f 1793 6807 540 
f 5958 5861 5841 
f 1530 1819 5984 
f 337 647 7057 
f 2191 7123 6399 
f 2390 6274 4289 
f 52 2806 5689 
f 5397 2943 2958 
f 2126 4547 201 
f 31 5600 388 
f 3896 2997 7046 
f 6092 2049 2325 
f 2915 5597 2677 
f 4047 2390 2059 
f 6667 4925 1233 
f 2107 3188 3200 
f 4773 7112 6024 
f 4569 6480 4680 
f 3562 3632 3563 
f 6889 6524 3509 
f 1562 1541 7116 
f 6095 1457 1180 
f 5993 4131 5144 
f 4409 5423 4488 
f 5577 5923 2222 
f 6441 6205 3095 
f 4419 3191 1069 
f 3710 3802 3711 
f 7111 3365 7043 
f 5449 1238 5828 
f 6443 5667 1863 
f 2449 1890 6168 
f 3601 3637 3754 
f 3860 6229 3673 
f 3520 3487 3517 
f 6217 6826 4070 
f 2659 2213 5955 
f 3447 3344 3562 
f 1453 1588 4377 
f 129 200 229 
f 4036 403 3761 
f 1972 3321 3492 
f 1982 3167 1579 
f 3894 3854 3924 
f 3396 3355 3241 
f 4009 4853 4570 
f 5722 1517 5259 
f 2076 2663 20 
f 669 1282 1237 
f 4771 3758 4839 
f 5277 6330 5081 
f 3994 4242 4118 
f 6606 6463 1669 
f 4809 5103 1255 
f 3423 3319 3452 
f 1234 5459 2720 
f 3534 3390 3574 
f 654 5401 2822 
f 1877 699 2184 
f 6887 6868 2125 
f 568 3953 7032 
f 4839 3758 1646 
f 3819 3650 3759 
f 5487 5099 2548 
f 1462 5234 1377 
f 3969 3857 3931 
f 3246 3245 3280 
f 4234 4736 5218 
f 3282 6840 3449 
f 1620 2637 4412 
f 4786 5298 2117 
f 6630 3742 5506 
f 6247 3797 5699 
f 996 598 2555 
f 6703 4868 4485 
f 3178 4795 3937 
f 1129 3625 2923 
f 1199 6882 3366 
f 6798 4353 6799 
f 424 4767 5081 
f 3953 2455 6807 
f 592 6350 1833 
f 4399 4243 1023 
f 1000 5042 6940 
f 6559 6434 2118 
f 5561 6499 5282 
f 1158 3974 3726 
f 2901 2662 2108 
f 546 2966 2809 
f 1826 1391 7010 
f 5529 3567 1438 
f 3076 2759 6575 
f 2002 3114 1505 
f 4229 4130 3237 
f 5439 4554 4320 
f 1086 4513 3258 
f 1968 1577 6154 
f 2715 5374 5690 
f 605 1038 352 
f 5370 2005 392 
f 4694 5879 4398 
f 782 3724 4255 
f 5905 2601 6511 
f 1578 5028 2516 
f 4943 3942 1552 
f 5157 3108 4844 
f 5309 5916 3204 
f 1828 768 2336 
f 6750 117 6503 
f 2733 6901 5989 
f 3149 3448 522 
f 4366 5974 2294 
f 240 2910 3731 
f 6197 4312 5691 
f 5743 1342 5490 
f 246 637 1666 
f 4744 2176 6179 
f 759 752 3279 
f 5096 5097 6440 
f 5523 6382 4781 
f 4635 5493 3702 
f 4748 5470 5077 
f 1161 5819 740 
f 5449 5582 529 
f 3547 1287 2447 
f 1477 7053 2777 
f 2310 2502 1923 
f 2514 5987 6052 
f 3163 4910 4732 
f 3336 657 6123 
f 1846 6076 4338 
f 2407 4281 2206 
f 1016 4087 6962 
f 1041 6955 5333 
f 514 4158 2970 
f 6215 4795 2276 
f 2932 7032 3326 
f 3466 3476 1823 
f 3562 3344 3372 
f 1998 2063 3363 
f 3596 3710 3632 
f 2771 2889 6428 
f 3551 11 5889 
f 3751 3808 3959 
f 5595 3874 5534 
f 3015 3351 6140 
f 5299 168 6004 
f 113 2789 4930 
f 2525 2367 2362 
f 1024 5589 5333 
f 1740 3290 2879 
f 5965 5535 1861 
f 3520 3375 3487 
f 5039 4552 5227 
f 1659 5555 6294 
f 3947 5794 3921 
f 6033 4120 6307 
f 4763 6184 781 
f 2274 2573 2600 
f 6429 1659 709 
f 5478 2396 4633 
f 3685 3520 3564 
f 603 175 4120 
f 2800 2304 5436 
f 1382 4938 1102 
f 2737 5478 6953 
f 3682 3563 3632 
f 3690 1809 5991 
f 1713 2396 5478 
f 1972 3646 3647 
f 2301 2330 2293 
f 2189 2549 2933 
f 4189 2441 1741 
f 3606 3647 3648 
f 1597 4204 4333 
f 6136 4234 4207 
f 222 33 6003 
f 3566 3850 3727 
f 725 1548 2574 
f 463 2305 1123 
f 5537 1201 2132 
f 3965 3894 3924 
f 6435 1224 507 
f 1317 3638 2539 
f 2322 2184 5199 
f 1045 4602 5628 
f 4083 1484 4338 
f 6734 6836 6837 
f 3650 3574 3689 
f 5761 4463 150 
f 657 3336 4882 
f 1331 285 1003 
f 3463 3609 3574 
f 1546 7030 6066 
f 7065 2459 3878 
f 3526 3646 1972 
f 4254 938 4252 
f 472 2151 6610 
f 2133 2725 7101 
f 2902 1730 1540 
f 2130 3871 3869 
f 233 1345 3485 
f 5975 3351 3015 
f 3658 3859 3772 
f 6328 4613 4685 
f 356 4074 4239 
f 5789 502 277 
f 4385 4452 4453 
f 2780 6676 3579 
f 3622 3431 3621 
f 3904 5849 6129 
f 1969 427 2497 
f 17 5664 1960 
f 6162 6622 5756 
f 5545 4635 3702 
f 2971 2658 2040 
f 1011 2929 3277 
f 1802 3339 2442 
f 2858 2525 2362 
f 4427 256 6522 
f 5045 1800 1650 
f 4505 2144 4640 
f 874 4150 968 
f 3627 4790 107 
f 3705 1476 3309 
f 246 2614 2509 
f 3780 6617 1658 
f 460 6660 2014 
f 3092 4424 4420 
f 6568 4007 2505 
f 4840 4416 4838 
f 5337 941 2782 
f 3168 6441 3453 
f 3258 5515 4923 
f 6417 4690 6985 
f 6223 362 6905 
f 1018 6941 3422 
f 12 3546 5489 
f 3153 1997 5139 
f 2895 187 4720 
f 1329 1721 2081 
f 4238 5017 4293 
f 821 6053 6397 
f 254 5857 5797 
f 6471 4929 6470 
f 1916 3631 5906 
f 1121 5758 3230 
f 991 3356 4295 
f 5344 966 2509 
f 412 3417 4675 
f 5413 5622 3296 
f 6559 4143 2513 
f 436 2102 1376 
f 1542 1179 5676 
f 1179 1808 5676 
f 872 2744 6578 
f 6114 1048 4958 
f 5811 180 4032 
f 330 6728 3692 
f 3159 5138 3316 
f 6936 713 3409 
f 1969 4025 427 
f 742 6248 4450 
f 3486 750 4545 
f 3645 3229 1235 
f 4201 4297 4204 
f 2408 84 4143 
f 4154 5583 2865 
f 4623 2501 1423 
f 1545 644 3394 
f 1951 1924 5079 
f 3682 3632 3711 
f 6114 4958 6094 
f 4962 3824 737 
f 3463 3427 3386 
f 4821 4662 4512 
f 4928 4676 5695 
f 1433 2817 6020 
f 4577 6758 5189 
f 3258 4513 896 
f 837 139 650 
f 4820 5060 2116 
f 4691 6914 2612 
f 1466 1870 4323 
f 6251 5804 1582 
f 4564 7093 2854 
f 5269 3725 5945 
f 2068 5566 4225 
f 3526 3566 3646 
f 266 2197 3949 
f 4478 2424 3692 
f 6539 6445 2884 
f 6367 3870 1919 
f 1345 4808 293 
f 3569 1972 3647 
f 4026 2879 3292 
f 4957 1539 289 
f 6517 7034 2186 
f 5431 1284 1634 
f 4002 3894 3965 
f 4356 959 4670 
f 6051 5248 6821 
f 436 4922 432 
f 4132 4176 4314 
f 6492 2917 5526 
f 5813 4331 4127 
f 1484 1488 4338 
f 1976 1443 956 
f 4315 4267 4314 
f 4684 828 4647 
f 351 3093 3121 
f 6923 707 517 
f 6523 5174 2834 
f 3574 3609 3689 
f 1930 186 3801 
f 2142 3518 175 
f 2191 6655 6590 
f 1874 163 6862 
f 954 350 746 
f 1528 217 1787 
f 5545 5396 5544 
f 5270 4780 1031 
f 4756 2796 1070 
f 6182 2841 4954 
f 3312 3217 3246 
f 6913 3938 3939 
f 5455 3772 3773 
f 688 4105 3556 
f 5365 6221 3378 
f 34 5267 514 
f 3543 4664 3977 
f 1686 4533 7028 
f 744 4489 519 
f 2194 6859 681 
f 5321 148 3238 
f 1780 3051 1203 
f 5570 5673 2473 
f 6808 2490 925 
f 5820 1470 392 
f 3914 3456 3313 
f 630 1417 96 
f 258 296 2193 
f 364 2512 2209 
f 606 757 5802 
f 3114 2235 1399 
f 6725 1246 1640 
f 121 800 2241 
f 6280 6257 6256 
f 5978 5957 6001 
f 4080 3456 4486 
f 5976 7078 1045 
f 3661 1878 7006 
f 952 3704 3109 
f 4374 3642 3753 
f 4811 2900 5183 
f 4772 6649 6109 
f 1997 3653 1457 
f 3248 3678 5208 
f 6217 4070 1276 
f 1269 7143 301 
f 6890 6471 5307 
f 6446 3656 3764 
f 3073 3279 3072 
f 6145 4567 4926 
f 5868 6131 1356 
f 2286 491 2770 
f 5809 5984 3369 
f 5433 2558 5524 
f 1343 3219 7113 
f 2768 3794 6262 
f 5629 4643 5154 
f 4943 2473 5673 
f 3007 1656 6828 
f 4031 1507 3600 
f 852 5809 4806 
f 5905 4921 2601 
f 48 16 47 
f 1511 4711 4893 
f 3829 927 1014 
f 3961 5549 219 
f 6179 2176 840 
f 1499 1469 1427 
f 3422 6941 5480 
f 931 6619 4913 
f 4927 4596 4563 
f 4734 2767 963 
f 5444 4349 5454 
f 5482 1299 318 
f 5041 4781 4980 
f 6241 2394 2873 
f 5171 6188 5432 
f 2545 1379 6041 
f 1027 7043 861 
f 3800 3840 3802 
f 4691 518 4520 
f 6645 3514 2677 
f 3492 3423 3526 
f 4029 4115 3994 
f 4098 1382 7039 
f 6196 3339 3570 
f 156 211 212 
f 2834 2959 3289 
f 1017 2708 1310 
f 6989 1083 6519 
f 4163 3964 3997 
f 3660 5665 3982 
f 2574 4393 4392 
f 3845 3637 3685 
f 3637 3565 3685 
f 3721 5344 3617 
f 6804 392 2005 
f 1972 3569 3531 
f 6281 4950 6258 
f 4801 4066 4794 
f 6496 6852 249 
f 5487 5844 3189 
f 5146 288 5888 
f 1684 5591 5428 
f 1459 1050 5515 
f 3835 796 690 
f 1808 1769 5676 
f 3390 3427 3463 
f 2416 262 1873 
f 5087 6436 3229 
f 251 2433 234 
f 3936 5385 4971 
f 5544 4082 3156 
f 3268 3267 3332 
f 2172 2908 3847 
f 2148 2070 2028 
f 4132 4051 4176 
f 637 5607 6914 
f 5954 733 2137 
f 3243 3146 3096 
f 3051 6317 3009 
f 311 5776 4425 
f 394 244 2903 
f 2792 5907 130 
f 1037 5704 197 
f 3215 3245 3246 
f 3969 4173 4129 
f 6367 1089 5346 
f 168 5299 5150 
f 2843 5748 2327 
f 4908 5357 6370 
f 4585 5487 2548 
f 6260 4498 6839 
f 818 793 6173 
f 6690 5608 5464 
f 2910 240 5497 
f 2750 2562 5309 
f 2114 4302 4291 
f 1891 6559 2675 
f 7116 5645 6455 
f 82 7012 3628 
f 5380 5466 3400 
f 4560 6256 6257 
f 723 6026 29 
f 3155 2322 4350 
f 3963 5793 5192 
f 607 6846 1146 
f 5432 5226 5171 
f 3649 3892 1068 
f 3690 1422 5070 
f 993 4322 4803 
f 4270 4797 4470 
f 2624 3134 6600 
f 3316 2027 3159 
f 826 2538 6097 
f 561 628 4308 
f 6934 7141 6836 
f 2873 3862 1605 
f 2974 6239 691 
f 4911 4600 4622 
f 5558 2063 3817 
f 4020 1082 2196 
f 802 67 324 
f 3879 5114 3783 
f 6181 3629 1680 
f 549 950 6361 
f 6117 2694 2695 
f 4633 6182 4954 
f 4410 2313 311 
f 2973 6377 4573 
f 5724 6476 6150 
f 2860 5948 6430 
f 2929 532 4196 
f 4038 5576 3023 
f 3936 6612 1295 
f 6359 6362 6336 
f 1691 2062 6563 
f 5380 2813 3405 
f 3661 2097 1655 
f 1252 2676 1407 
f 1828 2336 2276 
f 6399 6325 2191 
f 682 921 1453 
f 6507 898 6520 
f 2570 7018 5469 
f 1399 7079 7004 
f 2194 1130 1850 
f 2783 6177 1813 
f 4323 6426 3033 
f 1126 658 2765 
f 1682 1667 4808 
f 3220 3194 3314 
f 5232 6306 5894 
f 2915 6585 3801 
f 3626 3907 4823 
f 1609 442 1498 
f 4027 4110 4029 
f 186 6506 5552 
f 1972 3492 3526 
f 2117 21 4786 
f 6173 660 6742 
f 1604 1500 1533 
f 3647 3646 3643 
f 3997 3918 3995 
f 3805 6595 6529 
f 4423 4424 3092 
f 4160 4161 4118 
f 3810 3637 3918 
f 4204 4297 4333 
f 6846 607 747 
f 3386 3531 3463 
f 1639 620 1162 
f 1021 5762 5680 
f 5068 5071 4187 
f 320 198 3104 
f 5583 4154 5226 
f 2106 4230 2154 
f 2916 6197 6582 
f 2641 2606 6515 
f 3535 3241 3470 
f 4087 1198 1693 
f 5619 1004 178 
f 6010 5193 4441 
f 7028 721 6376 
f 5376 1160 776 
f 4222 4179 4221 
f 3769 3737 3858 
f 4132 4053 4051 
f 3666 4048 5715 
f 3820 3650 3819 
f 4971 88 6075 
f 4252 4426 4251 
f 6089 6118 2240 
f 4484 2913 5682 
f 5052 6761 1005 
f 5004 5639 6447 
f 4683 4817 5262 
f 1323 353 6835 
f 6268 1980 3142 
f 3209 1658 6617 
f 4517 3048 2031 
f 3245 3337 3280 
f 149 6707 6338 
f 3772 6913 3773 
f 6237 3576 6239 
f 1099 106 3677 
f 2775 3699 3621 
f 2477 128 3623 
f 4919 6360 2355 
f 6391 1721 4518 
f 5922 5921 5151 
f 2508 3677 6603 
f 6980 6141 5736 
f 5256 6314 3400 
f 4696 3453 5227 
f 1537 5431 4084 
f 6346 5034 1267 
f 5459 3504 2720 
f 1433 4214 3137 
f 37 3674 4093 
f 6851 2709 2129 
f 4172 555 3864 
f 2675 6559 2513 
f 286 981 985 
f 72 5235 3064 
f 6097 2538 896 
f 6236 3426 5834 
f 1541 1342 5766 
f 1241 6533 154 
f 1198 2339 1804 
f 117 1381 4690 
f 4801 4794 4800 
f 249 6585 6496 
f 1089 1936 5723 
f 4280 2661 1888 
f 6455 5504 5351 
f 2272 4078 3093 
f 4322 286 3113 
f 1751 6916 2994 
f 3136 3237 4130 
f 239 4310 6336 
f 5162 2055 6314 
f 2888 1740 397 
f 4389 291 6651 
f 5694 662 2679 
f 5967 3702 5493 
f 7068 4032 1248 
f 6606 908 1451 
f 669 3273 2959 
f 1510 1948 4825 
f 7024 7023 2467 
f 5523 4781 5041 
f 4582 3083 5257 
f 2301 406 695 
f 3925 1594 1384 
f 5252 5796 3830 
f 2414 530 5033 
f 2449 4280 1890 
f 2430 3655 2511 
f 2400 654 5378 
f 6418 6524 1868 
f 3503 6585 2915 
f 3642 2631 2460 
f 4449 3525 3722 
f 6666 4370 4513 
f 3872 1262 4482 
f 3566 3727 3643 
f 6936 5370 395 
f 2556 101 6951 
f 595 6945 5381 
f 4291 4302 643 
f 4493 1454 4601 
f 1826 5372 354 
f 5491 2245 2189 
f 5497 5765 4290 
f 6243 1509 6072 
f 6252 6922 2969 
f 3678 3248 3867 
f 1939 6545 1048 
f 6595 4718 6529 
f 851 4649 2940 
f 1597 1573 4242 
f 6674 742 4784 
f 3854 3815 3924 
f 5740 6047 1606 
f 960 1037 694 
f 2036 2744 4678 
f 3855 3759 3816 
f 6799 1750 5040 
f 4262 496 4176 
f 4126 4342 4043 
f 6316 6691 5859 
f 297 7055 1359 
f 4131 5993 6602 
f 2575 3772 5455 
f 353 5268 1342 
f 4613 6328 5386 
f 4995 2737 4540 
f 4461 2292 4438 
f 3622 3699 3869 
f 5671 4515 67 
f 1908 1183 1780 
f 5851 814 6807 
f 4732 4717 3163 
f 1443 1042 956 
f 1690 3065 1411 
f 519 1803 1943 
f 1481 1899 5518 
f 3522 4867 6077 
f 615 492 2822 
f 3395 4888 4761 
f 6961 7023 7024 
f 6846 6922 1146 
f 3748 5464 5608 
f 6399 2919 6697 
f 5866 6415 526 
f 6100 5970 1652 
f 2207 7014 7085 
f 4926 6419 6145 
f 6663 3511 4722 
f 862 859 1113 
f 5854 3705 3624 
f 4929 5563 6470 
f 4452 4382 4430 
f 3309 3624 3705 
f 4901 5575 5439 
f 1177 5447 4920 
f 4866 5208 3480 
f 136 6338 5080 
f 6802 4687 828 
f 264 1700 2433 
f 2511 6117 2430 
f 849 4606 2967 
f 1508 349 6071 
f 6766 6227 6777 
f 4777 3817 2063 
f 5763 1442 1445 
f 5506 3156 5696 
f 4466 3542 3005 
f 3664 1887 5872 
f 3413 4784 6381 
f 6868 1932 4996 
f 225 509 652 
f 3553 6515 4131 
f 4801 4804 4797 
f 2951 4819 7115 
f 5747 467 6427 
f 5582 5449 5828 
f 6078 5897 2824 
f 5320 2393 3870 
f 6227 6766 6633 
f 5852 6527 2759 
f 661 634 325 
f 1488 1538 1621 
f 2920 7088 6297 
f 6855 6907 6176 
f 113 4196 3781 
f 4367 4327 4075 
f 95 1891 1026 
f 1674 5022 5421 
f 533 4239 4074 
f 4955 2316 7074 
f 5298 1493 671 
f 4111 6380 649 
f 2418 1141 4784 
f 252 1152 3367 
f 4110 4027 4107 
f 3710 3709 3802 
f 5242 711 3417 
f 3958 3956 3959 
f 4115 4204 4242 
f 4201 4110 4297 
f 5208 3678 3480 
f 3606 3531 3569 
f 2881 6333 4671 
f 1139 1020 1625 
f 5995 2183 34 
f 3964 3965 3848 
f 486 5942 2869 
f 6257 6258 4560 
f 3855 3931 3857 
f 6980 2953 630 
f 2359 6462 4671 
f 4136 6788 6694 
f 21 2117 6861 
f 2577 6466 5059 
f 4281 6523 825 
f 3095 7136 6723 
f 4041 717 783 
f 6340 2673 4287 
f 3411 5192 5242 
f 4267 4221 4177 
f 3894 4006 3898 
f 3769 3698 3737 
f 4314 496 7102 
f 4396 4619 4460 
f 4061 3865 4060 
f 511 607 512 
f 2659 5955 5471 
f 150 6233 6226 
f 6297 992 2310 
f 1149 5594 454 
f 3124 772 3875 
f 6020 5401 3978 
f 2930 915 2652 
f 4343 4315 4438 
f 4221 4267 4222 
f 3965 4089 4002 
f 2004 4272 4807 
f 6482 5668 5473 
f 6244 6806 3763 
f 1280 4343 4438 
f 2130 2306 425 
f 128 5283 4895 
f 1378 78 2278 
f 3664 6927 4202 
f 3159 6097 5138 
f 1033 1142 1950 
f 1065 4269 4818 
f 378 3331 2679 
f 7068 2021 3403 
f 4911 6132 942 
f 4973 4805 5292 
f 1967 474 1921 
f 1956 3524 3951 
f 5140 5249 2018 
f 2683 5046 3437 
f 2662 3895 3712 
f 1830 672 1150 
f 6353 987 5229 
f 5885 5742 646 
f 5019 5834 398 
f 633 470 2149 
f 166 2116 4786 
f 4560 5854 6256 
f 3451 5502 2973 
f 4869 6991 2975 
f 2989 2990 4062 
f 7126 739 5046 
f 4746 2880 1316 
f 1038 122 352 
f 5849 5939 5893 
f 375 6149 260 
f 1536 6889 6689 
f 7112 1071 7045 
f 4545 2751 597 
f 1191 2846 6115 
f 5782 1276 4810 
f 4742 4780 4964 
f 2216 375 260 
f 5653 5667 5550 
f 626 842 1531 
f 710 1802 2442 
f 2356 5818 5699 
f 2089 4858 6305 
f 1163 4162 6059 
f 6925 1145 4876 
f 3109 3704 3165 
f 5193 5013 5012 
f 986 6808 4725 
f 6091 2327 4805 
f 1534 3483 1129 
f 5478 519 756 
f 398 5834 5533 
f 5492 6940 5042 
f 161 3058 4232 
f 7031 799 2739 
f 3675 5597 3749 
f 5618 5869 2476 
f 760 1612 84 
f 4784 1141 892 
f 2418 5784 1141 
f 6165 3542 3361 
f 2188 6931 1184 
f 3727 3648 3643 
f 6042 3976 1743 
f 6168 2816 2857 
f 2281 4939 4121 
f 186 5552 381 
f 3237 3537 3744 
f 4069 770 2244 
f 477 1672 4108 
f 2033 1531 5530 
f 83 1905 5180 
f 2079 1249 1122 
f 1705 1291 1010 
f 4546 4453 4495 
f 1597 4608 4479 
f 4443 236 792 
f 6376 3989 4253 
f 730 6998 6287 
f 4245 4382 4210 
f 6971 6664 6857 
f 4546 4495 4579 
f 3689 3606 3648 
f 1397 4934 1782 
f 3293 6598 4717 
f 4548 6644 4437 
f 3296 144 5413 
f 4796 7009 400 
f 5719 5395 280 
f 872 2738 2744 
f 5959 319 1786 
f 4726 5154 3208 
f 2131 3752 3866 
f 6437 1811 2151 
f 3820 3819 3857 
f 3855 3816 3898 
f 2792 1749 6999 
f 3737 3534 3613 
f 4650 2123 706 
f 942 4597 1993 
f 440 1376 438 
f 2726 6178 4605 
f 3470 3332 3390 
f 6530 5416 2466 
f 5704 4328 3529 
f 1877 881 2295 
f 6180 2626 3950 
f 6298 6804 6812 
f 6448 3471 4383 
f 3990 3209 5882 
f 1997 6222 3653 
f 6568 2505 5531 
f 5766 1342 5899 
f 3021 3739 4693 
f 6270 658 5814 
f 524 614 616 
f 5163 2506 4959 
f 3676 6432 889 
f 4821 5279 4983 
f 938 1517 4699 
f 2564 1852 3968 
f 3674 3688 4378 
f 3483 4325 1283 
f 1116 5934 1234 
f 5454 5463 5466 
f 5765 5171 3559 
f 6687 730 6041 
f 4466 3910 3519 
f 80 4144 4872 
f 1841 2004 4807 
f 1874 6862 2092 
f 3677 871 1099 
f 3116 4211 7059 
f 7063 2602 7126 
f 4239 3502 1140 
f 1428 6121 6657 
f 4810 6633 5782 
f 694 1551 960 
f 4022 3240 3715 
f 2127 4353 6073 
f 3915 4624 4616 
f 1657 6725 6402 
f 3093 7014 7087 
f 2341 1572 6521 
f 1276 5782 4041 
f 6628 218 3681 
f 2260 6017 15 
f 6266 4319 1075 
f 2316 6394 6006 
f 5534 3874 2058 
f 205 4292 4754 
f 5658 5048 3177 
f 6356 5314 2843 
f 3108 978 763 
f 1557 774 2044 
f 2279 2533 4556 
f 2019 3288 5431 
f 911 6574 873 
f 7045 5009 6976 
f 1554 5659 6088 
f 4757 3238 4081 
f 6372 371 4010 
f 2915 186 3749 
f 1316 392 4746 
f 1415 1397 5378 
f 5798 4933 5107 
f 939 2169 5186 
f 793 818 2091 
f 3954 4027 4029 
f 3713 3840 3954 
f 1106 3826 5628 
f 5224 4827 1045 
f 6435 1483 1224 
f 6822 3381 2906 
f 260 6357 2216 
f 3901 3859 3769 
f 4179 4060 3938 
f 2212 990 5800 
f 412 6357 6163 
f 3965 3964 4089 
f 6020 1775 1433 
f 523 570 612 
f 6803 6777 6812 
f 911 683 6574 
f 7015 1966 3407 
f 52 5746 2806 
f 5680 2483 5513 
f 4127 4331 7105 
f 3857 3819 3855 
f 12 5410 5465 
f 3049 2084 6430 
f 876 5390 3693 
f 2879 3297 1740 
f 5803 5753 5779 
f 74 2815 6696 
f 5900 1755 4456 
f 6499 6507 4403 
f 6790 917 4741 
f 2306 6744 3188 
f 4313 4400 496 
f 17 1769 1808 
f 1480 4777 2063 
f 3781 2142 113 
f 3508 2639 6317 
f 5672 5660 5677 
f 6813 3528 3378 
f 6088 3277 1554 
f 2559 4849 2128 
f 5810 1087 6795 
f 1998 2 1480 
f 4815 6057 559 
f 3184 4540 7071 
f 1993 3007 4246 
f 2580 4970 4092 
f 5548 4805 4973 
f 6273 5237 4596 
f 1328 1253 1290 
f 1188 6968 3765 
f 4701 7131 1989 
f 155 7013 7014 
f 5011 5971 1123 
f 5755 6720 984 
f 1608 5630 5920 
f 585 3182 6682 
f 5537 925 1201 
f 1049 4112 6746 
f 5746 5745 737 
f 4327 4322 4075 
f 6314 5256 2058 
f 832 4649 1078 
f 5941 5963 5898 
f 911 909 683 
f 858 2263 1868 
f 6930 4417 414 
f 5536 6669 2222 
f 917 6695 1320 
f 4921 5528 5581 
f 5155 5078 3465 
f 1988 4284 1104 
f 4171 1598 5604 
f 3694 97 231 
f 7006 1878 1877 
f 2683 42 3890 
f 3080 3084 2877 
f 2374 3862 2394 
f 2606 6885 6515 
f 961 6987 4434 
f 6849 920 216 
f 5393 6504 3313 
f 4561 4407 5472 
f 1514 5239 4639 
f 59 1317 1083 
f 6557 223 5042 
f 4657 142 1369 
f 2903 393 394 
f 2293 636 2301 
f 5742 5057 1954 
f 4091 1478 3970 
f 4289 6274 6957 
f 2629 2002 1505 
f 7042 6934 6729 
f 642 491 6342 
f 4973 1512 5548 
f 1600 3583 6919 
f 5215 5062 5327 
f 5951 6698 1724 
f 4882 1629 657 
f 2723 534 1984 
f 5538 6551 6439 
f 877 182 3602 
f 1851 3729 6416 
f 6794 790 2122 
f 158 6381 4375 
f 5882 1754 3990 
f 4201 4029 4110 
f 4753 2182 1515 
f 4435 1857 3139 
f 3711 3632 3710 
f 4366 2294 7060 
f 700 5429 3430 
f 1509 4353 6798 
f 1588 1867 2923 
f 6871 447 2437 
f 6640 3626 5552 
f 6897 3231 3281 
f 4730 41 2485 
f 4161 4163 4085 
f 3605 4345 2498 
f 5284 2416 5922 
f 1760 1736 163 
f 3845 3994 3918 
f 871 2720 3504 
f 4446 3307 2465 
f 6695 6233 6512 
f 2534 5541 5411 
f 4569 4680 4608 
f 2482 4651 1053 
f 3609 3531 3606 
f 3526 3601 3566 
f 4448 6480 4569 
f 4160 4242 1573 
f 3858 3901 3769 
f 6326 4443 7067 
f 5390 876 5339 
f 3854 3730 3815 
f 4526 4467 2650 
f 1792 1849 894 
f 2359 4671 1247 
f 4314 7102 4315 
f 6343 815 971 
f 3927 3973 5456 
f 4267 4315 2716 
f 4306 1363 827 
f 1150 672 4740 
f 4979 7088 77 
f 1580 6744 2306 
f 5289 1983 3334 
f 6478 3082 2533 
f 5248 6051 6331 
f 1066 267 2663 
f 2171 2502 2332 
f 6178 7080 5266 
f 2788 520 2659 
f 5192 3411 2507 
f 6460 2669 2613 
f 7115 3659 6687 
f 5342 3207 1829 
f 5771 2652 915 
f 5593 4580 121 
f 668 5706 5709 
f 1848 791 4348 
f 6049 675 2152 
f 5691 4312 306 
f 398 2489 2553 
f 6925 2305 463 
f 4316 5017 4106 
f 5237 5727 5029 
f 6758 4577 2613 
f 1332 2554 7 
f 6158 3624 3507 
f 4555 5587 5918 
f 3003 2407 5980 
f 6683 5546 1062 
f 2431 6822 2348 
f 5930 5957 5978 
f 3293 4717 4732 
f 6841 6779 2368 
f 5315 2985 367 
f 6195 6906 1988 
f 2916 5680 5762 
f 5644 1832 1351 
f 3604 6571 4516 
f 3548 944 943 
f 2678 2345 2851 
f 7059 6905 362 
f 169 1974 2769 
f 3588 5091 413 
f 5939 5849 5890 
f 6232 5685 6796 
f 4767 5157 5081 
f 1097 834 3876 
f 2046 2569 6896 
f 1003 2868 1331 
f 922 6402 4642 
f 5987 2166 451 
f 1758 3035 6724 
f 5471 3500 2659 
f 1762 3777 5670 
f 4316 6039 5881 
f 5075 4733 4124 
f 6418 6950 4193 
f 2661 6957 6672 
f 6039 6285 5881 
f 4057 3507 1208 
f 5521 2329 4889 
f 89 7109 4793 
f 497 3039 1444 
f 3713 3954 3958 
f 1393 6591 1494 
f 5010 196 1564 
f 3218 7106 4683 
f 4544 4732 4910 
f 6349 4149 5244 
f 4118 4242 4160 
f 3956 3954 4029 
f 3190 379 386 
f 6352 2691 1570 
f 6580 3233 912 
f 3711 3802 3713 
f 4437 4460 4548 
f 3566 3754 3850 
f 6047 6916 1751 
f 1981 5592 6743 
f 6952 2351 608 
f 873 817 1703 
f 3810 3848 3850 
f 6986 1178 6988 
f 6823 2507 3527 
f 6807 2455 540 
f 1774 1181 347 
f 6 5845 2124 
f 7047 170 769 
f 4437 4400 4460 
f 5399 4306 1254 
f 2189 2933 3960 
f 3696 3650 3820 
f 3924 3848 3965 
f 992 7088 4979 
f 4645 3006 5681 
f 4174 4262 4176 
f 3819 3759 3855 
f 518 5580 554 
f 1262 3872 1789 
f 245 6588 4721 
f 312 3070 1942 
f 4241 5193 6010 
f 2453 5063 307 
f 3441 3968 1852 
f 2866 5001 2319 
f 4053 4132 3787 
f 3855 3898 3931 
f 7102 4438 4315 
f 2501 2795 1423 
f 3938 3787 4134 
f 6913 3939 5842 
f 4061 3981 3865 
f 3383 2701 5128 
f 2134 1387 798 
f 3887 2199 1321 
f 2334 1904 5205 
f 1912 1788 1881 
f 826 6097 1157 
f 4769 5272 4013 
f 4220 5317 4380 
f 3558 6207 1880 
f 5971 6238 5274 
f 1863 6314 2055 
f 5266 7080 4779 
f 2048 1257 6779 
f 3833 2566 2340 
f 5439 4320 5448 
f 4307 4573 6377 
f 4133 3497 930 
f 5809 1233 1050 
f 6603 106 5774 
f 1488 390 1538 
f 5543 4206 6203 
f 840 4392 3641 
f 2550 2025 5115 
f 664 5378 1397 
f 6621 6820 547 
f 304 1181 7081 
f 6400 209 680 
f 4630 935 5187 
f 6788 2415 2844 
f 4729 5351 4552 
f 1197 2326 3991 
f 5583 505 2865 
f 3544 4311 5485 
f 5606 4867 6363 
f 2862 510 5747 
f 543 6260 1622 
f 1434 531 1694 
f 952 1366 2880 
f 3070 2697 2778 
f 1771 4708 1947 
f 5252 72 4625 
f 5949 3599 4837 
f 2061 1709 5554 
f 2777 1258 1150 
f 4550 5687 5276 
f 3450 5502 3451 
f 6509 4594 6368 
f 5531 5367 4369 
f 956 2146 1976 
f 1903 3068 6833 
f 601 3770 66 
f 5099 5620 3450 
f 4802 1908 4852 
f 4369 4797 4804 
f 4367 4369 5367 
f 6478 957 4164 
f 3922 1339 1337 
f 1968 7132 7073 
f 3119 6426 134 
f 5931 5105 4617 
f 1303 2885 1440 
f 6669 2895 2120 
f 2773 5640 2083 
f 3907 4784 3413 
f 3402 1822 3779 
f 381 5552 5508 
f 3800 3749 4492 
f 476 6626 56 
f 2928 5105 845 
f 5126 4887 2166 
f 3959 3808 3958 
f 4110 4107 4238 
f 3709 6645 3675 
f 1068 3892 135 
f 6356 1835 6234 
f 4574 4430 4479 
f 4453 4452 4495 
f 4309 6442 4546 
f 1588 3176 4377 
f 1814 6329 1455 
f 1137 986 3228 
f 6434 5196 2118 
f 3844 1980 6685 
f 4546 4579 4615 
f 5637 6644 4548 
f 1367 2585 3669 
f 3499 4712 3578 
f 1258 1430 1426 
f 2206 2039 3657 
f 3848 3810 3997 
f 5154 1200 4910 
f 5675 3425 4986 
f 3822 3696 3820 
f 3404 3779 2027 
f 5335 4935 4762 
f 2937 5146 1281 
f 5707 3203 1103 
f 1331 218 6628 
f 2548 4573 4585 
f 1716 3377 4963 
f 3115 3111 2724 
f 379 2774 386 
f 419 4119 1761 
f 5043 1214 1907 
f 5887 6088 5659 
f 3858 3822 3820 
f 4179 3938 4134 
f 3635 6424 776 
f 5205 5613 1607 
f 3193 5233 3402 
f 6938 3908 1719 
f 4581 479 6452 
f 2292 4549 1280 
f 5052 1314 481 
f 5808 6711 709 
f 5154 4910 6449 
f 3104 6265 5106 
f 1363 5399 2569 
f 4725 925 5537 
f 6658 1071 7112 
f 2202 6912 1735 
f 6692 5004 5152 
f 500 30 6685 
f 4564 6198 5117 
f 1682 233 6900 
f 4457 4206 160 
f 5469 2870 4395 
f 729 6574 683 
f 2672 3503 2677 
f 3725 2209 2512 
f 2615 1623 3178 
f 6144 384 2007 
f 1028 1021 4787 
f 5876 4081 2315 
f 3384 3166 4155 
f 4998 5978 6001 
f 791 2770 3294 
f 4801 4270 4066 
f 3645 6897 6780 
f 4067 4470 4444 
f 2009 2634 3512 
f 5230 2667 2529 
f 6930 2767 4417 
f 6652 6119 5987 
f 6252 1770 2474 
f 3986 3989 3776 
f 1400 1657 6402 
f 1724 4517 2031 
f 4324 6325 6399 
f 5025 56 6626 
f 4034 4014 3097 
f 4052 5349 4426 
f 3878 4667 3629 
f 185 2640 778 
f 6359 6258 6257 
f 2367 2525 2527 
f 4380 3071 6596 
f 923 692 1109 
f 5586 5501 110 
f 5807 5738 5753 
f 1267 5894 6346 
f 3284 6204 6203 
f 2825 1668 3132 
f 3573 4612 4393 
f 2879 3290 3292 
f 1863 4897 3400 
f 4444 4075 4322 
f 196 3945 1564 
f 4922 2261 4567 
f 3692 5938 321 
f 465 746 350 
f 5468 790 5467 
f 2048 1974 169 
f 5929 5202 2237 
f 6143 3418 1979 
f 4259 2688 4405 
f 936 697 5650 
f 6116 7122 6085 
f 1275 1242 1386 
f 3596 3630 3710 
f 2697 5896 6814 
f 3954 3840 4027 
f 4608 4574 4479 
f 3808 3682 3713 
f 1573 4245 4160 
f 4657 4596 5368 
f 4268 4544 4910 
f 1099 128 2477 
f 1987 1070 2743 
f 1461 1479 6199 
f 4215 4382 4452 
f 1239 7141 6934 
f 3828 5349 6010 
f 6969 6659 3397 
f 4101 5059 4411 
f 568 3834 3953 
f 4340 4342 4126 
f 4891 3905 2998 
f 7021 7122 6920 
f 6951 2036 4345 
f 2620 6058 2106 
f 6852 590 5784 
f 2656 2651 1665 
f 3159 4740 6097 
f 2 1985 2210 
f 6908 6834 1629 
f 4888 2453 5539 
f 4043 4342 4173 
f 135 6561 3604 
f 1487 6044 1857 
f 2507 5514 1599 
f 5752 2315 148 
f 4174 4051 4129 
f 1896 5245 2686 
f 1291 1124 1022 
f 5545 7144 4635 
f 6967 2016 5785 
f 4624 26 325 
f 6871 972 2011 
f 5929 602 5347 
f 3475 3312 3431 
f 4947 5769 5630 
f 3200 3188 6744 
f 4317 4269 4222 
f 2592 2445 5425 
f 5148 3188 1344 
f 6744 4012 7124 
f 5561 3582 5489 
f 5229 987 188 
f 451 6652 5987 
f 4674 3093 7087 
f 3507 3309 4505 
f 7023 4594 7022 
f 5213 5214 5170 
f 5463 5454 5325 
f 372 2002 2450 
f 5763 1445 1373 
f 230 271 177 
f 6967 6844 4589 
f 6828 4410 3007 
f 275 231 279 
f 4017 3961 5029 
f 3856 6337 5856 
f 4966 4017 5029 
f 6158 4057 6222 
f 5714 7091 2494 
f 2086 869 3631 
f 591 1513 988 
f 1037 197 3227 
f 6001 5957 5998 
f 1503 3991 6973 
f 3068 6724 6833 
f 6290 4334 2745 
f 6572 6490 6454 
f 7083 1551 694 
f 853 1566 1802 
f 5945 5944 5269 
f 1443 2297 6629 
f 6776 1844 2268 
f 2975 6991 4789 
f 4740 2777 1150 
f 6781 1684 139 
f 3350 4739 6754 
f 7074 3211 3412 
f 1746 1179 6893 
f 700 4997 1448 
f 5451 5446 5450 
f 5663 1349 2141 
f 6953 5478 4633 
f 4143 4190 2513 
f 5508 3757 6039 
f 2705 5200 3119 
f 2408 2524 90 
f 1565 1851 6416 
f 5231 3435 6488 
f 5487 4585 132 
f 6953 4633 6711 
f 3687 3980 1626 
f 4602 1045 7078 
f 4643 3208 5154 
f 6342 5395 476 
f 278 4943 1552 
f 7124 4061 4180 
f 1418 513 1803 
f 1957 3782 600 
f 6588 245 3838 
f 6335 5314 6356 
f 3443 2960 5805 
f 3913 4884 1507 
f 5694 2679 6296 
f 4300 4477 528 
f 5755 2503 4760 
f 1949 5216 2257 
f 6339 1775 6020 
f 3252 3636 7000 
f 4027 3840 3912 
f 3823 6684 2979 
f 5931 4617 3076 
f 4382 4245 1573 
f 1284 5830 3333 
f 7122 3359 6921 
f 3809 5919 6347 
f 3532 3460 1467 
f 4411 6765 4714 
f 3126 1425 3460 
f 3467 5203 5897 
f 3586 5124 1052 
f 4667 587 2687 
f 3374 4893 1460 
f 4031 5725 3913 
f 6316 4874 5585 
f 4687 4647 828 
f 6644 4461 4437 
f 136 56 5025 
f 4006 3894 4002 
f 944 3166 1615 
f 2557 3532 1467 
f 6795 395 1366 
f 6266 6373 4319 
f 3304 235 431 
f 3339 1802 1566 
f 5615 315 2037 
f 3256 6155 2624 
f 6808 986 6171 
f 6394 4165 6629 
f 1536 5040 1750 
f 240 5421 2262 
f 2289 2287 7007 
f 2688 4071 3882 
f 6134 2111 1425 
f 3535 3390 3534 
f 4177 4221 4134 
f 840 4265 5452 
f 1108 3778 6589 
f 181 1991 6882 
f 5689 3839 4059 
f 4502 3921 515 
f 1491 5483 7040 
f 3693 5390 5613 
f 4868 5055 4485 
f 2029 633 2376 
f 3110 4581 6511 
f 2960 1076 5883 
f 4058 4813 5994 
f 5067 5758 266 
f 5805 3161 5278 
f 1452 1437 1398 
f 4050 6323 5621 
f 4441 3828 6010 
f 2714 6653 2695 
f 4934 1397 1415 
f 255 3708 1986 
f 6159 5616 4538 
f 523 524 358 
f 6877 4694 4988 
f 5100 6393 2197 
f 6228 3276 5648 
f 4607 1210 3026 
f 5435 6346 6531 
f 2417 4069 5315 
f 5343 6330 4844 
f 1072 6372 4976 
f 1149 2711 6748 
f 3154 5877 5424 
f 5794 6826 515 
f 6099 6326 6100 
f 5852 286 3117 
f 6793 5635 2299 
f 786 1174 6379 
f 6682 5202 6435 
f 745 3305 1567 
f 6670 1217 3786 
f 5936 5016 2336 
f 4470 4797 4369 
f 6163 4113 3957 
f 1120 1556 604 
f 1304 1305 1229 
f 1382 4098 4938 
f 804 999 6856 
f 451 2894 5946 
f 5343 4844 4840 
f 4709 1547 5532 
f 6890 5307 2965 
f 2319 6639 4401 
f 727 2823 4030 
f 5725 4881 4884 
f 6291 6285 6072 
f 5986 5982 6029 
f 7119 5543 6613 
f 5471 5955 6380 
f 4168 4352 4183 
f 3714 1347 1854 
f 5282 1199 3366 
f 5091 4476 413 
f 3851 1453 1482 
f 3904 6476 5812 
f 4169 563 1934 
f 2610 1378 18 
f 2713 4078 2791 
f 6416 6910 3804 
f 4210 4163 4245 
f 3718 1843 1019 
f 4452 4385 4215 
f 4085 3997 3995 
f 1776 2894 6321 
f 4125 3964 4163 
f 4245 4161 4160 
f 914 906 6556 
f 4382 1573 4428 
f 2549 6820 2933 
f 3964 3848 3997 
f 3931 3898 4006 
f 4597 6132 5732 
f 4515 1587 67 
f 2700 52 5637 
f 68 2422 2759 
f 1506 931 4913 
f 4314 4176 496 
f 4549 2292 181 
f 7083 6772 4682 
f 1338 3513 6674 
f 5848 5424 5877 
f 4260 4174 4173 
f 3834 568 2943 
f 3409 6666 6936 
f 4169 1401 1520 
f 6442 4385 4453 
f 866 1311 5088 
f 1610 6183 864 
f 3792 4873 4478 
f 4177 4134 4132 
f 4626 3254 3478 
f 1651 861 4627 
f 3938 562 3787 
f 6507 3832 4403 
f 1991 5578 6882 
f 1273 1207 1251 
f 805 5220 5209 
f 3184 4995 4540 
f 328 1927 1958 
f 3213 1279 3212 
f 2546 10 6958 
f 5569 5547 5204 
f 5663 6243 1349 
f 779 3923 2132 
f 3142 1980 3844 
f 2061 3556 1709 
f 5829 3690 2690 
f 4967 4902 3594 
f 978 6138 2268 
f 500 6206 6087 
f 1703 6808 6171 
f 3387 5058 6574 
f 2555 598 1639 
f 3702 5396 5545 
f 6683 1301 5546 
f 4774 5799 637 
f 7006 1877 2295 
f 4343 4344 2716 
f 3045 4395 2870 
f 3511 6663 2748 
f 3605 2556 4345 
f 4709 5531 4369 
f 633 6982 470 
f 1636 4158 2438 
f 3838 1967 1323 
f 1249 2079 2386 
f 4320 4554 4467 
f 6159 5081 6330 
f 3353 2152 3519 
f 102 962 143 
f 3729 6910 6416 
f 3092 5012 4423 
f 5204 5547 1368 
f 3726 5351 4729 
f 4022 2705 3119 
f 6623 3671 1353 
f 878 4227 4583 
f 3641 3489 6179 
f 1087 713 395 
f 6150 6365 1436 
f 4920 2584 1177 
f 878 4583 2595 
f 1318 1003 285 
f 5846 945 3903 
f 1226 4832 6662 
f 1955 5079 4256 
f 1697 5153 5895 
f 5599 3406 4447 
f 3069 4144 80 
f 4106 6019 4316 
f 6689 3509 6873 
f 6950 4448 5801 
f 6034 4817 915 
f 5425 5435 2592 
f 6999 1749 7001 
f 6104 6556 6022 
f 5882 5658 3177 
f 136 5025 1135 
f 556 1015 6036 
f 1809 1078 3019 
f 6168 6917 2449 
f 160 1471 4457 
f 5360 4330 2419 
f 3515 4065 3085 
f 3046 4544 4268 
f 865 3254 4442 
f 3306 4615 4579 
f 4898 560 81 
f 3845 3751 3959 
f 3997 4085 4163 
f 3049 5948 5120 
f 4396 4342 4388 
f 1266 3352 486 
f 3732 3129 1125 
f 5923 4621 1589 
f 4810 6227 6633 
f 4284 3090 1823 
f 1521 1140 3395 
f 7102 496 4461 
f 5728 5816 5751 
f 1777 3587 226 
f 317 397 3297 
f 7041 2582 1370 
f 43 46 40 
f 3521 1166 6839 
f 3377 3348 4963 
f 4006 4002 4126 
f 4342 4340 4388 
f 6629 4165 1042 
f 4608 1597 4569 
f 496 4262 4313 
f 4260 4313 4262 
f 5618 6540 6472 
f 2165 2043 4814 
f 866 4941 6104 
f 4221 4179 4134 
f 3576 3680 6741 
f 6637 4344 4343 
f 451 2166 4887 
f 1548 725 149 
f 5952 5700 2941 
f 3858 3820 3971 
f 3382 1648 5536 
f 3820 1649 3971 
f 3432 5666 3830 
f 4061 4137 4180 
f 2341 4618 3177 
f 3612 3796 3803 
f 5469 5458 2870 
f 4604 2821 4208 
f 6282 6281 6302 
f 6343 1404 7137 
f 6902 4233 2081 
f 1211 757 3247 
f 2327 6091 6370 
f 2918 1041 5804 
f 6708 2081 914 
f 1013 7006 580 
f 2117 671 4894 
f 4311 3195 5485 
f 1273 1251 4406 
f 6464 6547 6208 
f 3714 3530 966 
f 5703 5706 5385 
f 219 4429 5237 
f 1438 1652 5529 
f 5259 924 6008 
f 2241 4542 121 
f 1111 5087 1269 
f 3096 32 3243 
f 966 3530 4887 
f 3768 585 98 
f 2849 3849 4762 
f 1623 5305 3178 
f 4901 5439 5448 
f 5595 3590 5280 
f 2375 582 2772 
f 5253 4159 4878 
f 3460 1425 1467 
f 645 1019 3494 
f 10 2546 2992 
f 6484 2739 243 
f 5774 421 4084 
f 4036 3077 518 
f 3733 884 2726 
f 2406 7111 1927 
f 6707 5452 6338 
f 4088 2405 4859 
f 6842 5561 5489 
f 3544 6332 3253 
f 5532 1698 6568 
f 5108 2842 256 
f 6711 5808 2142 
f 5081 5157 5277 
f 3398 6792 6694 
f 4594 6374 6368 
f 5277 5157 4844 
f 6220 6253 6222 
f 1809 5070 314 
f 2472 341 3735 
f 4416 4840 4676 
f 6103 2785 6149 
f 1277 1570 2080 
f 1509 6243 6073 
f 6711 4633 6429 
f 1201 925 1011 
f 6485 3459 4528 
f 2284 676 2109 
f 4353 2127 1883 
f 806 5267 34 
f 2003 1523 1825 
f 4644 3552 3844 
f 696 5291 1725 
f 2807 3545 684 
f 4348 791 4421 
f 6685 6088 500 
f 3904 1617 6476 
f 802 4188 6184 
f 6685 30 3844 
f 4396 4258 4342 
f 4428 4430 4382 
f 2403 3758 4771 
f 4167 4215 4126 
f 4980 4927 4563 
f 6922 94 6003 
f 2918 5804 2647 
f 4043 3931 4006 
f 176 6373 6006 
f 5889 6891 2925 
f 6182 1336 6886 
f 5034 6346 6025 
f 6450 6705 6537 
f 3290 6598 3293 
f 6464 6544 6513 
f 4126 4002 4167 
f 765 666 862 
f 5201 5232 6895 
f 4260 4173 4342 
f 3098 5590 4034 
f 3898 3854 3894 
f 6313 6183 3484 
f 4570 4853 4271 
f 297 1040 7055 
f 4707 4915 3843 
f 2472 3322 341 
f 317 4218 397 
f 3937 4181 3391 
f 5607 4704 2612 
f 4249 4125 4163 
f 4258 4396 4313 
f 2912 1005 3341 
f 6324 5221 5080 
f 4437 496 4400 
f 47 87 115 
f 5348 2805 733 
f 4389 838 291 
f 446 6404 559 
f 622 1025 2377 
f 74 2938 2815 
f 5012 3092 5047 
f 4760 2503 2505 
f 6771 5236 4698 
f 3472 6642 6583 
f 3971 4129 4051 
f 4182 1476 3705 
f 2333 5990 3158 
f 883 7011 3327 
f 2369 2370 2112 
f 2163 4497 439 
f 5386 3242 2422 
f 6253 6275 6254 
f 1203 1340 1780 
f 6073 5663 4502 
f 3172 3170 6423 
f 1040 3572 2558 
f 3908 5354 3614 
f 6905 2094 361 
f 1103 2482 1670 
f 489 6545 1939 
f 5628 45 1045 
f 3923 5537 2132 
f 3555 417 4100 
f 4373 899 3732 
f 6679 6476 1617 
f 36 269 1622 
f 7092 583 6401 
f 3469 2486 1902 
f 3662 1075 6503 
f 4322 792 4444 
f 2359 4498 6260 
f 3591 533 4035 
f 2804 3760 5775 
f 1498 1399 1609 
f 1300 1821 5121 
f 1084 2692 4413 
f 259 757 2438 
f 5890 5847 5864 
f 3861 4482 1262 
f 6256 5854 6137 
f 3631 1916 473 
f 5904 1970 2195 
f 2505 2503 5367 
f 3800 3675 3749 
f 309 307 2311 
f 5448 5447 2849 
f 3035 1425 3126 
f 3142 1011 6268 
f 3835 1112 2589 
f 1482 2226 3851 
f 2106 4785 6624 
f 742 6674 3360 
f 567 2326 4001 
f 5841 5880 5930 
f 4423 5952 4870 
f 377 1060 437 
f 4568 4657 1369 
f 6532 1041 5333 
f 168 1259 6002 
f 5551 5928 3465 
f 2791 4078 571 
f 6760 2820 1843 
f 3972 6128 399 
f 3309 1476 1960 
f 2040 632 2971 
f 6245 2887 2642 
f 2016 7103 3884 
f 4693 3048 573 
f 6498 6084 860 
f 4107 4106 4238 
f 6052 6556 906 
f 6276 6668 6555 
f 1499 1571 1533 
f 4727 3777 4798 
f 4336 2231 1166 
f 6736 4752 7026 
f 3171 858 6721 
f 3299 2941 890 
f 4654 4058 912 
f 914 6556 6708 
f 2514 2166 5987 
f 4430 4428 4479 
f 6052 1816 2514 
f 1163 6206 167 
f 4515 2375 1587 
f 3088 23 6096 
f 2309 1677 609 
f 4215 4249 4382 
f 5378 654 1415 
f 3383 2294 2701 
f 4579 4430 4609 
f 1262 3328 1606 
f 7074 3336 4955 
f 3715 2705 4022 
f 2723 409 534 
f 2772 554 1513 
f 322 225 1063 
f 4215 4125 4249 
f 4167 4002 4089 
f 7131 1535 1984 
f 437 3235 2250 
f 1201 3142 2132 
f 409 2133 475 
f 4089 3964 4125 
f 6780 7143 3645 
f 4064 1995 3318 
f 308 2478 4728 
f 1138 5678 4483 
f 4505 4640 3507 
f 4460 4400 4396 
f 5474 5028 5581 
f 2739 5768 243 
f 318 320 5482 
f 4722 3511 3282 
f 5496 6623 2786 
f 5117 6198 3742 
f 3021 4693 3416 
f 1998 4912 2 
f 2353 2289 1115 
f 871 4399 2720 
f 4284 1988 6906 
f 6620 237 3381 
f 296 851 7136 
f 841 3068 2300 
f 1200 465 7135 
f 4039 6933 3495 
f 5533 5834 3426 
f 3293 3292 3290 
f 5771 915 4817 
f 5447 5448 4320 
f 846 774 1557 
f 800 1884 3993 
f 1701 1508 457 
f 4254 4252 4251 
f 6223 4487 6083 
f 5300 5152 5299 
f 6884 4926 4567 
f 6656 6879 4632 
f 329 4861 1354 
f 7016 1233 852 
f 6335 1244 4011 
f 3107 2144 4505 
f 6081 4764 6601 
f 6046 5981 6111 
f 2099 1515 2182 
f 6839 2090 3521 
f 4736 4009 4034 
f 6530 2466 2140 
f 4141 1040 954 
f 935 5098 4349 
f 2489 4092 4970 
f 467 5747 4536 
f 2650 4467 4554 
f 713 5810 844 
f 2632 2333 5593 
f 459 3538 461 
f 2281 378 2085 
f 185 778 6733 
f 6602 6312 4131 
f 2429 445 444 
f 1516 6249 3233 
f 4792 2126 201 
f 4563 4596 4657 
f 4655 4748 5324 
f 4277 4065 3515 
f 3984 844 2297 
f 984 985 5755 
f 3010 6340 4287 
f 3922 3320 1339 
f 6139 1102 6784 
f 1410 645 3494 
f 4869 6990 6991 
f 6524 4193 4316 
f 6134 4372 2111 
f 1468 885 1068 
f 2478 5076 3430 
f 600 3975 2734 
f 5008 322 998 
f 6511 6510 5905 
f 4028 4393 2574 
f 756 1943 7058 
f 4569 1597 4448 
f 3419 5769 732 
f 3529 3877 6167 
f 3956 3958 3954 
f 4944 5198 6058 
f 6079 6580 912 
f 1615 4124 5989 
f 6612 6870 6895 
f 3378 6148 6605 
f 277 5787 5789 
f 4548 4460 4619 
f 6802 6928 4687 
f 6963 4521 4289 
f 6172 3501 3498 
f 3482 5194 4883 
f 6013 3860 5355 
f 4491 1432 5394 
f 2890 4615 6888 
f 2416 5284 103 
f 1034 3878 3629 
f 7103 4432 7099 
f 1095 4015 2968 
f 1913 6994 4733 
f 5731 5779 5734 
f 3249 1339 273 
f 6002 6288 6289 
f 4089 4125 4215 
f 2177 228 3422 
f 1690 1162 620 
f 4126 4215 4340 
f 2081 6708 6902 
f 6104 6022 5946 
f 686 5258 953 
f 6368 5574 6509 
f 4807 5669 1841 
f 4043 4006 4126 
f 1105 368 3745 
f 893 552 191 
f 4608 4680 4684 
f 2255 3364 2230 
f 140 1277 6361 
f 2220 2226 1911 
f 3441 836 2138 
f 5841 5779 5838 
f 2716 4315 4343 
f 5402 1692 5757 
f 1498 7002 1399 
f 4818 4269 4317 
f 2279 4556 1783 
f 4962 7113 3824 
f 3000 5925 6428 
f 3264 6677 6498 
f 6535 6956 439 
f 2857 6917 6168 
f 1318 6457 997 
f 6381 4784 742 
f 1389 2930 2018 
f 3884 7103 3039 
f 5396 3702 5261 
f 1389 3747 4094 
f 3978 3008 5553 
f 5624 1375 5969 
f 6785 7060 2193 
f 6148 3378 6221 
f 6112 4704 2514 
f 4898 973 125 
f 2348 1501 2431 
f 5880 5857 5957 
f 931 1400 6619 
f 6677 4383 6084 
f 738 3527 6678 
f 6146 6111 6101 
f 4013 5569 1512 
f 5995 514 2970 
f 6660 1719 3908 
f 2231 6688 5100 
f 4323 5362 2043 
f 6875 816 1670 
f 3947 3880 3946 
f 895 6475 3160 
f 313 140 4217 
f 4929 677 6887 
f 167 1635 4162 
f 4156 2404 1626 
f 6904 6736 7026 
f 6796 5116 5695 
f 896 5138 6097 
f 6739 4178 1322 
f 1888 1890 4280 
f 4062 5865 6935 
f 137 658 6270 
f 2623 3733 6604 
f 4936 4937 5341 
f 363 5494 5596 
f 2179 4168 6190 
f 3613 3696 3737 
f 6626 476 450 
f 3418 6143 3103 
f 1485 744 4995 
f 1797 1712 1795 
f 560 3952 552 
f 2490 3184 925 
f 3316 1976 3404 
f 6583 4798 3472 
f 5457 3326 7032 
f 3020 6378 6164 
f 1928 4151 6952 
f 2043 2174 1257 
f 4297 4293 4333 
f 2432 4734 6719 
f 3497 3783 4275 
f 4860 2013 3001 
f 3473 4635 6769 
f 2846 2685 2604 
f 2563 2274 2303 
f 5881 6524 4316 
f 3994 3845 3959 
f 176 6409 3165 
f 1122 5638 6007 
f 3371 3867 3251 
f 6149 2785 4854 
f 5409 1734 4714 
f 5922 2265 5921 
f 3995 3918 3994 
f 3831 4182 5867 
f 7076 1334 1827 
f 1320 2113 917 
f 5612 6587 206 
f 50 4388 6442 
f 5776 3297 5611 
f 3690 5829 4023 
f 3860 6013 6229 
f 5247 6495 1725 
f 7016 4458 6667 
f 2211 5701 4772 
f 4612 4407 4561 
f 2700 3493 787 
f 246 4887 5126 
f 3747 3585 5243 
f 1742 4142 2644 
f 366 331 7062 
f 1411 1853 1324 
f 4174 4129 4173 
f 4043 4173 3931 
f 4167 4089 4215 
f 6055 6009 2536 
f 1673 165 5655 
f 5961 5915 5986 
f 6190 4168 3275 
f 4314 4267 4132 
f 4397 3944 3346 
f 2460 5903 3642 
f 1871 3766 3768 
f 6540 6701 673 
f 2319 5001 6639 
f 3578 698 4846 
f 6825 4100 417 
f 2411 600 599 
f 6229 4227 3673 
f 5139 5316 5140 
f 6608 1811 2707 
f 5144 4131 1764 
f 2005 6800 6804 
f 5003 4867 3112 
f 7070 595 3540 
f 971 2623 6343 
f 6930 414 6932 
f 652 6855 4828 
f 2837 2143 2867 
f 6617 6616 3209 
f 2095 4042 391 
f 4356 4308 959 
f 5945 2512 2874 
f 7144 7004 7079 
f 2218 2402 3062 
f 5194 2717 2786 
f 3521 5496 2786 
f 2163 3358 4931 
f 1008 6202 5604 
f 5136 4945 2247 
f 1769 5764 6656 
f 2476 5869 3111 
f 4630 5187 3435 
f 760 808 1862 
f 4838 5343 4840 
f 301 1647 4731 
f 2794 1725 6495 
f 1708 2596 5647 
f 2619 5929 2237 
f 6754 2187 3350 
f 6670 1218 1217 
f 5368 142 4657 
f 2771 3101 2963 
f 6463 6715 6608 
f 4083 2532 6194 
f 5997 199 5702 
f 3734 1406 5030 
f 2329 5521 6525 
f 2329 656 4889 
f 1335 5366 6636 
f 5708 7123 5721 
f 485 493 484 
f 2646 6431 4938 
f 6291 6072 1509 
f 6586 5773 206 
f 2081 906 914 
f 2557 2577 4101 
f 2503 981 5367 
f 6795 1366 952 
f 5364 84 90 
f 5128 340 3383 
f 3973 920 6849 
f 5913 3525 5917 
f 2366 5391 6908 
f 50 4619 4388 
f 646 798 1387 
f 6364 1771 1947 
f 924 2499 6749 
f 3306 4648 4687 
f 6677 4037 4407 
f 5582 5828 4656 
f 6679 1617 5055 
f 4615 2890 4309 
f 2778 5180 1905 
f 545 5234 1462 
f 4691 1784 4036 
f 6050 6928 6802 
f 4342 4258 4260 
f 6896 5399 221 
f 4382 4249 4210 
f 2573 6037 4507 
f 5360 2419 3259 
f 4741 1458 5851 
f 4177 4132 4267 
f 3318 1995 3366 
f 4495 4430 4579 
f 5933 4205 6433 
f 4058 6771 1079 
f 1209 1765 7030 
f 2815 1813 3488 
f 1280 4549 6637 
f 3665 4073 2833 
f 7089 57 2277 
f 5149 5249 5140 
f 2294 3383 4592 
f 5816 5797 5858 
f 5412 536 2715 
f 4872 4144 4970 
f 3580 4047 5297 
f 3976 4553 1743 
f 6422 6686 220 
f 3961 5246 5549 
f 7076 1827 664 
f 5865 4062 2990 
f 1485 2188 2999 
f 6358 3756 3300 
f 5789 5787 5788 
f 2050 2520 263 
f 3872 1559 6954 
f 30 4644 3844 
f 3 1965 4968 
f 927 4588 702 
f 1128 5106 6265 
f 3912 3800 4492 
f 5754 2686 6680 
f 4789 6991 3133 
f 5718 1728 3784 
f 3495 6933 6259 
f 901 788 965 
f 157 7145 5382 
f 5392 3558 5520 
f 6783 1542 6261 
f 1638 6596 3071 
f 795 4828 3045 
f 6445 274 2884 
f 5970 6100 6326 
f 5677 4769 4778 
f 6656 4557 4636 
f 1745 2515 1737 
f 5448 4872 4901 
f 55 4287 2673 
f 6890 2965 2967 
f 216 1363 6831 
f 4027 3912 4107 
f 2875 3491 4237 
f 4383 4612 6448 
f 1698 5620 1132 
f 3250 3251 6320 
f 1717 1957 2734 
f 5652 5924 5927 
f 6058 4230 2106 
f 913 748 765 
f 1257 2174 6193 
f 2539 1406 6519 
f 1517 6391 4518 
f 2015 94 1807 
f 232 4128 579 
f 5393 5102 6504 
f 5330 4056 4689 
f 3691 4223 3846 
f 2299 2646 6793 
f 3370 2390 4047 
f 1593 63 304 
f 1000 1324 2096 
f 2651 1736 3474 
f 5113 5114 3880 
f 1897 650 57 
f 6809 6702 1374 
f 3446 3453 6441 
f 4220 5588 4603 
f 4316 6019 6039 
f 4309 4546 4615 
f 869 5297 918 
f 4680 6480 3600 
f 3168 3172 6441 
f 303 4684 4680 
f 2423 2121 4965 
f 2478 2365 5076 
f 4085 3995 3994 
f 4687 1953 3306 
f 2075 1245 4475 
f 6809 1374 5704 
f 6335 6356 6234 
f 5731 5734 5703 
f 6839 1166 1678 
f 5877 6228 5648 
f 4554 2741 2650 
f 4262 4174 4260 
f 473 5634 1847 
f 3971 1649 4129 
f 6561 135 3892 
f 4035 4146 1844 
f 2563 4758 5476 
f 1981 6743 5778 
f 5689 1991 2446 
f 3429 6733 5359 
f 4246 3007 4410 
f 5735 5464 3748 
f 3527 6871 6678 
f 3786 3500 5471 
f 5726 4068 4216 
f 3600 6480 948 
f 6104 1007 866 
f 4661 6902 2941 
f 6771 4698 6627 
f 7027 5874 1757 
f 5700 1653 2941 
f 4610 1043 2635 
f 2139 535 7064 
f 6161 1805 3137 
f 5249 5149 3747 
f 4514 3715 2773 
f 3952 6883 6040 
f 5544 823 5545 
f 4310 239 4484 
f 6597 2934 3798 
f 815 7137 7063 
f 5504 4696 5351 
f 3923 779 5629 
f 1950 6391 6757 
f 831 2820 6760 
f 6344 6070 6095 
f 649 422 3523 
f 1708 5647 6941 
f 5203 3467 3468 
f 1762 2732 5674 
f 6654 6403 6411 
f 4914 5251 2196 
f 3790 3203 5707 
f 2438 4332 5853 
f 4838 4416 4593 
f 6396 6235 6384 
f 2483 565 3587 
f 6292 2828 1236 
f 1833 245 4721 
f 7039 3124 152 
f 786 5527 1174 
f 5297 6738 918 
f 6222 5014 6158 
f 4923 1086 3258 
f 4067 4184 4270 
f 3558 5184 5520 
f 2331 4859 2405 
f 308 5650 2478 
f 4241 6010 4052 
f 6391 2298 1721 
f 4432 7103 2340 
f 1680 4667 2687 
f 4086 3389 7140 
f 181 6644 2446 
f 6769 7138 1749 
f 3326 4128 2932 
f 6285 6291 6873 
f 4565 6448 3568 
f 206 6587 6553 
f 2997 2007 7046 
f 6134 2069 4372 
f 7010 2779 1826 
f 3974 3063 1562 
f 869 602 5297 
f 5560 1375 5623 
f 1132 6568 1698 
f 4677 807 948 
f 3794 3707 6262 
f 6320 3863 3250 
f 4495 4452 4430 
f 2903 223 6557 
f 3142 3844 3552 
f 4453 4546 6442 
f 4806 2740 2763 
f 5578 5689 4059 
f 724 603 5996 
f 2692 4068 2886 
f 4033 1192 426 
f 5875 546 352 
f 5642 3988 3839 
f 779 2132 4643 
f 3572 1040 297 
f 4176 4051 4174 
f 5383 2491 2059 
f 1703 2490 6808 
f 303 828 4684 
f 1549 1470 5820 
f 486 1446 4335 
f 4340 4215 4385 
f 698 767 4846 
f 6936 6800 2005 
f 5770 3219 1343 
f 4579 4648 3306 
f 3735 5513 2483 
f 3977 4664 719 
f 671 4620 6526 
f 5430 5635 3744 
f 3582 5282 12 
f 934 6863 6294 
f 4999 157 5382 
f 5083 59 6850 
f 2932 568 7032 
f 3352 1266 6374 
f 5844 5487 132 
f 1936 79 5723 
f 1757 5377 7027 
f 4970 4144 2489 
f 3327 5275 6909 
f 3358 5752 5321 
f 2137 733 3323 
f 91 4850 124 
f 5188 1077 957 
f 5292 2327 5748 
f 2384 6586 2010 
f 6719 1868 2432 
f 2414 4792 201 
f 1056 3736 1364 
f 6161 6296 2962 
f 4594 5141 3420 
f 4835 2580 5343 
f 1793 540 2756 
f 4100 1208 4640 
f 4910 1200 4268 
f 6378 3020 4307 
f 2740 3369 2280 
f 6323 4187 4874 
f 4477 3479 5602 
f 2888 5182 1137 
f 2009 3286 3017 
f 1072 4976 6299 
f 1656 4285 1830 
f 4064 3988 4063 
f 3103 2248 2386 
f 1487 1647 6780 
f 5944 6191 1526 
f 5662 5179 6283 
f 1786 319 1003 
f 789 3380 3455 
f 1441 5793 5393 
f 5386 6328 3242 
f 5774 3424 6603 
f 6953 6711 1831 
f 5654 5519 5371 
f 2380 4483 6188 
f 3509 6689 6889 
f 824 3052 5088 
f 5771 4683 7106 
f 4046 4702 4857 
f 1078 7052 3019 
f 4883 4056 3482 
f 1975 6902 4661 
f 3889 6065 5230 
f 2355 1693 410 
f 1766 6797 410 
f 3886 4233 2088 
f 2420 14 6688 
f 1808 1747 5664 
f 5325 5098 5324 
f 4842 1549 930 
f 3497 4133 4810 
f 4754 2497 4458 
f 4490 4097 5361 
f 4978 6221 2664 
f 2311 6776 6525 
f 1643 191 3920 
f 2007 5778 6144 
f 2508 3388 1504 
f 4251 5590 2041 
f 2750 4896 2562 
f 427 4925 2497 
f 1274 2642 6007 
f 1932 6572 6454 
f 4707 2041 4915 
f 5217 1568 5066 
f 3043 6590 6560 
f 1762 5670 2732 
f 4034 3097 3098 
f 3171 7123 6590 
f 6975 1958 1927 
f 4941 890 1297 
f 2748 3218 4011 
f 6902 6708 890 
f 309 2453 307 
f 4756 1070 586 
f 6902 890 2941 
f 4965 5928 2426 
f 1025 1185 2377 
f 5892 5897 5203 
f 5722 6391 1517 
f 4396 4388 4619 
f 4561 5472 4391 
f 2306 3188 5148 
f 3764 417 6446 
f 6466 6397 6208 
f 4313 4260 4258 
f 1575 6015 1574 
f 1208 4100 895 
f 4158 5267 259 
f 3761 1142 3718 
f 5059 6466 6547 
f 7075 3824 4362 
f 6861 540 21 
f 6860 4211 3116 
f 2438 5853 1636 
f 6474 447 428 
f 3207 3687 4219 
f 5118 1716 3369 
f 5472 4037 3173 
f 4519 6716 4055 
f 1138 1683 5104 
f 7128 5662 7069 
f 6008 924 6749 
f 1398 2828 3030 
f 922 4642 6514 
f 1243 7065 1034 
f 865 4442 4219 
f 2943 6946 3834 
f 388 6133 31 
f 1594 182 2706 
f 3466 836 1852 
f 3300 18 6358 
f 3450 3195 5502 
f 176 6503 4319 
f 5756 6142 6162 
f 7030 348 1545 
f 1381 117 6750 
f 183 4355 342 
f 5342 639 4553 
f 6029 6090 6030 
f 3457 3593 5147 
f 522 5125 5043 
f 5223 334 4982 
f 6440 5534 5096 
f 3985 6458 95 
f 5451 5450 3283 
f 6819 6609 4590 
f 1940 2066 1971 
f 4268 1200 7135 
f 4266 4271 7036 
f 6190 3275 1987 
f 892 6674 4784 
f 3292 4732 3935 
f 3543 34 2183 
f 1607 5390 5339 
f 5786 5718 3784 
f 36 6260 6839 
f 2872 446 5095 
f 5614 3874 3943 
f 4735 3826 1106 
f 1689 727 4030 
f 1548 5355 2574 
f 2114 5829 4302 
f 7057 647 3152 
f 5511 452 3603 
f 787 2890 5745 
f 3322 7101 2725 
f 2516 6966 3634 
f 4630 4551 5470 
f 2210 812 2423 
f 2544 5787 5341 
f 3966 569 611 
f 3295 3085 2876 
f 1081 1764 1851 
f 5802 757 1211 
f 5384 5056 3056 
f 5200 3004 6426 
f 4689 4871 4045 
f 3911 5944 6483 
f 5475 3980 3345 
f 6666 2187 6754 
f 1521 3395 3655 
f 5379 5107 4933 
f 6394 1392 6618 
f 476 642 6342 
f 6285 6873 3509 
f 844 3984 3409 
f 1682 4808 233 
f 3955 3592 4035 
f 6111 5981 4998 
f 1696 696 1497 
f 389 855 884 
f 2130 425 3871 
f 2489 398 5533 
f 6208 6547 6466 
f 4311 5502 3195 
f 6419 5104 1683 
f 158 4375 2141 
f 6058 1677 2309 
f 6508 1772 5104 
f 1211 3222 494 
f 6628 4508 285 
f 7085 3742 2207 
f 787 50 4309 
f 3103 2398 2248 
f 4118 4085 3994 
f 2587 1046 5717 
f 4641 5528 5905 
f 6991 6990 2683 
f 4385 6442 4388 
f 4889 4713 5438 
f 323 7008 7084 
f 5698 5225 3488 
f 2939 3766 3767 
f 1158 217 3974 
f 1449 1302 2204 
f 5158 4056 4883 
f 5147 5302 3457 
f 6202 3949 1776 
f 4503 4783 4114 
f 2404 5479 6209 
f 2399 2123 4650 
f 6802 6045 6050 
f 1508 3197 2568 
f 3949 1007 1776 
f 996 2555 4669 
f 4655 5470 4748 
f 2816 2889 2963 
f 565 6582 863 
f 2612 6914 5607 
f 6018 927 702 
f 4233 6902 1975 
f 133 103 5010 
f 6440 5032 4932 
f 3103 6143 3909 
f 5026 4611 49 
f 1033 1843 3718 
f 4216 5092 5726 
f 6937 6888 6444 
f 1368 5547 5264 
f 2378 367 7127 
f 5013 4241 4240 
f 3593 4032 7068 
f 3098 3097 4915 
f 6478 3462 5188 
f 5480 3608 6411 
f 3173 4037 3264 
f 6783 6194 1542 
f 3729 1851 1764 
f 5966 4493 4601 
f 4243 1504 5516 
f 6380 4111 2643 
f 4383 6677 4407 
f 2716 4317 4222 
f 4621 5923 5577 
f 3069 80 4762 
f 1047 4958 1048 
f 202 114 146 
f 3494 1019 2820 
f 645 5580 1019 
f 402 4685 3616 
f 5184 3558 1880 
f 5234 2981 3181 
f 6064 6068 6031 
f 3494 2820 4390 
f 4251 5218 5590 
f 1022 4364 1031 
f 5546 2584 4745 
f 791 1848 2770 
f 4974 4902 5470 
f 6498 831 6749 
f 3592 6232 763 
f 203 1773 2454 
f 79 5374 536 
f 697 5924 5652 
f 4416 4676 4928 
f 4932 5408 3590 
f 6792 3398 2564 
f 4721 2381 594 
f 399 6128 695 
f 3424 3505 2596 
f 6014 6200 1834 
f 1104 3128 1988 
f 6954 1559 5199 
f 4748 5077 5037 
f 2122 790 2121 
f 2002 2629 2450 
f 4752 6736 3471 
f 1854 4171 2894 
f 3476 5486 1885 
f 6368 488 3121 
f 811 29 572 
f 4154 3945 196 
f 1204 701 680 
f 2558 1143 5524 
f 2586 319 318 
f 466 1899 3433 
f 1081 1851 2083 
f 6332 4562 2650 
f 2025 3262 5115 
f 746 465 4141 
f 1932 6868 677 
f 5634 1256 6199 
f 2781 4211 4195 
f 1875 6651 1955 
f 2652 1168 2996 
f 6418 1868 2263 
f 4101 3532 2557 
f 4603 5588 6027 
f 5456 5409 4714 
f 1132 5620 2899 
f 1976 2297 1443 
f 6445 2267 704 
f 6017 2035 18 
f 4814 2043 1257 
f 1128 1334 7076 
f 3911 972 1543 
f 6085 5436 6116 
f 4328 960 706 
f 6193 6779 1257 
f 3313 6504 5823 
f 3171 3043 2263 
f 6427 467 5510 
f 849 5495 848 
f 4648 4579 4609 
f 1902 2486 2928 
f 836 1823 3090 
f 385 193 449 
f 1734 1249 3532 
f 6878 6686 833 
f 3490 3641 3679 
f 3292 6479 1471 
f 4862 5025 539 
f 3930 3489 4286 
f 303 4680 3600 
f 5092 6579 3666 
f 506 4583 3011 
f 5102 3527 738 
f 6687 3659 5087 
f 2176 4744 4571 
f 3986 1264 4253 
f 5222 6203 6204 
f 3641 3490 3489 
f 5549 1267 6698 
f 3962 829 382 
f 5451 6479 3935 
f 1849 3617 2614 
f 1209 1545 5802 
f 5027 3921 2141 
f 7018 641 5458 
f 2042 6204 5908 
f 733 2805 3323 
f 3882 4072 3298 
f 4292 1969 2497 
f 6023 4798 3777 
f 6887 5404 4929 
f 2534 5072 965 
f 7107 2910 6829 
f 435 941 5337 
f 3281 6780 6897 
f 3360 3513 4145 
f 3793 6021 6434 
f 4440 2717 3482 
f 2643 1218 6380 
f 2349 3836 1660 
f 4913 6619 1601 
f 1891 95 6434 
f 14 2420 2712 
f 3823 2928 845 
f 181 6882 4549 
f 451 4887 3530 
f 2712 2420 5035 
f 2951 6687 2572 
f 2654 2404 4156 
f 4871 4870 5477 
f 980 2282 2640 
f 5026 4518 1329 
f 1016 6501 6594 
f 2647 3771 2954 
f 2041 3098 4915 
f 5819 3199 6360 
f 5035 4440 7050 
f 5571 1384 6311 
f 2474 5270 138 
f 5193 5012 5047 
f 5623 5624 6879 
f 4223 3691 7005 
f 4216 3691 5092 
f 5013 4240 2088 
f 3846 3092 4420 
f 1618 565 863 
f 6665 2646 2299 
f 4518 1721 1329 
f 3186 4145 5006 
f 906 2081 1721 
f 6894 3728 2810 
f 1864 4418 7140 
f 5066 5084 4953 
f 4694 6877 4604 
f 2281 4121 3331 
f 6084 4383 3471 
f 4252 49 4090 
f 5853 428 1636 
f 5259 6008 5722 
f 1911 1680 2220 
f 2994 5626 6713 
f 2154 4785 2106 
f 951 5377 5356 
f 2159 2710 3065 
f 706 707 4650 
f 1784 403 4036 
f 5518 5216 2784 
f 2796 3041 3373 
f 2499 3067 3843 
f 1532 1537 1370 
f 6970 5511 3603 
f 2295 881 819 
f 2216 4024 375 
f 316 5796 4326 
f 6103 5090 5304 
f 5185 2058 3874 
f 3075 1106 2056 
f 3552 4644 1359 
f 5815 2448 3115 
f 2679 4913 1601 
f 4368 2334 1607 
f 5403 2178 4094 
f 591 1635 2375 
f 6962 3895 6832 
f 30 6881 4644 
f 320 318 198 
f 3733 971 884 
f 624 1062 1154 
f 3108 5695 4844 
f 5178 4798 6583 
f 2951 7115 6687 
f 4540 2737 7071 
f 4676 4840 4844 
f 6521 1572 717 
f 6789 5632 2741 
f 5694 237 6620 
f 1086 2187 4513 
f 564 889 5983 
f 4282 4554 4593 
f 5943 661 835 
f 1902 2307 1194 
f 5451 4544 3046 
f 1574 1584 1575 
f 1164 2034 4753 
f 855 6625 4847 
f 7066 5655 143 
f 4881 5725 4848 
f 1119 2795 4730 
f 2544 4937 2399 
f 3704 6750 6714 
f 574 1728 5469 
f 204 6295 4374 
f 3352 5260 3821 
f 5390 1607 5613 
f 350 1718 7135 
f 1623 3473 6769 
f 5973 1265 3797 
f 948 6480 4677 
f 2265 2416 2067 
f 303 1507 3050 
f 509 225 3651 
f 6957 6963 4289 
f 1624 1274 4884 
f 2527 2684 2530 
f 777 164 2746 
f 1608 1357 5904 
f 146 174 202 
f 4430 4574 4609 
f 2346 2347 1183 
f 2765 658 137 
f 5315 3099 487 
f 1613 2186 7034 
f 5404 5563 4929 
f 1382 1102 6135 
f 5556 5111 1001 
f 1528 1787 1671 
f 1217 1218 3010 
f 6568 1132 4481 
f 480 502 766 
f 3812 4459 4455 
f 2113 1458 4741 
f 1615 6901 943 
f 6455 5645 5504 
f 4123 4830 1220 
f 6285 6039 3757 
f 475 376 534 
f 6450 6537 6657 
f 5027 2141 4375 
f 7003 2876 4539 
f 1922 2210 2423 
f 4317 2716 4344 
f 792 993 4443 
f 5392 4102 4951 
f 1003 1318 1786 
f 6388 4764 6605 
f 2608 5917 6366 
f 2850 2848 2852 
f 2717 5194 3482 
f 1884 5860 3118 
f 2441 5015 5085 
f 6623 1353 2786 
f 614 524 523 
f 4071 4259 1620 
f 3116 6762 2669 
f 5322 5323 5214 
f 6212 5654 1365 
f 4440 5330 7050 
f 800 5860 1884 
f 1285 332 3361 
f 6022 6652 5946 
f 6007 3050 1274 
f 140 6361 950 
f 2487 2521 3605 
f 1297 6708 6556 
f 1629 6834 657 
f 1371 194 2559 
f 6602 4622 4600 
f 4969 2088 1653 
f 4223 4539 5328 
f 3890 2518 171 
f 7130 1475 5909 
f 4282 4928 5116 
f 5219 5823 5336 
f 5241 5389 6453 
f 6332 3544 1547 
f 182 3925 6702 
f 2327 6370 2843 
f 4254 2041 4707 
f 1980 6268 6685 
f 6051 4415 6331 
f 1919 3870 883 
f 3877 3602 6167 
f 6785 6423 2576 
f 7035 5054 4559 
f 6549 1159 693 
f 6760 1843 5722 
f 1238 5449 1154 
f 2088 1975 1653 
f 2011 972 2052 
f 938 4707 5259 
f 993 4231 4443 
f 1123 2239 7096 
f 731 4530 4529 
f 4416 4928 4282 
f 3309 3507 3624 
f 6704 4187 5071 
f 196 5010 2590 
f 645 554 5580 
f 3416 2030 3021 
f 4919 929 1413 
f 4090 4240 4052 
f 4130 4229 4294 
f 721 2158 4300 
f 3886 2088 4611 
f 3077 3761 3718 
f 4838 4593 4835 
f 5116 4928 5695 
f 6084 6498 6677 
f 2652 5427 2018 
f 6779 6841 548 
f 804 6371 2809 
f 5641 481 423 
f 6486 1095 5258 
f 6524 6889 1868 
f 3910 3755 3353 
f 6142 1240 77 
f 4077 6881 6087 
f 403 1142 3761 
f 2164 6516 6245 
f 7068 3403 3593 
f 2936 721 7028 
f 6721 5721 7123 
f 3741 5219 2006 
f 4292 6965 1969 
f 6831 2046 3050 
f 1640 6402 6725 
f 925 3184 7071 
f 2406 1927 328 
f 6449 3163 5629 
f 3695 3125 2067 
f 5683 6059 5524 
f 4912 1985 2 
f 3160 4765 6344 
f 2696 1119 51 
f 5741 5738 5847 
f 5382 7145 3707 
f 6544 6200 6450 
f 350 7135 465 
f 4096 1464 2332 
f 2483 2916 565 
f 6590 7123 2191 
f 4141 465 4726 
f 2595 4583 506 
f 643 1719 4291 
f 1013 2097 3661 
f 5967 6091 4805 
f 816 6875 1432 
f 6717 3184 2490 
f 3575 6706 6471 
f 3208 7055 4726 
f 5485 3195 5532 
f 4123 6683 4830 
f 670 349 1701 
f 769 441 5238 
f 1667 1682 440 
f 6151 7090 5410 
f 744 2999 1418 
f 4970 4901 4872 
f 1621 3883 4431 
f 1736 2651 1403 
f 3868 279 358 
f 5272 4769 4876 
f 5356 3998 830 
f 4832 2458 5949 
f 6615 4606 849 
f 1053 1677 2482 
f 4856 5512 4422 
f 4411 6121 3403 
f 3985 6484 5090 
f 150 6226 5761 
f 3380 5007 4952 
f 6730 170 1173 
f 4172 3864 2376 
f 3483 3625 1129 
f 2359 1247 4263 
f 811 2492 723 
f 6384 5998 6396 
f 5881 6285 3509 
f 2158 343 4305 
f 6622 6623 365 
f 5158 3928 2886 
f 1331 2868 218 
f 1883 6473 6799 
f 2570 4768 7018 
f 2717 1166 3521 
f 5205 1607 2334 
f 3889 3006 4586 
f 4472 4628 2460 
f 6706 5641 5307 
f 3108 5157 4812 
f 2653 2094 6905 
f 3117 984 6527 
f 5728 3335 5720 
f 4871 4247 4420 
f 2770 1848 2286 
f 2995 2560 3934 
f 5864 5861 5958 
f 6683 1062 4830 
f 3404 1976 2146 
f 654 3008 5401 
f 5383 2059 7128 
f 1362 3553 4775 
f 4871 4420 4424 
f 890 6708 1297 
f 4467 4831 4320 
f 7113 3219 3824 
f 5328 5193 5047 
f 689 4691 4520 
f 1653 1975 4661 
f 2153 3972 6796 
f 6539 2884 2321 
f 1227 2567 1263 
f 3085 2770 3515 
f 2817 1770 615 
f 5887 1587 6206 
f 6347 3345 3809 
f 1019 3077 3718 
f 6845 3402 1228 
f 3843 3489 3490 
f 3641 4392 4391 
f 5337 1064 435 
f 965 919 901 
f 1329 2081 3886 
f 4803 4768 4231 
f 6156 5316 6157 
f 1489 6295 3655 
f 1786 1318 976 
f 1423 1583 4623 
f 5911 5956 4724 
f 1632 4789 6992 
f 6162 3671 6622 
f 210 1239 5228 
f 2030 4888 5539 
f 1019 1843 2820 
f 2764 4636 4557 
f 6661 3403 1428 
f 3459 215 731 
f 3761 3077 4036 
f 8 7098 2155 
f 6914 4774 637 
f 2965 5641 5495 
f 2448 1767 5281 
f 831 6760 6008 
f 6385 6362 2976 
f 1811 6608 6609 
f 3589 5198 6875 
f 6059 988 7026 
f 1517 4518 4699 
f 867 1129 2541 
f 4636 5676 1769 
f 132 4585 1260 
f 6734 6634 1059 
f 3749 5597 2915 
f 674 4704 5607 
f 6415 6123 6247 
f 2489 4144 2553 
f 5584 5124 5672 
f 1369 142 3739 
f 6405 264 4165 
f 4718 4264 250 
f 6159 5021 5081 
f 5651 5124 5631 
f 3967 3597 954 
f 1594 3925 182 
f 4227 6320 3011 
f 180 5770 1248 
f 2905 2794 6647 
f 5434 5374 79 
f 2100 1759 3524 
f 5683 5524 1143 
f 4773 6024 4949 
f 1685 5364 2392 
f 4911 4622 6132 
f 6019 4492 381 
f 6319 3046 7135 
f 4987 6576 1709 
f 208 429 366 
f 4988 4899 5500 
f 5154 6449 5629 
f 1103 3728 4651 
f 3774 5342 4553 
f 1389 5249 3747 
f 93 911 873 
f 5165 5520 5184 
f 5505 6883 6430 
f 2493 5329 5405 
f 987 6353 6528 
f 4096 992 4977 
f 3227 6445 6539 
f 5926 1834 6397 
f 4516 3232 3604 
f 7132 5907 2792 
f 1359 4643 2132 
f 2085 2119 1010 
f 1506 1657 931 
f 5954 5348 733 
f 3170 3172 3168 
f 5408 4932 5031 
f 2047 371 6536 
f 6498 4390 831 
f 6115 4863 2468 
f 2231 1678 1166 
f 521 4864 6443 
f 2325 2049 6952 
f 2750 3681 4896 
f 2138 3090 6966 
f 6142 2599 1752 
f 284 4705 6496 
f 4369 4367 4470 
f 1583 5601 2020 
f 707 960 1551 
f 4139 4320 4794 
f 569 652 611 
f 3451 5099 3450 
f 4090 4611 4240 
f 5590 3098 2041 
f 4413 4412 4421 
f 3477 5035 2420 
f 2894 3530 1854 
f 6321 4171 6202 
f 3928 5194 3081 
f 1194 3902 3469 
f 4883 3928 5158 
f 4233 3886 2081 
f 2465 4256 4446 
f 4539 4223 7003 
f 5194 2786 4857 
f 5715 2886 5726 
f 985 984 3117 
f 4237 3295 7003 
f 3171 2263 858 
f 6786 928 2601 
f 4404 4203 2885 
f 7003 3295 2876 
f 5396 5261 4082 
f 6596 3251 3250 
f 5219 3741 5823 
f 5671 6184 4763 
f 5885 646 1387 
f 2263 4677 6481 
f 5118 6567 4285 
f 4884 3050 1507 
f 653 720 5055 
f 7081 4926 6884 
f 2298 6052 906 
f 3575 6965 205 
f 7140 3389 6337 
f 5439 5575 4554 
f 3346 5424 4397 
f 4286 3843 4915 
f 5877 3154 6228 
f 6729 2565 7042 
f 617 4209 5605 
f 6631 6996 761 
f 6534 5229 189 
f 59 5428 5591 
f 1334 1128 2976 
f 778 5359 6733 
f 458 544 903 
f 4234 5218 5349 
f 2601 928 6511 
f 3143 5913 5917 
f 1515 2099 1896 
f 4999 1818 1907 
f 6199 1479 5634 
f 5947 1605 3862 
f 5452 4571 5080 
f 3471 6736 6084 
f 2603 967 1327 
f 6798 5040 6689 
f 2473 5631 5570 
f 2188 817 6931 
f 4422 4509 535 
f 4281 825 2206 
f 5975 2982 3351 
f 5512 5163 5165 
f 5634 6437 1847 
f 155 2713 2629 
f 4080 6851 2814 
f 3311 4722 3282 
f 921 1482 1453 
f 1739 1921 2149 
f 1162 1411 1324 
f 3061 4782 3728 
f 3977 806 3543 
f 6349 5244 5777 
f 4604 5879 4694 
f 6819 6610 6609 
f 3438 5744 5405 
f 5512 4864 5163 
f 1334 3550 1827 
f 2658 2971 2972 
f 4001 2049 6092 
f 4149 4150 874 
f 5025 4862 1135 
f 3283 3287 5451 
f 644 1545 1526 
f 340 3049 5120 
f 2098 5263 936 
f 7135 1718 6319 
f 4212 1789 6214 
f 6204 2042 5319 
f 65 1627 6016 
f 1067 624 1154 
f 2035 2621 2252 
f 6891 4735 2925 
f 1865 107 6000 
f 6930 6932 5048 
f 3025 3253 2223 
f 1015 2053 2753 
f 1081 5640 2317 
f 954 5433 3967 
f 50 6442 4309 
f 5556 6207 398 
f 2632 5990 2333 
f 1750 2767 4734 
f 4407 4037 5472 
f 57 1684 2277 
f 5556 1880 6207 
f 3544 3253 4311 
f 4835 5572 2580 
f 4066 5447 4139 
f 4799 4080 2814 
f 1339 3320 2431 
f 3302 5442 5460 
f 6436 1235 3229 
f 3025 6378 6377 
f 6362 6385 239 
f 2988 74 6696 
f 922 6514 1291 
f 3454 3037 2921 
f 2472 3735 2566 
f 6325 1979 3301 
f 3102 1654 1610 
f 6014 5871 6665 
f 2314 2229 3226 
f 1048 6545 2517 
f 540 6861 2756 
f 7043 1027 7111 
f 3884 3039 497 
f 4216 7005 3691 
f 236 4629 4184 
f 2927 4016 1929 
f 4723 295 76 
f 930 1900 4842 
f 6351 5588 4220 
f 4827 2016 3884 
f 6255 5014 6254 
f 2423 2122 2121 
f 3619 3449 6840 
f 1853 1411 3065 
f 3597 686 4755 
f 5647 3608 5480 
f 3587 2566 3735 
f 1918 5697 1288 
f 3340 7004 7082 
f 1258 3408 1430 
f 3027 4099 2977 
f 2229 2314 4759 
f 2020 2656 1665 
f 6087 6206 4077 
f 5935 5930 5978 
f 113 4930 4196 
f 4449 4130 4294 
f 1085 342 4355 
f 2365 5652 1365 
f 6941 5647 5480 
f 6982 2300 81 
f 3371 6596 1638 
f 3056 4692 2338 
f 62 3467 6078 
f 210 5228 4384 
f 5645 310 5504 
f 5443 4349 5444 
f 419 6334 4119 
f 1948 2934 1723 
f 2052 972 3911 
f 1335 2543 5366 
f 348 1526 1545 
f 5408 5280 3590 
f 5167 5486 3476 
f 1176 6794 2122 
f 1139 1625 3057 
f 4749 5543 7119 
f 7025 7097 298 
f 4401 4857 2319 
f 446 6057 5095 
f 5021 6159 4538 
f 3298 6639 3882 
f 6296 6161 708 
f 5971 5011 7037 
f 3324 893 1323 
f 5732 4963 4597 
f 6140 3351 636 
f 2107 3200 2038 
f 433 241 5977 
f 1930 249 5784 
f 5298 2116 5060 
f 4910 3163 6449 
f 3006 4645 3072 
f 2164 1624 4989 
f 6218 6459 6461 
f 5093 3755 5069 
f 571 6456 2791 
f 5903 3753 3642 
f 4445 4812 4767 
f 1945 1553 3993 
f 384 7046 2007 
f 4642 1640 1544 
f 5107 4030 951 
f 4655 5324 5098 
f 3209 6616 5658 
f 5231 3438 5405 
f 6525 6776 2329 
f 1833 6350 245 
f 4585 4307 1260 
f 6606 1451 4198 
f 597 315 5615 
f 2517 40 1047 
f 6682 3182 5202 
f 298 2239 3942 
f 6840 6234 1835 
f 4936 485 484 
f 5303 6594 6899 
f 1965 1364 2273 
f 5614 5162 3874 
f 4549 4403 6637 
f 352 2809 605 
f 1572 6473 717 
f 6813 3401 4145 
f 2209 1246 6494 
f 5958 5841 5935 
f 4472 2233 4628 
f 4057 6158 3507 
f 6888 1953 6643 
f 2755 2718 2754 
f 4525 7075 4362 
f 4859 6588 6835 
f 1586 2987 1313 
f 6301 5015 2441 
f 1205 197 1374 
f 3687 3809 3980 
f 2731 5760 921 
f 1829 3207 4219 
f 3318 4059 4064 
f 2193 7136 6785 
f 2381 2331 2991 
f 2441 4189 2821 
f 4988 5500 6005 
f 574 3784 1728 
f 4543 1207 1210 
f 2261 440 1682 
f 6777 6803 6766 
f 2749 1674 5421 
f 3597 350 954 
f 5610 5570 5631 
f 2055 2506 521 
f 983 4787 5513 
f 1969 281 4025 
f 5200 6426 3119 
f 5080 4266 6324 
f 1543 6191 3911 
f 6268 1011 3277 
f 4854 3925 4186 
f 3942 2239 2305 
f 5498 6443 4864 
f 3708 255 1796 
f 3498 2319 4857 
f 4304 3771 315 
f 912 4058 6079 
f 5620 5099 2899 
f 1803 5896 1943 
f 5101 5437 5329 
f 5886 263 6213 
f 1937 1637 2425 
f 6175 4606 6615 
f 5523 4568 4713 
f 4180 1065 4706 
f 3860 3673 4028 
f 5958 5935 5981 
f 1978 6693 3506 
f 6576 4987 4347 
f 6904 1410 3494 
f 1137 5176 2888 
f 3774 5210 5342 
f 2887 2191 6325 
f 3654 5853 4332 
f 4333 4293 4448 
f 4523 1564 3945 
f 6218 4206 4749 
f 1851 1565 2083 
f 5692 4584 2178 
f 6232 5695 763 
f 68 4617 3018 
f 6142 2092 5000 
f 1122 1249 2883 
f 5380 3400 4897 
f 6416 3804 6193 
f 5110 1369 3739 
f 5503 5460 5441 
f 1024 7051 2995 
f 559 2728 4108 
f 5020 4629 6099 
f 2086 6549 5633 
f 6933 4566 6259 
f 2047 374 371 
f 3341 3940 2912 
f 5832 5020 6100 
f 1417 630 3122 
f 6864 2776 2604 
f 2267 197 1205 
f 3551 3075 970 
f 4459 3812 2788 
f 535 4436 4422 
f 4247 6579 4420 
f 1421 825 1219 
f 3218 4683 4011 
f 2239 298 7096 
f 1903 6833 272 
f 1031 4939 2085 
f 367 2378 3099 
f 5166 3357 6862 
f 215 6926 1466 
f 4108 2728 477 
f 3486 4109 750 
f 1873 2067 2416 
f 2625 2638 6406 
f 3591 5063 4239 
f 3048 4517 5979 
f 3897 3896 479 
f 970 2270 2160 
f 4780 5270 1585 
f 477 6399 6697 
f 1973 1591 1738 
f 2202 2201 2372 
f 4819 2951 6746 
f 2656 1745 2657 
f 2874 2630 550 
f 5534 5463 5096 
f 715 2015 2622 
f 4618 5782 6633 
f 2493 6948 5329 
f 5726 5092 5715 
f 5633 602 869 
f 2268 2329 6776 
f 1415 2822 492 
f 3621 3699 3622 
f 6867 6675 6866 
f 6503 6417 3662 
f 5583 1006 7089 
f 2667 2502 2670 
f 1028 4787 4652 
f 6151 3455 3380 
f 6297 5230 2920 
f 5936 2779 5016 
f 4893 3374 1511 
f 2903 244 223 
f 3978 5553 5956 
f 2007 3221 5778 
f 6196 4523 6753 
f 4902 4974 4972 
f 6935 1260 3020 
f 3136 418 3537 
f 3376 2131 4595 
f 2480 5616 5392 
f 6992 3133 3890 
f 5031 6382 5024 
f 1809 832 1078 
f 1846 4338 2747 
f 6328 4685 6348 
f 4015 5524 6059 
f 639 1829 4054 
f 656 4445 4889 
f 5529 5970 5718 
f 2203 1039 726 
f 6196 1564 4523 
f 1579 2012 1982 
f 2125 6868 6726 
f 4072 2886 2864 
f 477 2728 6399 
f 1444 7025 298 
f 929 1667 2096 
f 4827 4627 3706 
f 105 3254 865 
f 2654 4156 330 
f 5015 4953 5084 
f 6554 611 6778 
f 557 592 4175 
f 561 16 4049 
f 1120 3394 644 
f 405 3993 2730 
f 1746 3131 3389 
f 2072 6648 1281 
f 2443 5618 6472 
f 5595 3943 3874 
f 5552 4843 6640 
f 6112 1816 403 
f 5956 6339 3978 
f 2431 3320 6822 
f 5356 3618 3998 
f 5792 1388 6741 
f 6364 4295 162 
f 7106 3762 1168 
f 830 3998 1880 
f 1325 6834 5973 
f 6382 5523 424 
f 4762 5111 2553 
f 1167 2980 7100 
f 463 1123 5971 
f 6115 530 4863 
f 1714 3286 2009 
f 4527 841 2753 
f 5613 2038 3693 
f 5490 1541 1562 
f 2914 4439 2170 
f 4449 3722 5093 
f 6824 4576 472 
f 2868 1003 319 
f 4035 1844 3591 
f 5226 196 5171 
f 4464 6948 6384 
f 4517 6860 5979 
f 4634 3305 745 
f 5368 4596 5237 
f 7107 825 1421 
f 6365 6150 4868 
f 5498 5625 5550 
f 4786 21 6946 
f 5454 4349 5325 
f 2699 1308 6093 
f 5972 2937 4301 
f 5077 4980 5037 
f 4014 4744 3930 
f 1165 2168 2110 
f 6031 6030 6062 
f 75 4117 1 
f 4706 898 2038 
f 5938 5551 1722 
f 2766 1668 2825 
f 4742 1805 4121 
f 6504 5336 5823 
f 6458 3985 4024 
f 1886 2991 7065 
f 1217 835 661 
f 4280 5862 2661 
f 1157 6097 4740 
f 5672 5677 4778 
f 6415 6247 526 
f 5903 1380 533 
f 2832 2714 2830 
f 2480 3434 4959 
f 1960 1476 17 
f 1064 123 435 
f 6937 5745 2890 
f 4526 4831 4467 
f 5534 4932 3590 
f 1391 651 2488 
f 6989 6519 4523 
f 5080 5221 136 
f 210 7145 6939 
f 4834 5653 4960 
f 1397 1782 1753 
f 1158 3726 5817 
f 668 88 4971 
f 90 2392 5364 
f 4318 4822 3259 
f 7037 5011 4564 
f 6087 6881 30 
f 5227 3453 3746 
f 5172 1568 5217 
f 3035 6134 1425 
f 4953 5015 6005 
f 1586 1377 2987 
f 5217 5062 5215 
f 5066 5062 5217 
f 6848 3665 4791 
f 4791 2833 4451 
f 2215 5796 4625 
f 5481 5493 3473 
f 6065 4703 2920 
f 4242 4204 1597 
f 3532 1249 2386 
f 4692 3056 5056 
f 1735 2201 2202 
f 3000 6748 5925 
f 6951 4345 2556 
f 4436 2139 11 
f 611 6554 3966 
f 442 1609 5397 
f 293 4919 2355 
f 1495 2898 2598 
f 7036 3175 642 
f 3506 3508 1978 
f 4895 5283 6462 
f 2650 4562 4526 
f 2590 3559 5171 
f 693 98 585 
f 2580 5572 4970 
f 3002 2952 3183 
f 2291 328 3760 
f 1547 4709 4800 
f 5202 5929 1483 
f 5895 3979 6342 
f 2070 1785 2028 
f 2757 2839 2721 
f 5386 2422 68 
f 4794 4526 4562 
f 2570 5718 7067 
f 6377 6378 4307 
f 3176 2923 3625 
f 3475 3431 3622 
f 1048 2243 1939 
f 1757 5356 5377 
f 390 1115 1714 
f 3417 6163 3957 
f 4530 731 4885 
f 6346 5894 6306 
f 307 1844 6776 
f 4279 5516 5538 
f 4959 5614 2480 
f 4572 3914 3741 
f 3701 4429 2031 
f 6231 3330 3265 
f 5965 3585 5149 
f 6694 2758 3398 
f 5214 5213 5322 
f 5427 2996 5573 
f 2771 1596 3101 
f 4581 3110 3897 
f 880 5540 388 
f 2153 2330 6128 
f 6847 1567 1894 
f 6629 1042 1443 
f 6311 1384 2970 
f 1436 2356 1569 
f 6775 6872 6565 
f 5616 4102 5392 
f 5968 5181 827 
f 4863 6267 4414 
f 5184 7064 4509 
f 5007 3380 789 
f 2526 1909 4877 
f 6432 4753 2034 
f 2528 2372 2201 
f 5251 4020 2196 
f 4513 5795 896 
f 2623 4434 6343 
f 2701 62 5128 
f 7007 1115 2289 
f 2262 2500 5497 
f 3547 3785 6263 
f 5066 4953 4952 
f 6613 5222 5319 
f 3688 5051 5052 
f 6387 1439 2224 
f 91 5876 4737 
f 994 2078 6517 
f 4391 4392 4393 
f 2826 3991 4181 
f 5211 7017 3231 
f 5862 4280 6783 
f 5066 5007 5062 
f 407 5239 5482 
f 6985 4842 1900 
f 4304 2954 3771 
f 5703 5385 3335 
f 5660 5124 5651 
f 848 5495 5326 
f 2384 4776 5773 
f 3222 5267 806 
f 1863 3400 6314 
f 2634 5210 3512 
f 4977 1558 13 
f 2942 3571 5480 
f 3240 6960 3940 
f 2056 4602 2270 
f 5709 5734 5737 
f 5815 4224 3561 
f 296 7134 4379 
f 6647 2794 6495 
f 1139 2851 1212 
f 3057 2851 1139 
f 1376 2261 4922 
f 2522 2856 2523 
f 4674 5574 3093 
f 4834 5646 4825 
f 5380 5444 5466 
f 254 4967 3594 
f 3270 2859 3269 
f 3296 5622 3652 
f 3856 1864 7140 
f 1525 4020 315 
f 2138 6966 4387 
f 2598 2528 2530 
f 6966 3090 2993 
f 2709 4572 3708 
f 5811 667 4362 
f 6138 2329 2268 
f 5918 2773 3715 
f 6245 1624 2164 
f 5021 4538 5280 
f 242 1542 5676 
f 5256 4474 2058 
f 225 962 102 
f 633 2029 6036 
f 2617 2663 6848 
f 3211 5301 3412 
f 7011 563 5275 
f 817 1485 6717 
f 5165 4509 5512 
f 3692 2654 330 
f 1832 3214 3263 
f 6952 6821 2325 
f 4854 6964 3925 
f 4759 5673 5570 
f 3597 4755 1718 
f 556 1534 265 
f 1585 4339 4780 
f 640 369 6787 
f 5801 4316 4193 
f 4391 3679 3641 
f 6707 149 725 
f 5452 6707 725 
f 3930 4744 6179 
f 1176 6337 3389 
f 108 1002 5241 
f 4525 5746 737 
f 4942 5844 4673 
f 5909 119 1737 
f 7099 7025 1444 
f 6475 3522 6077 
f 5197 5811 4688 
f 5049 3484 1610 
f 1401 2115 1520 
f 6536 4001 2047 
f 5271 1568 5172 
f 411 6541 1133 
f 5767 503 90 
f 1806 2687 587 
f 27 2533 3082 
f 5642 5746 4525 
f 3949 1008 7019 
f 248 5643 3223 
f 3464 5247 5790 
f 1510 4825 5646 
f 5963 5921 5898 
f 593 2897 2972 
f 536 5723 79 
f 3057 3266 2851 
f 6263 6264 6054 
f 1834 5871 6014 
f 5838 5816 5858 
f 2267 6445 3227 
f 6657 6121 6513 
f 6296 2679 3331 
f 7038 797 4217 
f 2644 4142 2237 
f 5779 5731 5751 
f 6287 6998 1330 
f 1405 1305 1450 
f 5982 6046 6029 
f 4574 4684 4647 
f 1804 6797 1766 
f 3555 4640 2144 
f 5697 1804 2339 
f 302 250 4264 
f 4348 5153 1697 
f 6997 165 1673 
f 5398 5934 1874 
f 632 544 2971 
f 6173 793 660 
f 298 7097 7096 
f 3640 1963 2986 
f 3357 5166 3577 
f 3353 1715 2152 
f 6357 260 6163 
f 4183 4192 1733 
f 6118 5965 2240 
f 1799 411 5072 
f 5843 3742 7085 
f 5159 5403 4878 
f 5758 1622 3368 
f 6037 2147 2065 
f 852 4278 4363 
f 3197 6071 6053 
f 3700 3424 2082 
f 1219 3731 1421 
f 5987 6119 6052 
f 6123 6415 234 
f 4084 3505 5774 
f 3254 105 3478 
f 3798 3405 2813 
f 852 4806 900 
f 3195 3450 1698 
f 6218 6461 160 
f 1671 3996 5311 
f 1528 771 217 
f 3457 5302 5213 
f 4421 1084 4413 
f 4961 3906 6168 
f 579 1294 5713 
f 5138 3788 3316 
f 6726 4996 6616 
f 5162 5185 3874 
f 3247 757 259 
f 5968 1248 5181 
f 300 1768 4582 
f 3011 6320 736 
f 2469 1938 1742 
f 7001 1749 7138 
f 3702 5967 4805 
f 3021 309 2311 
f 1435 1361 1396 
f 2530 4975 2598 
f 3273 2749 2959 
f 4462 253 6534 
f 6250 5442 3719 
f 5147 6661 2140 
f 4164 3082 6478 
f 5038 5174 1929 
f 2855 3464 3060 
f 4766 5069 3910 
f 6495 5247 5206 
f 2547 5643 4975 
f 5409 2883 1249 
f 4523 6519 6753 
f 3138 4449 3140 
f 4560 4950 5867 
f 334 6225 1285 
f 2833 4791 3665 
f 6842 1223 974 
f 4383 4407 4612 
f 2503 985 981 
f 1125 6915 6699 
f 5043 1907 3750 
f 1319 2242 5361 
f 2379 2540 2901 
f 4318 6468 3150 
f 2436 4862 3187 
f 3618 1757 3837 
f 1046 2587 6413 
f 220 6686 6878 
f 519 1943 756 
f 5324 5097 5325 
f 216 827 1363 
f 4545 750 3908 
f 4959 3434 5163 
f 2615 3178 3937 
f 2111 2577 2557 
f 315 597 1525 
f 1862 3510 5306 
f 5807 5864 5847 
f 3240 3164 4555 
f 589 2897 593 
f 2635 1043 3234 
f 6140 2631 3642 
f 1796 3320 3922 
f 7036 4271 4710 
f 2498 902 4783 
f 6542 4996 1932 
f 6254 6275 5736 
f 5329 4464 5101 
f 191 552 3952 
f 3905 4891 4890 
f 3246 3280 3312 
f 5926 6397 6053 
f 2648 4136 7146 
f 4090 4426 4252 
f 6488 2934 1948 
f 5150 5004 6433 
f 5031 5024 5408 
f 3094 5308 5294 
f 6159 4138 4102 
f 6842 4272 5561 
f 2160 5625 4856 
f 19 299 2829 
f 3747 5243 4094 
f 4777 2567 4376 
f 2048 6779 2945 
f 5719 5005 2419 
f 6678 6242 738 
f 2286 1848 1697 
f 1987 4298 6190 
f 5672 5124 5660 
f 1249 1734 5409 
f 950 3214 1832 
f 1568 5084 5066 
f 2510 977 5901 
f 265 867 772 
f 4362 3824 5811 
f 6845 3408 7053 
f 1299 531 2586 
f 6453 4766 3005 
f 4657 4568 5041 
f 6912 1906 1738 
f 5416 5302 2466 
f 1940 1895 1970 
f 6612 6895 6970 
f 2730 3993 1884 
f 2642 3301 2831 
f 444 380 2361 
f 6146 5744 3438 
f 6980 6280 6141 
f 5506 5696 6630 
f 6310 4908 4906 
f 3305 1156 3059 
f 5610 5231 1510 
f 5376 6791 4155 
f 3485 410 6797 
f 4756 3041 2796 
f 1696 1497 1169 
f 3274 2684 3270 
f 5430 3744 2896 
f 6419 5022 6145 
f 2684 2859 3270 
f 3911 6191 5944 
f 4960 5567 5570 
f 4948 631 5669 
f 2528 2201 2200 
f 4825 1723 4834 
f 5909 1737 2515 
f 3060 2858 2856 
f 2604 2685 6864 
f 3864 261 4325 
f 2738 238 786 
f 3425 3611 3612 
f 5280 4538 5595 
f 4444 792 4067 
f 6333 1247 4671 
f 4678 4345 2036 
f 5060 4820 2454 
f 53 4038 2561 
f 3061 5612 4782 
f 3920 5902 1643 
f 6899 5483 248 
f 2560 2995 2946 
f 1710 7128 5295 
f 1157 5730 826 
f 1578 6296 708 
f 2149 2376 633 
f 1968 768 7132 
f 5806 4456 6979 
f 4556 4773 4949 
f 638 5509 4519 
f 7090 3380 4899 
f 5919 3809 1686 
f 1129 867 1534 
f 1677 5198 3589 
f 796 4851 619 
f 2516 4387 6966 
f 5274 4876 1145 
f 6224 3681 218 
f 964 4572 3741 
f 690 6173 4907 
f 4501 6444 1254 
f 6474 2597 6011 
f 2590 5406 3559 
f 2496 5197 5170 
f 5960 5864 5958 
f 5733 5645 5766 
f 5416 5323 5322 
f 205 6965 4292 
f 3459 731 4528 
f 125 973 1903 
f 6553 4463 6526 
f 4952 5500 4899 
f 1970 1895 2195 
f 5938 5928 5551 
f 4381 6152 3697 
f 2636 1478 3474 
f 6089 6153 6118 
f 2449 6783 4280 
f 249 1930 3801 
f 5870 1445 7129 
f 6089 6029 6127 
f 5535 5149 5140 
f 5292 5318 5276 
f 6093 4575 3232 
f 5176 1740 2888 
f 4515 5671 582 
f 1081 2083 5640 
f 4372 3557 2111 
f 2595 686 953 
f 5316 5139 6157 
f 7031 6484 3985 
f 4889 5438 5521 
f 2687 396 1680 
f 3561 6801 1767 
f 6383 6362 6359 
f 6351 4220 4380 
f 2451 2163 4931 
f 3064 5235 3026 
f 4122 5975 3015 
f 2223 2990 2989 
f 3795 1352 7118 
f 6858 4708 1771 
f 4856 3551 970 
f 5087 6998 730 
f 2664 6221 2495 
f 1029 3269 5790 
f 1937 2425 1859 
f 2244 5411 2961 
f 1399 2235 1609 
f 1983 5131 7094 
f 679 610 2622 
f 4413 2692 4071 
f 6234 3282 1244 
f 2665 1020 6421 
f 5306 1612 760 
f 5310 6118 6153 
f 4734 963 858 
f 6164 6378 3025 
f 4312 6197 2916 
f 6660 3614 5888 
f 6917 2353 4924 
f 7 6 2124 
f 1208 3205 4057 
f 4256 2363 1367 
f 3270 3269 1029 
f 4975 2530 3274 
f 6940 2555 1324 
f 6899 3223 5303 
f 4686 5696 1368 
f 5332 6730 145 
f 5512 4856 5625 
f 4500 5565 5644 
f 2295 819 580 
f 4610 6219 2358 
f 5041 4568 5523 
f 5272 5264 4013 
f 2901 2540 3315 
f 6529 3992 430 
f 162 5296 6364 
f 6110 5697 2339 
f 3420 226 3821 
f 6399 7123 2919 
f 4200 6186 857 
f 2448 5815 1767 
f 180 5811 3824 
f 3395 4761 5600 
f 1931 5005 3983 
f 4326 5796 2215 
f 4616 4624 1462 
f 5716 110 5501 
f 695 6128 2301 
f 2324 4098 3276 
f 5968 827 3927 
f 1481 5371 5519 
f 3838 474 1967 
f 4702 3498 4857 
f 4040 5465 7090 
f 6586 6919 2010 
f 3519 3910 3353 
f 5241 3005 108 
f 2814 1441 4799 
f 3094 5294 5131 
f 2318 3147 4374 
f 5082 1255 722 
f 6221 4978 6130 
f 2108 2258 4700 
f 1872 6175 6709 
f 3625 3483 1283 
f 6111 4998 6101 
f 5868 5579 5850 
f 3869 3865 3981 
f 3684 1842 4185 
f 799 2719 448 
f 3071 5319 1638 
f 6778 5458 6554 
f 557 886 6350 
f 3377 5118 4285 
f 6379 3811 786 
f 3994 3959 4029 
f 6348 3242 6328 
f 6387 1661 6292 
f 6584 5932 6701 
f 4358 2149 470 
f 5281 6801 625 
f 4100 6825 895 
f 2449 6917 3212 
f 5380 3405 5444 
f 766 5789 6923 
f 6177 5353 6133 
f 3865 3939 4060 
f 3170 310 5065 
f 6484 7031 2739 
f 2997 2401 3221 
f 1726 6015 1563 
f 7084 7082 823 
f 4378 3688 5052 
f 4551 4974 5470 
f 4011 5262 6335 
f 4805 5261 3702 
f 5687 4584 1270 
f 7106 1168 5771 
f 2822 2817 615 
f 857 6186 6994 
f 2667 5230 1923 
f 2440 2140 6661 
f 4470 4075 4444 
f 1534 867 265 
f 5636 3744 5635 
f 902 2498 3811 
f 3719 5442 3302 
f 3570 133 5010 
f 3730 3727 3815 
f 3639 4386 5611 
f 3941 7061 4791 
f 6770 1737 119 
f 5247 3266 5206 
f 2684 2525 2859 
f 667 5811 5197 
f 5643 2547 4200 
f 2835 5950 85 
f 2528 2200 2527 
f 3237 5636 4229 
f 4236 2022 2064 
f 4010 7010 2488 
f 2859 3060 3269 
f 3156 1091 823 
f 2813 5380 4897 
f 5964 5824 418 
f 3120 3196 3255 
f 4724 5956 5553 
f 5483 2898 1495 
f 6534 769 5238 
f 601 69 70 
f 3240 3940 3164 
f 3588 3367 5091 
f 5109 6488 5187 
f 4523 2865 6989 
f 327 660 5775 
f 6501 6899 6594 
f 135 4575 1068 
f 6337 4511 5856 
f 988 1635 591 
f 2710 2159 2258 
f 282 1926 2214 
f 6525 3739 2311 
f 128 4895 3230 
f 1952 5042 1000 
f 5473 6693 3354 
f 2102 6557 5042 
f 6963 242 4521 
f 4047 2619 3370 
f 4112 5211 346 
f 6404 4324 559 
f 6030 6090 6062 
f 4980 4994 4927 
f 5557 2961 5411 
f 3426 6159 6330 
f 4845 53 2561 
f 3063 2991 2405 
f 4362 4063 5642 
f 2902 3926 1730 
f 3247 259 3222 
f 4678 2744 2738 
f 5197 2496 667 
f 108 5331 5271 
f 2442 3734 710 
f 1964 6976 5009 
f 2617 1066 2663 
f 135 3232 4575 
f 3005 6767 108 
f 3222 1211 3247 
f 3695 2067 1873 
f 5387 1478 4091 
f 1513 591 2772 
f 4031 807 5725 
f 6241 6239 3444 
f 3007 1993 3348 
f 3873 1696 4733 
f 2989 6164 2223 
f 6129 3125 3695 
f 2141 3921 4502 
f 635 5685 6232 
f 1513 1044 988 
f 5854 5867 3705 
f 341 3322 2725 
f 5504 310 3168 
f 4269 4179 4222 
f 2674 6220 3153 
f 6679 4868 6150 
f 2652 2018 2930 
f 2688 3882 4405 
f 1745 3577 5166 
f 3240 4022 6960 
f 1352 7048 7117 
f 4046 1353 3671 
f 3236 7033 3887 
f 1471 160 6461 
f 3497 1276 4070 
f 6582 6197 4018 
f 1092 302 6178 
f 540 2455 21 
f 436 1840 6557 
f 4859 6835 353 
f 861 5785 3706 
f 1002 5345 5418 
f 1029 6186 2547 
f 4895 6462 1121 
f 1566 1873 262 
f 3361 6767 6165 
f 4875 4484 5682 
f 3346 3944 4229 
f 3873 6994 5291 
f 6453 6250 4766 
f 6453 3005 5241 
f 1947 857 6994 
f 3873 5291 1696 
f 3138 3140 3719 
f 3775 2252 2256 
f 3792 2567 1227 
f 6688 14 824 
f 4466 3005 4766 
f 6261 5862 6783 
f 1698 5532 3195 
f 2350 5740 1606 
f 4113 4186 5571 
f 2855 2851 3266 
f 3148 3217 2926 
f 4331 5813 1778 
f 2530 2528 2527 
f 5614 2506 2055 
f 4550 4094 4584 
f 6899 248 3223 
f 1835 5357 4908 
f 5312 2768 6262 
f 1725 2794 696 
f 7001 3234 6999 
f 205 4754 1005 
f 1491 2540 2537 
f 550 5945 2874 
f 6174 5440 1093 
f 3933 6110 6594 
f 6961 7025 3393 
f 5512 4509 4422 
f 5735 5736 6275 
f 2754 2718 2787 
f 357 271 230 
f 5806 2882 4456 
f 4837 1529 2592 
f 1905 3070 2778 
f 4596 4637 4967 
f 1686 3809 3207 
f 6597 1723 2934 
f 1905 6878 3070 
f 5046 6990 7126 
f 5170 5197 4688 
f 1881 1908 4802 
f 876 6499 5561 
f 727 7121 4904 
f 4399 2508 1504 
f 2376 2149 1921 
f 6250 5389 5442 
f 2863 6832 3315 
f 4746 4892 1381 
f 3271 6077 5003 
f 3920 6040 716 
f 4237 4068 2875 
f 3582 5561 5282 
f 2707 6329 6608 
f 2993 3090 4284 
f 4514 3004 5200 
f 99 1746 3389 
f 2140 2440 6530 
f 1941 3285 1344 
f 3668 2944 6392 
f 986 4725 3228 
f 1542 242 6261 
f 6891 4949 4735 
f 6920 6921 472 
f 468 2924 6038 
f 2683 6990 5046 
f 5911 3899 2819 
f 5682 3982 6199 
f 1388 2366 6908 
f 2178 5403 5159 
f 5310 6153 5253 
f 5778 3221 1981 
f 5276 5318 4550 
f 4094 2178 4584 
f 5322 5213 5302 
f 4071 2692 4072 
f 4412 3881 4421 
f 7131 4701 4373 
f 3525 4294 3944 
f 3593 3403 6661 
f 5069 6250 3719 
f 3302 5460 5503 
f 4988 6005 6877 
f 4224 4987 3556 
f 610 743 1675 
f 6828 1258 4410 
f 6796 5685 2153 
f 5097 4781 6440 
f 4246 4410 4425 
f 2998 5747 4891 
f 641 6348 4685 
f 1819 672 6567 
f 81 973 4898 
f 6440 4781 5032 
f 4721 6588 2381 
f 7138 7144 7079 
f 4152 88 2356 
f 6503 6714 6750 
f 5347 1483 5929 
f 3006 5230 5681 
f 5887 500 6088 
f 706 6995 4328 
f 3652 1288 4858 
f 4079 820 2917 
f 3137 4339 1433 
f 6602 4600 7119 
f 498 6573 7083 
f 5575 5572 4835 
f 1413 2096 1324 
f 1286 5936 1694 
f 2541 2923 1867 
f 3674 37 3141 
f 6627 1079 6771 
f 1465 3686 448 
f 3323 2853 1362 
f 2270 970 2056 
f 4414 3986 3776 
f 7112 329 6024 
f 6471 6706 5307 
f 3784 4326 5786 
f 4433 6437 5634 
f 719 4664 257 
f 4573 4307 4585 
f 2904 5757 5554 
f 5630 1088 5920 
f 6453 5389 6250 
f 3634 6966 2993 
f 3900 1725 5291 
f 2188 1418 2999 
f 6039 6019 5508 
f 5172 1002 5271 
f 5246 452 5511 
f 6832 3895 2662 
f 6315 497 1444 
f 5791 4793 7109 
f 1128 326 5106 
f 1015 2753 6982 
f 5843 323 1091 
f 6634 6838 6735 
f 162 4295 2089 
f 3205 3653 4057 
f 4283 6354 6293 
f 133 3570 262 
f 1623 6769 5305 
f 907 5619 4763 
f 5653 4897 5667 
f 5869 5618 2443 
f 5610 1510 5646 
f 2045 2710 2108 
f 4563 4657 5041 
f 6551 5516 6815 
f 3560 3104 198 
f 1093 1066 2617 
f 4609 4574 4647 
f 3668 6392 3987 
f 1390 469 1170 
f 6185 6530 6537 
f 6316 6229 4874 
f 1850 2908 5265 
f 1007 1311 866 
f 5441 5416 6166 
f 6784 1102 6431 
f 2622 4976 679 
f 2076 6054 6264 
f 3618 3837 3078 
f 5625 5498 5512 
f 142 3701 3048 
f 2360 3836 1788 
f 1294 5916 2562 
f 2056 970 3075 
f 1068 885 3649 
f 2388 233 144 
f 804 6856 154 
f 5032 6382 5031 
f 4278 852 900 
f 3150 6561 3649 
f 6153 6127 5253 
f 5050 1756 547 
f 1255 5866 1221 
f 2896 1153 5430 
f 4384 7145 210 
f 3462 3837 5874 
f 1082 5119 2782 
f 1681 2504 1313 
f 3154 3346 4229 
f 4402 3384 6581 
f 1436 6365 5818 
f 4589 7101 3322 
f 6800 6666 6754 
f 3226 5976 6315 
f 2125 5404 6887 
f 6494 1246 6725 
f 5405 5437 5231 
f 1152 214 6581 
f 5474 4329 5168 
f 5144 2317 6304 
f 5434 314 339 
f 931 1657 1400 
f 6305 4858 1288 
f 3802 3709 3675 
f 590 3343 6083 
f 6842 982 4807 
f 3145 5361 2242 
f 3525 6942 3722 
f 2969 6922 33 
f 6266 1075 3444 
f 1487 4731 1647 
f 3665 1296 3032 
f 5441 6166 5503 
f 4065 4441 2876 
f 557 1096 555 
f 1527 5598 312 
f 4805 5204 5261 
f 2958 568 2932 
f 2608 6366 2220 
f 4878 5403 5253 
f 3551 4856 4422 
f 3543 2183 6817 
f 6647 2665 2905 
f 3724 782 726 
f 4943 298 3942 
f 1956 6472 6109 
f 6421 1171 1768 
f 1577 1434 1694 
f 5928 5938 2426 
f 4471 156 975 
f 251 508 949 
f 4456 2214 1926 
f 4274 1849 3610 
f 6110 1016 6594 
f 6517 7139 994 
f 1131 6956 2315 
f 3818 7098 8 
f 3583 2454 2309 
f 1079 112 6079 
f 6663 7046 384 
f 4819 346 4228 
f 713 844 3409 
f 1694 6154 1577 
f 3136 3537 3237 
f 1090 967 2603 
f 4986 3615 5716 
f 1546 5269 348 
f 6779 548 2945 
f 2637 1620 3752 
f 5625 2160 5550 
f 69 195 141 
f 2683 3890 3133 
f 704 274 6445 
f 756 5627 1713 
f 4966 5749 4017 
f 5296 162 58 
f 35 1173 165 
f 6237 2458 3576 
f 4777 1480 1263 
f 3663 6280 96 
f 2655 1907 1818 
f 6989 6850 1083 
f 1747 1179 1746 
f 6571 3604 4000 
f 835 1217 3010 
f 4776 4651 4782 
f 3472 6023 2237 
f 5442 1002 5418 
f 5093 3719 3140 
f 771 1528 89 
f 6057 848 5095 
f 6571 2769 1974 
f 6146 4159 6189 
f 5553 3122 1676 
f 6176 471 6855 
f 67 802 6184 
f 6846 94 6922 
f 6385 2976 6265 
f 5498 5550 5667 
f 6448 4612 3568 
f 4109 1761 750 
f 5159 4878 1052 
f 2339 1016 6110 
f 6287 2936 730 
f 684 244 394 
f 5796 316 3830 
f 3556 338 4224 
f 2805 5348 4603 
f 5557 490 2961 
f 6864 2987 3181 
f 6920 6819 7021 
f 6472 6540 6109 
f 5884 5588 6691 
f 5995 34 514 
f 3258 2538 5515 
f 3963 5102 5393 
f 4811 1301 2900 
f 1453 3851 3667 
f 161 71 3807 
f 5804 1041 6532 
f 4813 4654 4482 
f 1105 1189 6712 
f 4695 447 4147 
f 6896 2569 5399 
f 3491 1084 3294 
f 278 6925 5651 
f 276 2090 4296 
f 2461 1383 86 
f 1894 3059 2352 
f 2426 2424 4965 
f 3982 2913 3660 
f 5734 5709 5706 
f 719 493 3977 
f 236 4443 6099 
f 5753 5737 5734 
f 1838 2445 5947 
f 3657 5856 2206 
f 5874 5188 3462 
f 4195 6025 6192 
f 5595 4538 3943 
f 2449 1279 6194 
f 4485 1221 526 
f 773 6036 2029 
f 4791 4451 3941 
f 6742 660 1958 
f 4653 5596 3721 
f 5463 5325 5096 
f 7051 731 215 
f 495 3311 3449 
f 789 3455 667 
f 4253 4376 2162 
f 7014 4078 2713 
f 409 2723 1028 
f 5443 5187 935 
f 4876 5651 6925 
f 300 5257 6599 
f 878 953 1095 
f 5906 1710 1916 
f 1625 5206 3057 
f 1768 1171 4582 
f 3631 869 918 
f 300 2665 1768 
f 1903 2860 3842 
f 4023 1422 3690 
f 3026 1210 3064 
f 4200 2547 6186 
f 4728 2668 308 
f 955 3166 3384 
f 1343 4501 1254 
f 1433 1775 4214 
f 609 1677 1053 
f 5389 5241 1002 
f 2160 2270 2229 
f 4155 3166 944 
f 6832 2863 6962 
f 4630 5098 935 
f 1666 637 5799 
f 6665 5430 1153 
f 438 5042 1952 
f 4295 6364 958 
f 3712 2045 2662 
f 3114 2002 372 
f 4942 4673 6187 
f 5042 223 5492 
f 2749 3273 879 
f 4768 3242 6348 
f 4087 6360 3199 
f 5476 6037 2573 
f 1770 2969 615 
f 552 3324 4358 
f 6235 3594 4972 
f 2966 3186 5006 
f 3863 6320 3272 
f 5584 5159 1052 
f 5199 699 6954 
f 5243 5310 5403 
f 1664 4326 1355 
f 3586 5610 5124 
f 3899 2401 2997 
f 5735 3748 6980 
f 3524 6649 2100 
f 6934 7042 1239 
f 3075 4735 1106 
f 4352 4354 4183 
f 600 2734 1957 
f 5035 7050 4045 
f 684 1814 6518 
f 6944 2087 6021 
f 62 5974 3468 
f 6200 6705 6450 
f 5692 1270 4584 
f 2583 5991 3019 
f 5523 4713 424 
f 2447 1287 20 
f 1587 5887 324 
f 6925 278 1552 
f 5258 686 3967 
f 5481 1623 4906 
f 5692 4769 1270 
f 3415 495 3449 
f 309 3021 2030 
f 1466 2946 215 
f 5037 4781 5097 
f 1863 5667 4897 
f 3435 5187 6488 
f 6257 6280 3663 
f 3695 853 6129 
f 4792 369 640 
f 3798 2934 5109 
f 6800 464 6607 
f 3932 6310 4103 
f 6212 5927 6216 
f 5264 4686 1368 
f 1424 2942 6403 
f 4814 169 4276 
f 6396 3594 6235 
f 2198 2745 2711 
f 4674 7093 7022 
f 4032 3593 4688 
f 3101 3151 6044 
f 5639 2371 4665 
f 6133 5698 3488 
f 3523 3495 6259 
f 4263 4498 2359 
f 2853 2606 2641 
f 1900 3783 122 
f 1598 1151 3987 
f 6532 794 946 
f 7143 6780 1647 
f 5955 422 649 
f 1750 2432 1536 
f 1255 1221 3013 
f 546 3186 2966 
f 6241 5949 2458 
f 3758 2403 6066 
f 2297 1392 6629 
f 6436 5087 3659 
f 2172 2113 1320 
f 6928 6643 1953 
f 4447 6564 1306 
f 397 4218 2888 
f 836 3466 1823 
f 6081 999 5160 
f 6692 2371 5639 
f 2354 2768 5312 
f 3762 6144 5778 
f 2403 6514 4642 
f 6447 5257 5933 
f 612 570 5286 
f 5190 300 6599 
f 5762 1021 6700 
f 926 5991 2583 
f 7146 400 5168 
f 2307 1902 3823 
f 6994 3900 5291 
f 1282 669 933 
f 4148 4149 874 
f 3485 1345 4824 
f 955 5075 3166 
f 4124 4733 1169 
f 1872 4606 6175 
f 6942 1715 4157 
f 6468 6334 946 
f 5299 5152 5150 
f 1962 6392 5783 
f 1235 4228 6898 
f 460 5972 2114 
f 5741 5847 5724 
f 955 3384 4402 
f 5568 4698 5518 
f 4634 6126 1156 
f 3166 4124 1615 
f 657 6834 1325 
f 288 5972 460 
f 6139 670 6135 
f 1558 4977 1781 
f 5910 2819 6786 
f 203 617 5605 
f 1646 7030 1765 
f 1715 6942 5913 
f 6797 5697 1918 
f 4565 4752 3471 
f 5622 1918 3652 
f 2156 3278 892 
f 4832 1226 629 
f 6150 1436 5724 
f 2204 6926 6485 
f 6267 2134 7015 
f 464 1456 6607 
f 6858 1771 6364 
f 3701 5368 4429 
f 1806 1066 5440 
f 452 4017 5720 
f 2880 1366 1316 
f 4477 4591 528 
f 4041 5782 6521 
f 1605 5947 3599 
f 1906 6912 2202 
f 4892 4842 4690 
f 1269 3229 7143 
f 2183 5995 1594 
f 594 1243 2023 
f 1091 323 7084 
f 2726 4605 3733 
f 6169 4757 1101 
f 6457 6102 997 
f 4323 2165 1466 
f 6360 4919 5819 
f 4334 4019 2745 
f 5784 590 1098 
f 1390 1170 5605 
f 1110 4675 4008 
f 4422 4436 3551 
f 4519 4055 638 
f 6471 6470 3575 
f 6099 4629 236 
f 2838 5122 2129 
f 4211 2653 7059 
f 3530 2894 451 
f 4465 2421 2213 
f 6496 3503 284 
f 4965 2121 5155 
f 2298 1816 6052 
f 5540 4248 3903 
f 3228 5176 1137 
f 1844 5063 3591 
f 4839 5787 277 
f 606 4332 757 
f 2892 4212 1655 
f 254 4966 4967 
f 6564 68 4480 
f 4517 4195 6860 
f 1075 3662 6533 
f 4025 281 4739 
f 827 5770 4306 
f 2956 2848 2955 
f 6096 23 1013 
f 5040 6798 6799 
f 2810 2484 6497 
f 1059 466 4004 
f 3684 2653 4211 
f 2096 1413 929 
f 3677 4399 871 
f 3986 6267 1264 
f 2044 2597 1556 
f 6785 6205 6423 
f 5264 5272 6238 
f 6799 4353 1883 
f 6366 2226 2220 
f 5323 1524 5418 
f 1700 6405 3336 
f 7092 6401 4490 
f 432 4567 1144 
f 3186 546 5113 
f 4591 4414 528 
f 6924 4381 6918 
f 63 5813 347 
f 3752 2131 2960 
f 2581 1961 1241 
f 3512 3976 6042 
f 4597 942 6132 
f 3165 6394 6618 
f 3902 621 5044 
f 3951 4942 2033 
f 5245 2369 1934 
f 722 3013 6500 
