v 0.3114493 -0.9226494 0.4506445
v 0.6025896 -0.34969306 -0.24037361
v 0.324808 -0.919437 0.426008
v 0.326318 -0.962311 0.486252
v -0.25334358 -0.98206 0.08186722
v -0.5745842 0.11691475 -0.104236364
v -0.92816293 -0.27478904 0.25762463
v -0.608615 0.654075 -0.71947
v 0.23294449 -0.9238558 0.01563263
v -0.92097473 0.2443428 0.59542084
v -0.7893076 -0.35219193 -0.10991287
v 0.50837207 -0.8438902 -0.18847275
v -0.5706048 -0.2719345 0.6026374
v 0.05476761 -0.633152 0.716547
v 0.16886806 -0.9673197 0.551991
v -0.1387279 -0.9607153 -0.23461819
v -0.44000912 0.47694874 -0.008672714
v 0.099479675 -0.9574404 0.55412245
v -0.712003 -0.929705 0.111741
v -0.35107613 0.15297318 0.35437202
v 0.94427395 -0.75143373 0.09473038
v 0.4191742 -0.35954547 -0.35807037
v -0.52776337 -0.8355789 0.19185638
v -0.13114548 -0.76509094 -0.30188704
v -0.023643494 -0.96432614 0.5976343
v -0.112136364 0.8976281 -0.09322548
v 0.5682869 -0.12958908 -0.20779419
v -0.03303337 -0.9825186 -0.29908228
v 0.12263358 -0.41338325 0.7623137
v 0.011161804 -0.12044573 0.58500123
v -0.5160489 -0.3496616 -0.25395465
v -0.16816139 -0.33996964 0.58177376
v -0.17723298 -0.7910756 -0.2765398
v -0.792316 0.803643 -0.556847
v -0.23303223 -0.9228683 -0.028383255
v 0.0205717 -0.765988 0.642906
v 0.7803414 -0.16504383 0.21689606
v -0.9449568 0.44438404 0.20021057
v 0.074909836 0.91660595 -0.33826882
v -0.22198725 -0.96776164 0.48040962
v -0.224261 -0.971162 0.509133
v -0.534693 -0.806132 0.00172445
v -0.20093799 -0.9404916 0.43766224
v -0.15571 -0.948182 0.697735
v -0.8675146 -0.26300812 -0.035409927
v -0.18682027 -0.9357314 0.46364403
v -0.19162202 -0.9588356 -0.22810745
v -0.58133507 -0.15364838 0.56951547
v -0.169096 -0.273756 0.586566
v 0.50858307 -0.641974 -0.31140947
v -0.12333679 -0.9203043 0.5049467
v 0.5435753 -0.70314026 -0.2617569
v -0.08847523 -0.9566021 0.57655144
v 0.028179169 0.0066070557 0.553772
v -0.106625 0.9131 -0.200392
v -0.9486704 0.3605206 0.28442764
v 0.41228104 -0.6391072 -0.3475933
v -0.576993 0.34616494 0.4781425
v -0.32658744 0.1819706 0.31355095
v -0.90740585 0.13013625 0.63471794
v -0.50038147 -0.8067355 0.54545784
v -0.4972191 -0.37633705 -0.2507391
v 0.340677 -0.164901 -0.294791
v -0.35586548 -0.7302475 0.5170193
v 0.070828915 -0.14445695 -0.31161007
v -0.3096199 0.49695778 0.04670334
v -0.061137557 -0.18621445 0.6252861
v -0.33785087 -0.8515785 -0.20110321
v -0.39662868 0.32499337 0.22085762
v -0.682816 0.556506 -0.597248
v -0.130451 -0.331177 -0.448285
v -0.52038956 -0.6098404 -0.05508423
v 0.35754585 -0.9362236 -0.27221966
v -0.008621693 -0.24554157 -0.45003223
v 0.28577065 -0.9086188 0.44089746
v -0.756297 0.870661 -0.654595
v 0.15122986 -0.9410767 0.64104843
v -0.6911216 0.8026161 -0.4628029
v 0.4564228 -0.80367565 0.5640373
v 0.5304451 -0.64042306 0.5983753
v 0.852352 -0.482488 0.259241
v -0.44821167 0.089538336 0.44808674
v 0.08344746 0.22994399 0.004556656
v -0.709822 0.4802576 -0.30881083
v 0.6608761 -0.9540195 0.16141003
v 0.637959 -0.7727814 0.44369125
v -0.169202 -0.924296 -0.198247
v -0.12893295 0.09810829 -0.14847326
v 0.9002075 -0.7193594 0.37163925
v -0.691489 0.47497272 -0.32265663
v -0.51405275 -0.97022843 0.5812063
v 0.022285461 -0.9654576 -0.31177807
v 0.035196543 0.15747643 0.44739723
v -0.6911812 0.74637985 -0.28468323
v -0.62263906 -0.8689573 0.17212486
v -0.583384 0.496195 -0.0324438
v -0.2369976 -0.9581623 -0.20069695
v -0.52149343 -0.01121521 -0.20514965
v -0.42143202 0.36890578 0.08399391
v -0.40592575 0.2027576 0.40748978
v -0.521904 0.372212 0.435604
v -0.30798674 -0.98416805 0.056252003
v -0.35951924 0.26748717 0.160393
v 0.44226122 -0.21744967 0.6379082
v -0.0832853 0.601902 -0.0513429
v 0.33109665 -0.22516418 -0.37011337
v -0.2470603 -0.965741 0.18432808
v 0.059783936 0.7995577 -0.23436832
v -0.28404093 0.72757816 0.054995775
v -0.740448 -0.09927368 0.49590302
v 0.66081 -0.379623 0.536333
v -0.4393 -0.741297 0.436034
v 0.437473 -0.743794 0.618311
v -0.217559 -0.931272 -0.18369
v -0.195691 -0.935553 -0.204
v -0.9484129 0.047861446 0.51384115
v -0.583848 0.051921 0.507249
v 0.36178875 -0.9018831 -0.2774732
v 0.021896362 -0.9385824 0.6797514
v -0.41176605 -0.48623466 0.54535294
v -0.38751888 -0.4648466 0.5584731
v 0.243133 0.0398192 -0.235159
v -0.92722964 0.3873062 0.48997498
v -0.37548137 0.18609715 -0.09894848
v 0.808687 -0.491206 0.286517
v -0.5761636 -0.8211756 0.45280862
v 0.13125062 -0.099603295 0.58325094
v -0.09701443 -0.79065084 0.6522083
v -0.25106812 -0.930243 -0.14328003
v 0.5795288 -0.38784027 0.5992031
v 0.33513 -0.93538 0.448
v -0.18203926 -0.66410255 -0.20785904
v -0.89778113 -0.33411813 0.24720383
v 0.24011093 0.090452194 -0.20166588
v 0.53406334 -0.3338852 0.6357918
v 0.31374645 0.094317436 -0.18900585
v -0.01771164 0.9150133 -0.2092495
v 0.234595 -0.940723 0.616899
v -0.3782711 0.16029131 0.35965937
v -0.854436 -0.0480556 0.363589
v -0.43377495 -0.32963657 0.60035825
v -0.5968504 -0.3542137 0.5843239
v 0.094026566 -0.6443577 0.72831535
v -0.50478244 0.44712305 0.4201672
v -0.23257613 -0.92055666 -0.10889244
v -0.2014637 -0.92005074 -0.16791534
v -0.664429 0.601531 -0.658155
v -0.366363 -0.954319 0.587619
v 0.37333298 -0.34837723 0.7098026
v -0.95997894 0.45793295 0.31043243
v -0.19421268 -0.97394705 -0.246068
v -0.0428202 0.951644 -0.164827
v -0.21688414 -0.9818318 -0.26631737
v 0.12206423 0.013530016 -0.25391173
v 0.6501541 -0.18657112 -0.16096115
v -0.423559 -0.519186 0.517652
v 0.20670524 -0.13593549 -0.29453093
v -0.12914324 -0.57962227 0.5221405
v -0.702712 0.879145 -0.6999
v 0.20578861 -0.9314165 0.27481842
v 0.48556137 -0.063381195 0.5595894
v -0.77174664 0.625782 -0.14334106
v -0.062184334 -0.8739853 0.7108135
v -0.8883934 -0.0070152283 0.28094482
v -0.26890594 -0.9303467 -0.05633068
v -0.26995802 -0.35494804 0.58107424
v 0.01952219 -0.17145729 0.6780443
v 0.817577 -0.456818 0.157463
v 0.60097694 -0.25246954 0.5768671
v -0.640975 0.09647973 -0.09564483
v -0.62866116 -0.8493352 0.0155620575
v -0.2685987 -0.92628455 -0.0895735
v 0.5270748 -0.6884651 0.5868168
v -0.45853138 -0.36679745 -0.2547139
v -0.168622 -0.195077 0.596424
v 0.21220326 0.19538403 -0.077884674
v -0.787943 0.650492 -0.291553
v -0.06533265 -0.24031067 0.6968832
v -0.12865528 -0.935809 0.22221197
v 0.9511328 -0.5007546 0.12239027
v 0.7188568 -0.50567245 -0.12541199
v -0.78597915 0.7408352 -0.48417854
v -0.55412483 -0.9688966 0.57715034
v 0.042980194 -0.27487373 -0.4662962
v -0.72364235 0.7862549 -0.39167786
v 0.5370617 -0.3929391 0.6419754
v -0.290759 -0.941405 0.571488
v 0.853922 -0.484933 0.121326
v -0.45125008 -0.80427516 -0.07939196
v -0.0262181 0.0113674 -0.233973
v -0.06860733 -0.9151101 0.51159716
v 0.3461876 -0.48711395 -0.39662743
v -0.41150665 -0.97171235 0.45289612
v 0.39126277 -0.968901 0.36986732
v -0.34340286 -0.9770622 0.084905624
v -0.35670206 0.25709504 0.2248342
v -0.797429 0.706213 -0.388228
v -0.6980876 0.5848419 0.07300043
v -0.19475 -0.286588 -0.311309
v -0.32766604 -0.7259071 -0.12416959
v 0.62411785 0.02423191 -0.07320976
v -0.4705801 0.6122818 0.14031029
v 0.042526245 -0.937088 -0.31838226
v -0.584269 0.104193 0.566738
v 0.64017034 0.07473311 0.045194626
v -0.93225926 0.3706646 0.3681965
v -0.900127 -0.00826123 0.235746
v -0.0961247 -0.734126 0.551761
v -0.97239923 0.11695695 0.5549946
v -0.34496832 -0.81012934 0.53912497
v 0.36431313 -0.73288345 0.6754761
v -0.44601583 -0.5157089 0.51452446
v -0.522284 -0.823084 0.563605
v 0.16380215 -0.43275547 0.77359796
v 0.70773315 -0.28752136 0.47276306
v 0.67379 -0.45848846 -0.16090393
v 0.653546 0.053894043 0.32005215
v -0.219156 -0.604369 -0.161645
v -0.21412945 -0.048083305 -0.2420466
v 0.7591873 -0.73314905 -0.067579076
v -0.631042 0.8890798 -0.68645144
v -0.84039736 0.5714729 0.21082115
v 0.57126045 -0.01361084 -0.14402008
v -0.14365435 0.18586087 0.03433323
v -0.7383003 0.06524086 -0.06554222
v -0.45709246 -0.86518204 0.60458004
v -0.54437256 -0.36174393 0.5799446
v 0.38259983 0.022174835 0.5207977
v 0.44567275 -0.9606078 -0.14778996
v -0.28316975 -0.96858287 -0.1603508
v -0.2647667 -0.9748926 -0.20260239
v -0.891552 0.4737625 0.11343765
v -0.5188246 0.48297405 0.4292488
v -0.017072678 0.21923852 0.06306553
v 0.01783371 0.65278786 -0.10967362
v 0.952816 -0.56810665 0.05161953
v 0.5656948 -0.07250929 0.5163326
v -0.2321316 -0.7238729 -0.11234662
v -0.579547 0.567052 0.0543122
v -0.413546 0.426565 0.0983204
v -0.47358704 -0.4897461 0.5349884
v 0.57051086 -0.57963085 -0.25301933
v 0.0923996 -0.85713863 0.6518078
v -0.5226443 0.5824008 0.20232487
v 0.9590473 -0.54490376 0.3061905
v -0.10961008 -0.38519716 0.69476223
v -0.07896137 -0.7489712 0.57900476
v 0.6545868 -0.110302925 -0.1421032
v 0.17833781 -0.1791904 -0.38510752
v -0.431718 -0.7258 0.225563
v -0.441753 -0.638369 0.425489
v 0.054748535 -0.028345108 0.57113934
v 0.0299748 -0.562574 0.711734
v -0.45456743 -0.18710995 0.5828943
v -0.5903755 0.6641 -0.6277853
v -0.401169 -0.594253 0.492823
v -0.7827625 0.79992485 -0.48793793
v 0.62921524 -0.6838217 0.5173969
v -0.785865 0.850677 -0.586824
v -0.5477 0.560362 0.0289444
v 0.9681454 -0.52220917 0.26477242
v -0.89475346 0.02262497 0.088581085
v -0.35582995 -0.9668932 0.14129353
v 0.14062786 0.25095844 0.040750504
v 0.917942 -0.475842 0.159582
v -0.032105446 -0.747581 0.6220026
v 0.925076 -0.78539705 0.26431084
v -0.647663 -0.000302851 0.511014
v -0.0033836365 -0.7204838 0.6590328
v -0.6308261 0.74525106 -0.37885666
v -0.30775452 -0.98007864 -0.16700554
v 0.8059244 -0.40602875 0.28438568
v -0.648844 0.624952 -0.689991
v -0.54032487 -0.80456066 0.5094614
v 0.78014326 -0.77878 0.4280858
v 0.07732439 -0.8304622 0.6436198
v -0.6779534 0.7673812 -0.35008526
v -0.74709225 0.01004982 -0.07587433
v -0.2828312 -0.98120093 -0.2217102
v 0.70285034 -0.36135387 -0.17034912
v -0.393874 0.123587 0.394543
v -0.7730217 0.5218353 0.49047852
v -0.6170068 -0.0025746822 0.5050918
v -0.30259842 -0.79562104 -0.13952017
v -0.796661 0.5832809 0.27198505
v -0.330502 -0.804537 -0.129451
v -0.0106609 0.0374908 -0.221165
v -0.0662223 -0.978461 -0.31858
v -0.752439 0.56966877 -0.22426796
v -0.5569248 -0.13090885 -0.22153687
v 0.26015472 -0.58734155 0.74639463
v -0.534005 -0.983045 -0.105536
v -0.5652971 0.52384806 0.47517967
v -0.67099285 -0.8976712 0.14317131
v 0.87825394 -0.63894653 0.40263367
v 0.45646262 0.21556163 0.05926323
v -0.8335943 -0.3921764 0.40041733
v -0.5060816 -0.73398113 -0.001115799
v 0.7291496 -0.03612882 0.14879346
v -0.6407242 0.055091023 0.6286812
v 0.42043686 -0.26745605 0.6787338
v -0.441237 -0.728352 0.202126
v 0.62091446 -0.43362045 -0.23934555
v -0.53064203 -0.09385109 0.5614128
v -0.8292103 0.37368774 0.6250763
v 0.125873 -0.84409 0.635425
v -0.233832 -0.3023 -0.293317
v -0.538098 -0.934188 0.615329
v -0.212825 -0.280428 -0.299206
v 0.733512 -0.68259 0.421647
v 0.32734323 0.16033554 0.46799374
v -0.6232624 -0.1484127 -0.19731045
v -0.8290405 -0.040374756 0.394989
v 0.28691483 -0.74728584 -0.36003256
v 0.634964 -0.51285315 0.53829575
v -0.62233186 -0.9213277 -0.070153296
v 0.24462318 0.17479134 0.45547867
v -0.17832 -0.927886 0.686982
v -0.7038791 0.58430624 0.103375435
v -0.67286 0.581945 0.0565269
v -0.45684886 0.3652587 0.34618855
v -0.32723618 -0.97996473 -0.097537994
v -0.8996105 0.2720089 0.031238556
v -0.506579 0.424371 -0.00529211
v -0.130912 0.918412 -0.0975336
v 0.23878431 -0.027987957 -0.24329019
v -0.21425438 -0.9841746 -0.3448267
v -0.9236932 -0.2804351 0.12753105
v 0.726796 -0.651682 -0.0428777
v -0.11517143 0.61441445 0.0019311905
v -0.59819627 0.5731363 0.07684803
v 0.70644665 -0.8878288 -0.0015678406
v -0.50271225 -0.54665756 0.49503517
v -0.52419186 0.29682612 -0.05703163
v 0.32691002 -0.96609634 0.32091045
v -0.258247 -0.293853 -0.280596
v -0.52818686 -0.6663618 0.05377388
v 0.5367775 -0.31210327 -0.28756332
v -0.6214298 0.59385204 -0.6350031
v 0.73301315 -0.46653366 0.43675613
v -0.92622304 -0.16963243 0.124373436
v -0.2919035 0.04902649 0.46375275
v -0.009530067 0.85740286 -0.20858479
v -0.530516 0.496456 0.000607861
v -0.191814 -0.261075 0.585895
v -0.6424601 0.4060173 0.57267284
v -0.49229303 0.36927128 0.41013542
v -0.028147697 -0.9748924 -0.23853016
v 0.1996603 -0.7636337 0.69979095
v 0.202578 -0.117879 0.601033
v -0.969316 0.0802784 0.15450287
v 0.214819 0.0291391 -0.23308
v 0.8844528 -0.56432533 0.3721695
v -0.695251 0.616887 -0.030393
v -0.7124436 -0.9356198 0.07705116
v -0.21663666 -0.38591206 -0.3145523
v 0.08260347 -0.9809226 -0.26417053
v -0.36439562 -0.9834472 -0.19765472
v -0.567855 -0.841378 0.551345
v -0.54666543 -0.88707674 0.24953556
v -0.160718 -0.94896 0.281746
v -0.8138752 0.38975906 -0.022584915
v -0.20146179 -0.45539093 0.54709816
v -0.58501434 0.860067 -0.73062086
v 0.105075 -0.817706 0.634037
v -0.15611935 -0.98484397 -0.33162928
v -0.3847804 -0.622921 -0.14278793
v -0.251034 -0.978004 -0.36355
v 0.2485447 -0.31460953 0.7561376
v -0.519449 0.0686334 0.491253
v -0.765753 0.601522 -0.0935364
v -0.93516445 0.31238914 0.10243416
v -0.704548 -0.93704 0.0260995
v 0.5350075 -0.77774906 -0.24774933
v -0.7154045 0.63438797 -0.46224976
v -0.93092304 -0.26969278 0.16819906
v -0.45360756 -0.5898552 0.45532227
v -0.8679161 -0.3330183 -0.012546539
v -0.17318347 0.13433933 0.36712456
v -0.607298 -0.965566 0.530975
v 0.29144192 -0.22353315 -0.39142203
v -0.09997958 0.19695973 0.24815941
v -0.6713581 0.0006790161 0.5246161
v -0.6443367 0.42181206 -0.13081169
v 0.74427795 -0.3159752 0.42367554
v -0.854023 0.53556156 0.40416718
v -0.40063453 -0.038220406 -0.22790122
v 0.67681396 -0.76908565 0.42593735
v -0.516742 -0.762095 0.101961
v -0.56938744 -0.57170105 -0.086265564
v -0.8187854 -0.4960816 0.19964027
v 0.37513924 0.13362408 -0.14530182
v -0.49479568 0.5701738 0.22062016
v 0.4774208 -0.5928602 0.6360092
v -0.441585 -0.797474 0.222239
v 0.95739096 -0.74661875 0.24058342
v -0.37037277 -0.0006828308 -0.212224
v -0.57678604 -0.88652813 -0.07253456
v -0.8143616 -0.21009064 -0.10057068
v -0.4400959 -0.11135101 0.559042
v -0.49123192 -0.9839821 0.13430405
v -0.411052 -0.949717 -0.141853
v -0.03145504 -0.36868858 0.75434303
v -0.6493416 0.81871784 -0.56542706
v 0.21084023 -0.63217545 0.7391033
v -0.23104858 -0.4851961 -0.22931385
v 0.6277828 -0.018592834 -0.102767944
v -0.78453255 -0.030876637 0.4636774
v -0.93345326 -0.19161463 0.20680714
v -0.5568379 0.45476013 0.48908255
v -0.707734 -0.953314 0.129254
v 0.2542038 -0.44384384 -0.43115807
v -0.44664657 0.2941103 0.41637945
v 0.46217322 -0.10755372 -0.25719047
v -0.6111293 -0.2062521 -0.21688819
v -0.38053155 -0.9840596 -0.13006592
v -0.6624102 -0.8539914 0.10843873
v 0.8773675 -0.6447439 -0.0297966
v -0.41049576 -0.59457064 -0.13975716
v 0.32979774 -0.73204803 -0.3650036
v -0.1193552 -0.770689 0.601429
v 0.00078368187 0.9639033 -0.23047256
v 0.75036526 -0.102315426 0.028585434
v -0.4258811 -0.26819313 -0.26009718
v 0.28295 -0.960234 -0.272154
v 0.16467762 0.21534729 0.40886307
v -0.36623287 -0.16968441 0.5722089
v 0.0971254 0.811729 -0.336526
v -0.31018353 -0.98368585 -0.30765104
v -0.42524824 -0.7532102 0.23853779
v -0.40791333 0.23020363 -0.021739721
v -0.4787023 0.54198366 0.31893444
v -0.48819637 0.10240936 -0.15046692
v -0.397308 0.451088 0.0241599
v -0.66068125 -0.9413561 -0.052442074
v -0.493799 0.554018 0.346123
v -0.52913094 0.59018755 0.034755707
v -0.5152736 0.5575186 0.3860302
v 0.0490261 -0.785403 0.646372
v -0.5199792 0.53460884 0.42776835
v -0.18812561 -0.9226656 0.012458801
v -0.87356186 0.43873978 0.09603119
v 0.96224356 -0.5220947 0.10381317
v -0.627231 -0.951431 0.513147
v -0.607569 -0.968629 0.505776
v -0.633837 0.153308 0.674407
v 0.7635472 -0.7548648 -0.0666585
v -0.7389455 0.5619364 -0.27741814
v -0.6022277 -0.9728833 0.47034454
v 0.40710068 -0.44537163 0.7090645
v -0.010749921 -0.16397287 -0.3177203
v -0.23084068 0.04377103 -0.1998198
v -0.49843693 -0.6250324 -0.058307648
v 0.017960072 0.9763684 -0.28423882
v 0.1836052 -0.67817855 0.71470594
v -0.72556114 -0.105918884 -0.14291763
v -0.255246 -0.951222 -0.368508
v -0.5667119 -0.9796492 0.23715782
v 0.3808937 0.101685524 -0.16871738
v 0.4947071 -0.64357376 0.63104916
v -0.123518944 -0.92654026 0.12629509
v -0.20746136 -0.094032526 -0.26325655
v -0.22496033 0.56892395 -0.09062195
v 0.37224197 -0.9533856 -0.25707245
v 0.17952 -0.103962 0.584631
v -0.4458499 -0.78698206 0.50561523
v -0.9644808 0.11170303 0.39085433
v -0.6787472 -0.8935138 0.01873207
v -0.9994924 0.18189383 0.26575756
v 0.87146485 -0.48556042 0.2834053
v -0.577061 -0.969257 -0.0973995
v -0.76921797 0.49301195 -0.07422829
v -0.36833954 0.74886894 0.036712646
v 0.939525 -0.528351 0.315167
v -0.7854881 -0.09408951 -0.094680786
v 0.3568287 -0.4447384 0.7267351
v 0.6807518 -0.17680168 -0.12846375
v -0.3362863 -0.9843652 -0.26373482
v 0.30148125 -0.8056488 0.6574135
v -0.71664 0.768492 -0.336334
v -0.5132822 -0.16516829 0.576756
v -0.5448551 -0.4604683 0.5546837
v -0.29384613 0.1844778 -0.09014034
v -0.626959 0.899384 -0.712639
v -0.5467305 0.59457374 0.063881874
v -0.9526849 0.039004087 0.19220161
v 0.2195549 -0.7819748 0.6805992
v -0.9583149 0.057951927 0.15127373
v 0.825902 -0.509938 0.308053
v -0.611136 -0.92964 0.229896
v 0.8214271 -0.5057541 0.07091403
v 0.349123 -0.64902335 0.6952934
v -0.33375168 0.7862053 -0.06619263
v 0.690267 -0.708182 -0.0655434
v -0.946403 0.3597337 0.22768402
v 0.4691 -0.7250118 -0.32696915
v -0.344323 0.193731 0.295648
v -0.98241085 0.1331189 0.5129788
v 0.33864212 -0.934211 0.5994792
v -0.0114856 -0.142381 0.592796
v 0.3812914 -0.23136139 -0.35174513
v -0.3606577 -0.08410931 -0.2519598
v -0.37161827 -0.91947377 -0.21986389
v -0.606659 0.544994 -0.0300758
v -0.354864 0.215334 0.280709
v -0.489865 0.0378011 0.477568
v -0.36594296 0.7650814 -0.0012550354
v 0.06307745 0.25314167 0.19983703
v 0.77799416 -0.54093933 0.019910812
v -0.97263527 0.1204381 0.3652687
v -0.29890633 -0.16321373 0.5595455
v -0.19145298 -0.3997488 -0.38782597
v -0.14484787 0.0818367 0.43839073
v -0.77549005 0.7994652 -0.5716305
v 0.19662476 -0.81733704 0.63747025
v -0.9283829 0.071545124 0.59360886
v -0.7387161 0.7687912 -0.35250854
v -0.037597656 -0.3271408 0.751071
v 0.48435974 -0.39219666 0.673996
v 0.9390776 -0.7549238 0.29084396
v -0.51406956 -0.22103524 -0.2583182
v -0.2545209 -0.61761856 0.5467262
v -0.351418 -0.981686 0.0494835
v 0.30488586 -0.96583223 -0.02254486
v 0.8865528 -0.5382824 0.037067413
v 0.41039276 -0.11156082 0.622653
v 0.335074 -0.966333 -0.143965
v -0.4538831 -0.73354846 0.36416334
v -0.48693514 -0.75512344 -0.03924942
v -0.26081657 0.7674246 0.03496647
v -0.7324137 0.58002406 0.07515383
v -0.15432453 -0.09477234 0.56274986
v -0.23546934 -0.3728218 -0.2760415
v -0.9363821 -0.24053156 0.21060562
v -0.6068649 0.52399635 -0.39063263
v 0.44288158 -0.8648002 0.5843997
v -0.64866066 -0.21345043 0.5672469
v -0.5359993 -0.5724888 0.45457077
v -0.7606642 0.57743835 -0.018590927
v -0.9610939 0.4090538 0.23617649
v -0.633456 -0.961695 0.460719
v -0.62271667 -0.969587 0.42074394
v -0.0102871 -0.798486 0.647027
v -0.20613956 -0.6407118 -0.1544466
v -0.163638 0.901633 -0.105721
v 0.21751976 0.0022170544 -0.2401092
v 0.02229786 -0.12230086 -0.28516304
v -0.08200121 0.06516266 -0.17977571
v 0.21728587 -0.18200874 0.7134962
v -0.635952 0.89844 -0.741764
v -0.18536496 -0.2881918 -0.32706738
v -0.59102106 0.49118042 -0.18400764
v -0.43196678 -0.9831677 0.061523438
v 0.0015468597 -0.23168278 0.7297468
v -0.8925781 -0.1515708 0.03843689
v 0.90234333 -0.46910548 0.22554088
v 0.98281574 -0.5502043 0.26421738
v -0.49093723 -0.37165737 0.59668136
v 0.7189827 -0.17541122 -0.08013916
v 0.245579 -0.531528 0.738352
v -0.118796 -0.969913 -0.241254
v 0.47064018 -0.86841106 -0.2439537
v 0.5078888 -0.9346657 0.4475479
v 0.0510246 -0.979825 -0.282407
v -0.89968824 -0.038907588 0.1827383
v -0.46553946 -0.82052326 0.5653076
v -0.7718664 0.5676404 -0.14207554
v -0.92403793 0.4183693 0.17493439
v -0.5767255 0.39275044 -0.05979383
v -0.388271 -0.979479 -0.177853
v -0.9812956 0.17288816 0.16169357
v -0.45016336 -0.6684725 0.39526558
v -0.797451 -0.039144516 0.43840027
v -0.5580492 -0.9226886 -0.093374014
v -0.33968 -0.974503 -0.317396
v -0.295454 -0.981199 -0.339917
v 0.7094612 -0.032800674 0.038015366
v -0.41104126 -0.63386154 -0.13158417
v -0.89494705 0.5023632 0.121910095
v -0.45297647 -0.81732273 0.22812748
v 0.058753014 0.86432886 -0.27318478
v 0.6630316 -0.8420992 -0.04815674
v -0.0429735 -0.961428 -0.226822
v -0.48321497 -0.25472808 -0.26602095
v -0.2615385 0.6473563 -0.14540958
v -0.278524 0.641398 0.043391
v -0.9320526 0.114212036 0.060272217
v -0.641084 -0.953773 0.440009
v 0.22866106 -0.5853684 -0.42123818
v 0.04891205 -0.18642402 -0.3998468
v -0.67150307 0.4034233 0.6001129
v -0.8360176 -0.0104904175 0.39073944
v -0.583859 -0.974144 0.323665
v 0.5294914 -0.2750702 0.63300323
v -0.7321205 -0.35452992 -0.16984177
v -0.8482287 -0.44187295 0.0706892
v 0.6039314 -0.55023575 0.55545044
v 0.31783295 -0.6639695 0.7033453
v -0.53588486 -0.2980461 0.59222937
v -0.7467251 0.7154236 -0.24551392
v -0.31035995 -0.98123485 0.10293102
v -0.374386 0.755729 -0.0401744
v -0.559139 -0.918144 0.292929
v -0.751485 0.890303 -0.640415
v -0.86198807 0.55025923 0.13813782
v -0.7304163 0.8973665 -0.62736034
v -0.174646 -0.959193 0.307425
v -0.6502361 0.31063747 0.6055641
v -0.9423857 0.300642 0.3934822
v 0.32857132 -0.34303474 -0.39678
v -0.413652 -0.983809 -0.124937
v -0.384775 -0.970725 -0.202017
v 0.32891846 -0.20029497 -0.3508644
v -0.373808 -0.975086 -0.221223
v -0.38163567 0.65172195 0.11059761
v -0.360839 -0.980632 -0.246646
v -0.9663229 0.2738042 0.1651516
v 0.47856712 -0.96389365 0.3552742
v -0.23300219 -0.9822756 0.13045883
v -0.7664337 0.5659523 0.39709473
v -0.35012 -0.958676 -0.298911
v -0.18110117 0.046468258 -0.19664073
v 0.0489704 0.929597 -0.345226
v -0.508833 -0.660515 -0.00851565
v -0.23374987 -0.88196146 -0.35706663
v -0.1134119 -0.78381824 -0.31723213
v -0.5357666 -0.6003952 0.40774536
v 0.6711998 -0.53614426 -0.17820358
v -0.23908114 -0.83031464 0.57471967
v -0.58603 0.492643 -0.0598438
v 0.46320105 -0.96270454 -0.04191017
v -0.586901 -0.969228 0.26162
v 0.9035235 -0.48388433 0.27875614
v -0.145556 0.9132 -0.130446
v -0.258832 -0.389688 -0.241435
v -0.49871254 0.014745712 0.4908495
v -0.1531105 0.58596134 0.0004386902
v 0.22653008 -0.39492798 -0.43637562
v -0.0038142204 0.67075515 -0.08359003
v -0.52102613 -0.80538607 0.14974785
v -0.42648578 -0.9698782 -0.14314711
v -0.61632156 -0.26313853 0.59559536
v 0.34401703 -0.63857365 -0.36596203
v 0.5154705 0.102731705 -0.08937454
v -0.794223 0.770714 -0.457125
v -0.10531807 -0.12937117 0.5886965
v -0.54440546 -0.6432934 0.019752502
v -0.44367456 0.22186065 -0.041966558
v -0.0244359 0.958257 -0.192105
v -0.6246853 -0.35790253 0.57940483
v -0.91692543 0.25140572 0.050582886
v -0.46383762 -0.9852469 -0.10136938
v -0.62441254 0.54216146 -0.47894287
v 0.5387249 -0.58298564 -0.27832794
v -0.18245983 -0.32707977 0.56634235
v -0.320583 -0.295796 -0.258127
v 0.67585754 -0.6644318 -0.12449646
v -0.10877442 -0.9187685 -0.1782136
v 0.4079361 -0.8337965 0.583694
v -0.900234 -0.32713 0.127106
v -0.120235 0.930474 -0.128774
v -0.5874479 0.6754203 -0.5876627
v -0.61102295 -0.53775024 0.46445084
v 0.23376465 -0.26488113 0.7408819
v -0.747804 0.518078 -0.305875
v 0.24536324 -0.110890746 0.5945748
v -0.53358865 0.6049104 0.10796833
v -0.20716858 0.12525845 -0.110012054
v -0.457771 0.53527457 0.21287662
v 0.19567919 -0.5914449 0.74822426
v -0.7845614 0.41744995 0.6103134
v 0.4118271 0.22396469 0.3387909
v 0.15431 -0.116272 0.5923
v 0.3305105 -0.12319088 -0.2604921
v 0.85298944 -0.84216785 0.08392906
v -0.945802 0.515295 0.212792
v 0.5999489 0.014598846 -0.10520744
v -0.643449 0.394488 -0.0869733
v 0.62290406 0.10435104 0.22237015
v 0.5689888 -0.9205551 0.37184143
v -0.79605675 0.54323196 0.43827057
v 0.19197 -0.652335 0.72227
v 0.026269913 0.2206248 0.3289795
v -0.510768 0.58515 0.177511
v 0.5348644 -0.34939194 -0.2976303
v -0.8768139 0.46284485 0.4942627
v 0.9786701 -0.66588223 0.27751923
v -0.15780449 -0.9788822 -0.35328913
v -0.5370946 -0.19977474 0.59488916
v -0.23877716 -0.95290184 0.61657333
v 0.083075285 0.15352249 -0.11835098
v -0.34108973 -0.104515076 0.5570402
v -0.27727127 0.82359314 -0.030715942
v -0.9293661 0.4630301 0.15494728
v -0.240011 -0.498655 -0.209326
v -0.66765594 0.84098434 -0.7128601
v -0.491644 -0.899425 0.622631
v -0.444032 -0.221605 0.586097
v -0.4777105 -0.8461442 0.28715706
v -0.6156573 0.17224216 0.6456938
v -0.31655264 -0.032855988 -0.23606133
v -0.8960571 0.28811646 0.61953735
v 0.4277935 0.17093086 -0.064216614
v -0.7820512 0.65577745 -0.3257103
v -0.60380554 -0.97920746 0.18922997
v -0.77186966 0.773613 -0.41462708
v 0.706748 -0.724757 -0.062737
v -0.499796 -0.217154 0.597372
v -0.54541063 0.5634799 0.40231514
v 0.467497 -0.823052 -0.260182
v -0.64523506 0.6860504 -0.71339417
v -0.20347118 0.80355453 -0.012820244
v -0.6715486 0.311122 0.63176244
v -0.120244026 -0.15005398 -0.28976488
v -0.68761027 0.67824936 -0.14221191
v 0.785939 -0.531438 0.345135
v 0.41804314 -0.093477964 -0.25520492
v -0.657914 -0.852509 0.0497412
v -0.79763 0.72421 -0.433992
v -0.16700928 0.20242614 0.17058706
v -0.47447342 -0.20100784 0.58490634
v -0.45821 -0.40307236 0.58113956
v -0.4292183 -0.697196 0.4415512
v -0.14432347 -0.19359922 0.5958077
v 0.33140564 -0.32271767 0.73555565
v -0.9870227 0.09834382 0.25837827
v -0.73635435 -0.5544665 0.047409058
v -0.51839924 0.090976715 0.5073662
v -0.021522522 0.16709757 0.39442444
v -0.05754137 -0.21052146 0.6753206
v 0.7075348 -0.41768646 0.47747803
v -0.17836973 -0.92555 0.4342935
v 0.49518776 -0.12362671 0.5980339
v -0.549968 0.5879659 0.15679574
v -0.61443615 0.49419212 -0.3320923
v 0.28627133 -0.14249086 0.6405754
v -0.47778082 -0.7838056 0.44190884
v -0.623249 0.828382 -0.758072
v 0.64271545 -0.26442337 0.557209
v -0.5644175 0.47214484 -0.020698547
v -0.13616896 -0.6847174 -0.31730366
v 0.21603584 -0.11955193 -0.27585876
v -0.67382205 0.6284828 -0.06451607
v 0.9823804 -0.53968585 0.1342659
v -0.83696 0.141082 0.652905
v 0.17681 -0.120434 0.61054
v -0.19953442 -0.36163712 -0.36314964
v -0.9486623 0.4833988 0.19063568
v -0.59087765 -0.6595354 0.19123697
v 0.27637482 -0.08198357 0.5762787
v 0.3008461 -0.48388243 -0.41738653
v -0.74353075 0.677475 -0.4314766
v 0.2721962 0.2778528 0.16757727
v -0.61353683 -0.4198761 0.55169296
v 0.3468156 -0.9558411 0.4574883
v -0.0366354 -0.53678894 0.69249916
v -0.766604 0.872752 -0.596978
v -0.688035 -0.47359276 0.48552895
v 0.3917427 -0.8128345 0.5940323
v -0.689896 0.45548987 -0.25288677
v -0.38451004 0.6879349 0.091178894
v -0.165295 -0.422327 0.557925
v -0.3003434 -0.34314823 -0.25221348
v 0.10493672 -0.15437031 0.6842356
v -0.6244583 -0.61091614 0.3273468
v -0.389604 0.0979787 0.416093
v -0.48717025 -0.6786771 0.23801422
v -0.80880547 0.52247906 0.026805878
v 0.50322723 -0.8544769 0.5487442
v 0.410093 -0.723099 -0.34113
v -0.540215 0.399459 0.445571
v 0.93053216 -0.4888234 0.12238741
v -0.35407445 -0.8968016 -0.25339168
v -0.705215 0.905053 -0.690838
v -0.022645473 -0.93797493 0.55807114
v -0.38427186 0.2515946 0.038045883
v -0.89205 -0.0203823 0.260954
v 0.26167488 -0.9216795 0.47108746
v -0.227144 -0.982075 -0.361708
v -0.97186613 0.063021325 0.20645618
v -0.115837 -0.199566 0.592898
v -0.99293566 0.12861156 0.22258186
v 0.372417 -0.089981 -0.249611
v 0.0011320114 0.6439934 -0.13180923
v -0.903773 -0.319434 0.201701
v -0.6240432 -0.90101 0.39463198
v -0.256288 -0.869849 0.588764
v -0.660594 -0.946232 0.187767
v 0.6449213 -0.73379135 -0.09480667
v -0.15188742 -0.74886155 -0.2730627
v 0.80426264 -0.5241115 0.3273573
v -0.41535616 -0.8068752 -0.097932816
v -0.9002265 -0.3383963 0.17894745
v -0.40151978 0.4472549 0.10691643
v -0.530651 -0.8872643 0.2728689
v -0.876796 -0.40706646 0.23634052
v -0.7988434 -0.06840515 0.43762207
v -0.269739 0.68641 0.0192066
v -0.74718666 0.58410835 -0.25385857
v -0.0919324 -0.360996 0.721063
v -0.1540798 -0.19367266 -0.29422784
v -0.066547155 -0.17029381 0.6026163
v -0.78173494 0.6005862 -0.206043
v -0.25090408 0.8399563 -0.109378815
v -0.44805443 -0.7733484 0.47059703
v -0.788195 0.828955 -0.546249
v 0.5412712 -0.8994756 0.4538498
v -0.501873 -0.57512665 -0.097976685
v -0.46359253 -0.7304592 0.17385864
v 0.054307938 0.8429065 -0.34071946
v -0.44418 -0.71542025 0.4092455
v 0.5914805 -0.8047333 -0.091667175
v -0.568214 0.55535 0.0348239
v -0.486365 -0.956899 0.61158
v -0.51864266 -0.7370167 0.0607512
v -0.94059974 0.29415154 0.5038028
v -0.031765223 0.10425186 0.47248268
v -0.89421046 -0.37819114 0.19865191
v 0.3760805 0.016270876 -0.21772099
v -0.6804065 -0.87840575 0.039830387
v 0.817606 -0.477667 0.0965531
v -0.21072483 0.6002643 0.048466206
v -0.8475876 0.34656525 0.008712769
v -0.8512325 -0.13273048 -0.040550232
v -0.46462536 0.19283009 -0.06814718
v -0.4937563 0.34878397 0.42144108
v 0.05526045 -0.1669715 -0.36714944
v -0.165084 0.621904 0.0323837
v 0.349617 -0.4100765 -0.3951664
v -0.6723976 -0.47849274 -0.13487244
v 0.712741 -0.664195 0.423047
v -0.4694363 -0.8459163 0.59384775
v -0.41884232 0.023017883 0.48692322
v -0.88407135 0.50839996 0.41940308
v 0.20199177 -0.7202029 0.72327745
v -0.688978 0.528297 -0.550692
v -0.83353996 0.093216896 0.6456256
v 0.29704475 -0.9308218 -0.058216095
v 0.38801956 -0.28623152 -0.37174463
v 0.6165123 -0.44161892 0.57011795
v 0.99618006 -0.59293175 0.1453743
v -0.294151 -0.776335 0.527159
v 0.33404922 -0.79294395 0.65423584
v 0.34856033 0.23273468 -0.008838654
v -0.2748189 -0.8471564 -0.29794407
v -0.68691325 0.9096241 -0.6665182
v -0.52704906 0.53137445 0.0072979927
v -0.635774 0.4415493 -0.18414688
v -0.90949726 0.20915651 0.016822815
v -0.5889263 -0.4600792 0.54060745
v 0.6009073 -0.7724247 0.48669434
v 0.5837321 0.12414408 0.33284378
v -0.11454284 0.19180489 0.046998978
v -0.9751108 0.18349934 0.5306816
v -0.5087347 -0.7717976 0.12817764
v -0.34377098 -0.9627328 0.5667515
v -0.62104154 0.21663356 0.6289544
v 0.54447746 -0.15753222 -0.23695564
v -0.6200924 -0.56630707 0.41932678
v 0.07267761 -0.25121498 0.7448704
v 0.47727966 0.039315224 -0.16492939
v -0.4995514 0.49366713 -0.004297696
v -0.418965 0.419707 0.0695427
v -0.19365512 0.18805826 0.008415699
v -0.0603353 0.618474 -0.0471748
v -0.43005848 -0.18728256 0.590104
v 0.949636 -0.489846 0.15737
v -0.682683 -0.9306156 -0.00043058395
v -0.6263275 0.7897644 -0.74892616
v -0.8802872 0.35620117 0.59399414
v 0.42594457 0.12137604 0.4641781
v -0.08917618 -0.9345679 -0.21668577
v -0.92025566 -0.10531211 0.14311981
v 0.07452583 0.72021866 -0.25077057
v -0.68406177 -0.88065314 0.07819855
v 0.4723661 -0.8890457 -0.21348572
v -0.800454 0.76917 -0.489891
v 0.25946808 -0.18083572 0.7013016
v -0.45232558 0.50829613 0.23437786
v 0.37591934 -0.13922882 0.6376858
v -0.9740524 0.093468666 0.521369
v -0.6429558 -0.9777236 0.16635132
v 0.55960083 -0.8511734 0.48563385
v 0.65613556 -0.34416962 0.538147
v -0.5757003 0.5782347 -0.2535143
v -0.12082195 -0.23201466 0.61683464
v 0.6797333 -0.31194305 -0.19783401
v -0.94517136 0.1515913 0.60175705
v 0.40882874 -0.8774586 0.5916438
v -0.321827 0.692231 0.0776794
v -0.11083698 -0.7536588 0.56180954
v 0.11977363 -0.13577104 -0.30252823
v 0.85325813 -0.54292727 0.360538
v -0.14770508 -0.45734978 -0.43039703
v -0.45133877 0.35945272 0.02311182
v 0.24412727 -0.62033844 0.74599123
v 0.0944985 0.747213 -0.23791
v -0.7574816 0.4503672 -0.06197834
v -0.8852434 -0.38334894 0.25757217
v 0.6065824 0.092253685 0.35728645
v 0.16771436 -0.9187982 0.08021355
v 0.6061325 -0.4037285 -0.24731064
v -0.592847 -0.973927 0.238171
v -0.280555 0.809712 -0.00621149
v -0.09126282 -0.9771521 -0.25058937
v 0.34456134 0.25927782 0.2930107
v -0.573964 -0.984702 -0.0723158
v -0.468975 0.570304 0.180602
v 0.11401749 0.2374134 0.35472488
v -0.20412326 -0.9513152 -0.37546527
v 0.047077656 0.18848991 0.4096527
v -0.457274 -0.758189 0.386072
v -0.2624216 -0.7381494 0.5190306
v 0.0198172 -0.533245 0.720647
v -0.65047526 0.3650452 -0.082605585
v -0.59234905 -0.64297104 0.27238083
v -0.96022135 0.4828782 0.28191376
v 0.39076567 0.12140083 0.47418785
v -0.6587534 -0.23897934 -0.19603157
v -0.24298286 -0.48146856 0.558686
v -0.27776718 -0.97517014 0.03239441
v -0.6447661 0.19459057 0.67037964
v -0.0175796 -0.917015 0.529658
v -0.6397901 0.5443363 -0.5595474
v 0.0038399696 0.020835876 0.5387325
v 0.57658386 -0.684803 0.5523453
v 0.6011467 -0.92720413 0.3353424
v -0.729352 0.558609 -0.37589264
v -0.9140096 -0.29381227 0.07467079
v 0.31709003 0.047177315 -0.22120571
v -0.6384074 0.69289684 -0.22301197
v 0.060533524 0.6956997 -0.21022415
v -0.4826002 -0.7096844 -0.047132492
v -0.3223238 -0.15236664 0.55997324
v -0.568002 0.579788 0.072779
v 0.0257064 0.680192 -0.118984
v -0.48649025 -0.6359291 0.3555298
v 0.13590622 -0.4664445 0.7694316
v 0.9095125 -0.64347696 -0.00965023
v 0.36941338 -0.69088924 0.68742037
v -0.8266573 -0.43397126 0.012105942
v -0.6192694 -0.4463315 -0.19660616
v -0.5548414 0.10260773 0.5320153
v -0.598142 0.545392 0.0165666
v -0.098936796 -0.2310164 -0.40662622
v 0.57139206 -0.41805553 0.6042633
v -0.45590848 -0.68359214 0.34641695
v -0.37758255 0.6023636 -0.083045006
v 0.4660244 -0.7042675 0.6347208
v -0.8944416 -0.10652447 0.33644104
v -0.40787745 -0.4158888 0.5808625
v 0.26388836 0.1760292 -0.10758591
v -0.36445022 0.03347397 -0.19336176
v -0.3664043 -0.93559206 -0.25644112
v 0.298165 -0.972086 -0.177382
v -0.31565094 0.6976776 -0.12477112
v 0.442519 -0.0691628 0.583154
v -0.5279846 0.22727966 0.52676105
v -0.119672 -0.92348 -0.204911
v 0.7078708 -0.6987658 -0.055879653
v -0.5436573 -0.6655582 0.12093592
v -0.336648 -0.98141843 -0.030794144
v 0.44294167 -0.27029228 0.65719986
v -0.58128715 0.7471237 -0.6436386
v -0.670366 -0.963268 0.169621
v -0.13892746 -0.415411 0.6069565
v -0.15084362 0.15930176 0.31102753
v -0.50691605 0.19673836 0.5241585
v 0.74794006 -0.50193787 -0.07884216
v -0.78159714 -0.20771599 -0.13552094
v -0.506039 -0.728635 0.109023
v -0.4962721 -0.6943517 0.14661598
v 0.820617 -0.483821 0.259267
v -0.6093333 0.042380333 0.5314617
v -0.6149082 -0.02935028 0.51529026
v -0.42195702 0.1685276 -0.11056137
v -0.9432354 0.4991932 0.32985306
v 0.23711395 -0.6767435 0.71814823
v 0.5556221 -0.95495033 0.29849243
v -0.528334 -0.640122 -0.00574257
v -0.3281318 -0.78232235 -0.122645445
v 0.4689331 -0.93780136 -0.09743118
v 0.32058525 -0.20166588 0.68966866
v -0.7857342 0.73470306 -0.3678589
v -0.5046078 0.19815028 -0.067522824
v -0.75905323 0.630085 -0.112602234
v 0.38410568 -0.4878354 -0.3822117
v 0.21355057 -0.124561906 0.6258178
v 0.6106262 -0.96053743 0.21891785
v -0.3047943 0.5953598 -0.10745621
v -0.00972809 -0.343012 0.759176
v 0.213147 -0.958977 0.613147
v -0.8519249 0.41651726 0.048274994
v -0.600123 -0.950848 0.248637
v 0.134894 -0.963426 0.629051
v 0.056200027 -0.23133564 -0.44266605
v -0.6726786 0.24119174 -0.09686805
v -0.78968275 0.50923944 -0.009711742
v -0.6589117 -0.19233704 -0.19265413
v -0.20265532 -0.9748813 0.311471
v -0.11500931 -0.3082714 0.6787338
v -0.16420937 -0.38143063 0.5782604
v -0.651018 -0.884162 -0.00570145
v -0.096253395 -0.28481674 0.69535255
v 0.6894779 0.015411377 0.07839012
v -0.20478725 -0.32057095 0.56228924
v 0.29941034 -0.7914772 -0.3402977
v -0.078243256 -0.7227974 0.5758438
v 0.7204628 -0.20681477 -0.09687042
v 0.5347786 -0.43195343 0.63710403
v -0.6199821 0.5657582 0.044282913
v 0.7139168 -0.8996506 0.31968307
v -0.48246813 -0.83670235 0.22642136
v -0.510836 -0.70572 0.0922251
v 0.7572861 -0.43414307 -0.058338165
v -0.6149228 0.44885015 0.5260254
v 0.47602272 -0.5195203 -0.34431648
v -0.28764647 -0.90233016 0.56283534
v 0.4899645 -0.560379 -0.333745
v -0.698816 0.0397545 0.656335
v -0.93264484 -0.1416694 0.23886108
v -0.82200336 -0.4738369 0.06824684
v -0.121558 -0.879752 0.709529
v 0.6297779 -0.3472576 0.5627346
v -0.3028574 -0.95009977 -0.34638023
v 0.2987213 -0.26327682 -0.40351963
v -0.886348 -0.271725 0.015419
v -0.9356224 -0.16591012 0.1955986
v -0.656107 0.173294 0.687932
v 0.5853644 0.1427778 0.17620611
v -0.72151184 0.579792 -0.39361572
v 0.69495285 -0.8665085 -0.026438713
v 0.0262249 -0.380491 0.750962
v -0.09601307 -0.96729255 0.6021972
v -0.6805229 -0.5151825 0.44436646
v 0.44189453 -0.40647244 0.7018719
v 0.058956146 -0.76221657 0.66666794
v 0.214559 0.0608167 -0.218664
v -0.9876671 0.11914098 0.32523346
v 0.126923 -0.1187 0.604036
v -0.73567486 0.7532463 -0.54810715
v 0.22086763 0.2605729 0.04135132
v -0.2129116 -0.9572196 0.6407337
v 0.0546242 -0.20252562 0.72376204
v -0.8678112 -0.22983146 -0.038692474
v -0.3311872 -0.2941618 0.5685598
v -0.3439165 -0.42520905 -0.22382832
v -0.24170399 -0.97179246 0.42208672
v 0.020626068 0.6998663 -0.21323395
v 0.5113163 0.06991482 -0.12599945
v -0.5435506 -0.66131234 0.088067055
v 0.8980874 -0.48331833 0.11754131
v -0.2026825 -0.93157005 0.035308838
v -0.63615036 -0.94400394 0.21513176
v 0.59228516 -0.6285033 -0.23668289
v 0.29946995 -0.9124783 0.39903927
v -0.6144619 -0.087020874 0.5473728
v -0.44367218 0.5515604 -0.03389263
v -0.456632 -0.953213 0.611918
v 0.6581061 -0.75059366 -0.06959474
v 0.15402222 -0.7231325 0.71085644
v -0.50843 -0.638817 -0.0311659
v -0.73810005 0.40701485 -0.06786132
v 0.5643463 -0.6399846 0.580986
v 0.40163422 -0.91446686 -0.26282883
v 0.103732 0.792486 -0.312445
v -0.11935234 -0.7007065 -0.33631897
v 0.5118904 -0.34963036 0.6558933
v -0.166939 -0.492158 0.533173
v -0.7967453 -0.340971 0.4764824
v -0.14644814 -0.2548833 0.5983567
v -0.3497162 0.7341795 0.06239319
v -0.34807968 0.7806585 -0.04062295
v -0.6703415 -0.57712555 0.3421173
v 0.16931546 0.092559814 -0.17917442
v 0.41345215 -0.67850494 0.6543522
v -0.216102 -0.938847 0.65388
v -0.31535065 -0.97009146 0.5294266
v -0.452884 -0.76693 0.435781
v -0.8839035 0.14256024 -0.014236927
v -0.4330125 0.3613155 0.05072975
v -0.385538 0.447777 0.0516088
v -0.3307886 0.20625782 0.2693882
v -0.25441 -0.476797 -0.211744
v -0.59728146 -0.9321737 0.56800365
v 0.39003992 0.24793196 0.07391167
v 0.3304448 0.20881271 -0.058347702
v -0.9564265 0.48057222 0.31611252
v 0.50309753 -0.81253624 0.5401764
v -0.4053917 0.057783127 -0.18520641
v -0.40013212 0.43976268 0.0768615
v -0.43105102 -0.75469893 0.21144891
v -0.64764404 0.7618942 -0.7110138
v -0.683731 -0.97242 0.140554
v 0.21952295 -0.158144 0.69155216
v -0.16069031 0.8897476 -0.15585709
v -0.6418233 -0.93591714 0.4459098
v -0.97572136 0.16723776 0.39262295
v -0.13259673 -0.28897047 -0.42991304
v 0.17928314 -0.8605505 0.62570286
v -0.299694 -0.959593 0.561878
v 0.9005562 -0.50507116 0.075634
v -0.935199 0.37682366 0.44273043
v -0.149317 -0.804828 -0.309608
v 0.5192108 -0.55397034 0.60458374
v -0.46509075 -0.74722373 -0.062072754
v -0.8097677 0.56784916 0.35593033
v 0.313035 -0.972265 -0.25269222
v -0.0405655 -0.91674 0.51493
v -0.552783 -0.8185129 0.0019512177
v -0.57775915 0.849553 -0.7475051
v -0.879749 -0.400774 0.14125383
v -0.71783066 -0.52728844 0.38723373
v 0.45422816 -0.13060045 -0.26755285
v -0.01896286 0.6695404 -0.1754837
v -0.09251 -0.869929 0.711691
v -0.44033384 0.48523855 0.20036125
v 0.5809231 -0.508657 -0.2695694
v -0.8544998 -0.41725063 0.053375244
v -0.12489319 -0.50338936 -0.4317627
v -0.049752235 -0.7799363 0.6299205
v -0.8763191 -0.3258505 0.34515858
v -0.83858967 0.017098665 0.018817902
v -0.19347 -0.6616297 -0.16571999
v -0.90303993 -0.29354 0.31982803
v -0.6353016 0.73259354 -0.73088837
v -0.09441757 -0.94774467 -0.35092783
v -0.6421414 0.57178164 0.034284234
v 0.965595 -0.499037 0.181244
v -0.24396789 -0.96346605 0.23263419
v -0.4992771 0.5547391 -0.0018119812
v -0.214059 -0.712808 -0.115274
v -0.693246 -0.975685 0.103932
v -0.433186 -0.61506 0.450626
v 0.37345886 -0.39196777 0.7170696
v -0.252737 0.81634 -0.000257579
v -0.69970834 0.59459066 0.022480011
v 0.42316437 -0.4442191 -0.35676956
v -0.711404 0.0584261 0.677042
v -0.34463644 -0.7644888 -0.11860883
v 0.1800949 -0.1564877 -0.3458357
v -0.00314284 -0.374075 0.757231
v -0.39403486 -0.8401842 0.5656452
v -0.68008494 0.3693841 -0.080341935
v -0.7772484 0.06217289 -0.044973373
v -0.83922386 0.0711956 -0.011051178
v -0.13503504 0.021092415 -0.20694733
v -0.6385047 -0.6422254 0.20804214
v 0.009612083 0.95430803 -0.3106537
v 0.3574102 0.23982716 0.3477478
v 0.62643623 -0.7057824 -0.15701485
v -0.43265557 0.20814449 0.44294977
v -0.37004519 0.6247418 0.112823606
v -0.4987936 -0.68356705 -0.02041626
v -0.23647308 -0.132061 0.56459045
v -0.8089075 0.09844017 0.65524197
v 0.40929747 0.24029875 0.2810955
v 0.45685482 -0.19181252 0.62945366
v -0.3229065 0.7682457 0.033405304
v -0.47204363 0.0880335 0.4652903
v 0.21232414 -0.962538 -0.18846893
v -0.69151497 0.57299423 0.40251923
v -0.185604 -0.472733 0.539155
v 0.46570587 -0.9017446 0.56788635
v -0.45952117 0.33646938 0.3884532
v -0.470411 -0.778295 0.41299
v -0.6108284 0.77695465 -0.7608681
v -0.0627573 0.640748 -0.0296157
v -0.5771947 0.13421807 0.5711293
v -0.9917908 0.2274251 0.27122402
v 0.932665 -0.723212 0.329569
v 0.47808743 0.11138916 0.45671082
v 0.290126 -0.751572 0.695907
v 0.356487 -0.950253 0.59125
v -0.64204025 0.5154505 -0.45785522
v 0.26198912 -0.455472 0.744782
v -0.024068832 0.9798639 -0.2518978
v -0.34445953 -0.010597229 0.5150757
v -0.829998 0.13890317 -0.0389843
v -0.23274994 -0.96604663 0.5949898
v -0.470253 0.36970413 0.37747002
v 0.6178961 -0.9438324 0.051879883
v -0.317796 0.23080444 0.20591927
v -0.662226 0.110757 0.693528
v 0.25792122 -0.24578238 -0.4061756
v -0.056536674 0.6130636 -0.08123231
v 0.45880413 -0.047610283 -0.20123863
v -0.3437338 -0.3229437 0.5737982
v -0.208185 -0.971478 -0.369345
v -0.2102986 -0.97491026 0.24898815
v -0.718716 0.505979 -0.44407
v 0.28347898 -0.91604435 -0.07661009
v -0.71785927 -0.5574436 0.3069687
v -0.168469 -0.303948 0.585661
v -0.6777706 -0.61083317 0.2717495
v -0.4413333 -0.7220812 0.28073025
v -0.5297015 0.13549185 -0.10424566
v -0.7456168 0.5274897 -0.3306141
v -0.474484 -0.788492 0.508047
v -0.405803 -0.751116 0.491089
v -0.0064964294 -0.018112183 0.5541363
v -0.83368015 -0.0089223385 0.007774353
v 0.256399 -0.971533 -0.265739
v -0.47575963 -0.79077196 0.3749876
v -0.7902187 0.70387745 -0.41312742
v -0.68513614 -0.9810413 0.07162285
v -0.6878147 -0.9793563 0.020462036
v -0.46593857 0.39271832 0.012802124
v -0.72630024 0.8544502 -0.55470276
v -0.6641474 -0.98325276 -0.014326096
v -0.7529907 0.85733795 -0.5588074
v -0.742985 0.0618956 0.676864
v -0.46020764 -0.13026285 -0.26013958
v -0.5096961 0.12620604 0.52050376
v -0.03658235 -0.025736809 -0.26050615
v -0.51780325 -0.6854936 0.037436485
v -0.0909988 0.94449 -0.131726
v -0.0731224 0.957708 -0.15333
v -0.420884 0.48701 0.16695
v -0.63734245 -0.96807396 0.20302582
v -0.1478777 0.1970141 0.09800339
v -0.55520654 0.15670371 -0.09210211
v -0.616802 -0.86692655 0.47323704
v 0.2704811 -0.9102044 0.609745
v -0.3147974 -0.4206295 0.5736914
v -0.028792918 0.053200245 -0.20877552
v -0.185505 0.632015 0.0356018
v -0.50197077 -0.7968365 0.41021633
v -0.3369522 0.5100632 -0.042037964
v -0.736763 -0.48408508 0.4290161
v 0.17416286 0.23638153 0.37402153
v 0.825565 -0.466539 0.182951
v 0.52546334 0.18556702 0.26305866
v -0.07527602 -0.8278353 0.69541526
v 0.102689 0.777589 -0.286466
v -0.73514557 -0.06179428 0.49522543
v -0.846468 -0.0167288 0.367948
v -0.292366 0.577438 0.0888187
v -0.335495 -0.841583 0.557079
v -0.42278254 -0.1625154 -0.2653146
v -0.6303301 0.48870087 -0.35181046
v 0.913435 -0.5918312 0.015737534
v -0.7239485 0.5365279 -0.44743347
v -0.696973 0.41582263 -0.103257775
v -0.08214086 -0.17967165 -0.30863214
v -0.604146 0.87927806 -0.71195126
v -0.044047594 -0.82871556 0.69252515
v 0.7088814 -0.547637 -0.13523865
v 0.7564812 -0.37495017 -0.06442261
v -0.509854 -0.962836 0.601739
v -0.707926 -0.969355 0.0419408
v -0.755786 0.530461 -0.151603
v -0.7187326 0.021761894 0.6322708
v 0.2788849 -0.33193398 0.7524042
v -0.13140924 0.20166424 0.1654926
v -0.5144129 0.63195705 0.07439232
v 0.6215973 -0.19491577 0.5480652
v 0.31662416 0.24270153 0.3606596
v 0.13300562 -0.21988869 0.74015427
v -0.20913601 -0.58511734 -0.1948452
v 0.59735394 -0.33063555 0.57668495
v -0.5693116 -0.8403053 0.386137
v -0.204284 0.626118 0.0482432
v 0.52604294 -0.73326874 0.5594406
v -0.110563606 0.14390373 -0.084825516
v -0.9565462 0.43114746 0.30654526
v -0.17558193 -0.057415962 -0.25864887
v -0.009597778 -0.95460916 0.6827822
v 0.08451209 0.8349056 -0.2849636
v -0.0986754 -0.171826 0.590146
v 0.21717072 -0.38148808 0.75766134
v -0.7124411 -0.5937147 0.24673128
v -0.697785 -0.962244 0.0105059
v 0.66976166 -0.3434124 -0.2078762
v -0.6847367 -0.61756516 0.21621132
v 0.36725 -0.441125 -0.380967
v -0.861641 -0.0237563 0.344126
v -0.8412132 -0.41429353 0.32593536
v 0.30246735 -0.29658318 0.7431822
v 0.476631 -0.796716 -0.263745
v 0.43538094 -0.62280744 0.6549301
v -0.4754101 0.55871314 0.20701051
v 0.97728276 -0.51299775 0.21757412
v -0.192416 -0.763818 0.521703
v 0.836771 -0.495306 0.282239
v -0.3984952 -0.8649936 0.58386374
v 0.66730213 -0.8240967 0.41178322
v 0.3736 -0.25491714 0.70632553
v -0.5449902 0.50193596 0.47220266
v -0.7459965 0.03721142 0.65291405
v -0.609267 0.75711703 -0.5282278
v -0.7101698 0.011538506 0.60353327
v -0.7110288 -0.01194635 0.52204156
v -0.57675457 0.7933121 -0.68984985
v -0.44984818 -0.058105946 -0.22952032
v 0.45780182 -0.8558812 -0.26450443
v 0.6582937 -0.06763458 -0.1145401
v -0.4854412 -0.9836721 0.27267647
v -0.7215016 0.58593607 0.042165756
v -0.18235612 -0.7530269 -0.17482185
v -0.454445 -0.783061 0.195581
v -0.6210693 0.40865827 -0.090280056
v -0.147079 -0.512711 0.532585
v -0.7651634 -0.48192596 0.39250183
v -0.2579795 -0.8567437 -0.33022428
v -0.410451 0.435858 0.0489831
v -0.7545357 -0.518034 0.34239197
v 0.5055461 -0.24212265 0.63602924
v -0.3888359 -0.46284866 -0.19912529
v 0.08473587 -0.9748523 -0.28789663
v -0.30415535 -0.97173023 -0.013320923
v -0.5150309 -0.7114792 0.03153038
v -0.17341042 0.82764244 -0.04158783
v -0.40354 -0.167159 0.584545
v 0.42081833 -0.9614067 -0.19730377
v 0.35532808 0.15621567 -0.12729836
v -0.28026128 0.16235828 0.36659145
v -0.6840267 0.59486896 0.2828827
v -0.19882298 -0.9695518 0.34202576
v -0.947963 0.510714 0.286711
v -0.46902 -0.65683 0.334798
v -0.42262 -0.645396 0.455899
v 0.899397 -0.536141 0.34758
v -0.58871174 0.56105375 0.43217087
v -0.70941925 0.733078 -0.57063293
v -0.37150502 -0.19000691 -0.26252264
v -0.1706624 0.18648005 0.26881218
v -0.749862 0.0123497 0.609514
v -0.7306262 0.4920925 -0.28232574
v -0.471917 -0.67911 0.278924
v -0.75651455 0.5890614 0.19890594
v -0.790947 0.67701 -0.33905
v -0.43260384 -0.44793892 0.5706358
v 0.49564362 -0.29881287 0.6502323
v -0.411829 -0.72480875 0.47172737
v -0.879162 -0.00135782 0.0879593
v -0.632074 0.668962 -0.725813
v 0.15432262 -0.11472386 -0.28047025
v -0.636155 0.64121 -0.70853
v 0.2821169 -0.9765138 -0.24459743
v 0.4905777 0.028301239 0.49435806
v 0.8431511 -0.59673214 0.3976798
v -0.41686302 -0.23733592 0.589394
v -0.96408886 0.22528213 0.45198154
v 0.18731785 -0.93046916 0.10945511
v -0.5565451 -0.97789764 0.30593967
v 0.5341759 0.05842209 0.45548248
v -0.8052864 0.45581055 0.56324005
v 0.314965 -0.1510086 -0.2806828
v -0.11412811 0.7123833 -0.19800472
v -0.9103508 -0.21081161 0.34003448
v -0.7007303 0.07528257 -0.08177781
v -0.87018776 0.012589455 0.060022354
v -0.60547 0.437074 -0.127521
v -0.6123409 -0.86357737 -0.031357765
v -0.458354 0.0647294 0.459237
v -0.96605533 0.07897115 0.45251846
v -0.7806444 0.028738022 0.6228504
v 0.0783267 -0.0981642 0.5821742
v -0.7737652 -0.006818056 0.56875515
v -0.18951416 -0.037384033 0.5258026
v 0.017986298 0.104537964 -0.16104317
v 0.6348686 -0.49510145 -0.21300697
v 0.32775116 -0.92771435 0.39639854
v -0.675866 0.46436 -0.29703
v 0.3281765 0.1802597 -0.09600639
v 0.6989479 -0.91572 0.042232513
v -0.9386673 0.49967813 0.17342377
v 0.251907 -0.13116 -0.276516
v -0.117181 -0.745214 0.540739
v 0.425516 -0.966838 0.40849638
v -0.44753528 -0.56552887 0.48352623
v -0.798769 -0.44832587 0.37209702
v 0.84139633 -0.80891037 0.35456085
v 0.21005249 -0.55367285 0.7459198
v -0.493668 0.53949 0.377721
v -0.16556 0.877772 -0.0536434
v 0.07494879 -0.9166868 0.5177951
v 0.81622714 -0.45357904 0.2081101
v -0.239737 -0.393671 -0.258357
v -0.277639 -0.967667 -0.361491
v 0.9382928 -0.52098024 0.07238853
v -0.74962234 0.12291372 -0.07712412
v 0.38665974 -0.14728975 -0.2766559
v 0.16204053 -0.9230986 0.16587162
v -0.14228702 -0.25430107 -0.38518763
v -0.28403664 0.68605804 0.039375305
v -0.555504 0.496647 -0.000548304
v -0.39544284 -0.92231447 -0.14251673
v -0.521981 -0.680955 0.102745
v -0.09418082 0.641251 -0.007222414
v 0.27914453 0.25153875 0.012210846
v -0.68707085 -0.5976987 0.061935425
v 0.2422427 -0.9752284 0.1260494
v -0.776571 0.00558079 0.597022
v -0.0208984 -0.112376 0.580642
v 0.99705267 -0.6211345 0.22056389
v -0.740585 -0.0412453 0.495835
v -0.88632965 0.38105202 0.06277466
v -0.5911694 0.74866486 -0.58364296
v -0.9033041 -0.31898212 0.06957817
v -0.0184387 0.638824 -0.070761
v -0.0673198 -0.940924 0.711303
v -0.520103 -0.684978 0.0784787
v -0.78406906 -0.4899826 0.33496857
v 0.18134403 -0.20292234 -0.408638
v -0.76026547 0.5051179 -0.14172173
v 0.20315742 -0.33868605 -0.45167875
v 0.2813151 -0.19535446 -0.37348413
v -0.262402 -0.792095 0.527186
v -0.6788845 0.5544739 0.44960022
v -0.74822235 -0.54799306 0.2574005
v -0.60352325 0.53281784 0.47952652
v -0.6248126 -0.61394715 -0.0021276474
v -0.6404884 0.5841959 -0.03465426
v -0.2249775 -0.2949276 0.57124376
v -0.592749 0.520613 -0.0457588
v 0.705114 -0.740613 0.427633
v -0.6963283 -0.6108346 0.13355732
v -0.8584118 0.17403221 0.6590023
v -0.060016632 -0.4610386 0.6982746
v 0.47922134 -0.7285023 0.6140766
v -0.01988411 -0.6623688 0.6631584
v -0.2769184 -0.82829046 0.5398841
v 0.80750895 -0.37674713 0.07953262
v -0.58205414 -0.2804203 -0.2266314
v -0.5450821 0.062088013 -0.1597557
v -0.77595663 0.52906513 -0.051548004
v -0.416866 -0.271059 0.599156
v 0.19224072 -0.27717972 -0.43720722
v -0.83564734 0.013716221 0.5850029
v -0.63554 -0.8353362 0.058522224
v -0.5845952 0.6124716 -0.2206459
v -0.76469994 0.5739112 0.090148926
v -0.0450129 -0.950074 0.698958
v -0.20648 0.170738 -0.0446317
v -0.84960175 -0.33275223 -0.039131165
v -0.517363 -0.80039 -0.0178447
v -0.761651 -0.043356 0.479087
v -0.153067 -0.540245 0.522287
v 0.39792967 0.25308874 0.1463921
v -0.557394 0.588799 0.118917
v -0.586082 0.157013 0.593299
v -0.6942096 0.14605737 -0.09128821
v 0.06763902 -0.08128548 -0.28370094
v -0.95832264 0.043186188 0.23752975
v 0.77355194 -0.51293516 0.35814476
v -0.5824475 -0.88008904 0.566504
v 0.7841263 -0.33598328 0.3482933
v -0.021386147 -0.4331169 0.73241997
v -0.15285254 -0.13231182 0.57619476
v -0.7484603 -0.021065235 0.511044
v 0.9998596 -0.5871269 0.184762
v -0.6995144 0.7000313 -0.5674362
v -0.50219154 0.61629105 0.124637604
v 0.5316715 0.12394953 -0.043344498
v -0.4926157 0.3326025 -0.025312424
v -0.95631 0.496854 0.232308
v -0.568235 0.802307 -0.758411
v -0.7326354 -0.579 0.13578558
v -0.534962 0.595243 0.135276
v -0.150966 0.899464 -0.0724024
v -0.18424034 0.7228241 -0.05917549
v 0.21817732 -0.9700725 0.55673456
v -0.753638 0.5283613 -0.25683117
v 0.67931366 -0.25462723 0.51374054
v 0.0189414 -0.959131 0.666408
v 0.47226334 -0.35150146 0.67345047
v -0.432215 -0.941881 0.613596
v -0.39258814 0.74516654 -0.013570309
v 0.48495436 -0.15634727 0.6184554
v -0.12129545 0.16486263 -0.038825035
v -0.8403435 -0.3378048 0.42255402
v -0.145313 -0.933683 -0.215125
v 0.042168 -0.953791 0.666451
v -0.36572897 0.09675026 -0.17338562
v -0.65922546 -0.44427705 -0.1774025
v -0.137937 -0.933045 0.710777
v -0.687158 -0.944504 0.152037
v -0.228192 0.610658 0.0615474
v -0.52735615 -0.2349636 0.60215604
v 0.6142731 -0.83592796 -0.056983948
v -0.24447125 -0.8076581 0.53661335
v -0.135588 -0.713034 0.497482
v -0.237676 0.713988 -0.0121616
v -0.28655195 -0.86287546 0.5538089
v 0.0854942 0.838063 -0.351684
v -0.075782776 0.63648033 -0.14040947
v -0.418895 0.397828 0.117109
v -0.58255076 0.56292534 -0.373703
v -0.3093099 -0.75612485 -0.12226619
v -0.0013103485 -0.28867626 -0.47298932
v -0.948435 0.336593 0.278714
v -0.6709626 -0.6241567 0.117406845
v 0.3946476 -0.9397013 0.58686733
v -0.9718838 0.09165001 0.33265686
v -0.61577654 0.102025986 0.6407652
v -0.8727093 0.42079782 0.08547211
v -0.829271 0.057466 0.628504
v -0.8180485 0.019869804 0.6013403
v -0.645538 0.606141 -0.675671
v -0.27630138 -0.40886307 -0.22727966
v -0.759413 0.51362 -0.106876
v -0.6635065 0.26566792 0.64166164
v -0.597992 0.873363 -0.757298
v -0.235744 0.792072 0.0142076
v -0.48061562 0.5260806 0.3564806
v 0.8445403 -0.478328 0.14466095
v 0.366895 -0.167321 -0.289335
v -0.619133 -0.041851044 -0.16831589
v -0.831574 0.20998 0.690417
v -0.15236473 -0.50113297 -0.40299416
v -0.4202385 -0.4506111 -0.20438385
v -0.6731324 0.5956476 -0.001115799
v 0.43813705 -0.9415581 0.5665121
v -0.68455696 -0.53514576 -0.04334259
v 0.0999794 -0.44460678 0.7570505
v -0.7936395 -0.5215218 0.21116066
v 0.43403053 -0.94152784 -0.21275139
v 0.808786 -0.53977 0.345709
v -0.725708 -0.19603348 0.54179573
v -0.447017 0.446769 0.0114827
v 0.31397247 -0.7713089 0.67678833
v -0.468891 -0.978311 -0.124657
v 0.6713104 -0.5884447 0.51326466
v -0.66197586 0.90244466 -0.67343235
v -0.30203247 -0.004055023 0.4991703
v -0.23346 -0.438499 -0.245073
v 0.02400142 -0.03502083 -0.2539816
v 0.4962495 0.1960299 0.30503273
v -0.304215 -0.920601 0.570293
v -0.123749 -0.732513 0.517487
v 0.79464245 -0.6876335 0.43442202
v 0.9351948 -0.47834644 0.20923138
v -0.9280405 -0.24248815 0.2948208
v -0.27407813 -0.079686165 -0.24339747
v -0.1494751 -0.74082077 0.5067129
v 0.00012207031 0.65599823 -0.15618134
v -0.771962 0.576746 -0.185507
v 0.75017166 -0.8162117 0.41737938
v -0.72325134 0.664505 -0.46221924
v -0.85764503 -0.009756565 0.04561615
v -0.693096 0.898613 -0.710263
v -0.09024048 0.6604967 -0.030929565
v -0.7056427 0.8700447 -0.5926056
v -0.6624677 0.848536 -0.5972853
v -0.4537816 -0.96168077 -0.13895643
v 0.3685379 -0.28899384 0.71660423
v -0.75546885 0.4801314 -0.11729431
v -0.77906156 -0.022353113 0.49181652
v -0.75470734 0.76540756 -0.364563
v -0.6255049 -0.82729495 0.08613837
v 0.49488848 -0.9638638 0.2170701
v -0.16885169 -0.2503667 -0.31647742
v -0.62118244 0.076985836 0.625494
v -0.742757 0.89396 -0.663686
v -0.716075 0.90821 -0.665232
v 0.28252983 -0.92895174 -0.14223051
v -0.933879 0.394349 0.420138
v -0.76122725 -0.54575104 0.1948061
v 0.13363075 -0.30696726 0.7534145
v 0.53855133 0.13800812 -0.0071640015
v -0.825457 0.180118 0.680367
v -0.34243655 0.2447963 0.20351863
v 0.6557255 -0.12019348 0.47338867
v -0.89491844 -0.0662961 0.10372162
v -0.8141594 -0.039873123 -0.039787292
v 0.69960785 -0.8092003 -0.056455612
v -0.27949905 -0.9226124 0.5756583
v -0.8654156 0.00022315979 0.35508728
v 0.795571 -0.500642 0.311762
v -0.32967758 -0.61348724 0.5429745
v -0.792511 -0.3822403 0.45578003
v -0.817682 0.237757 0.698348
v -0.8505287 0.22716653 0.6816788
v -0.8126756 -0.012986889 0.4778521
v -0.8124161 -0.38593918 -0.059131622
v 0.8598418 -0.5785923 0.0014781952
v -0.78549576 -0.48451233 0.02163124
v 0.31747246 -0.9485159 -0.27607632
v -0.82670593 0.31038666 0.6690903
v -0.911925 -0.205618 0.0981384
v -0.29349732 0.09318209 -0.16165066
v -0.827352 0.267203 0.688464
v -0.77520204 -0.52807677 0.10995865
v 0.35669422 0.045747757 0.5176983
v -0.6175032 -0.90956616 0.3704853
v 0.9940907 -0.5525146 0.17809486
v -0.87192535 -0.11803818 0.37860107
v -0.168136 0.89312 -0.137265
v -0.80110836 0.34783936 0.65715027
v -0.5762348 -0.5232811 -0.1514206
v -0.48540974 0.40543905 0.3891592
v -0.44956052 -0.72242105 0.31860495
v 0.66015077 -0.7436199 0.4394312
v 0.025291443 0.90950966 -0.33285522
v 0.123817444 -0.7376776 0.6947746
v -0.11105347 -0.5883827 0.54371643
v -0.789588 0.55090797 0.040110588
v -0.955879 0.30814 0.281416
v -0.58213645 0.67645204 -0.48394585
v 0.35507 -0.970503 -0.118036
v -0.869399 0.0370136 0.60577
v -0.8039284 0.21934831 -0.057614326
v -0.764844 0.423497 -0.0503186
v -0.601191 -0.870173 0.380387
v 0.12733793 -0.018535137 -0.26940513
v -0.83382607 -0.38701618 -0.020103455
v -0.8948784 0.39360428 0.109375
v 0.30166054 -0.3999653 0.73637533
v -0.274724 -0.5889931 0.55393696
v -0.711636 0.46153975 -0.23538208
v -0.44914627 -0.47158432 0.5538368
v 0.9880924 -0.6165776 0.10687637
v -0.5615925 0.12120867 0.54736847
v -0.35850716 -0.24942017 0.57310057
v -0.275905 0.22396338 0.022315025
v -0.89872575 -0.015768647 0.19377851
v 0.65545654 0.0100159645 -0.03843689
v 0.35222626 -0.7116294 0.69179296
v -0.0825634 0.6106529 -0.10006714
v -0.005759239 -0.77430487 0.6262493
v -0.77482986 0.44961548 -0.036987305
v 0.23381042 -0.8050175 -0.35577774
v -0.682725 0.0603426 0.674027
v -0.079737 0.616516 -0.0269494
v 0.1484642 -0.9168005 0.39595032
v -0.323522 0.638864 0.0717246
v 0.6067904 0.11118817 0.30769348
v -0.24979973 0.70619965 -0.16372395
v 0.15097427 -0.8625803 -0.31442118
v -0.121212 -0.981107 -0.321617
v 0.6117439 -0.9650409 0.17540073
v -0.16826153 -0.7716172 0.5655165
v -0.14954472 0.74364614 -0.20409346
v 0.3892231 -0.5178127 -0.3816061
v -0.13023281 -0.9276005 0.33673096
v 0.3503654 -0.08212471 0.605731
v -0.7360016 0.5864122 0.3368168
v -0.286286 -0.475251 -0.206234
v -0.8657241 0.054677963 0.6246786
v 0.27360153 0.013672829 0.556612
v 0.010246277 -0.098207474 -0.28043497
v -0.00107907 -0.921928 0.689234
v -0.88128185 0.01700604 0.56352806
v -0.6916598 0.8363323 -0.546051
v 0.100945 0.837357 -0.329894
v -0.4980824 -0.074860096 -0.22306418
v 0.28049946 -0.17741203 -0.34835243
v -0.3408569 0.2438075 0.089607716
v -0.87904596 -0.23556137 -0.015384674
v -0.498083 -0.789323 -0.0357776
v -0.67061615 0.48306274 0.5463867
v 0.70303154 -0.6311642 -0.1082325
v -0.6173744 -0.35821247 -0.22168636
v -0.79932404 0.29365158 0.68798065
v -0.5881343 0.778492 -0.63720703
v 0.5712514 0.049446106 0.44425964
v -0.21240234 0.5547867 -0.061698914
v -0.41490102 0.45771885 0.14441013
v -0.76498413 -0.076646805 0.47356796
v 0.09992218 -0.9714694 -0.21611404
v 0.971262 -0.64902306 0.07198334
v -0.54163265 -0.8272972 -0.027294159
v -0.12441158 -0.9633088 0.6843405
v -0.113061905 -0.34893727 0.6933212
v -0.537774 0.533745 0.44873
v 0.025640726 0.1555376 -0.08232403
v -0.016410828 -0.94114244 -0.3342371
v -0.2107315 -0.78974724 -0.22992706
v 0.80911255 -0.7810688 0.40814972
v -0.3492763 -0.67423725 -0.13251686
v -0.0301191 -0.160332 0.606824
v 0.37322617 -0.22410202 0.69067764
v -0.5664289 0.76258177 -0.7486751
v -0.5857568 0.50446296 -0.11501646
v -0.94103086 0.2900238 0.43684578
v -0.403051 -0.900037 -0.131437
v -0.5423094 0.46564913 -0.007286817
v 0.96238995 -0.7247429 0.2737217
v -0.186725 0.834607 -0.026969
v -0.5234957 0.512146 0.43829155
v -0.4571241 0.41724586 0.28167868
v 0.450737 -0.8006134 -0.27521133
v -0.6515324 0.46156788 -0.28264236
v -0.515728 -0.45404434 -0.21496582
v -0.14167833 -0.9629574 0.56622314
v -0.46416283 0.15988183 0.4854293
v -0.6499634 -0.59405327 -0.011505127
v -0.74429893 0.54951286 0.45119476
v -0.194724 -0.947796 0.668875
v -0.0690089 -0.983821 -0.287736
v -0.594871 0.459095 0.509054
v -0.763084 0.568729 0.0436955
v -0.25597 0.0049858093 0.4865265
v -0.5111867 0.4685155 -0.002528444
v -0.058859438 -0.80227757 0.6706848
v -0.18395638 0.11487484 0.39832592
v 0.15605164 -0.91457105 -0.1527195
v -0.49487 0.0845141 0.484449
v 0.88938856 -0.4711671 0.16565037
v 0.24458122 -0.38971984 0.75086594
v -0.779829 0.75533676 -0.38988495
v 0.11207771 -0.32759207 -0.46732664
v 0.47238457 -0.29066467 0.652112
v -0.025067337 -0.96919465 0.62699306
v -0.29938412 -0.61628723 0.55000544
v -0.22336578 -0.8538743 0.6165352
v -0.116387 -0.966128 -0.347749
v -0.402591 -0.976608 -0.150508
v -0.0480677 0.977814 -0.187234
v -0.5527468 -0.8449997 0.57255363
v -0.20434189 -0.42639017 -0.34836578
v -0.3365705 -0.35971498 0.5634597
v 0.90730286 -0.7794858 0.056957245
v 0.15694237 -0.83953524 0.6267226
v -0.48790455 -0.81834793 0.33935547
v -0.122278 -0.228628 -0.374442
v 0.59598637 -0.13024902 0.53777885
v 0.6910362 -0.14736557 -0.11285782
v 0.005805254 -0.4740944 0.7306309
v -0.0055646896 -0.29751778 0.7493918
v -0.65164375 -0.101103306 -0.1774807
v 0.050045967 -0.7016754 -0.41626167
v -0.635636 0.11709 0.675997
v -0.6313114 0.7748898 -0.50055623
v -0.80454254 0.21230793 0.6999779
v -0.5210571 -0.88335943 -0.08981514
v -0.777337 0.2419815 0.7043305
v -0.23537254 -0.8262696 -0.311409
v -0.89795625 -0.037866235 0.22806454
v -0.62118816 0.7004585 -0.7420902
v -0.035450935 0.62163496 -0.080085754
v 0.203991 -0.929725 0.624275
v -0.796486 0.259374 0.700033
v -0.0921592 -0.928668 0.716437
v 0.517643 -0.90538406 0.50414276
v -0.87924767 0.35256767 0.038101196
v 0.89029294 -0.50757146 0.32098675
v 0.2425108 0.105335236 0.5177021
v -0.102184296 0.59392476 -0.06391621
v -0.22392273 0.77373505 -0.17170715
v 0.1016531 -0.0008087158 0.57080555
v 0.17719126 -0.5291796 0.74998426
v -0.380521 0.229571 -0.0142597
v 0.169119 -0.665621 0.713432
v -0.39284515 0.48503876 -0.0194664
v -0.8986244 0.04383278 0.5954704
v -0.82159424 0.42438507 0.001865387
v 0.46425247 -0.19202662 -0.27885246
v -0.182946 -0.971034 0.282258
v 0.0958358 -0.926039 0.656699
v -0.75788 0.55255 -0.171832
v 0.16105008 -0.032356262 0.5824678
v -0.7971382 0.16477299 0.6821289
v 0.6042509 -0.88207436 0.3945942
v 0.6869409 -0.7373353 -0.064668536
v 0.8151235 -0.4418838 0.17238855
v 0.100474894 0.826035 -0.31116772
v -0.11023712 -0.91480947 0.71658885
v 0.5603771 -0.505571 0.58016205
v -0.14837646 0.8485184 -0.19985199
v 0.217259 -0.746275 0.709489
v -0.426421 -0.592726 0.470601
v -0.1657033 -0.5850706 -0.3287573
v -0.5885707 0.42211115 0.50472546
v -0.19355035 -0.871883 -0.36116958
v -0.6795786 0.026899591 0.62361014
v -0.41325402 0.5342665 -0.040109634
v -0.59617686 0.6549401 -0.24430275
v 0.27519703 -0.8479643 0.61494446
v 0.7932401 -0.5638561 0.020425797
v -0.97958297 0.26612288 0.27512342
v -0.94040775 0.25889206 0.5513935
v -0.57866126 0.58036375 -0.21466446
v -0.030945778 -0.59915257 0.66448975
v -0.8865714 -0.026839495 0.11363411
v -0.505218 0.3953278 0.4154495
v 0.022727966 -0.9668238 0.64494133
v 0.25581732 -0.9780247 -0.23225887
v 0.16472626 -0.96927524 0.6027336
v -0.66122705 0.60732126 -0.043123245
v 0.31435204 -0.843863 0.6106272
v -0.15092564 0.075161934 -0.16963673
v -0.5989189 -0.88016844 -0.05796814
v -0.7016644 0.59137845 0.18411636
v 0.8404999 -0.7475319 0.4029541
v 0.2153635 -0.9268713 -0.16551828
v -0.572628 -0.8740854 0.33938217
v 0.23360252 -0.91667175 -0.14355612
v -0.9292517 0.043631792 0.55786896
v -0.19706655 -0.3761015 0.55315304
v -0.9596535 0.46780515 0.24677658
v -0.073667526 -0.15518379 0.5954561
v 0.0927905 0.749306 -0.28315
v -0.4671831 -0.7000427 -0.069820404
v -0.132259 -0.954359 0.69943
v 0.21888351 -0.031089783 0.5723386
v -0.7009109 -0.9117028 0.12272358
v -0.9015379 0.016223952 0.5264969
v -0.24062157 -0.8955693 0.61953926
v -0.2560941 0.2296688 0.11283398
v 0.56618214 -0.020976067 0.4993143
v -0.7038402 0.48364124 -0.3709569
v -0.5764725 0.616498 -0.2668419
v 0.47554874 0.19216347 0.018659592
v -0.39143753 0.066223145 0.44612122
v 0.19750786 -0.91739345 0.04172516
v 0.49063873 -0.7835531 0.54896927
v -0.53075 -0.791644 0.110589
v -0.45533562 0.5905409 0.15734959
v 0.13461351 -0.6887636 0.71250534
v 0.0280226 0.657417 -0.142788
v -0.506531 0.597652 0.149119
v 0.7837601 -0.78025913 -0.05197239
v 0.20337439 -0.9790071 -0.23920774
v -0.889189 0.526823 0.132692
v -0.0972686 -0.194069 -0.325851
v -0.91874695 0.15968513 0.62418365
v -0.1806488 -0.9652904 0.6480255
v -0.46559444 0.50175923 -0.013593426
v 0.28652823 0.27421415 0.2428894
v -0.696649 0.552148 -0.567576
v -0.5890813 0.43236825 -0.07102823
v 0.306661 -0.960559 -0.157829
v -0.7230643 0.6062527 -0.018547058
v -0.61851084 0.55525374 0.0044588447
v 0.24838352 -0.4712696 0.74519396
v -0.0326733 0.663602 -0.0613978
v 0.3904667 0.21372128 0.38336182
v 0.31785965 -0.7233763 0.69380665
v -0.9007988 -0.1631794 0.35097504
v 0.97629166 -0.57828236 0.29582596
v 0.702137 -0.22224617 0.47268677
v 0.7488308 -0.5581093 0.38908768
v -0.41075635 -0.19645023 0.5912193
v -0.951686 0.4178157 0.35968542
v 0.010224575 -0.068203926 -0.2713325
v -0.76434326 -0.28887367 0.5174103
v -0.49434572 0.5630523 0.30414295
v -0.650236 0.90886 -0.725971
v -0.024318576 -0.12707233 -0.2892964
v 0.040233612 -0.3543291 0.7550037
v -0.249305 -0.325534 -0.272793
v -0.623368 0.858062 -0.758722
v -0.131334 -0.223316 0.598787
v -0.46855068 0.5087576 0.32042694
v 0.07519102 -0.1298194 -0.29502422
v -0.174667 -0.374357 0.56446
v -0.48487315 -0.81483 -0.061784446
v -0.241472 -0.411887 -0.238012
v -0.7046876 0.5252265 -0.5260892
v 0.29325676 -0.6275711 -0.38225842
v 0.35350633 0.26474178 0.24851036
v -0.4118569 0.1428833 -0.13746452
v -0.22851181 -0.971354 -0.22637749
v 0.0730494 0.86931 -0.359597
v -0.27654 0.662877 0.0278209
v -0.10868472 -0.92828566 0.22951603
v -0.7698312 0.58836937 -0.22490692
v -0.46090484 0.23706794 -0.04021287
v -0.610011 0.490426 0.509969
v -0.5900445 -0.92104524 0.24296212
v -0.34057713 -0.54731464 0.54747725
v -0.091656685 -0.15348983 -0.29280853
v 0.15612489 -0.9217585 0.24879265
v 0.06428909 0.75647163 -0.2897911
v -0.3080492 -0.11766434 -0.25349092
v -0.19519484 -0.70927453 -0.13518405
v 0.339651 -0.000239483 0.532481
v -0.42033577 -0.55706406 -0.15099335
v -0.18134046 -0.22251225 -0.29338157
v -0.5909095 0.3636828 0.489923
v -0.68111134 0.28536797 -0.08941054
v -0.761844 0.570001 0.0182303
v -0.602174 -0.976534 -0.0808347
v 0.09635067 -0.6167674 0.73690534
v -0.16785908 -0.88312817 -0.36281776
v -0.7005367 -0.17423248 -0.17807007
v 0.33582354 -0.8242359 -0.30945873
v -0.4128765 0.3461926 0.24871445
v -0.164632 -0.72073 0.488783
v -0.5784021 -0.8260962 0.5054058
v 0.7984283 -0.5997391 -0.0061359406
v 0.1769712 -0.4674039 0.7741811
v -0.76395 0.523484 -0.0811703
v -0.69981766 -0.14428711 0.5389633
v 0.68121 -0.729277 0.429485
v -0.31708705 -0.9733731 -0.05074942
v -0.42455792 0.39768994 0.072948456
v 0.081309676 0.7350513 -0.20424485
v -0.3807808 -0.8783084 -0.13608763
v 0.35158825 -0.043668747 0.56067085
v -0.523953 -0.966751 -0.117358
v 0.7770405 -0.6929245 -0.057442665
v 0.4777546 -0.9440268 0.5123253
v -0.32569408 -0.7228241 0.5263157
v -0.96532345 0.23425436 0.4125328
v -0.3811264 -0.62772083 0.5067558
v 0.27293098 0.031502962 -0.23788297
v -0.8851633 0.027277946 0.39833105
v -0.60079193 -0.113514185 -0.20927858
v -0.41252327 -0.75580883 -0.09350729
v 0.3962679 -0.9724323 -0.1927414
v -0.36718988 0.097579956 0.41612244
v -0.7732036 0.28697205 0.69273376
v -0.28992128 -0.66453934 0.53829384
v -0.0925875 -0.19768 0.607838
v -0.5917516 -0.84174776 0.41997528
v -0.8582568 -0.37698627 0.35999393
v 0.98590183 -0.67352486 0.23017883
v 0.6144686 0.06349182 -0.03286743
v 0.37194443 -0.7884445 -0.32863235
v -0.5805936 -0.087546825 -0.21334887
v 0.0449191 -0.689053 0.682232
v -0.17715216 -0.7474928 0.5032942
v 0.50558114 -0.9142151 -0.051223755
v -0.554837 0.413486 0.472735
v 0.83719444 -0.69685173 -0.049817562
v -0.9364233 0.41725695 0.40364456
v 0.9182019 -0.51246643 0.31562424
v -0.22019768 0.55609083 0.023683548
v 0.2573738 -0.95021504 0.61051226
v -0.4989295 -0.65571404 0.3022499
v -0.2645812 0.13650322 0.39663124
v -0.81785583 0.49850464 0.50229645
v 0.2668028 -0.33817673 -0.4183979
v -0.15801358 -0.28125203 -0.39158344
v 0.91776276 -0.68416786 0.36787415
v 0.44189453 -0.27172327 -0.33016586
v 0.099047184 0.76965094 -0.26084757
v 0.0169811 -0.793602 0.635353
v 0.82762 -0.668594 0.424813
v -0.24352252 0.13452196 -0.11346197
v -0.31893325 0.061424255 -0.18214273
v 0.27041626 -0.9588678 -0.1714325
v -0.226356 -0.333007 -0.294001
v -0.15324402 0.7924423 -0.20839691
v -0.50144434 -0.8402147 -0.06771088
v -0.91405046 0.023186803 0.47492743
v 0.3598585 -0.97504824 -0.16364002
v -0.32992744 0.030014038 0.47974777
v -0.24153519 0.055740356 0.44869995
v -0.063191414 0.019254684 -0.22627544
v 0.5488167 -0.97180635 0.15596604
v -0.195379 -0.747282 -0.136487
v -0.58393157 0.20292151 0.57910395
v -0.62308884 -0.089039564 -0.19276619
v -0.47036076 0.28338313 -0.036770344
v 0.00788561 -0.406511 0.7475
v -0.2533455 0.6506138 0.02873993
v -0.53456306 0.55130625 0.424366
v -0.799203 0.789719 -0.510488
v -0.302249 0.639073 0.055533
v -0.7686157 -0.1675682 0.49627686
v -0.167734 -0.772997 -0.254218
v -0.7207556 0.7233124 -0.2341919
v -0.911708 -0.310953 0.102926
v 0.50522286 -0.9529371 0.36424255
v -0.2545588 0.19579905 -0.046036005
v -0.7083912 -0.43779945 -0.14414215
v -0.12907124 -0.68974924 0.50339794
v -0.1350686 -0.9844779 -0.29232085
v -0.6938966 0.49731684 -0.4598837
v 0.3633346 -0.95568985 0.41677278
v 0.2131958 -0.1416874 0.6695609
v -0.314973 -0.941219 0.576687
v -0.577209 0.46138 -0.0442402
v -0.62572527 -0.8378705 0.12795591
v 0.84 -0.491365 0.100459
v -0.9265229 0.057307184 0.38077283
v 0.16497421 -0.6085427 -0.43109703
v -0.77306366 0.33470154 0.66900635
v 0.99708116 -0.64574647 0.15687943
v 0.07078934 -0.6051192 0.72903633
v 0.2823512 0.26970482 0.07844448
v -0.4502604 0.30108595 -0.013914108
v -0.46638584 -0.6059532 -0.10247707
v 0.748755 -0.24188805 -0.08815193
v -0.451307 -0.702774 0.26642
v -0.5896132 0.46611023 -0.12334442
v 0.27135086 -0.9703952 0.27801132
v -0.2854246 0.1596384 -0.116562605
v -0.934582 -0.23156738 0.26900482
v -0.25953293 0.5402641 0.04553032
v -0.58024263 0.7181215 -0.66303635
v -0.7106323 -0.359344 0.5312805
v -0.680363 0.578364 -0.620206
v -0.91723067 -0.29452926 0.21650219
v 0.53219604 -0.089702606 -0.21009445
v 0.55057526 -0.7597141 -0.24785614
v 0.27395058 -0.97434306 0.043182373
v 0.425287 0.15298843 0.4313774
v -0.047729492 -0.9209143 0.70734406
v 0.1846199 -0.74693584 0.71087074
v 0.23024607 -0.96654725 0.08893585
v -0.6342716 -0.92109 0.4939146
v -0.18491173 -0.7737516 -0.22561264
v -0.95205116 0.45741653 0.35350037
v 0.38881904 -0.96644497 0.41296744
v 0.313912 -0.932145 -0.0976934
v -0.74178934 0.600399 -0.029052734
v 0.310758 -0.938517 -0.133
v 0.44759846 -0.9645823 -0.086055756
v 0.41227722 0.14947891 -0.10508728
v -0.310874 -0.8229227 -0.20014954
v -0.618096 0.4376 -0.150089
v -0.5733907 0.22568211 -0.0843665
v -0.5341525 0.44699144 0.44656277
v -0.9461365 0.32202435 0.30402374
v -0.67533875 0.87551403 -0.72093964
v -0.9405527 0.38077116 0.20555687
v -0.20010924 -0.98171484 0.20226955
v -0.598522 0.843862 -0.768264
v -0.673401 0.905741 -0.720419
v -0.418348 0.405234 0.15437
v 0.80855227 -0.47861743 0.070109844
v -0.90932083 0.21734047 0.620594
v 0.0023682117 -0.57807827 0.7026162
v -0.8893733 -0.23278618 0.04033661
v 0.7418003 -0.5514784 -0.07468796
v -0.0395998 0.639428 -0.0472222
v 0.9743328 -0.63827133 0.30142784
v -0.273915 -0.967094 0.15181
v 0.047078848 -0.91076714 0.5027242
v -0.5872946 0.58896756 0.31551933
v -0.37211514 0.26667285 0.28550053
v -0.945284 0.07645172 0.38268554
v -0.9170537 0.008283019 0.20624375
v -0.189691 -0.263513 -0.302925
v -0.35845184 0.20351028 -0.075115204
v -0.14913654 -0.97791505 -0.25586224
v 0.749455 -0.60544777 -0.024084091
v -0.06086 0.930081 -0.143924
v 0.050437927 -0.9663148 0.584301
v -0.08107543 -0.9192319 -0.18976974
v -0.75568795 0.5314412 -0.1879549
v 0.40797806 -0.94678116 -0.2382145
v -0.79252243 0.46613884 -0.01737976
v -0.58445096 -0.94359374 0.26758558
v 0.559885 0.080848694 -0.06476593
v -0.29352188 -0.43237305 -0.21861076
v -0.22609997 -0.75489426 0.5104327
v -0.723278 0.886235 -0.683193
v -0.003566265 -0.53923035 0.7127781
v -0.14090252 0.64033866 0.015339375
v -0.169435 -0.958137 0.675931
v 0.5823059 -0.21433306 0.5827465
v 0.6776948 -0.71094805 -0.07549286
v 0.7848668 -0.5930319 0.38272858
v -0.49879086 -0.7948749 0.16123521
v 0.6702652 -0.9008255 0.34747314
v 0.8498882 -0.47176713 0.18511772
v -0.59642625 0.5824946 0.12739086
v 0.7232361 -0.4074154 -0.110832214
v 0.4556761 0.1986599 0.34306622
v -0.596422 -0.984638 -0.0523327
v -0.46744165 -0.7935276 0.34329224
v -0.38902283 0.71593094 -0.05991745
v 0.834976 -0.474188 0.162011
v -0.55663 -0.802414 0.0967636
v 0.5619545 -0.89865875 0.41677666
v -0.2756462 0.6227989 0.06414223
v 0.206889 -0.95756 0.135279
v -0.2737007 -0.97862196 0.1280899
v -0.94372034 0.0484221 0.45428467
v -0.32127124 -0.5034418 -0.20452547
v 0.7996335 -0.24040604 0.07871246
v 0.8132578 -0.45060807 0.11711311
v -0.441042 -0.98366 -0.125014
v -0.43721676 -0.77225924 -0.08229828
v 0.3787117 -0.6274376 0.679163
v -0.87548923 0.017800331 0.3704281
v -0.9127941 0.03368759 0.31828308
v 0.029483795 0.84174514 -0.23321867
v 0.8302705 -0.86155033 0.25891113
v -0.8662529 0.52648807 0.09366989
v -0.4245491 0.15516496 0.43833375
v 0.7281666 -0.34708965 -0.1374588
v -0.8798523 -0.030075073 0.29315186
v 0.048864126 -0.5335417 0.71676636
v 0.28533554 -0.541245 -0.40159988
v 0.6127596 -0.04443896 0.47150707
v 0.036304474 0.7141113 -0.14852524
v -0.5888943 0.7072382 -0.49097824
v -0.00092697144 0.22652721 0.2747383
v -0.72633106 0.49547336 -0.3672526
v 0.12150192 -0.5497179 0.73707676
v 0.44326568 -0.9713519 0.016918182
v -0.4382801 -0.014451981 0.5123987
v -0.368972 -0.0885354 0.554555
v 0.051315308 -0.8776665 0.67043304
v -0.8572595 -0.38524246 0.32606316
v -0.0194223 -0.151135 -0.297886
v -0.24903297 -0.9702058 0.5495453
v -0.5693321 0.54670715 0.45199394
v 0.6089287 -0.60292244 0.55042267
v -0.51295 -0.945242 0.618879
v 0.43959808 -0.9568313 0.5409565
v 0.53948784 -0.9229698 0.4013214
v 0.71666527 -0.6367302 0.42560387
v 0.022651672 -0.9131919 0.52378607
v -0.6053483 -0.8490099 0.44396356
v -0.151798 -0.445042 0.562229
v -0.662189 0.579102 -0.641751
v -0.030578613 -0.92144454 -0.19132566
v 0.390289 -0.96524 -0.226544
v -0.72878265 0.43891907 0.5969467
v -0.942707 0.522932 0.239626
v -0.9431701 0.06622696 0.3493042
v 0.8082919 -0.45057684 0.08027649
v 0.0858581 0.767472 -0.306281
v -0.954591 0.505452 0.259484
v 0.49258995 -0.67868996 0.62654877
v -0.6100841 0.029625773 0.51317465
v -0.59731674 0.74378586 -0.7618475
v -0.94983524 0.35444462 0.25477982
v -0.737536 0.502214 -0.324639
v -0.14709473 0.8748703 -0.18704224
v 0.213283 -0.670753 0.721388
v -0.28303844 0.50764054 0.009174943
v -0.7254391 -0.321764 -0.1813755
v -0.76271534 0.7920151 -0.4454193
v 0.30895233 -0.9689945 0.5107231
v -0.72892666 0.59471416 -0.3449936
v -0.32706833 0.72548676 0.06943798
v 0.38933063 -0.11308193 -0.2676772
v 0.55695343 -0.96841264 0.21511078
v -0.593131 0.686861 -0.740028
v -0.92038846 0.017045021 0.255085
v 0.83828354 -0.78129864 -0.020792007
v -0.59586596 0.6941948 -0.36226273
v -0.9212041 -0.22167349 0.12189484
v -0.258231 0.710304 0.0138139
v 0.3272438 -0.95310926 0.36486435
v -0.87078476 -0.3001232 0.37679672
v 0.4512148 -0.09875679 0.604084
v -0.56275654 0.313838 -0.0708009
v -0.75317764 -0.39667892 -0.11644745
v 0.7475114 -0.66547394 -0.04283285
v -0.28846478 0.8239974 -0.06176901
v -0.17789364 -0.16842842 0.5933666
v -0.56796706 0.20746124 0.5577898
v -0.42673 0.438344 0.0281179
v -0.578915 0.0243346 0.494591
v 0.21262473 0.26951456 0.08762169
v 0.17894578 -0.928733 0.22504711
v -0.39803433 0.28570414 0.060904503
v -0.20632458 0.5479417 -0.009675503
v -0.13808727 -0.076942444 -0.2770307
v -0.4390564 0.6660309 0.09667969
v -0.523588 -0.762762 0.0710429
v -0.265671 -0.452843 -0.214568
v 0.9231 -0.5528116 0.34889698
v -0.461685 -0.676278 0.310496
v 0.28802228 -0.91881585 -0.111338615
v -0.11070442 -0.9146577 0.48041487
v -0.34682512 -0.5119133 -0.20107937
v -0.3432865 -0.25794315 -0.2666636
v -0.7544155 -0.22834778 -0.16038227
v -0.132334 -0.788325 -0.305394
v -0.135643 0.6864834 -0.05355835
v 0.8005482 -0.6439401 0.4216511
v 0.38067245 -0.8615799 -0.29250145
v -0.4686644 0.45027113 0.31930923
v -0.0937986 -0.409879 0.700899
v -0.20542526 0.09503937 0.42315674
v -0.95600533 0.049160004 0.27638245
v -0.25334 -0.327341 0.581215
v -0.29618835 -0.29844475 0.5751867
v 0.34049797 -0.97005534 0.55531883
v -0.935275 0.528768 0.267225
v 0.49282074 -0.55201197 0.6318855
v 0.6662369 -0.19864655 0.5099144
v 0.21282864 -0.45313168 0.76825714
v 0.2623539 -0.3980698 0.74228644
v -0.3002795 -0.87876034 0.5605757
v -0.013738632 0.9716358 -0.275177
v -0.63564205 0.41204834 -0.10720444
v 0.18181157 0.046655655 -0.2186532
v -0.07843685 0.95866036 -0.18221092
v -0.38123894 -0.037906647 0.5335808
v -0.789889 0.781377 -0.538139
v -0.45412427 -0.82351315 0.28059328
v -0.9494934 0.11250928 0.5924759
v -0.190057 -0.426164 0.546889
v -0.211283 -0.73982 -0.114441
v -0.105407715 0.11835575 0.41672707
v 0.6514511 -0.8914032 0.36635208
v -0.14478254 -0.9178206 -0.18642998
v 0.6703625 -0.25238264 -0.18890762
v -0.1276722 -0.537693 0.5422201
v 0.6683502 -0.65977097 0.49299622
v 0.9675827 -0.61932945 0.06375885
v -0.395248 -0.950825 -0.162262
v -0.46991396 -0.15906334 0.5738921
v -0.30978394 0.5359261 0.08408928
v 0.41039133 -0.18429995 0.6449785
v 0.39363542 -0.17527771 -0.28730202
v -0.5146222 0.28606796 0.4867506
v -0.720898 0.432322 -0.111631
v -0.4756651 0.42005205 0.36696434
v -0.9749974 0.070216656 0.26522446
v 0.27144814 -0.87293935 0.6067436
v -0.87181854 -0.050534487 0.33003998
v -0.39308167 0.46561837 0.1196661
v 0.11998129 -0.2548437 0.7517307
v -0.656634 0.559631 -0.619765
v -0.28482533 -0.26129216 -0.28058815
v -0.039482117 0.17201233 -0.056423187
v -0.21543181 -0.7666015 -0.12737656
v -0.600556 -0.977272 0.214198
v 0.39093018 -0.5674248 0.6985779
v -0.76339865 0.4768486 0.5570297
v -0.6388001 -0.88634086 -0.035990596
v -0.04472971 -0.7647852 0.6135359
v -0.8111582 0.06869316 0.638669
v 0.18721771 -0.92093515 0.28762054
v -0.9942651 0.2046454 0.31637955
v 0.9790238 -0.7029133 0.19283104
v -0.5969194 0.53049105 -0.012452245
v -0.232665 -0.931935 0.633932
v -0.26853096 -0.5020256 -0.19725609
v -0.77721 -0.058045 0.459348
v -0.48049727 -0.44843674 0.5614109
v -0.8705845 -0.16678524 -0.013751984
v -0.24849987 -0.35682678 0.5770736
v 0.86989594 -0.81950665 0.30194092
v 0.629982 -0.60807467 -0.21171284
v 0.0893862 -0.957552 0.649562
v 0.029006958 -0.7245064 0.6682663
v 0.78840756 -0.56346345 0.36208522
v -0.252159 -0.433479 -0.225474
v -0.47170925 -0.96966434 0.5825515
v 0.784949 -0.508164 0.335837
v 0.6093426 -0.962254 0.107437134
v -0.28129578 0.801384 -0.11565399
v -0.412086 0.0941304 0.428176
v -0.34807 -0.490957 0.562253
v -0.90805435 0.122032166 0.020988464
v 0.44013584 -0.9613943 0.10177612
v -0.5357373 -0.7866095 0.077562205
v 0.75045013 -0.8172569 -0.03844452
v 0.992531 -0.547609 0.216147
v 0.7036209 -0.83418274 0.4113655
v -0.20439911 0.55123997 -0.04283619
v -0.295667 0.662842 0.0454493
v 0.79154205 -0.2838421 0.008888245
v -0.70632553 -0.40383148 0.5158844
v -0.46058273 -0.6130409 0.42134857
v -0.8346176 -0.00056266785 0.4183159
v 0.7109704 -0.048515856 0.34253693
v -0.42245483 -0.55731964 0.49882507
v -0.39988756 -0.29775122 0.6015432
v 0.106543 -0.966515 0.627622
v -0.671474 0.0848008 0.686851
v -0.6374607 -0.9585078 0.40885925
v -0.39035034 -0.004508972 0.51223373
v -0.44534683 0.0022511482 -0.21733046
v 0.13110018 -0.9696333 0.5796609
v -0.35642684 0.18223119 0.32462072
v 0.5182762 -0.95663345 0.018005371
v 0.55731773 -0.26106453 -0.26797485
v 0.333196 -0.95271 -0.111405
v -0.80285645 0.33410096 -0.036837578
v -0.7380705 0.43583846 -0.08285093
v -0.784889 0.678488 -0.371513
v -0.28940773 -0.30124283 -0.2623396
v 0.3523903 -0.96633726 0.35909462
v -0.6719265 -0.24231625 0.5638046
v 0.769308 -0.586027 -0.000473861
v -0.9720659 0.17208338 0.13345337
v 0.36304355 -0.9604716 0.39241076
v -0.741797 0.512313 -0.34958124
v 0.68657774 -0.771657 -0.064434946
v -0.774267 0.550901 -0.028791
v -0.37147927 0.19732368 0.33683062
v 0.60109425 -0.81178284 -0.0726223
v -0.78808594 -0.39631653 -0.0823822
v 0.4791031 0.14410686 0.42694187
v -0.58013433 0.666862 -0.37913895
v -0.616977 -0.934629 0.34927
v 0.13476908 0.17349815 0.46001434
v -0.63030577 0.570364 -0.6049652
v 0.34861517 -0.97004294 0.5054445
v 0.35816383 -0.58023643 0.70931816
v 0.0728819 0.70305 -0.190703
v -0.798118 0.729871 -0.408202
v -0.422536 -0.771343 0.493466
v 0.23844528 -0.92492294 0.3253441
v -0.92904043 -0.24585152 0.14192963
v -0.43058348 -0.14476967 0.5778141
v -0.88829803 0.21877384 -0.009145737
v 0.71598244 -0.57387257 0.45892715
v -0.449501 -0.825253 0.259853
v 0.9004402 -0.59690475 0.38219452
v 0.3435963 0.2589978 0.05890274
v 0.014959812 0.0689621 -0.19218922
v -0.7576573 0.53494006 -0.12491512
v 0.831783 -0.477368 0.232178
v -0.653388 0.909415 -0.701488
v -0.90494156 0.08792877 0.625309
v 0.26142693 -0.95940304 0.3025055
v -0.305256 0.617732 0.0721093
v -0.4759016 -0.31659842 -0.25713038
v -0.60080147 -0.95698214 0.55761147
v -0.32643318 -0.9181306 -0.31590053
v -0.08231449 0.9086914 -0.12382126
v -0.9817195 0.25402623 0.31208038
v 0.23936462 -0.9621465 0.60112953
v -0.56896305 -0.36845422 -0.23050117
v -0.4992361 -0.28230095 0.5962435
v 0.39675522 -0.6891532 -0.35366917
v -0.7454653 -0.16084862 -0.15128517
v -0.4329195 -0.9663966 0.5913353
v 0.15219975 0.21190453 -0.068452835
v 0.5983639 0.047714233 0.42450714
v 0.27204704 -0.62499046 0.7411938
v 0.26125717 -0.80461884 0.663147
v -0.7713232 0.06868935 0.67182636
v -0.786891 0.692852 -0.3113861
v -0.4469068 0.54141825 0.18469071
v -0.013338566 0.7207346 -0.22232151
v 0.93752766 -0.54654384 0.04956007
v -0.7807282 0.6011362 -0.17398262
v 0.035517693 0.95137763 -0.28912878
v -0.7571449 0.3457787 -0.060045242
v 0.6366081 -0.37365723 -0.22557068
v 0.63651085 -0.39714003 0.5619545
v -0.241654 -0.457532 -0.227076
v 0.9158516 -0.6170788 0.37776947
v -0.35736847 -0.86530113 0.5764165
v 0.016015947 0.17929554 -0.052619934
v -0.493811 -0.719227 0.135048
v -0.03456533 -0.91395366 0.4824133
v -0.776259 0.551328 0.00258812
v 0.8964691 -0.68084383 0.39058495
v -0.8293114 -0.17634487 0.44621658
v 0.6771507 -0.10369015 -0.11445236
v 0.07077122 0.73332024 -0.26852226
v -0.24505138 -0.65382385 0.53133583
v 0.38923645 -0.960564 0.5691185
v 0.40833282 -0.9671985 0.5286026
v 0.3500843 -0.5116625 -0.38978767
v -0.7393818 0.095788956 0.6964836
v 0.8331127 -0.63562584 -0.034941196
v 0.25522804 -0.97408426 -0.20021057
v -0.620732 0.603122 -0.666029
v -0.63121533 0.21918571 -0.0941191
v -0.594216 -0.88657 0.352165
v -0.91968536 -0.14322281 0.30268097
v -0.0037202835 -0.6546955 0.6785965
v -0.07240391 0.67959785 -0.18153763
v -0.17739582 -0.68267345 0.49414778
v -0.5749 0.483308 0.496826
v -0.1973505 0.15164995 -0.07144022
v -0.15329361 -0.29941964 0.6048503
v 0.88017607 -0.47311735 0.24548721
v 0.035395525 -0.8110734 0.6443528
v 0.34071183 -0.96540725 -0.0786109
v -0.615909 -0.941784 0.541683
v -0.7713165 0.18746567 0.6965151
v -0.550416 -0.96518 -0.108982086
v -0.958761 0.0894412 0.359553
v -0.514406 -0.883611 0.614149
v -0.075431824 0.12647724 -0.12149811
v -0.74910545 0.20263165 0.70024073
v -0.6108551 -0.11895752 0.55933
v 0.4605484 -0.9620898 0.46063232
v -0.748686 0.621568 -0.0819006
v -0.5422878 -0.6284828 -0.018663406
v -0.7484236 0.2778015 0.69101524
v -0.89158833 -0.34905052 0.10418987
v -0.31461596 0.21585894 0.24941635
v -0.027862787 -0.18654513 0.66926813
v 0.928682 -0.48648858 0.26598477
v -0.27060938 -0.90170825 -0.3478682
v -0.3700981 -0.72333384 -0.11601925
v -0.7663269 0.39971924 0.6270523
v -0.37124252 -0.9552094 -0.25247765
v 0.3425269 0.12488556 -0.16386223
v -0.267228 -0.26018286 0.578286
v -0.6540413 0.8827896 -0.74129105
v -0.93244326 0.3220768 0.37956333
v -0.80783796 -0.50336695 0.23832512
v 0.7748985 -0.3091612 -0.039871216
v -0.08541107 -0.06587982 0.5666847
v -0.4901216 0.44588745 0.40124035
v -0.274292 -0.97288513 0.3515358
v -0.3888855 0.6731415 -0.074279785
v -0.5099571 -0.67903316 0.17606449
v -0.66141284 0.4791236 -0.35305786
v 0.52321434 -0.87564087 0.52552986
v 0.07839528 0.051597595 -0.20411968
v 0.735096 -0.8660698 0.36725616
v 0.21102905 -0.855562 -0.3047533
v -0.153778 -0.77006 -0.275439
v 0.7871294 -0.25208268 0.006778717
v -0.7445965 0.8085098 -0.46311188
v -0.6067163 0.5588639 -0.07294941
v 0.600512 -0.717213 -0.192571
v 0.12513301 0.2540487 0.31054115
v -0.37111187 -0.43207884 0.56422585
v -0.417751 0.427715 0.129364
v -0.46762443 -0.78257084 0.48117733
v -0.9134674 -0.27102184 0.072257996
v -0.29720688 -0.82689476 -0.2530136
v 0.085850954 -0.37973475 0.7657297
v 0.6761017 -0.5123234 0.50393677
v 0.06371021 -0.31549883 -0.4764161
v 0.90042305 -0.7578802 0.023292542
v -0.878578 0.0862308 0.638101
v -0.14047068 -0.48840427 0.54865885
v -0.28446198 0.7775459 0.034030914
v -0.7312112 0.52464104 -0.41571236
v -0.3707645 0.26294947 0.08926821
v -0.67483526 -0.8712135 0.118481986
v -0.446539 -0.706619 0.238287
v 0.4581833 -0.44441223 0.6888771
v -0.603901 0.421865 -0.0891526
v 0.022989258 0.9034666 -0.25079447
v -0.3590846 -0.8402871 -0.12762785
v 0.31846 0.19342041 0.43461037
v 0.7665634 -0.48696136 -0.034599304
v -0.132299 -0.929966 0.283644
v -0.13240337 0.58204174 -0.030059338
v -0.58125734 0.30334282 0.51114655
v -0.59866 0.808811 -0.770823
v -0.621095 -0.96699 0.485094
v -0.1492219 -0.33409384 -0.43395472
v -0.625511 0.617346 -0.689569
v 0.6083441 -0.9024048 0.36990356
v 0.072096825 0.24801981 0.09129906
v -0.9012728 0.16344202 -0.00025749207
v -0.8386514 -0.444849 0.25328255
v 0.40481567 -0.34848022 0.69595337
v -0.69986725 0.8569546 -0.6893921
v -0.78193 0.848815 -0.616847
v -0.200881 0.854887 -0.0327378
v 0.76931214 -0.6153445 -0.015273809
v 0.59967804 -0.91580963 -0.0058937073
v -0.22975254 0.2202164 0.19610977
v -0.15301085 -0.79024243 -0.28996754
v -0.5906353 -0.62437487 -0.0072774887
v -0.35194445 0.61030626 0.0992049
v 0.528348 -0.741558 -0.26894
v 0.8201637 -0.8412533 0.32933044
v -0.20455617 -0.8423238 -0.34233928
v -0.19049835 0.6552601 -0.16160774
v -0.9073553 0.4022789 0.5217476
v 0.40787995 0.002506256 0.53006935
v 0.32241344 -0.70337343 -0.37262464
v -0.207556 -0.310409 -0.308969
v -0.42991066 0.06967926 0.4504547
v -0.952392 0.409304 0.214851
v -0.4704293 -0.9112246 -0.12213218
v -0.039887 -0.139064 0.590275
v 0.038041115 0.75852394 -0.19140434
v 0.56005096 -0.26442695 0.60672
v -0.22877216 -0.40454006 -0.27764702
v -0.97262 0.14579177 0.5617771
v -0.69788647 0.7980385 -0.64624023
v 0.544477 0.02649784 -0.12861061
v -0.386618 -0.904089 -0.147341
v 0.23553276 -0.6432152 -0.40651512
v -0.6075096 -0.30280685 0.59481335
v -0.8851304 -0.38653493 0.11697769
v -0.68043995 -0.18108082 0.55854464
v -0.129385 -0.5724263 -0.3834133
v 0.41799164 -0.7588558 -0.3218441
v -0.61406 -0.959463 0.230166
v -0.8031616 -0.30350113 0.4789505
v -0.606372 0.3030734 0.5351002
v -0.44085 0.391417 0.0392129
v -0.6983566 0.62332153 -0.530426
v -0.85813904 -0.27383804 0.4043579
v 0.154184 -0.087629 0.583609
v -0.5425205 -0.9005046 0.6070404
v 0.012130737 0.7423134 -0.24935341
v -0.43442166 0.5513983 0.16889274
v -0.29573965 -0.73103666 0.52609324
v -0.9346688 0.31942153 0.42009544
v 0.20026684 -0.5873041 -0.4230162
v 0.823337 -0.674693 -0.0507057
v -0.20147038 -0.9604013 0.49567413
v -0.14862595 -0.6291008 0.49853897
v 0.07817268 -0.9560909 -0.20442104
v -0.73145723 0.6274185 -0.067214966
v -0.173773 -0.446025 0.543711
v -0.3689766 0.56192935 0.12751365
v 0.4065522 0.23066401 0.029752731
v -0.487679 -0.871969 0.611764
v -0.5184593 0.03249359 -0.18806267
v 0.035942078 -0.43533707 0.7469959
v 0.2523365 -0.9461174 -0.29080725
v 0.14139557 0.23145199 -0.02345848
v 0.350409 -0.147434 -0.275047
v -0.017152786 -0.9443569 -0.21260262
v -0.679981 0.913921 -0.695425
v -0.4322548 0.39089584 0.25111198
v -0.16995478 -0.9688321 0.5699129
v 0.296896 -0.965231 0.585582
v -0.2872584 -0.7732018 -0.12571865
v -0.5780835 -0.034786224 -0.19257545
v -0.263385 -0.752157 -0.117865
v -0.6222801 -0.3038001 -0.22273684
v -0.66716766 0.78712463 -0.6858368
v -0.11451304 0.20172644 0.102415085
v -0.56155014 -0.0016822815 0.50217056
v 0.87691903 -0.60857105 -0.014467001
v 0.32175064 -0.41978073 0.7378273
v -0.9409263 0.38203716 0.32244873
v -0.74645865 0.51024497 -0.27451515
v -0.07617664 -0.38516903 0.72883606
v -0.6973038 -0.28612518 -0.19107437
v -0.6244993 0.5696478 -0.5589256
v -0.22319 -0.962229 0.454181
v -0.4242096 0.12323896 0.43383005
v -0.193845 -0.291236 0.577466
v -0.29832268 -0.9607364 0.15507317
v 0.11550045 -0.9243548 -0.17475414
v -0.74163437 0.1312828 0.7046592
v -0.22254372 -0.1782136 0.58692884
v -0.14078045 0.18527555 0.2619648
v 0.0451504 -0.927159 0.673375
v 0.25142825 -0.9108199 -0.099184036
v -0.7354417 0.21881676 0.6981442
v -0.887671 0.190516 0.644299
v 0.52832794 -0.6024132 0.6019306
v -0.7792034 0.11663911 -0.06518841
v -0.35889244 -0.9751253 0.3494873
v -0.36972046 -0.93296003 0.5972347
v -0.78463745 -0.4486289 -0.059829712
v -0.6674824 -0.93207705 0.16912794
v -0.715621 -0.95528305 0.10007501
v -0.2815628 0.573143 -0.09800339
v 0.5372391 -0.50656414 -0.30057144
v 0.44783744 0.229361 0.23883915
v 0.3611946 -0.1104908 0.6292324
v -0.65075684 -0.13829231 0.5528765
v 0.972959 -0.512484 0.152283
v -0.2737162 -0.402977 0.57029295
v -0.42745805 -0.7562249 0.47040486
v -0.7185403 0.8094082 -0.4609909
v 0.061986446 0.72336674 -0.17636108
v -0.5952337 0.5621393 0.045207977
v -0.428799 0.250376 -0.013179
v 0.6385944 0.08764601 0.11518288
v -0.2121849 -0.3421588 -0.31526756
v -0.0132947 -0.911023 0.504464
v -0.0024182796 0.9868032 -0.24474144
v 0.062514395 0.93368125 -0.31888115
v -0.5527277 -0.5143509 -0.17004299
v 0.29582596 -0.9520159 0.48724747
v -0.65846586 0.5869689 0.35406113
v -0.635662 0.576111 -0.632132
v -0.219731 -0.412339 -0.313522
v 0.11050385 -0.13135266 0.6430521
v 0.4715128 -0.9670129 0.3134613
v 0.6310406 -0.28183585 0.5670657
v -0.06534481 0.8506727 -0.25603962
v -0.17741394 0.6259842 -0.14429855
v -0.43372464 0.42955494 0.20223522
v -0.69511974 0.5088359 -0.50872254
v 0.74080014 -0.062289238 0.07809448
v 0.39725494 -0.39664817 -0.37298203
v -0.17519093 0.643878 0.017421722
v 0.822277 -0.468469 0.138729
v -0.4076904 -0.23284984 -0.25799733
v -0.2955656 -0.96471715 0.27287865
v -0.094646 -0.33384 0.71575
v 0.0833609 0.712264 -0.213078
v 0.23343039 -0.9661262 0.25144958
v -0.57751447 0.5398812 0.02042985
v 0.14154184 -0.8170738 -0.3602271
v 0.69397736 -0.6689601 0.44367027
v 0.79655075 -0.45767498 0.04203987
v -0.31570053 0.14253235 -0.1371727
v 0.07666111 -0.97689414 -0.2334814
v 0.27472305 0.06450653 0.5369625
v 0.11623669 0.12552261 -0.15544415
v -0.106296 -0.720139 0.534632
v 0.5493698 -0.76283836 0.51982117
v -0.4851799 -0.6043167 -0.08346176
v 0.67929745 -0.7131306 0.4372921
v -0.11127663 -0.87444925 -0.35458183
v 0.043340683 -0.9713106 -0.22451591
v -0.8823929 -0.30009365 0.005722046
v -0.8461671 -0.439471 0.16961288
v -0.39272213 0.31887278 0.17755651
v 0.0602542 -0.963302 0.646765
v -0.640801 0.588833 -0.655773
v 0.184875 -0.977738 -0.260484
v 0.536486 -0.834652 0.519337
v 0.8125254 -0.45637703 0.2421217
v -0.21302399 -0.80896974 0.5817518
v -0.733739 0.866713 -0.668145
v -0.71471214 0.24161911 0.68632126
v 0.0685572 -0.942616 0.665059
v 0.24100542 -0.9737535 0.2135868
v -0.59132934 0.5253258 -0.32754517
v -0.4161927 -0.81524277 0.54416084
v -0.8837433 -0.20829773 0.38206482
v -0.22681808 0.84623337 -0.03201294
v 0.6596978 0.05796337 0.25873184
v 0.075613916 0.7898774 -0.32352114
v -0.30505657 -0.09719467 0.5423384
v -0.25874817 0.0061101913 -0.22242546
v -0.31094694 -0.25100946 0.5672221
v 0.039016724 -0.9264612 0.53820705
v -0.15687 -0.466807 0.543716
v -0.07277298 -0.34598827 0.7349701
v -0.1359871 -0.21528864 -0.32384384
v -0.122432 -0.941364 -0.357568
v 0.03083539 -0.13159096 0.5957012
v 0.31873894 -0.42455602 -0.4158845
v 0.9261801 -0.79486907 0.18971628
v 0.57008743 -0.600338 0.5813465
v -0.32086182 0.7432709 -0.11263275
v -0.33930016 -0.22101784 0.5681114
v 0.08387852 -0.9695515 0.6148138
v -0.70644903 0.6387329 -0.07029724
v -0.506408 -0.699096 0.116219
v -0.83706677 -0.4649539 0.108131886
v -0.560689 -0.929504 0.600883
v 0.5888109 -0.85939026 0.4288292
v -0.710557 0.22963935 -0.093952894
v 0.11033821 0.20511627 -0.0710125
v -0.9311209 0.29488885 0.076034546
v -0.622499 0.883268 -0.755512
v -0.22429752 -0.46324396 -0.25911522
v 0.13105774 -0.6263027 0.7385261
v -0.086746216 0.89867973 -0.23193741
v 0.063748 0.695025 -0.165273
v -0.9296527 0.34848833 0.16898346
v 0.23991394 -0.4743805 -0.43175888
v 0.35674286 -0.06457138 -0.23778725
v -0.88523483 -0.34311104 0.29072952
v 0.19473696 -0.9618654 -0.28868675
v -0.59366417 -0.9239389 0.3303852
v -0.68099976 0.7365074 -0.6351929
v 0.701055 -0.32722 -0.17714
v -0.0656781 0.968118 -0.173005
v -0.759467 0.848316 -0.638339
v -0.51213837 -0.42884827 0.5735779
v 0.9136622 -0.54111266 0.04166317
v 0.6438503 -0.46083164 0.5390148
v -0.386734 -0.32922935 0.5933552
v -0.1374464 -0.3738613 -0.44864655
v -0.34632897 -0.6040802 -0.15520573
v -0.0894375 -0.955036 0.70229
v -0.6246095 0.37930942 -0.079114914
v -0.066856325 -0.16175741 -0.29643536
v -0.10609341 0.5970676 -0.026970863
v -0.90127945 -0.2574892 0.34803772
v -0.085776806 -0.966575 0.67057705
v -0.054260254 -0.9635825 0.6825142
v -0.576291 -0.938909 0.290195
v -0.045757294 0.88433266 -0.18068504
v -0.13135242 -0.6312177 -0.36124992
v -0.9280815 0.44418502 0.41149902
v -0.22415543 -0.51950264 0.550529
v 0.87350416 -0.834013 0.24726868
v 0.02561181 -0.14462605 -0.29499087
v -0.669142 0.0450958 0.647076
v 0.7945821 -0.30015564 0.2962265
v 0.309779 -0.94401 0.604009
v -0.55223465 -0.9517596 0.6041641
v 0.8375534 -0.86579055 0.16074419
v 0.32923 -0.959961 0.590506
v 0.347473 -0.966201 0.570931
v 0.08314419 -0.27743912 -0.45736027
v -0.11540985 0.9269142 -0.1697197
v 0.2905388 -0.93468094 -0.28690958
v -0.7458744 0.5382658 -0.2946415
v -0.9599943 0.08359194 0.55649376
v -0.94421387 0.32609367 0.19656372
v 0.5245731 0.17142296 0.3283348
v -0.5846753 0.6506424 -0.50366974
v -0.18485737 -0.55583954 0.52309036
v 0.5124855 -0.606452 -0.30385208
v -0.336907 -0.981574 -0.291445
v -0.532091 -0.790984 0.0280169
v -0.68716216 0.16568089 0.7043226
v -0.211297 0.836292 -0.0167073
v 0.05047798 0.24614623 0.25354004
v 0.321105 -0.034778595 -0.23955512
v -0.57483 0.828854 -0.763738
v 0.67922974 -0.42194748 -0.16259766
v 0.4710083 -0.5257721 0.65714645
v -0.853169 0.00468637 0.38284
v 0.28534317 -0.69544315 0.7039509
v 0.17783356 -0.9575151 0.6257715
v -0.575414 0.708171 -0.737087
v 0.8551941 -0.6923523 0.4106598
v -0.70547795 0.78038406 -0.37095642
v 0.3370819 -0.60321426 -0.38157272
v -0.63398814 -0.9356558 0.38879108
v 0.33496475 -0.37132692 0.7269907
v -0.80001944 0.74806887 -0.47070622
v -0.23264551 -0.96091497 -0.37573206
v -0.50543976 -0.046642303 0.5374813
v -0.449746 -0.751152 0.413589
v -0.91404533 0.33789062 0.5586395
v 0.739918 -0.125117 0.337096
v -0.786177 0.76234 -0.515212
v 0.207943 -0.973129 -0.271729
v -0.5734272 -0.2151413 0.5976219
v -0.58020663 0.69181085 -0.7183833
v -0.72372437 0.49565506 0.5403824
v 0.018447876 0.93421173 -0.32530022
v 0.12358916 -0.07030392 -0.2755401
v -0.9388275 0.2569561 0.090789795
v -0.76773834 0.7288208 -0.31192017
v -0.771252 0.876219 -0.630266
v 0.4156723 -0.80802727 -0.29570007
v 0.14151764 -0.76047516 0.6870537
v -0.085059166 -0.45338774 -0.47235107
v -0.7369392 0.5839343 -0.2821684
v -0.102914095 -0.84084034 0.6946349
v -0.092536926 -0.5835228 -0.4158249
v -0.0968761 -0.811072 -0.329941
v 0.09570885 -0.32283783 0.75871944
v -0.250304 0.687171 0.000586707
v 0.25265503 -0.09388542 -0.26363993
v -0.4863739 -0.759856 0.15332985
v -0.5401654 -0.8881054 0.29296875
v -0.519485 0.0393653 0.482564
v 0.47080898 -0.6650982 0.64182377
v -0.7750212 0.5955963 -0.13061333
v 0.994225 -0.5780995 0.24124146
v -0.074409485 0.8757477 -0.24887466
v -0.5922165 0.076086044 0.55197716
v -0.9481189 0.25921953 0.5224428
v 0.63755035 -0.86907196 0.38645172
v 0.65288925 0.02829647 0.36539078
v -0.14173985 -0.01988411 0.52182007
v -0.08617306 -0.9585695 -0.2310276
v -0.597578 -0.943554 -0.084129
v -0.716438 0.413074 -0.0855225
v -0.3719902 -0.8194434 -0.113515615
v -0.51536894 -0.82127476 -0.04248333
v -0.633955 0.4794979 0.5291252
v 0.48631668 -0.74020004 -0.3097496
v 0.04016 0.952884 -0.326712
v -0.9017525 0.004705906 0.26613617
v 0.27025414 -0.7658005 0.69334984
v 0.7642 -0.579061 0.375779
v -0.26440707 -0.85288143 0.5610724
v -0.9204974 0.5390534 0.21454716
v -0.5603956 -0.80446523 0.05898285
v 0.49065018 -0.81666946 -0.23991966
v 0.840923 -0.472063 0.207185
v -0.37162519 -0.96531093 0.2115717
v -0.08694267 -0.50380707 -0.45946503
v -0.96258354 0.4057798 0.25607014
v 0.13759995 -0.8182869 0.6345289
v 0.6046066 -0.30788898 -0.24077606
v -0.638305 -0.945693 0.484276
v -0.5449524 -0.41181183 0.57281876
v -0.097522736 -0.72187805 -0.3464775
v 0.50313663 -0.5086603 0.643404
v 0.55327606 0.1162529 0.3868866
v 0.7381954 -0.91074514 0.08362198
v -0.6538391 -0.05999756 -0.16049957
v -0.194376 -0.976432 0.256719
v 0.484901 -0.146221 -0.262829
v -0.90831375 0.4712448 0.42982483
v -0.829196 0.29660416 -0.025424957
v 0.3381691 -0.60061026 0.72061634
v -0.02350998 0.86611557 -0.2875023
v 0.00044441223 -0.20116138 0.7066288
v 0.70243454 -0.062690735 0.37475395
v -0.36435413 0.13516998 -0.14695168
v 0.21210486 -0.9640948 0.18908906
v 0.3466072 0.1342926 0.4802246
v 0.06678772 -0.9325113 -0.19212723
v -0.158447 -0.923206 0.703957
v -0.7442188 0.58051085 0.028554916
v 0.01245141 -0.33324504 0.7536169
v -0.08304596 -0.10060978 -0.2856989
v 0.6486702 -0.62707186 0.52482796
v -0.09936476 -0.3045106 -0.45718002
v -0.545103 -0.818551 0.54087
v -0.5645046 -0.1676035 -0.22091675
v 0.13298035 -0.7990341 0.6510582
v -0.1513362 -0.2204094 -0.311332
v 0.6334076 -0.29675293 -0.2258606
v -0.129448 -0.173429 0.584218
v -0.11113453 -0.65006256 -0.37462425
v -0.6857014 -0.1290083 -0.16942215
v -0.83187103 0.4626541 0.023555756
v -0.068912506 -0.65896606 -0.4008255
v -0.64968324 0.08109474 0.671097
v -0.167599 -0.957525 0.532343
v -0.749115 -0.4060278 0.47843933
v -0.4345417 -0.735095 -0.085969925
v -0.09099007 -0.779948 -0.3323927
v -0.05768311 -0.83620423 -0.341185
v -0.329061 0.614376 0.0829263
v 0.56524205 -0.79895306 -0.19374847
v 0.11151886 -0.91038096 0.4875388
v -0.21860266 -0.96105033 0.42072678
v 0.121816635 -0.04663396 0.5842111
v -0.33404827 -0.76701665 0.5253893
v 0.5802536 -0.6855917 -0.22603226
v -0.490878 0.575672 0.191426
v 0.7815957 -0.2088871 0.29924202
v 0.187839 0.019213 -0.237807
v -0.90771675 -0.16993332 0.06684494
v -0.33049822 0.5780442 0.10545802
v -0.23979855 -0.31598774 0.5747864
v -0.39040947 -0.5693512 -0.16117859
v -0.59666 0.711292 -0.752965
v -0.0693382 -0.24252558 -0.43584323
v -0.059688807 0.807863 -0.25387347
v 0.899024 -0.62042 -0.0101948
v 0.921545 -0.66573954 0.0039405823
v 0.11892319 -0.9229865 0.5110512
v 0.05360794 -0.31698227 0.75507927
v -0.482147 0.061854 0.469133
v -0.5532732 0.53391457 0.016925812
v -0.5643263 0.17052886 0.562037
v 0.766974 -0.54616 0.366919
v -0.176663 -0.976792 0.228759
v -0.7704474 0.5544703 -0.0863266
v -0.5165367 0.57238746 0.013347626
v 0.34176254 -0.5396943 -0.38138628
v 0.5938425 0.10456145 0.011152267
v -0.0789175 -0.35245943 -0.47440577
v -0.45757937 -0.30104557 0.60497165
v -0.04332924 -0.37448096 -0.48196542
v -0.2596836 0.58362865 0.06933737
v -0.42509 0.516319 0.171748
v -0.12736893 -0.03272438 -0.25470448
v 0.8213005 -0.7395619 0.42174911
v 0.0967556 0.862969 -0.33565
v -0.609698 0.672671 -0.733426
v -0.48440933 0.4752612 0.36716747
v -0.30672014 -0.967515 -0.09347725
v -0.29025745 -0.11432171 0.54640007
v -0.372612 -0.57079124 0.5240059
v -0.719253 0.385943 -0.0721112
v -0.891206 0.5539994 0.27600956
v -0.22258 -0.686881 -0.119914
v -0.223285 0.817208 0.000386298
v -0.9966457 0.16442227 0.32068634
v 0.80284977 -0.46213198 0.28518105
v -0.4535141 -0.57715034 -0.12062454
v 0.58066416 0.1413908 0.102871895
v -0.69788027 0.09155369 0.6980133
v -0.04586029 -0.88463056 -0.34853196
v 0.534881 -0.0769209 0.534085
v -0.49203873 0.53052783 -0.0078139305
v -0.706216 0.118558 0.705586
v -0.19652748 -0.9700304 0.5250702
v -0.04356289 0.7536936 -0.23543072
v -0.7181326 0.15091181 0.70844924
v 0.37094307 -0.58853173 -0.3728161
v -0.5899267 0.6651149 -0.69528866
v 0.25463486 -0.9589106 0.03138733
v -0.89003086 -0.19047022 0.028280258
v 0.9357891 -0.5716572 0.34925652
v -0.19889 -0.979894 0.156735
v -0.342657 0.2256 0.251423
v -0.477004 -0.785217 -0.0560596
v 0.24463272 -0.91342926 0.37169266
v -0.5977812 -0.85838175 0.51799965
v 0.39471626 -0.5517063 -0.37188482
v -0.48181295 -0.9494495 -0.12846601
v -0.08436012 -0.76833344 0.6047478
v -0.5055895 -0.1165781 0.56980515
v 0.040447712 0.006319046 -0.2320137
v -0.608588 0.89207 -0.736168
v 0.279401 -0.666029 0.714853
v -0.95158297 0.32243872 0.24772787
v 0.7879404 -0.17505908 0.0979414
v -0.04944396 -0.45473647 -0.48157147
v 0.63700485 -0.25428104 -0.21651268
v 0.3053 0.14762497 -0.14630604
v -0.8590574 0.103321075 0.64847374
v -0.87088776 0.40667725 0.5600281
v 0.71684647 -0.63710785 -0.06736755
v -0.790019 0.676435 -0.311213
v -0.17803335 -0.51646614 0.5300183
v 0.24492598 -0.7317486 0.7064185
v 0.69579124 -0.28638458 -0.17684174
v 0.19116879 0.1409874 0.496212
v -0.51877594 -0.2940569 -0.25455785
v 0.54512024 -0.6342125 -0.2840805
v 0.4913137 -0.95019245 -0.010884285
v -0.160285 -0.572944 0.512538
v -0.6055441 0.3902563 0.5207281
v -0.07309151 -0.48519325 0.6718197
v -0.271883 -0.94474 0.583617
v -0.2986195 -0.52027893 -0.19176102
v -0.610368 -0.956016 0.332317
v -0.73096466 0.3253708 0.66659546
v 0.9579201 -0.7052311 0.30402756
v -0.19492626 -0.13905334 0.58135414
v 0.34042263 -0.17187119 0.65799236
v 0.81342125 -0.71757746 0.43157005
v -0.52155244 0.57565475 0.30784798
v -0.0927029 -0.971762 -0.3333
v 0.4616332 -0.24722385 0.6372185
v 0.052078247 0.12394905 0.48934746
v -0.063099146 -0.509449 -0.46878576
v 0.294775 -0.372283 0.738323
v -0.052034378 -0.5918884 -0.44020462
v -0.4238162 0.43941045 0.16035748
v 0.13110161 -0.49367332 0.761961
v -0.451627 -0.697365 0.294848
v -0.576245 0.581424 0.0992245
v -0.29122162 -0.34033394 0.5784445
v -0.12610257 0.19811177 0.2168374
v -0.9225824 -0.093294024 0.20930469
v -0.758556 0.598 -0.0632097
v -0.056104332 -0.20620891 -0.40144986
v -0.462431 0.0414748 0.473078
v 0.20976257 -0.8912308 0.6210308
v -0.38825536 -0.36170006 0.5841465
v -0.009202957 -0.87017965 -0.33757448
v -0.26306343 -0.44813037 0.56075335
v -0.656891 -0.865622 0.022345
v -0.822628 -0.3301201 -0.07020569
v 0.54951096 -0.10468292 0.54862595
v -0.32893753 0.5494871 0.10431099
v -0.32732028 -0.857486 -0.2554369
v 0.012202 -0.693798 0.674941
v -0.6302052 0.27726078 -0.0908027
v -0.1729517 -0.4154085 -0.41376972
v -0.39516497 0.5824871 0.13980389
v -0.34835672 -0.3253107 -0.25504827
v -0.40355682 0.72133255 -0.03863144
v 0.490214 -0.91726 0.53672
v -0.025054932 0.77197266 -0.16949463
v -0.438102 -0.357537 0.590502
v -0.502074 0.0585457 0.47917
v -0.3746643 0.50152016 0.12360382
v 0.728095 -0.685912 -0.050387
v -0.75188065 -0.32175207 -0.16322708
v 0.294636 -0.12097478 -0.26049614
v -0.64823914 -0.29709482 0.5839319
v -0.154226 -0.690538 0.489324
v -0.4069283 0.25564075 0.38440323
v 0.6516552 -0.29620552 0.5500393
v -0.03299713 -0.552269 -0.46333122
v 0.4046383 -0.030672073 0.55355453
v -0.6198969 -0.6025162 -0.028863907
v 0.59202576 -0.7639122 -0.18423462
v 0.09316623 0.73407936 -0.25424242
v -0.033229828 -0.739563 -0.38088608
v -0.58677137 0.46181643 -0.07813406
v 0.68367386 -0.43704796 0.5085144
v -0.053328514 -0.8066045 -0.3424729
v -0.0016651154 -0.84546375 -0.33680916
v -0.223456 -0.909536 0.649352
v -0.9013653 0.4375763 0.13185692
v -0.441705 0.514525 0.196664
v 0.4064541 -0.7137222 0.648571
v -0.6397426 -0.91607004 0.19918251
v -0.574408 0.6285243 -0.39641762
v -0.92706174 0.34688044 0.36487007
v -0.011012077 0.7908635 -0.2688551
v -0.21105242 -0.40035534 0.552408
v -0.14364 -0.904246 0.709939
v -0.40189743 -0.9536977 0.6022186
v -0.5094471 -0.8419384 0.5895419
v 0.1223526 -0.5208359 0.74565506
v -0.97560537 0.10617137 0.45418835
v -0.587667 -0.966074 0.288903
v -0.592902 -0.946861 0.310432
v -0.0678936 -0.956628 -0.342571
v 0.5300598 -0.96964395 0.08590317
v -0.531302 -0.958877 0.605167
v -0.261589 0.113828 -0.138904
v 0.00717932 -0.33682394 -0.48429406
v -0.47459984 -0.124824524 0.56525517
v 0.1858387 -0.29431915 0.7514806
v -0.10687658 -0.25773048 -0.42800093
v -0.18919754 0.8822093 -0.07763672
v -0.17601013 -0.59581566 -0.26987076
v 0.45568562 -0.23994446 -0.30513573
v 0.6355057 -0.93579865 0.294796
v -0.6591015 0.04858303 -0.10981178
v -0.11639595 -0.9820106 -0.26587486
v -0.176263 0.857177 -0.038073
v -0.032356083 -0.22384834 -0.42972136
v -0.87061214 -0.028850555 0.06187439
v 0.271965 -0.73058 0.705742
v 0.9221344 -0.64453125 0.37264633
v -0.95799637 0.18085706 0.5779228
v -0.64746 0.54881 -0.591248
v -0.9260307 0.3414154 0.5298767
v -0.40371084 0.32608986 0.11437607
v -0.605115 0.400588 -0.0762778
v -0.7693487 0.5730183 -0.07256603
v -0.5848305 0.70768785 -0.5752897
v -0.05388546 -0.07473183 0.57215405
v 0.16630745 -0.5545492 0.7452028
v -0.47866708 -0.19285417 -0.26213998
v -0.020355225 -0.8020935 -0.35462952
v -0.14072728 -0.80449176 0.64986014
v 0.72115135 -0.15657043 0.4047699
v 0.7631073 -0.83712006 -0.013618469
v 0.53937626 -0.90566826 -0.034858704
v 0.38739443 0.18258858 0.4258461
v -0.6899805 0.2629547 0.6657171
v 0.231575 -0.964226 -0.280816
v -0.898916 0.407727 0.131288
v -0.411589 -0.621001 0.473769
v 0.5088005 0.13048744 0.41944313
v -0.24689047 -0.972042 0.4691645
v -0.671426 0.4497981 -0.24594498
v -0.17076159 -0.5334654 -0.3465519
v -0.21220446 -0.24640274 0.5896846
v 0.045839787 0.67499495 -0.17337704
v -0.19332504 -0.7224293 0.495965
v -0.82190704 0.36141253 -0.01695633
v -0.22187853 -0.5659485 -0.1882
v -0.23659897 -0.27001405 -0.29189897
v -0.37709773 -0.13216782 0.56494427
v -0.656764 0.141011 0.693042
v -0.648637 -0.96746 -0.0626315
v -0.23207045 -0.5825081 -0.16735363
v -0.668624 -0.968495 -0.0432409
v -0.312332 0.66375 0.0660896
v -0.713789 -0.0932312 0.5081425
v -0.701793 -0.0651029 0.503663
v -0.713861 -0.0348166 0.500729
v 0.072057724 -0.5475111 0.72297096
v 0.708724 -0.9214878 0.25093842
v 0.20643044 -0.62597656 -0.416152
v -0.227784 -0.978477 0.171713
v 0.8083078 -0.31054974 0.12540627
v 0.15288353 -0.9758868 -0.2749691
v -0.661949 0.38706 -0.0853318
v -0.24442959 0.16665173 0.3537588
v -0.8599205 -0.10648346 -0.016921997
v -0.021353245 -0.64354706 -0.43289375
v -0.7756958 -0.42747116 0.4332199
v 0.026649475 -0.79261017 -0.37158203
v 0.6024513 -0.2648201 -0.23761177
v -0.43096846 -0.79347175 0.24871093
v -0.497424 -0.972982 -0.124324
v 0.20802855 -0.091551304 0.5870448
v -0.18975735 -0.96922493 0.13403702
v -0.314529 0.575397 0.100745
v -0.41145444 0.31775522 0.06658745
v 0.64199257 -0.3993864 -0.21759224
v 0.230614 -0.977405 -0.255136
v -0.4560318 0.45132637 0.25517654
v 0.79683495 -0.88681126 0.19714737
v 0.55746853 -0.46091843 0.5989609
v -0.018935919 0.82866883 -0.28179646
v -0.8154106 -0.23799229 0.46009827
v 0.54228973 0.092479706 0.42332458
v 0.22022057 -0.9575939 0.5215063
v -0.75933456 0.040258408 -0.051467896
v 0.27186298 0.11589241 -0.17515373
v -0.93976593 0.39058733 0.37925148
v -0.275654 -0.960378 0.567022
v -0.6777806 0.51472425 -0.5262461
v -0.684071 -0.959796 -0.0183743
v -0.6518707 0.536396 0.4850502
v -0.7555236 -0.5134082 0.016242981
v 0.14071274 -0.3853321 0.7600634
v -0.207321 -0.665636 -0.13532
v 0.5691128 -0.77505684 -0.2176857
v -0.29474258 0.10095978 0.42339325
v 0.39116287 -0.09187317 0.6145115
v -0.92214215 -0.2972754 0.16332078
v -0.34215903 0.6395385 0.0913434
v -0.450317 0.4155 0.0240785
v -0.82349014 -0.28816986 -0.07674408
v -0.09462929 -0.8070214 0.67264915
v 0.63681793 -0.64439774 -0.18860626
v -0.72540665 -0.4453392 -0.11854553
v 0.7583256 -0.5572033 -0.019489288
v 0.015361786 -0.47242832 -0.47965908
v 0.231678 -0.762993 0.693785
v -0.81111145 -0.44330907 -0.027328491
v -0.64562184 0.016951919 0.5380502
v -0.782373 -0.474299 -0.036193
v 0.297934 -0.595184 0.736843
v 0.031159163 -0.5347328 -0.46846485
v 0.0063762665 -0.56682587 -0.46497583
v -0.54851055 -0.8151188 0.13800049
v 0.01813507 -0.61196136 -0.44996262
v -0.669598 0.536278 -0.57207
v 0.017802238 -0.6782379 -0.42715454
v -0.5320177 -0.17949581 -0.24461937
v -0.96313286 0.10364246 0.12321472
v -0.308722 0.598147 0.0900441
v -0.484585 -0.582485 -0.0988944
v 0.36452103 -0.16139603 0.6469064
v 0.20524979 -0.42363548 0.7706294
v 0.13328457 -0.18853283 0.72140694
v 0.18038702 -0.37334538 0.7598829
v -0.9791565 0.120536804 0.16312408
v -0.16531295 0.19596744 0.23183966
v -0.88288784 0.11931324 0.6466069
v -0.549213 0.0300101 0.485566
v -0.648101 0.576757 0.0757586
v -0.6191156 0.8083997 -0.60020065
v -0.229093 0.63843 0.0423608
v -0.4181924 0.45792294 0.0073976517
v -0.801477 -0.464359 -0.0124799
v -0.91809845 0.06798267 0.06996155
v -0.607717 0.45695877 -0.17923164
v -0.1271534 -0.81127024 -0.32058668
v -0.40827215 0.36485884 0.17208058
v 0.28646088 -0.5393071 0.7337451
v -0.90672493 0.3545549 0.090429306
v -0.119641066 -0.83781433 -0.34116912
v -0.116592 -0.181631 -0.30035
v -0.0410103 -0.965852 -0.330721
v -0.1595211 -0.9634394 0.23987055
v 0.76703644 -0.19129848 0.33646393
v 0.03404045 -0.41850805 -0.47486258
v -0.942606 0.06671119 0.10213661
v -0.5919951 0.53049564 -0.08699417
v -0.55155945 -0.98410875 -0.091132164
v -0.319235 -0.323253 0.568306
v -0.36423445 0.23917627 0.03182745
v -0.30619323 -0.8131604 0.5405233
v -0.68969345 0.5864334 -0.59085846
v -0.29219165 -0.80412006 -0.16583729
v -0.100348 0.922136 -0.109492
v -0.23425841 0.21267295 0.24290085
v -0.35369873 0.48010635 -0.010059357
v 0.643893 -0.817682 0.414053
v 0.421593 -0.295037 0.678494
v -0.047317505 0.91423035 -0.17146301
v -0.42641354 -0.8481717 -0.10707164
v 0.88435936 -0.67500687 -0.027851105
v 0.621821 -0.318504 0.566876
v -0.77129054 0.8285217 -0.522316
v 0.0597146 0.900317 -0.355364
v 0.9544668 -0.7568257 0.16423035
v 0.8020393 -0.2333672 0.1336999
v -0.27419376 -0.34683514 -0.26038694
v 0.93074226 -0.7768483 0.11294556
v 0.2685988 -0.7177086 -0.37043333
v -0.22039318 -0.97247225 0.28648472
v 0.018228054 -0.83346367 -0.34269714
v -0.09449601 -0.20746517 -0.3701274
v 0.023814678 -0.85853595 -0.32870662
v -0.25393343 -0.36216283 -0.263237
v -0.597405 0.43954 -0.104907
v 0.03629875 0.879714 -0.33856487
v -0.522555 -0.657632 0.0186402
v -0.5240127 0.3702016 -0.044694304
v 0.93924713 -0.6228752 0.029712677
v -0.22858715 -0.7804065 -0.15588951
v -0.86095047 0.24358273 -0.025547028
v -0.24244595 -0.21692708 0.58922005
v 0.37963986 -0.9740248 -0.10450435
v -0.53011894 -0.14377981 -0.23276424
v -0.335851 -0.947237 -0.319598
v 0.44963455 -0.7871766 0.57609177
v -0.407893 0.114183 0.415814
v -0.413419 -0.8775275 -0.12263012
v -0.31901324 0.20981503 -0.051912785
v 0.7913561 -0.40466976 0.006269455
v -0.552968 0.14747626 0.55106425
v -0.7273407 0.8417454 -0.6538849
v -0.5959091 0.6286335 -0.54930687
v -0.77651215 0.108882904 0.68619156
v 0.706433 -0.692529 0.423534
v 0.59796333 -0.20678616 -0.22274971
v 0.700229 -0.716335 0.424557
v 0.13654613 -0.3392625 0.75253147
v -0.88534737 0.24445724 0.65063095
v -0.43655968 0.09872055 -0.1652298
v 0.9848449 -0.5238179 0.1886518
v -0.204536 -0.917718 0.670285
v -0.779824 0.484941 -0.0374769
v 0.047729015 -0.6227436 -0.44820404
v -0.65879 0.404921 -0.099919
v -0.19499588 0.8702545 -0.051768303
v -0.07010174 -0.30898285 0.73023415
v 0.0074157715 -0.7466736 -0.39263153
v -0.04795456 0.040229797 0.5163727
v 0.026860237 0.95382476 -0.27040386
v 0.1599822 -0.0064246655 -0.26259637
v 0.42565536 -0.38446236 0.70420647
v -0.514583 -0.710631 0.0674391
v -0.17650533 -0.7282331 -0.18174934
v -0.149858 0.11352 0.403607
v -0.9969306 0.14022517 0.29689503
v 0.47187328 -0.9684342 0.010953903
v 0.16547537 0.26893488 0.15168858
v -0.5742413 0.08698106 0.5358329
v 0.30326414 -0.45944756 0.74644434
v -0.501585 0.49273443 0.40085983
v 0.829005 -0.480211 0.119876
v 0.2296257 -0.8668828 0.612463
v -0.5579033 -0.31029856 -0.23766518
v -0.510343 -0.984023 -0.103076
v -0.3519783 0.7597618 -0.072013855
v 0.0069804788 -0.14506507 0.6054344
v -0.92453194 0.4271469 0.44321442
v -0.92762375 0.52645624 0.1884098
v -0.49105358 0.3928156 -0.008394718
v -0.179334 -0.401187 0.552938
v -0.05498886 0.66206074 -0.049467087
v 0.10636711 -0.07243824 0.58130646
v 0.50035477 -0.022701263 -0.17702103
v -0.6847 -0.2978716 0.56137085
v 0.1360513 0.19205904 -0.096860886
v -0.3973179 0.50981426 0.1465168
v -0.08982849 0.6559906 -0.16255188
v 0.950634 -0.6049943 0.34306335
v -0.793445 0.826858 -0.573305
v -0.71845627 -0.25341225 0.54935646
v 0.06751442 -0.91578865 -0.3175764
v 0.8228202 -0.5782261 0.3844843
v -0.17551863 0.19717109 0.070281744
v 0.031149864 -0.36680698 -0.4845537
v -0.597723 0.455709 -0.14546
v 0.4154148 -0.054759502 -0.22051096
v -0.6375389 0.2672019 0.60800076
v 0.08305359 -0.54403114 -0.44810677
v 0.6778493 -0.069005966 -0.08846283
v -0.8359375 -0.16847801 -0.062461853
v -0.792703 0.707727 -0.354763
v 0.105069876 0.07993698 0.52861404
v 0.5456257 -0.46014595 -0.3001423
v -0.5704498 0.7347288 -0.7299948
v 0.46245003 -0.70453453 -0.33665037
v 0.731482 -0.7934723 0.43256545
v 0.77673435 -0.87908745 0.053625107
v -0.85232544 0.4631176 0.058998108
v 0.6048641 -0.077139854 -0.16541862
v -0.46240807 -0.64821815 0.3749218
v -0.5163665 -0.50056267 -0.1849823
v -0.343288 -0.943106 0.587873
v -0.46845984 -0.9263383 0.62430507
v 0.7169323 -0.027876377 0.25871658
v 0.090229034 -0.77545166 -0.38160324
v 0.35477066 -0.8558006 0.5950761
v 0.06927681 -0.85139084 -0.32599258
v -0.692081 -0.0130259 0.509051
v 0.062789 -0.959892 -0.307549
v -0.5207448 -0.7574608 0.034575462
v -0.7770939 0.8485279 -0.5633049
v 0.30127 -0.12813663 0.62698555
v -0.663435 0.627367 -0.67326546
v -0.761796 0.22505462 -0.08142161
v 0.332775 -0.138746 0.637683
v -0.4085307 0.26582026 0.019515038
v 0.06467438 -0.4773922 0.7409172
v -0.77824426 0.82449436 -0.59859467
v 0.080332756 -0.3960771 -0.468405
v -0.8087983 -0.50645304 0.15110207
v 0.4421692 -0.31145477 0.66903687
v 0.5107 0.19721615 0.14793587
v -0.8700905 0.28069305 0.6551132
v -0.593322 0.670722 -0.723833
v -0.520209 -0.676424 0.12795
v -0.42721796 0.30461633 0.37212276
v -0.92608 -0.19515836 0.3023424
v -0.38996696 -0.7742629 0.5114422
v 0.35325623 -0.28704333 -0.38228798
v -0.19469452 0.7523079 -0.05525589
v -0.77775574 -0.25601196 0.5056
v -0.27308464 0.5190573 0.03629875
v 0.22755814 -0.87916446 -0.29638243
v -0.73889065 -0.4988122 -0.05413246
v -0.39183557 0.2968297 0.10273361
v -0.33490467 0.17537689 -0.109558105
v 0.189866 -0.941902 0.158541
v -0.6822021 0.19857693 0.693233
v -0.684105 0.439967 -0.196322
v 0.9607382 -0.5513592 0.06980324
v -0.07046032 -0.10505104 0.5849047
v 0.37922668 -0.820096 -0.3049388
v 0.36301422 -0.83588314 0.59472656
v 0.07604599 -0.8804531 -0.31666613
v 0.06586796 0.816988 -0.33593798
v -0.6926079 -0.35274792 -0.19493484
v 0.2760582 -0.058727264 0.5628052
v 0.3449211 -0.028720856 0.5448532
v 0.324919 -0.974804 -0.179491
v -0.34716475 -0.98372924 -0.22356176
v 0.31015396 -0.021633148 0.5474491
v -0.23473263 0.09624672 -0.1464138
v 0.765208 -0.75301 0.438086
v -0.5290146 0.3423357 0.45333862
v 0.4145422 -0.23380852 0.6751156
v 0.22937012 0.02396202 0.5626607
v 0.20092583 0.030366898 0.56087303
v 0.32269287 -0.6243477 0.72042465
v -0.38185787 -0.4972334 0.55088234
v -0.17681122 -0.8970413 0.68530273
v 0.30897236 0.09395981 0.5102129
v 0.18835449 0.12856674 -0.14596939
v 0.39586258 -0.41214943 0.7176237
v -0.25394535 -0.9738179 0.3950634
v 0.7275009 -0.30026245 -0.13871765
v 0.8447933 -0.72125864 -0.042674065
v 0.89645576 -0.71598434 -0.008403778
v 0.000308761 0.638996 -0.110937
v -0.37976885 -0.3989601 -0.22947502
v 0.562275 -0.816012 0.500523
v 0.220865 -0.940722 0.0611038
v -0.29424906 -0.38057762 0.5719974
v -0.468136 0.462463 0.00153287
v 0.7677108 -0.116965026 0.16028309
v -0.113342285 0.8659134 -0.10461426
v -0.18144321 -0.43927455 -0.39880276
v -0.584143 0.779018 -0.771401
v 0.0068588257 -0.96251583 -0.22040653
v -0.7112198 0.39819336 0.6218338
v 0.32304388 0.2740805 0.17193508
v 0.20091009 0.07266998 0.5429611
v -0.61037064 0.13356054 0.64474297
v -0.558769 0.573157 0.0490217
v -0.605373 0.637254 -0.696287
v 0.10085487 -0.5668154 -0.43966055
v 0.39440727 -0.2663455 -0.36311436
v 0.5218773 -0.09148216 0.56095123
v 0.50083923 -0.2588539 -0.29037285
v -0.681787 0.48886 -0.412349
v -0.919738 0.482691 0.142941
v -0.02713871 0.10665703 -0.14199066
v -0.84529495 0.22286546 -0.04115677
v -0.0165017 -0.965915 -0.317931
v 0.08759308 -0.66181374 -0.420094
v -0.265374 -0.983558 -0.33967
v 0.087623596 -0.7279997 -0.4095297
v -0.21607494 -0.7737467 0.51853514
v -0.3332901 0.5022507 0.08678055
v -0.67474365 0.6072464 -0.6407318
v 0.0028867722 0.20154047 -0.006005287
v 0.16174388 -0.60433674 0.74111676
v 0.2922485 0.21461058 -0.06018448
v -0.31807828 0.24214755 0.15034926
v -0.906517 0.3298042 0.065021515
v 0.3659792 -0.96878487 0.47417927
v -0.367425 -0.371543 0.570959
v 0.34164047 -0.2536199 -0.37939453
v -0.6050066 -0.9861229 0.018642426
v -0.24941063 -0.5375557 -0.18463135
v -0.41836548 -0.9778271 0.37538147
v -0.850085 -0.257727 -0.0594326
v 0.71367645 -0.43307972 -0.11852646
v 0.0155620575 -0.61300254 0.7021637
v 0.5095997 0.18311065 0.053539276
v -0.19261551 -0.5289812 -0.2887268
v -0.9216442 -0.10539627 0.2602291
v 0.8557205 -0.8203373 0.041404724
v 0.09798241 -0.9532542 -0.3038354
v -0.20469004 -0.8546603 0.644461
v 0.4623108 0.08526945 -0.14365292
v -0.0238696 -0.935315 0.697651
v -0.40777206 -0.9309151 0.6070471
v -0.3520589 0.6704006 0.094624996
v 0.19159317 -0.066525936 -0.26834178
v -0.701322 0.398848 -0.0828491
v -0.6139469 -0.5633812 -0.072654724
v -0.28359604 0.60291886 0.0828588
v 0.118357 -0.949094 0.647944
v -0.90353966 -0.22308731 0.0700531
v 0.4196396 -0.85559845 -0.2832775
v -0.43489307 0.24681395 0.43347347
v 0.5785713 -0.74423194 -0.22705269
v 0.5066109 0.15944481 0.3800583
v -0.66144705 0.79665565 -0.4914255
v -0.17467213 -0.9735049 0.19050884
v -0.40016 0.241357 0.000803681
v -0.72006226 -0.45763588 0.47312164
v 0.077252924 -0.04768133 -0.27090347
v 0.1840229 -0.44010305 -0.4453478
v 0.40719604 -0.76784515 0.61598206
v 0.443538 0.172339 0.39668
v 0.739909 -0.649903 0.409727
v 0.09736633 -0.6065264 -0.43856812
v 0.6121341 -0.7803316 -0.08816624
v -0.6079197 0.62297773 -0.6696367
v -0.2120657 -0.8841001 0.6583972
v -0.89280796 -0.04922867 0.26755524
v -0.5083208 0.17058226 0.52944756
v -0.470543 -0.845204 0.25434
v 0.13723183 -0.68834686 -0.40711975
v -0.13273239 0.13158226 0.38251495
v -0.18297672 -0.85822487 0.6652937
v -0.34064102 0.4785633 0.006500244
v 0.15421295 -0.7276573 -0.39514923
v -0.237471 -0.750451 -0.114165
v -0.3913145 -0.1016655 0.5542984
v -0.21744418 -0.44192576 -0.3121109
v 0.76535225 -0.60514355 0.38720894
v -0.19207859 -0.3265155 -0.35370255
v -0.265653 0.20355225 0.28757095
v -0.8611269 -0.35188222 0.3781891
v -0.719592 0.520629 -0.473279
v 0.23147583 -0.96907926 0.5812855
v -0.5698185 -0.20087624 -0.22326183
v 0.5606499 -0.30697155 0.6157265
v 0.2042799 0.27279115 0.23196697
v 0.7411823 -0.5905056 -0.04459381
v -0.187358 0.60974 0.0409512
v -0.633335 -0.905828 -0.0581007
v -0.3834939 -0.95218956 -0.20637512
v -0.2408247 0.67251873 0.001285553
v 0.25542235 0.25984693 0.3233862
v -0.714796 0.497442 -0.413395
v -0.40286255 0.62651825 -0.06901932
v -0.42271674 0.21189499 -0.053274155
v 0.71162033 -0.116989136 -0.07119751
v -0.35106182 0.55605495 0.11860466
v 0.85712147 -0.61790276 0.40578842
v 0.3645172 -0.34160042 -0.3785324
v -0.5754987 -0.3924389 0.57043266
v -0.6739254 0.6852083 -0.63890076
v 0.75588036 -0.27880096 -0.08683777
v 0.4839363 -0.6200843 -0.32257748
v -0.89454937 -0.00083720684 0.12975883
v 0.48728943 -0.3364296 -0.32156372
v -0.275205 -0.879618 0.565031
v 0.15793991 -0.5629399 -0.42935848
v -0.19979244 -0.822176 0.60609055
v -0.699281 -0.216598 0.556725
v -0.9077959 0.53455305 0.32680893
v -0.6969411 -0.8936295 0.10277281
v -0.8653946 0.50446033 0.08080292
v -0.551434 -0.906719 0.269897
v 0.5307789 -0.18152046 0.60774994
v 0.1570034 -0.88639784 -0.30890083
v -0.63310957 -0.9562268 -0.073467255
v 0.2818668 -0.85233593 -0.29973364
v -0.680526 0.397427 -0.0885339
v -0.5947524 0.14480674 -0.09384963
v -0.64667845 -0.03108716 0.50864613
v -0.51326275 -0.78067124 -0.005050659
v -0.58543015 0.024406433 -0.16457748
v -0.68423 -0.0410197 0.501244
v -0.666197 -0.018966 0.504087
v -0.3741436 -0.75321937 0.510396
v -0.6575725 0.5266099 -0.5430126
v 0.42799 -0.715957 0.636817
v 0.22235012 0.2363472 -0.0141124725
v 0.16066933 -0.33380914 -0.46369326
v 0.29141617 -0.57645386 -0.40042686
v 0.745234 -0.17757225 -0.04042816
v -0.14815474 0.8591759 -0.060442448
v -0.5853326 0.5236489 0.0011755228
v -0.23782492 -0.6570072 -0.1286869
v -0.23068953 -0.62609863 -0.14445496
v -0.9268379 0.20341396 0.059978485
v 0.73668766 -0.7379079 0.4345678
v -0.97381264 0.14958894 0.42055225
v 0.62013054 -0.7502661 -0.12123871
v -0.577352 0.753485 -0.765503
v 0.710341 -0.668908 -0.0576505
v -0.62497616 -0.9830339 -0.060333252
v 0.72930145 -0.36268234 0.45121002
v 0.7954006 -0.3283577 0.049842834
v -0.205409 -0.750283 0.50311
v -0.7517204 -0.47757626 -0.07059479
v 0.70832825 -0.86483383 0.383461
v -0.682405 0.129929 0.703226
v 0.58419037 -0.30782318 0.58709717
v -0.7053127 0.55284977 -0.5393524
v -0.3241222 -0.8130605 -0.14946842
v 0.7366104 -0.6073055 0.40522194
v -0.34824485 -0.9171673 -0.27682126
v 0.5496373 -0.850132 -0.07686043
v 0.6265073 -0.805398 -0.062978745
v -0.24921 -0.774439 -0.130737
v -0.7972622 0.37632847 -0.040527344
v -0.113812 -0.945062 0.71116
v 0.22245026 -0.91778755 -0.30025196
v 0.41075134 -0.6003189 -0.35936546
v 0.08620834 -0.6993084 0.69680405
v 0.27595448 -0.6826439 -0.37763643
v -0.4853735 -0.6024513 0.42295074
v 0.80771065 -0.8049917 -0.023983002
v -0.16923332 -0.23686028 0.5876794
v 0.33628082 -0.45018005 0.736948
v 0.9578835 -0.4932044 0.2209959
v -0.8770199 0.16156673 0.64920044
v -0.7166586 0.041957617 -0.08171368
v 0.5978737 -0.5133276 0.5548096
v 0.14824772 -0.42534304 -0.4601984
v -0.0933535 -0.983833 -0.305207
v 0.21551895 -0.51535225 0.7483282
v 0.05797267 -0.2068758 -0.42334938
v 0.26480657 0.075657845 -0.21589375
v -0.273225 -0.31504 0.582873
v 0.5067167 -0.70019174 -0.31395197
v 0.044670105 -0.2373743 0.7430155
v 0.699111 -0.67989254 -0.068642616
v 0.2291975 -0.7802572 -0.36886406
v -0.7453089 0.6234703 -0.33036804
v 0.060057163 -0.15129662 0.660429
v -0.6658957 -0.63146913 0.17364597
v 0.4843626 -0.033070564 0.5333724
v -0.44569576 -0.53102493 -0.15711117
v -0.4698794 -0.25798273 0.59523225
v 0.17841434 -0.2384119 -0.4302883
v -0.17091012 0.1680131 -0.0317297
v -0.15176582 0.60541743 0.017807007
v -0.358714 -0.973063 -0.276438
v -0.476256 0.428625 0.00644477
v -0.573994 0.729024 -0.755412
v 0.42566586 -0.23962212 -0.32047462
v -0.80257034 -0.3294506 -0.10359192
v -0.45497274 -0.8945117 0.6163466
v 0.0467889 0.687208 -0.139641
v 0.158211 -0.0878889 -0.278105
v 0.21783257 -0.8420081 0.61658096
v 0.3330555 -0.5538883 0.7240944
v -0.836476 0.496027 0.0454492
v 0.013706207 -0.9802187 -0.25052166
v -0.196792 -0.193204 0.592476
v -0.4027859 -0.79463005 0.52262735
v -0.46754408 -0.5457897 -0.14238548
v 0.07564354 -0.80138016 0.6410208
v -0.5671927 0.050741374 0.49438977
v -0.028575 0.984593 -0.209077
v -0.16670647 -0.75364625 -0.23389351
v 0.93701744 -0.7385044 0.065086365
v -0.15756607 -0.9364327 0.3278885
v -0.63962936 0.83059037 -0.74215317
v 0.109861 -0.110642 -0.287397
v -0.79663 0.750373 -0.430062
v 0.45119476 0.08269882 0.48261642
v 0.14435863 -0.6325569 -0.42929268
v 0.7752495 -0.36631584 -0.02513504
v 0.3227272 -0.97510314 0.010818481
v 0.21409607 -0.719017 -0.3790202
v 0.16383553 -0.7604065 -0.38135052
v -0.86691284 -0.17153168 0.401062
v -0.25623703 0.7415867 0.030248642
v -0.45030212 -0.70846844 0.20867729
v -0.321358 -0.965689 -0.33557
v -0.31462327 -0.52051926 0.55683637
v -0.3426447 -0.056897163 0.5436783
v -0.197649 0.8784828 -0.109311104
v -0.795052 0.809039 -0.529816
v -0.2878418 -0.6471586 -0.13115597
v -0.4849 0.587192 0.168509
v 0.50821114 -0.8714223 -0.10981178
v -0.6738193 0.41594934 -0.12020874
v -0.553809 0.591709 0.0914953
v -0.854693 0.0722051 0.637296
v -0.45753384 -0.7823279 0.32768345
v -0.516332 -0.914814 0.62184
v 0.013650894 -0.07270813 0.5728493
v 0.8672879 -0.5031967 0.31581974
v -0.7324858 0.6235523 -0.36886597
v -0.430775 0.416764 0.0461429
v -0.13994503 -0.96118605 -0.36144686
v -0.48616028 0.6510544 0.08325195
v 0.7687111 -0.16219616 0.28933716
v 0.9497256 -0.5061312 0.27520847
v -0.6461754 0.5801134 0.10443115
v -0.0034332275 0.6922264 -0.10827255
v -0.42881775 -0.04750824 0.5260086
v -0.165277 -0.71289146 -0.24744225
v -0.1520462 -0.9380355 0.12473488
v 0.17707253 -0.5041218 -0.43673134
v 0.21525574 -0.53087974 -0.41780758
v -0.6006839 0.37211823 -0.07303715
v 0.24472237 -0.20719719 0.7231016
v -0.38676834 -0.71528125 0.49750233
v -0.3402884 0.250199 0.14557345
v -0.54386574 0.43100464 -0.01609838
v 0.09894729 -0.11726761 0.60090494
v 0.29559898 -0.26387024 0.7308903
v 0.20515823 -0.68032074 -0.3963318
f 2581 1362 691 
f 1754 3293 1743 
f 2904 2973 288 
f 145 129 146 
f 905 1692 3517 
f 2852 2922 3148 
f 864 1617 3219 
f 1869 3189 1300 
f 1229 463 3131 
f 3311 26 3448 
f 2562 1488 463 
f 473 3557 2151 
f 144 1593 2388 
f 1447 272 1449 
f 3186 546 326 
f 2398 2877 2068 
f 1677 816 2482 
f 3400 2785 3199 
f 1315 2107 2038 
f 684 244 2807 
f 216 628 1363 
f 1506 3537 712 
f 2192 1303 1440 
f 826 101 3290 
f 2025 2335 1627 
f 2596 1708 3424 
f 726 782 780 
f 150 1999 1088 
f 1215 1643 2781 
f 2131 1815 3302 
f 384 3180 3547 
f 1215 2781 2150 
f 336 1844 2268 
f 2834 2480 2322 
f 2012 2455 38 
f 91 1250 2975 
f 2710 1653 3065 
f 3209 2463 1990 
f 1753 1539 289 
f 3062 1180 2895 
f 417 1969 1552 
f 1611 1707 522 
f 1714 2403 1225 
f 986 600 2714 
f 2798 2761 2952 
f 2071 1106 2797 
f 449 91 183 
f 2501 2795 1687 
f 3257 963 3133 
f 1348 671 2214 
f 2123 645 706 
f 1610 2176 1176 
f 1806 296 3350 
f 3500 161 2853 
f 1629 679 1030 
f 3409 3325 1804 
f 1147 1944 2835 
f 2928 68 2006 
f 3309 1821 17 
f 3034 107 2065 
f 3493 2446 2744 
f 3426 2172 1320 
f 2927 2939 3334 
f 398 1785 2742 
f 501 3509 1930 
f 1487 1647 428 
f 1165 1181 347 
f 1784 548 1147 
f 440 1952 1667 
f 3206 1849 1792 
f 2768 3203 123 
f 595 2139 11 
f 2059 437 2934 
f 806 3138 3247 
f 97 115 114 
f 3123 652 3344 
f 1332 2267 704 
f 2329 731 111 
f 1132 2845 1869 
f 1632 1963 366 
f 1291 1657 3105 
f 2389 2531 2570 
f 3386 3033 3574 
f 3245 3354 1310 
f 1808 9 3307 
f 421 3003 128 
f 524 838 2360 
f 1792 2965 3206 
f 957 2948 3071 
f 3528 2712 1338 
f 2152 389 815 
f 1808 901 658 
f 1600 1773 2010 
f 1000 607 1319 
f 963 3257 1705 
f 272 1379 3035 
f 3472 3391 2211 
f 2308 3311 3134 
f 1036 450 2419 
f 371 2997 2917 
f 2193 2576 2101 
f 1445 547 1643 
f 581 2421 2075 
f 3299 3187 1135 
f 1651 1027 2020 
f 99 2995 3049 
f 510 1496 2364 
f 85 3053 3032 
f 1335 2543 1200 
f 3555 1890 2474 
f 489 470 1285 
f 98 2259 1648 
f 1453 841 1588 
f 776 3125 3372 
f 715 743 931 
f 1077 3177 2957 
f 717 1114 2127 
f 3396 3038 1327 
f 867 180 772 
f 449 2234 91 
f 1682 1289 233 
f 2521 2487 1161 
f 2532 2332 3358 
f 301 1288 1548 
f 2673 634 661 
f 3021 336 2209 
f 2024 2520 2065 
f 3031 253 3349 
f 697 3511 2492 
f 309 3021 2030 
f 1534 867 265 
f 3550 2184 2058 
f 2440 2271 1884 
f 2055 3348 2689 
f 1123 3109 2240 
f 165 1311 1889 
f 404 1646 3370 
f 2414 2126 109 
f 397 387 2259 
f 129 145 172 
f 2414 904 1159 
f 3468 2748 1835 
f 1673 3202 500 
f 3226 399 1045 
f 3398 1964 1191 
f 2000 1965 2273 
f 1326 3001 1240 
f 2523 2841 3157 
f 102 195 523 
f 741 132 2982 
f 730 1908 886 
f 1508 3197 2568 
f 1669 1127 2852 
f 2298 2873 287 
f 677 407 223 
f 67 802 1908 
f 1192 2156 2001 
f 3084 3462 3270 
f 543 1697 2359 
f 3122 2400 1417 
f 3187 3299 1036 
f 723 251 572 
f 1965 1364 2273 
f 1356 2919 2454 
f 1200 2543 2289 
f 207 1731 777 
f 1627 2335 1637 
f 757 2715 2438 
f 77 995 2693 
f 58 1873 2473 
f 1437 45 2925 
f 610 1927 1026 
f 3562 2090 2978 
f 2470 2716 1913 
f 606 2715 757 
f 2291 328 376 
f 1009 477 559 
f 1126 3417 1093 
f 1282 1840 432 
f 1667 1682 440 
f 777 164 2746 
f 1801 787 1018 
f 1924 1330 2155 
f 245 2863 3214 
f 3563 3189 132 
f 143 1975 14 
f 2127 1384 2497 
f 1767 2701 625 
f 784 1538 1813 
f 3226 970 399 
f 1569 187 2895 
f 3197 821 2069 
f 1599 1694 1875 
f 3482 476 2511 
f 1424 2749 1483 
f 2109 1458 2113 
f 1190 2766 3145 
f 3510 3075 970 
f 1351 1535 2655 
f 1875 2336 1599 
f 3034 2065 619 
f 1461 1814 1455 
f 1053 921 165 
f 832 1143 2602 
f 1096 2673 55 
f 2106 872 2498 
f 2686 2915 382 
f 2399 3138 257 
f 131 1965 755 
f 673 465 2477 
f 1577 1437 2925 
f 1381 2377 457 
f 701 397 2608 
f 2036 658 959 
f 1922 1985 3268 
f 2840 322 230 
f 3134 137 152 
f 2741 286 2422 
f 1621 1186 1741 
f 2342 2099 1515 
f 1796 453 2584 
f 312 1902 290 
f 2032 16 151 
f 2644 3167 3254 
f 1466 2174 739 
f 972 3538 2391 
f 437 260 3319 
f 3132 86 1756 
f 702 3259 870 
f 1723 312 2791 
f 838 1192 2001 
f 3281 810 1487 
f 340 1525 2294 
f 688 910 3556 
f 3232 1287 2245 
f 1275 1419 3499 
f 2013 3371 2825 
f 2605 1629 217 
f 2044 2597 1556 
f 889 1224 499 
f 2311 1426 3199 
f 597 3486 2618 
f 2526 658 1699 
f 1522 3074 3507 
f 2878 3080 3087 
f 3210 1839 1987 
f 214 1885 3097 
f 3357 1644 1994 
f 609 1677 2482 
f 2600 1982 2573 
f 2159 1326 2209 
f 2413 1303 2192 
f 559 477 1720 
f 3546 12 3470 
f 1259 3494 860 
f 1792 2812 2965 
f 2417 1799 294 
f 1473 2136 3397 
f 2781 1842 1865 
f 449 193 2234 
f 2098 2975 1250 
f 328 929 1958 
f 756 1421 2894 
f 2650 3544 1672 
f 2330 2153 2233 
f 2521 1161 1788 
f 3432 3458 3024 
f 3390 3386 3574 
f 70 1988 2208 
f 172 145 35 
f 3548 1442 667 
f 2465 3033 589 
f 2395 2052 1012 
f 2703 811 912 
f 1813 3017 3512 
f 2680 2662 522 
f 1832 1589 950 
f 389 1810 855 
f 3008 2598 3274 
f 368 1381 457 
f 959 16 872 
f 97 114 129 
f 3177 3382 2957 
f 1982 2241 335 
f 2079 1249 2055 
f 3358 2967 2532 
f 1235 1795 2112 
f 3572 127 1359 
f 1137 1514 354 
f 1908 730 67 
f 1978 578 2797 
f 3386 3379 3531 
f 2245 1540 3232 
f 2183 514 1041 
f 3463 2395 1540 
f 1390 1051 1404 
f 3505 1922 637 
f 1427 2985 6 
f 74 184 1492 
f 2473 3223 1947 
f 1378 2610 2025 
f 550 484 2874 
f 1297 248 3235 
f 3549 1641 1499 
f 1593 1181 2202 
f 113 3161 1422 
f 218 3025 1260 
f 3006 2262 2891 
f 2786 365 2757 
f 819 459 861 
f 1945 1553 2974 
f 1092 3044 430 
f 3187 3257 2436 
f 1722 1843 2820 
f 1218 2034 152 
f 2617 396 267 
f 2324 1242 2646 
f 265 867 772 
f 898 1623 472 
f 604 1556 76 
f 2690 2762 2419 
f 1570 2073 164 
f 737 2405 805 
f 541 588 542 
f 2163 1933 3414 
f 2274 2415 2087 
f 2514 246 2166 
f 2031 3164 483 
f 2156 1790 1558 
f 2409 2647 315 
f 2766 1190 2825 
f 2660 2469 2721 
f 1797 44 1665 
f 1876 471 907 
f 1724 3330 3332 
f 2448 1104 3111 
f 154 2180 3186 
f 1251 2535 355 
f 3256 1022 1585 
f 971 2334 2623 
f 3330 3179 3379 
f 644 2041 1050 
f 2420 2996 1302 
f 796 899 818 
f 1988 70 3127 
f 2475 3335 3127 
f 5 619 102 
f 2490 2932 2480 
f 2840 230 129 
f 826 1165 347 
f 3070 1807 1942 
f 2699 1610 2511 
f 153 2032 151 
f 327 779 1189 
f 1389 3406 2195 
f 2918 2815 945 
f 2130 2746 2074 
f 1731 3352 3383 
f 101 771 58 
f 2124 2171 1464 
f 239 331 935 
f 1608 378 1437 
f 2047 318 1691 
f 713 3223 608 
f 1569 2895 690 
f 2001 2360 838 
f 841 1614 744 
f 2414 530 1506 
f 2043 1483 3333 
f 3145 1751 1000 
f 913 2043 3018 
f 791 3553 489 
f 3342 2403 1714 
f 661 634 325 
f 3088 23 640 
f 3058 2124 1464 
f 3167 2644 76 
f 18 2260 2035 
f 2019 2352 3349 
f 182 752 3497 
f 2243 332 1032 
f 1194 32 2357 
f 1469 1059 2315 
f 1970 1052 491 
f 2284 2208 2556 
f 2733 1497 1555 
f 1096 634 2673 
f 250 1196 2418 
f 1209 78 1646 
f 1770 1805 2281 
f 895 3205 1208 
f 3129 325 26 
f 1069 1303 2413 
f 2899 520 1680 
f 1007 1624 3496 
f 542 449 541 
f 860 2207 1259 
f 719 1205 2288 
f 1276 2566 1138 
f 2389 2570 3145 
f 1773 617 1170 
f 3466 3398 1243 
f 3207 1544 1168 
f 2979 1561 369 
f 2353 1350 2323 
f 921 962 1311 
f 3230 1675 1294 
f 1705 1308 2905 
f 1187 3209 1990 
f 2539 3251 3096 
f 3408 3402 2402 
f 508 2915 2686 
f 1487 2837 1647 
f 2856 2795 2501 
f 1875 539 2336 
f 243 276 1247 
f 3035 1758 2069 
f 1880 1007 1913 
f 910 1189 2701 
f 925 3184 2387 
f 2055 2689 280 
f 115 87 146 
f 2072 3294 492 
f 1149 2178 454 
f 1577 1608 1437 
f 1906 2898 1973 
f 2938 2821 1700 
f 3178 2039 998 
f 1895 2940 2140 
f 3067 3173 2723 
f 92 3329 1669 
f 1507 2839 1847 
f 2457 3277 1794 
f 2740 1063 2266 
f 1597 1037 2717 
f 982 631 2004 
f 1166 1204 1228 
f 1811 908 2480 
f 2086 2686 382 
f 1795 1931 2951 
f 2894 1598 1776 
f 2828 3446 2082 
f 2209 1326 3021 
f 87 47 1474 
f 2729 460 394 
f 1934 483 2356 
f 1845 3527 2383 
f 2193 1525 2782 
f 1592 942 2553 
f 333 538 377 
f 2720 3076 1023 
f 217 2736 2252 
f 1911 1680 2220 
f 2334 971 855 
f 525 491 1102 
f 2617 2669 675 
f 2171 2342 2671 
f 2920 2092 77 
f 30 500 3202 
f 2080 2205 1277 
f 1997 1097 2759 
f 2539 3248 3251 
f 2490 3212 3413 
f 1967 1101 187 
f 1361 2900 532 
f 2137 161 957 
f 1743 252 2804 
f 2655 1122 2136 
f 1397 1911 1974 
f 3492 2169 2812 
f 2382 3492 2812 
f 780 782 351 
f 2513 1407 1465 
f 1346 449 542 
f 1228 737 1166 
f 2478 1712 1448 
f 124 3272 2774 
f 884 111 731 
f 1154 933 298 
f 3054 1761 840 
f 346 713 1016 
f 2416 3271 103 
f 1277 1570 2080 
f 623 1596 2711 
f 1860 704 799 
f 2352 1915 3349 
f 295 2331 2296 
f 2075 2421 343 
f 2194 3154 236 
f 3150 1302 1354 
f 3080 3086 3087 
f 3174 3259 702 
f 1434 531 1694 
f 1559 1920 3061 
f 2563 2500 3112 
f 2848 1447 1571 
f 1498 993 1399 
f 2864 619 3047 
f 1618 3420 1777 
f 698 866 254 
f 3225 3412 2339 
f 3250 1874 2627 
f 279 429 153 
f 2083 1565 2773 
f 3276 1614 2194 
f 1214 1160 2518 
f 2332 210 1286 
f 3526 1637 732 
f 593 2897 2972 
f 1091 2121 66 
f 3480 2131 3353 
f 1789 2727 603 
f 469 2847 2219 
f 1890 240 1489 
f 97 129 230 
f 1474 2190 87 
f 2958 2012 568 
f 3168 2284 3381 
f 1519 562 876 
f 824 475 3226 
f 2520 107 1130 
f 615 1811 2480 
f 675 1715 3143 
f 1773 2677 617 
f 911 683 729 
f 1515 1495 2342 
f 3511 3358 1286 
f 2804 3046 1754 
f 587 3121 3093 
f 539 2779 2002 
f 1361 1695 1155 
f 2528 2018 1819 
f 2293 2434 849 
f 3260 2860 8 
f 730 2375 67 
f 2879 2788 3043 
f 872 16 2738 
f 2328 1274 3050 
f 1635 1350 2449 
f 1082 3389 1091 
f 717 414 1114 
f 2967 2315 148 
f 3393 2631 2460 
f 780 351 488 
f 1673 500 2457 
f 1322 1134 251 
f 2026 734 1318 
f 1892 68 503 
f 822 1480 2833 
f 794 240 1091 
f 2623 2334 972 
f 3371 179 3118 
f 1043 1180 1820 
f 1448 359 2868 
f 42 3437 1438 
f 194 2273 2269 
f 1231 2402 909 
f 542 2897 593 
f 1176 3113 3195 
f 2910 2016 2404 
f 3198 1100 2920 
f 2306 380 183 
f 411 1094 1479 
f 445 449 380 
f 2161 1104 2443 
f 1183 1564 2865 
f 1154 1312 1216 
f 3058 2819 778 
f 2250 3479 937 
f 3250 2769 2265 
f 3355 3003 3424 
f 554 3182 518 
f 1329 1612 2513 
f 2401 2806 1151 
f 3352 1731 2916 
f 718 1432 171 
f 1294 1111 364 
f 2705 3004 3119 
f 2399 257 2123 
f 113 3376 3161 
f 604 2715 606 
f 1713 3393 2557 
f 3494 1722 2820 
f 43 2803 3526 
f 1903 2797 578 
f 1710 641 402 
f 2903 1840 393 
f 3453 388 3232 
f 1902 1914 290 
f 1694 531 2779 
f 2538 1854 1157 
f 3015 2631 3393 
f 3015 2469 2660 
f 369 1254 1279 
f 97 47 115 
f 2815 1492 2783 
f 1529 3374 1838 
f 3558 3240 2252 
f 3458 1876 2057 
f 2456 1547 2870 
f 3569 3441 64 
f 2415 3409 2087 
f 459 2381 392 
f 1238 3363 3094 
f 1963 3488 2986 
f 3388 3296 2966 
f 3571 569 740 
f 1759 428 1647 
f 2214 2108 2710 
f 3070 1943 2167 
f 56 2756 2117 
f 2962 1601 2281 
f 2321 2714 984 
f 3227 197 2267 
f 3219 1617 1802 
f 117 3522 3194 
f 36 1932 439 
f 2825 1190 2013 
f 490 994 1863 
f 2428 2688 1459 
f 2945 3367 100 
f 1161 2347 1936 
f 1682 3196 1507 
f 463 3389 3131 
f 2201 1612 1244 
f 1524 2070 652 
f 1476 1935 953 
f 2824 1447 1835 
f 324 1696 3507 
f 2988 3490 996 
f 2787 1386 1554 
f 2472 3267 3056 
f 2821 2919 1356 
f 3065 1413 1324 
f 1587 2698 786 
f 1695 2841 1155 
f 2621 2035 2260 
f 1 131 755 
f 2450 2704 870 
f 3192 2089 631 
f 677 223 2463 
f 3377 1830 1993 
f 250 430 1196 
f 3537 109 1387 
f 237 2083 1803 
f 2568 2060 1508 
f 527 1825 3285 
f 176 952 3060 
f 3448 1377 2987 
f 1097 2257 588 
f 450 2690 2419 
f 3316 1976 753 
f 1833 245 3214 
f 2101 831 3378 
f 2503 284 981 
f 769 1164 2393 
f 3555 2144 1306 
f 3143 2617 675 
f 1999 1920 2661 
f 2134 1387 798 
f 2885 1069 1163 
f 3034 1190 107 
f 2207 664 3568 
f 198 320 1137 
f 408 1439 1550 
f 2276 2336 539 
f 126 1228 1262 
f 754 3416 650 
f 1588 744 3176 
f 1044 3098 764 
f 2125 3554 375 
f 2657 2651 2656 
f 610 2566 829 
f 3386 3390 3332 
f 1677 1344 2734 
f 584 2305 2889 
f 2682 575 429 
f 523 195 553 
f 1490 2679 2962 
f 366 429 3331 
f 779 368 2701 
f 2736 900 2317 
f 3255 3120 3220 
f 1166 737 1079 
f 1411 1162 1690 
f 1632 1709 2904 
f 29 3067 2408 
f 153 2986 2032 
f 658 441 145 
f 23 3088 1969 
f 373 1251 355 
f 3010 2012 2958 
f 2998 2085 1601 
f 2710 3065 1690 
f 2419 2762 1010 
f 3052 2165 1683 
f 1599 605 1434 
f 2238 766 3162 
f 2135 2290 2303 
f 3483 1283 1129 
f 740 1679 3571 
f 43 46 40 
f 1859 1866 1637 
f 539 2997 2276 
f 211 3376 2960 
f 2965 2542 2923 
f 839 3415 3265 
f 3517 1692 28 
f 1720 3412 559 
f 988 2558 1966 
f 3255 3220 1704 
f 817 3184 925 
f 1042 264 2146 
f 1422 949 113 
f 2197 3048 2927 
f 3025 3020 1260 
f 342 1527 1695 
f 120 1333 1613 
f 2247 586 1858 
f 2937 722 951 
f 818 2373 2467 
f 752 3554 3497 
f 1580 1108 425 
f 3532 2386 2248 
f 2782 926 258 
f 1785 3405 2215 
f 2779 531 1299 
f 27 1990 3235 
f 927 2432 680 
f 3553 633 470 
f 3304 1733 784 
f 2234 2315 1059 
f 1805 1770 1433 
f 984 197 3227 
f 2648 141 2921 
f 2390 956 3410 
f 739 1257 2048 
f 1762 1938 1742 
f 431 2031 3411 
f 2358 81 470 
f 2688 2014 1111 
f 825 1197 1222 
f 3543 806 34 
f 2681 3419 1019 
f 3114 617 2635 
f 3113 291 3085 
f 1003 2215 868 
f 2054 319 1786 
f 1223 1997 2868 
f 2283 93 2906 
f 2230 2599 2591 
f 2285 2343 2171 
f 3266 1485 1463 
f 2243 1032 1568 
f 2799 2722 2955 
f 3331 327 366 
f 2862 1651 2020 
f 556 2358 633 
f 3239 697 3551 
f 3224 3487 3375 
f 606 1556 604 
f 1048 1319 2803 
f 713 3008 1504 
f 327 368 779 
f 3136 939 2818 
f 151 1856 153 
f 2998 1657 1400 
f 2296 2154 353 
f 2271 3079 509 
f 1963 2986 153 
f 3319 239 935 
f 2997 2730 2826 
f 138 992 2310 
f 2548 205 2850 
f 2286 2072 2213 
f 2646 1102 1382 
f 1726 270 1291 
f 618 1371 2559 
f 618 1959 2369 
f 746 465 673 
f 393 1840 1282 
f 1898 1344 1677 
f 2693 1781 992 
f 918 871 311 
f 3341 755 2000 
f 1528 2233 1851 
f 3059 278 1202 
f 2843 1063 2740 
f 1263 1480 822 
f 412 1927 2616 
f 605 1599 2077 
f 821 1970 491 
f 704 2267 3497 
f 404 1726 3105 
f 1258 426 2423 
f 2118 1329 665 
f 2513 1612 1549 
f 1688 3384 1214 
f 3537 2134 1485 
f 1693 1862 1016 
f 3152 624 1154 
f 2826 567 2299 
f 703 1087 844 
f 1079 2703 1166 
f 574 1728 2456 
f 2075 343 1463 
f 239 2546 331 
f 3117 1669 3329 
f 1441 2538 3258 
f 1753 289 2037 
f 2116 3508 2814 
f 2407 845 2928 
f 3069 3368 2950 
f 2607 3541 692 
f 1264 926 173 
f 1164 1495 1515 
f 3020 3025 3345 
f 2541 3176 744 
f 3366 118 2164 
f 277 270 3370 
f 1318 1639 2555 
f 3033 3531 1972 
f 2976 1583 1983 
f 2532 148 3238 
f 2417 417 875 
f 2452 3144 3478 
f 1357 467 2028 
f 2449 585 1635 
f 1226 548 1362 
f 2366 3327 548 
f 2534 95 2417 
f 2580 3297 1740 
f 28 92 564 
f 2187 1132 1869 
f 100 139 2277 
f 1956 33 1670 
f 1303 2885 1440 
f 3271 2590 103 
f 1185 1406 381 
f 2368 1057 2540 
f 3525 1715 2411 
f 1890 3555 863 
f 706 1703 1551 
f 94 277 480 
f 484 2301 221 
f 394 2690 1281 
f 2148 776 3252 
f 946 2329 130 
f 1172 1347 3057 
f 3286 616 478 
f 322 271 230 
f 3127 1823 3466 
f 1052 1508 1701 
f 3482 3515 2213 
f 1708 2596 629 
f 3099 1271 369 
f 3477 1597 1812 
f 3367 2200 968 
f 625 2701 2377 
f 2151 1455 202 
f 588 2257 542 
f 2076 2663 2228 
f 31 424 174 
f 476 3482 2213 
f 1184 2794 1725 
f 649 422 3523 
f 3027 3073 1628 
f 2040 3429 1863 
f 339 2592 2348 
f 1995 1061 1597 
f 2506 3282 2515 
f 403 1142 991 
f 1273 1251 373 
f 1080 2434 2293 
f 1684 2744 1280 
f 504 1417 2400 
f 2880 1366 1316 
f 1151 2806 1055 
f 2923 3540 920 
f 1684 2716 2470 
f 21 3140 3143 
f 3165 3532 3460 
f 683 2086 382 
f 1571 489 125 
f 2366 88 1265 
f 1407 2299 1252 
f 589 2483 3566 
f 1365 1685 760 
f 1363 303 216 
f 2384 609 2482 
f 3263 1021 409 
f 2246 1741 2426 
f 3295 2842 1864 
f 3051 1780 1816 
f 1613 212 120 
f 1989 376 3072 
f 456 2985 2765 
f 851 926 2583 
f 1764 1372 377 
f 1328 1253 1290 
f 1497 3318 1725 
f 284 3155 3128 
f 903 458 632 
f 2580 3292 1642 
f 1323 353 2154 
f 1938 2561 1635 
f 956 2390 2619 
f 891 247 208 
f 1101 2095 3062 
f 2370 371 2917 
f 851 86 1595 
f 440 1376 438 
f 3456 2116 3313 
f 178 554 2772 
f 449 183 380 
f 2404 240 794 
f 2515 999 919 
f 2142 3518 175 
f 446 3023 1725 
f 427 1314 1836 
f 1757 2049 494 
f 1712 213 2784 
f 1209 1646 1545 
f 2376 1921 3559 
f 2229 242 1363 
f 1459 1294 1675 
f 2246 2121 1659 
f 77 1734 2920 
f 1776 1598 1423 
f 1392 1042 1976 
f 200 2378 1672 
f 2481 842 913 
f 1574 1584 1575 
f 2408 1033 2494 
f 478 3506 2682 
f 556 2053 2753 
f 839 3322 1930 
f 546 3186 2809 
f 1889 962 322 
f 152 1711 2643 
f 1237 2691 1570 
f 2137 733 3323 
f 2137 1471 733 
f 3545 908 1811 
f 3133 149 3257 
f 429 279 3286 
f 2592 1501 2348 
f 2283 317 426 
f 3167 76 2597 
f 3573 664 1279 
f 2071 2797 1903 
f 2999 3277 1396 
f 910 2701 1767 
f 793 818 133 
f 3063 3442 1175 
f 161 3500 957 
f 1093 2507 3527 
f 2825 3118 2766 
f 884 731 215 
f 1933 1533 2902 
f 1534 556 2376 
f 2531 2389 3300 
f 335 2241 1553 
f 1544 2046 1391 
f 2958 568 694 
f 488 3420 486 
f 2650 1672 367 
f 2193 851 1595 
f 1901 2073 2691 
f 3547 848 384 
f 1825 527 2003 
f 1246 484 221 
f 1155 2841 2523 
f 1312 3188 1216 
f 50 3419 2681 
f 472 1886 1503 
f 2250 937 3236 
f 22 839 3421 
f 2289 3264 1200 
f 1400 1657 1291 
f 703 1456 644 
f 2472 1070 1839 
f 1127 2973 2904 
f 121 1225 2403 
f 2823 1947 1443 
f 1091 66 794 
f 120 156 3295 
f 1983 3272 483 
f 3192 2891 2262 
f 1456 1912 2041 
f 976 1855 433 
f 832 566 2968 
f 1219 1117 1660 
f 1135 476 3299 
f 1801 2957 3382 
f 3387 2188 93 
f 734 2026 244 
f 1288 1674 983 
f 2054 734 1442 
f 2063 3363 1480 
f 584 424 2305 
f 2800 3073 2445 
f 205 2548 1005 
f 785 1989 3072 
f 1459 1675 3313 
f 1196 1594 2912 
f 1298 1346 458 
f 2634 2287 2545 
f 726 1039 3191 
f 301 3291 1288 
f 2445 2490 3413 
f 1178 2182 3541 
f 1025 2307 2377 
f 3074 1208 3507 
f 3524 1998 1300 
f 2016 2910 2563 
f 324 3205 3153 
f 176 3211 2316 
f 1709 3556 2614 
f 3341 4 755 
f 1517 3253 938 
f 818 899 133 
f 3243 2575 1631 
f 1906 1656 1735 
f 553 263 401 
f 2194 236 3276 
f 1691 1077 1043 
f 1487 810 1857 
f 605 2750 222 
f 1981 1775 1676 
f 223 407 3235 
f 2842 2253 256 
f 1925 1698 3038 
f 712 2685 2846 
f 535 735 1241 
f 316 3405 1785 
f 736 2901 3251 
f 1549 2201 2266 
f 1920 1999 1837 
f 231 97 230 
f 1883 359 2784 
f 1381 368 3331 
f 1934 2976 1983 
f 2077 3516 3428 
f 2377 1381 1025 
f 2444 1414 2949 
f 189 2071 792 
f 564 3245 1310 
f 2228 2663 267 
f 1344 1098 3454 
f 1364 2290 2135 
f 2845 3068 1869 
f 2657 1268 1435 
f 2778 1478 2966 
f 2618 1064 2097 
f 2043 1410 1483 
f 2198 3291 104 
f 436 1507 432 
f 917 150 1088 
f 678 915 3037 
f 1024 2946 3137 
f 2072 2286 2770 
f 2723 860 2820 
f 2659 2421 137 
f 20 2261 139 
f 76 2644 2715 
f 156 212 2253 
f 2864 3371 2013 
f 1233 2678 852 
f 2239 3295 1864 
f 2071 189 2866 
f 3140 1974 2220 
f 3011 1764 1134 
f 3125 1745 3372 
f 1999 2661 2768 
f 1055 52 3493 
f 81 973 1285 
f 2674 3269 118 
f 2762 3054 1010 
f 1586 2580 1642 
f 1161 2487 1662 
f 688 1709 1632 
f 228 3297 1586 
f 2725 1369 742 
f 3374 154 1607 
f 1211 757 3247 
f 1298 3346 193 
f 1153 2445 3073 
f 1200 3441 3569 
f 80 173 1064 
f 3523 2551 1177 
f 2729 2114 460 
f 882 705 1220 
f 1300 3189 3524 
f 2092 1644 119 
f 3515 3482 3195 
f 363 2965 920 
f 2067 1047 2042 
f 1674 1288 3291 
f 263 2520 2570 
f 2082 3566 2636 
f 2604 3181 2981 
f 1604 3328 2769 
f 3161 3376 759 
f 3006 1917 3470 
f 813 2546 239 
f 1258 1830 1150 
f 832 2968 2492 
f 2298 2581 2394 
f 1236 3028 3029 
f 403 1450 1950 
f 706 1551 2399 
f 3101 2915 720 
f 441 1053 35 
f 64 1897 1572 
f 1095 2901 736 
f 2247 3027 1954 
f 575 621 3160 
f 3079 2577 509 
f 2431 3381 2348 
f 2638 1122 1125 
f 429 478 2682 
f 2321 2325 162 
f 3525 2818 1663 
f 416 271 322 
f 915 1874 1144 
f 501 2199 3509 
f 3018 1916 1882 
f 947 2912 1594 
f 817 93 2188 
f 1414 2444 1393 
f 289 1860 799 
f 1998 3155 2211 
f 885 1490 2962 
f 1265 88 2356 
f 432 669 1282 
f 1898 1098 1344 
f 2350 1587 1606 
f 2750 2109 2172 
f 1138 3229 1017 
f 1256 3557 473 
f 2161 3111 1104 
f 3534 3574 2465 
f 2678 1530 3369 
f 3239 814 1059 
f 1466 2946 215 
f 632 458 2971 
f 682 2120 405 
f 614 3286 358 
f 3550 2058 528 
f 3467 2006 68 
f 134 3060 3491 
f 2492 2365 697 
f 2972 2897 2640 
f 1648 1295 1213 
f 448 2675 1465 
f 798 2724 2134 
f 651 2629 323 
f 2981 545 3542 
f 2309 1677 609 
f 3533 524 2360 
f 3008 3274 922 
f 2155 2912 947 
f 1467 119 1268 
f 745 2881 837 
f 1827 1011 944 
f 992 1734 2693 
f 65 1848 892 
f 112 723 811 
f 1139 2851 1212 
f 2207 1561 2979 
f 3044 395 580 
f 1481 13 599 
f 1835 2748 2824 
f 3310 2565 299 
f 340 2294 1835 
f 444 2759 2429 
f 2056 1157 672 
f 100 3367 1152 
f 1137 320 1514 
f 1916 1284 1634 
f 741 2982 1765 
f 965 1094 882 
f 2049 657 3495 
f 2518 281 139 
f 3214 2991 1929 
f 2838 3260 8 
f 3476 1636 1019 
f 1964 3398 2564 
f 2190 658 145 
f 2694 2129 2814 
f 2774 2578 1476 
f 1971 2028 2110 
f 438 2903 709 
f 195 263 553 
f 1298 458 401 
f 2018 10 2992 
f 3217 203 2852 
f 2697 1853 3446 
f 2514 2166 1421 
f 1460 1560 1585 
f 325 3129 661 
f 2628 83 2496 
f 1092 430 250 
f 1311 165 921 
f 575 3539 429 
f 2373 793 660 
f 893 3553 791 
f 578 419 367 
f 871 1993 3007 
f 231 271 279 
f 3406 1389 503 
f 2870 2363 574 
f 1446 2168 2203 
f 231 230 271 
f 478 429 3286 
f 2857 2816 2964 
f 3137 169 1261 
f 2451 3500 1341 
f 1025 1381 576 
f 2930 2008 2349 
f 1907 2481 2341 
f 2930 2349 997 
f 931 94 715 
f 1103 816 123 
f 362 1749 2039 
f 1202 1542 1123 
f 3446 3566 2082 
f 3147 1818 1245 
f 598 2692 1831 
f 2788 2 2758 
f 1756 2735 3132 
f 208 247 1008 
f 512 2430 2649 
f 1936 1788 1161 
f 2038 1065 1296 
f 2605 3240 299 
f 1002 1849 3206 
f 825 1222 985 
f 170 3485 1352 
f 2117 1493 56 
f 272 2666 1449 
f 1688 1214 2518 
f 1372 1764 2253 
f 1919 1895 2484 
f 71 2783 2830 
f 294 2534 2417 
f 3017 2634 3512 
f 2211 2187 1946 
f 2642 2887 3301 
f 2202 2388 1593 
f 3285 1941 527 
f 655 2519 1006 
f 3228 925 54 
f 3236 572 251 
f 2985 2504 1510 
f 3429 603 2727 
f 360 3429 795 
f 3238 1967 2532 
f 1254 725 1279 
f 42 1438 1664 
f 2742 1850 1939 
f 1979 1009 3447 
f 301 963 3291 
f 433 3175 2493 
f 2571 1004 1001 
f 1811 615 761 
f 883 807 2626 
f 2350 1789 2640 
f 784 1621 1538 
f 2172 3426 2844 
f 874 2340 2951 
f 2437 2462 3167 
f 454 2326 2745 
f 3489 1828 2175 
f 1553 1945 2128 
f 1290 2320 1358 
f 1627 2802 2025 
f 1542 1336 1353 
f 2320 3169 1156 
f 83 264 2496 
f 3449 2574 1388 
f 2822 813 260 
f 3291 963 104 
f 824 3039 1567 
f 2568 2069 168 
f 3325 3063 2392 
f 2754 1298 401 
f 1809 79 1089 
f 1924 916 767 
f 962 1889 1311 
f 2390 2827 2059 
f 362 3019 1749 
f 997 2349 1444 
f 2346 2484 2140 
f 335 1553 2559 
f 195 2520 263 
f 1541 375 3554 
f 962 652 416 
f 126 1262 1909 
f 1244 3361 2740 
f 416 652 611 
f 1710 2195 570 
f 2255 3364 2230 
f 1889 2840 165 
f 2507 2641 2462 
f 334 1457 1949 
f 2786 2757 515 
f 2646 2510 525 
f 193 1078 2234 
f 416 322 962 
f 2578 1583 1476 
f 989 85 3032 
f 2075 1463 2936 
f 137 2421 422 
f 954 503 773 
f 909 2402 683 
f 1534 3483 1129 
f 883 3306 2594 
f 3244 3030 3439 
f 2903 393 244 
f 359 1883 2868 
f 1367 2236 1182 
f 2497 1349 674 
f 198 319 3560 
f 594 2459 2048 
f 3091 1724 3183 
f 3163 641 1547 
f 694 748 1368 
f 1904 2107 1315 
f 1874 915 2930 
f 3148 3217 2852 
f 573 797 2224 
f 517 480 2696 
f 1254 369 1271 
f 2276 1428 998 
f 354 1782 743 
f 712 2846 1506 
f 3423 2483 1972 
f 92 1669 203 
f 2218 1627 1866 
f 1739 1323 1921 
f 1750 2767 858 
f 3470 2278 3006 
f 1030 3258 1233 
f 864 1436 1960 
f 3175 1090 2259 
f 496 3231 3493 
f 278 3485 456 
f 3446 2859 2697 
f 2741 981 286 
f 1273 1207 1251 
f 916 937 765 
f 1188 2648 2921 
f 2654 2426 1741 
f 696 2462 2437 
f 2874 2630 550 
f 666 3248 750 
f 3139 1596 623 
f 2371 72 1062 
f 1924 1321 937 
f 1344 3454 498 
f 1699 2777 2521 
f 2728 636 506 
f 2111 821 2017 
f 2849 419 1978 
f 1578 491 525 
f 3239 3511 697 
f 853 3336 224 
f 1086 2297 1441 
f 1538 1115 932 
f 3368 2806 2401 
f 2294 1525 2193 
f 1729 1727 2367 
f 1630 1938 1635 
f 91 2975 183 
f 1819 888 60 
f 3438 2493 98 
f 541 2759 1097 
f 1746 455 682 
f 1656 1584 1735 
f 206 2512 2963 
f 2098 3551 308 
f 3413 2939 2927 
f 108 581 2075 
f 2416 776 2148 
f 3495 657 1654 
f 1206 882 1094 
f 506 636 2919 
f 133 899 2638 
f 1075 2180 2394 
f 1587 2282 2698 
f 1842 2094 2653 
f 401 458 3344 
f 1054 788 1220 
f 842 3126 1424 
f 1649 157 1349 
f 2203 1496 1039 
f 2172 2113 1320 
f 1596 2771 2711 
f 2471 994 490 
f 3441 2805 64 
f 2456 2870 574 
f 3318 1497 1169 
f 3075 3347 399 
f 1243 2415 928 
f 690 1043 2222 
f 2223 2896 1640 
f 2468 537 2540 
f 1163 363 2885 
f 3163 1547 2456 
f 242 2229 1055 
f 309 2453 307 
f 1019 1017 2537 
f 429 576 3331 
f 2588 929 2406 
f 3160 2307 1025 
f 1675 3456 3313 
f 986 2730 371 
f 1992 1996 2861 
f 3445 1430 1408 
f 3229 685 902 
f 3392 2182 3562 
f 3272 1983 2578 
f 1800 1576 1645 
f 1389 1892 503 
f 3417 1454 2641 
f 975 1057 2702 
f 1454 1325 2641 
f 1920 1559 3203 
f 676 1368 748 
f 1401 378 2373 
f 1474 16 959 
f 1660 2910 2404 
f 377 1372 333 
f 88 548 1784 
f 269 36 1037 
f 2690 450 2213 
f 2111 2069 821 
f 1864 3540 2239 
f 1663 21 3525 
f 367 1672 2378 
f 1451 532 2900 
f 3295 121 120 
f 3451 218 544 
f 2197 2927 3334 
f 2116 3456 3508 
f 2839 1507 3196 
f 1759 1647 2837 
f 900 2736 217 
f 393 1282 2807 
f 270 2132 1291 
f 805 1079 737 
f 122 1038 3491 
f 1255 1221 720 
f 2027 3262 2945 
f 1068 519 186 
f 2755 2909 2721 
f 1018 787 3422 
f 90 2392 1365 
f 598 940 492 
f 2957 2222 1077 
f 3198 3514 1100 
f 2361 1085 1448 
f 378 2588 45 
f 1384 1114 1750 
f 2859 2828 2869 
f 1016 2743 346 
f 968 958 2143 
f 3400 312 2785 
f 129 114 146 
f 1338 2712 3513 
f 1206 1094 1133 
f 1705 3257 1468 
f 1663 1614 1974 
f 1681 2685 712 
f 2653 451 1245 
f 2785 3159 3092 
f 2272 3093 3100 
f 1725 2794 1497 
f 3207 1168 2022 
f 2925 3075 3510 
f 2178 1177 2551 
f 329 2940 3457 
f 1359 30 2615 
f 498 209 2461 
f 699 795 2727 
f 1399 3114 1609 
f 2514 800 246 
f 3424 1634 2596 
f 1803 1347 1341 
f 2453 1937 307 
f 2520 195 601 
f 897 2951 1931 
f 416 570 358 
f 2617 2663 2669 
f 206 1837 2512 
f 1775 552 885 
f 3355 3388 3003 
f 216 2689 3348 
f 3469 2307 3160 
f 1004 2571 3182 
f 1953 877 257 
f 2422 286 3467 
f 1679 324 3571 
f 3544 200 1672 
f 2377 2307 1305 
f 2487 2521 2777 
f 621 2682 3506 
f 454 3185 2326 
f 133 7 1989 
f 988 1966 736 
f 1385 2147 1866 
f 3201 602 1073 
f 1076 940 2960 
f 2223 1084 695 
f 1574 1735 1584 
f 1682 1667 1289 
f 2410 2977 1492 
f 2022 1733 1402 
f 3537 1485 3266 
f 2204 3242 1783 
f 1267 2835 2150 
f 3222 783 2637 
f 412 3375 638 
f 1406 3503 996 
f 583 2738 905 
f 838 524 9 
f 985 1222 2008 
f 1098 467 3454 
f 2309 609 2010 
f 420 770 2470 
f 2323 2857 2479 
f 1733 1186 784 
f 2203 780 1446 
f 2760 227 3416 
f 212 1372 2253 
f 214 3097 3099 
f 862 1696 344 
f 1028 409 1021 
f 1433 1775 885 
f 298 1312 1154 
f 749 3499 1494 
f 663 850 758 
f 591 1653 3315 
f 2253 2842 156 
f 272 3035 3141 
f 241 212 1613 
f 3242 2204 1224 
f 947 3236 1321 
f 829 1276 192 
f 470 489 3553 
f 572 947 811 
f 1145 1123 1146 
f 2514 1421 1450 
f 2954 2329 2647 
f 333 663 538 
f 2936 1463 2458 
f 1120 1512 894 
f 1266 917 2756 
f 3230 3508 1675 
f 406 2631 1260 
f 1863 2961 490 
f 130 1024 1261 
f 563 2369 2100 
f 834 1926 386 
f 979 680 1959 
f 2846 2604 1136 
f 3100 782 571 
f 1781 2621 2260 
f 2698 1097 786 
f 2658 2971 2972 
f 2488 1957 600 
f 3170 310 831 
f 1254 1271 1702 
f 1618 207 2029 
f 2101 2576 831 
f 2872 2368 48 
f 1280 2752 710 
f 2547 1949 1977 
f 2182 1178 2258 
f 541 449 2429 
f 2039 1749 2792 
f 923 775 1109 
f 906 1822 3408 
f 2727 795 3429 
f 896 291 670 
f 2640 2658 2972 
f 3154 1663 2818 
f 3035 2069 1425 
f 3146 3002 3042 
f 1863 3429 360 
f 2225 241 1613 
f 565 1777 1566 
f 2427 2143 958 
f 141 2831 558 
f 1808 3307 1345 
f 522 2341 2680 
f 2575 1624 2396 
f 1421 2045 1450 
f 36 1622 1932 
f 1234 3076 2720 
f 1856 97 231 
f 554 3494 1044 
f 2074 2073 2110 
f 2 2788 2328 
f 1727 1511 1563 
f 2918 945 3147 
f 3255 3445 3487 
f 2446 3493 52 
f 1903 792 2071 
f 2767 414 858 
f 2442 720 1802 
f 192 1138 987 
f 2333 1668 3327 
f 3478 2465 1853 
f 1451 2789 646 
f 1247 1234 163 
f 3153 3571 324 
f 2974 1553 2241 
f 2466 642 2943 
f 576 429 3539 
f 3045 1524 652 
f 1353 1123 1542 
f 279 271 358 
f 314 3144 420 
f 2307 845 1305 
f 506 2919 2821 
f 3406 2380 614 
f 3175 2259 2493 
f 576 3539 1025 
f 1000 2389 3145 
f 1232 2753 2053 
f 3570 2416 103 
f 1266 150 917 
f 1992 3533 1394 
f 2358 2300 81 
f 3461 1916 3018 
f 3370 1646 78 
f 488 486 780 
f 944 2546 2574 
f 3328 1604 1179 
f 1838 1215 1529 
f 2208 2993 70 
f 1470 602 2934 
f 702 1774 10 
f 1481 2708 13 
f 1827 1128 1011 
f 3479 2250 377 
f 764 1095 1966 
f 531 1331 319 
f 2877 423 2565 
f 1274 2788 2879 
f 156 120 212 
f 2989 1336 1542 
f 1209 1545 606 
f 3078 3462 2533 
f 171 1003 2924 
f 1798 3293 1754 
f 130 1261 3465 
f 1980 1196 2912 
f 286 284 3467 
f 2267 1332 3227 
f 2189 2052 3463 
f 1766 1873 410 
f 1488 1115 1538 
f 2380 954 3506 
f 3459 340 1449 
f 2469 1512 1120 
f 1302 2179 1354 
f 255 662 3168 
f 2734 2994 816 
f 2199 613 1509 
f 1203 1340 1780 
f 952 1366 2880 
f 1909 1262 1606 
f 1337 2838 8 
f 991 1142 2780 
f 1048 3300 1319 
f 1801 3382 1708 
f 1087 3338 844 
f 2869 2828 1636 
f 1106 933 1796 
f 617 571 469 
f 659 79 3161 
f 585 2536 990 
f 1041 2706 2183 
f 1496 2168 2110 
f 3543 257 3138 
f 458 705 3344 
f 2533 3082 1577 
f 1930 2983 3324 
f 3452 2272 2713 
f 2003 1558 1825 
f 1777 3420 1336 
f 3218 2232 2050 
f 904 693 1159 
f 397 502 387 
f 553 401 3344 
f 282 1926 2214 
f 338 2263 2758 
f 1203 425 1340 
f 873 2916 565 
f 761 615 3359 
f 1779 1475 1467 
f 3250 2530 1604 
f 2312 1481 599 
f 1449 3119 1834 
f 476 450 3299 
f 3084 3082 2533 
f 1555 300 974 
f 1520 2232 893 
f 2739 316 574 
f 1961 3078 2139 
f 1699 1788 1790 
f 2750 2844 222 
f 1360 1431 1645 
f 2784 359 1712 
f 1621 463 1488 
f 3335 147 2105 
f 2794 1184 2256 
f 2723 2207 860 
f 3401 186 130 
f 2248 1979 2398 
f 57 3231 2313 
f 3179 3224 3379 
f 985 648 825 
f 695 1084 406 
f 531 319 198 
f 2973 1669 3117 
f 3395 551 1928 
f 3229 1138 3421 
f 2363 292 3123 
f 89 1671 1374 
f 1454 752 1325 
f 1093 2641 2507 
f 1090 953 397 
f 165 2840 172 
f 745 1156 1755 
f 372 3114 2629 
f 2191 3171 155 
f 425 1108 1340 
f 2330 1528 2631 
f 1162 1411 1324 
f 1137 1826 1299 
f 258 851 2193 
f 2985 3485 170 
f 1470 2934 485 
f 426 1231 909 
f 2300 973 81 
f 923 2102 775 
f 2592 339 2556 
f 2318 3085 291 
f 210 1239 3126 
f 998 768 2336 
f 515 487 349 
f 1803 2317 1658 
f 967 379 3387 
f 1814 202 1455 
f 2081 1721 914 
f 3021 1326 1872 
f 3278 2716 3366 
f 947 572 3236 
f 241 2225 2645 
f 1743 54 252 
f 734 244 684 
f 2503 981 1491 
f 2427 2473 1947 
f 377 2250 1134 
f 385 3459 1449 
f 32 1666 2357 
f 8 1339 1337 
f 2533 3462 3084 
f 2549 3395 747 
f 1258 1231 426 
f 3079 2033 3403 
f 523 962 102 
f 3569 1335 1200 
f 3109 3121 587 
f 3153 569 3571 
f 2860 255 3381 
f 1421 2166 2894 
f 3044 1594 430 
f 313 140 1589 
f 2048 169 739 
f 2281 1601 2085 
f 1508 188 3197 
f 1398 1452 1439 
f 1044 3498 167 
f 3039 555 2989 
f 3407 1951 2162 
f 1220 2212 2471 
f 3195 3113 3515 
f 1545 846 606 
f 2522 1755 3169 
f 2522 2858 2362 
f 2296 353 3414 
f 734 2054 1318 
f 1571 2235 791 
f 2906 925 3228 
f 2714 2321 162 
f 1598 158 1962 
f 2279 1577 3510 
f 878 983 2901 
f 1710 570 416 
f 3096 2198 880 
f 3526 361 2425 
f 2252 2705 3558 
f 3259 3174 1575 
f 1738 323 2629 
f 2448 1767 625 
f 1888 2585 1595 
f 1793 917 2113 
f 3171 2263 858 
f 1756 2062 2432 
f 1828 560 3113 
f 2245 1287 2735 
f 960 220 707 
f 807 2062 2626 
f 2732 1149 2561 
f 1532 1370 2582 
f 2266 898 1549 
f 580 3385 2295 
f 3375 2636 3565 
f 2955 2798 2952 
f 3186 1607 154 
f 305 1591 671 
f 3149 3142 1844 
f 146 87 2190 
f 2999 2387 3277 
f 2617 267 2663 
f 1315 2038 1519 
f 2575 3042 3241 
f 760 1685 3014 
f 1217 3129 2308 
f 1589 797 313 
f 2396 1631 2575 
f 758 1230 1035 
f 19 2535 411 
f 307 1844 336 
f 3073 3359 1153 
f 627 3479 538 
f 765 627 859 
f 1134 1322 3011 
f 1134 2250 251 
f 2247 1954 586 
f 1488 1538 1621 
f 1764 377 1134 
f 3569 1899 3011 
f 3233 3353 675 
f 1284 3333 1634 
f 1213 502 1868 
f 2141 493 1073 
f 1772 509 491 
f 3343 839 3265 
f 1215 2835 1944 
f 1619 1912 205 
f 3088 2061 1969 
f 1322 3569 3011 
f 1457 1977 1949 
f 1597 2717 1995 
f 835 1061 1995 
f 315 2647 3486 
f 2714 162 986 
f 354 2622 1826 
f 302 809 1092 
f 1750 3324 2983 
f 3146 2575 3243 
f 2818 3525 3303 
f 3287 1870 1642 
f 3120 2832 3220 
f 1467 1268 1779 
f 2395 3463 2052 
f 618 2369 1371 
f 1012 2984 3032 
f 2438 3254 259 
f 1762 2619 2237 
f 3035 1425 3460 
f 3029 3030 1236 
f 3312 894 1512 
f 2934 602 2059 
f 344 1696 1679 
f 705 458 2212 
f 1337 711 1732 
f 150 1837 1999 
f 2768 977 1999 
f 1815 447 3302 
f 3060 134 3298 
f 1206 1207 1210 
f 3317 2888 3228 
f 1262 1789 1606 
f 2117 540 495 
f 3263 1351 1832 
f 2421 3185 422 
f 2548 299 1005 
f 2517 40 3013 
f 1847 3052 1117 
f 2085 1400 1291 
f 199 309 2030 
f 2635 2677 495 
f 1095 549 878 
f 3344 3458 2057 
f 2443 33 2397 
f 652 553 3344 
f 3450 2845 238 
f 3458 3432 1876 
f 514 3215 3254 
f 1002 3206 762 
f 2056 2538 1157 
f 477 248 1720 
f 3144 2452 420 
f 2306 2668 1085 
f 2244 3176 1283 
f 2984 927 979 
f 1179 1080 3328 
f 2598 2372 2527 
f 2717 1037 3521 
f 501 3343 106 
f 843 479 1783 
f 2193 1595 2585 
f 1483 1410 1424 
f 3032 2984 989 
f 178 1004 3182 
f 1504 857 3223 
f 641 1678 1389 
f 3506 616 2380 
f 309 199 2453 
f 1635 2816 2857 
f 3546 3470 1917 
f 364 1246 1657 
f 1272 1412 1560 
f 2262 2974 3192 
f 1388 740 3449 
f 285 2844 1107 
f 3238 148 856 
f 3321 3224 3423 
f 3223 857 1947 
f 2088 1877 3000 
f 639 1829 1402 
f 824 1567 475 
f 1024 884 2946 
f 147 3335 3249 
f 897 1931 1891 
f 31 2311 3199 
f 557 245 1833 
f 2413 2611 1069 
f 2482 2963 2384 
f 3265 610 1026 
f 1358 1395 1328 
f 1035 663 758 
f 2022 1168 865 
f 2223 3544 2896 
f 229 1904 1315 
f 2127 783 717 
f 482 2760 850 
f 508 2686 2402 
f 3163 1892 1678 
f 2826 1428 2997 
f 2513 1465 2675 
f 715 94 1957 
f 256 2253 1764 
f 190 1944 1226 
f 586 2063 1951 
f 2034 1217 2308 
f 3436 268 3440 
f 391 3256 1518 
f 1872 1554 2030 
f 3498 764 2558 
f 2917 2002 2488 
f 315 1525 2409 
f 395 3044 1092 
f 922 3274 1029 
f 1211 2544 1209 
f 356 1713 2557 
f 1436 2356 1960 
f 645 877 2700 
f 907 2057 1876 
f 1013 360 795 
f 1329 84 1612 
f 3383 777 1731 
f 2651 3474 1665 
f 2519 345 3016 
f 1628 2304 1954 
f 2677 2876 495 
f 1453 1974 841 
f 72 2444 2949 
f 1243 1031 3466 
f 789 657 2049 
f 703 2491 1806 
f 3253 1721 2081 
f 1947 2823 2143 
f 808 3520 2849 
f 1678 1892 2464 
f 1819 60 3484 
f 3092 521 2785 
f 1633 989 2128 
f 2608 219 701 
f 2599 1475 2591 
f 2980 945 2815 
f 3557 1256 667 
f 400 2292 3392 
f 37 2877 3310 
f 1776 2352 2019 
f 2268 2209 336 
f 1086 2491 2297 
f 1101 856 1078 
f 2737 2188 513 
f 1865 714 2150 
f 338 3324 2263 
f 3365 2406 2291 
f 787 629 2749 
f 2662 920 1611 
f 1372 212 333 
f 1649 613 1409 
f 378 1401 2588 
f 51 1687 2795 
f 2232 2748 2050 
f 1034 1706 2656 
f 54 1201 252 
f 1930 3421 839 
f 382 967 729 
f 2588 2406 1027 
f 1259 3098 1044 
f 3151 1596 3139 
f 2810 3365 1582 
f 2458 2162 2084 
f 2143 3384 968 
f 739 169 2560 
f 2968 61 213 
f 1074 1195 765 
f 3551 2098 3239 
f 2428 738 2014 
f 3484 60 3102 
f 1885 2911 1744 
f 464 73 1065 
f 2859 3476 643 
f 742 1338 3360 
f 1708 629 787 
f 1308 1705 1334 
f 2573 160 2147 
f 1620 1831 1523 
f 280 2689 3050 
f 337 647 3152 
f 88 2366 548 
f 1597 1061 1812 
f 640 1013 580 
f 2756 917 1793 
f 560 1375 3113 
f 2069 1758 168 
f 2616 610 829 
f 602 507 1073 
f 2892 158 1440 
f 2714 1551 984 
f 1150 672 906 
f 1992 2861 524 
f 2971 2658 2040 
f 452 1935 1583 
f 39 1759 2837 
f 2668 2975 308 
f 344 847 862 
f 788 1054 2961 
f 1799 1479 294 
f 500 30 1396 
f 1653 1413 3065 
f 3302 3136 3303 
f 865 1186 1733 
f 1439 408 2224 
f 2040 1863 994 
f 1286 1143 832 
f 1207 1206 1251 
f 1584 1581 3259 
f 1133 2535 1206 
f 3344 705 1206 
f 727 3066 1516 
f 3442 3090 924 
f 3356 392 2005 
f 1592 1477 942 
f 2725 326 2687 
f 931 743 1415 
f 3344 1210 3458 
f 1558 1788 1936 
f 2317 1803 2083 
f 3427 355 19 
f 636 3103 2509 
f 2651 1736 3474 
f 2054 2913 331 
f 3219 720 1221 
f 191 1109 775 
f 1507 1847 432 
f 3521 2359 276 
f 2233 1528 2330 
f 141 2937 2921 
f 1224 2667 499 
f 922 446 700 
f 2108 3315 1653 
f 424 2159 174 
f 3208 1359 127 
f 2149 2121 2246 
f 978 896 405 
f 592 2691 1237 
f 3249 1501 147 
f 308 2975 2098 
f 2228 2447 2076 
f 176 3444 3338 
f 3055 3151 810 
f 1144 2843 3361 
f 3496 2575 3535 
f 2588 1027 45 
f 2252 2736 2773 
f 284 3472 3155 
f 1834 3119 3004 
f 3364 1752 2230 
f 515 2757 1716 
f 2212 458 903 
f 2012 540 2455 
f 2278 1482 3006 
f 520 396 1680 
f 2321 1332 2884 
f 2496 2316 2628 
f 2997 539 2917 
f 965 788 2534 
f 1389 2464 1892 
f 1498 442 3234 
f 1535 1351 3263 
f 1435 3357 1994 
f 2474 1208 3074 
f 333 482 850 
f 1283 3483 261 
f 473 1159 693 
f 2787 2613 1386 
f 1009 155 477 
f 3031 1975 2088 
f 2327 1063 2843 
f 744 443 2541 
f 2946 2560 3137 
f 1543 2499 2015 
f 1926 834 686 
f 1204 1717 1228 
f 2951 1891 2572 
f 1152 2078 100 
f 601 2065 2520 
f 338 3421 3324 
f 1443 700 3318 
f 3428 579 2077 
f 3334 66 3268 
f 2439 3181 2604 
f 2672 3503 1430 
f 448 2719 2125 
f 3120 2878 2832 
f 916 1195 1148 
f 2390 3410 1131 
f 1019 1636 1017 
f 710 2752 1296 
f 225 3485 3059 
f 3246 298 3437 
f 2779 1299 1826 
f 3002 2952 3183 
f 1552 2751 1432 
f 1927 1430 1185 
f 1809 3306 2583 
f 1014 815 971 
f 2298 2394 2873 
f 1349 63 1649 
f 1640 1084 2223 
f 2395 2447 1374 
f 157 1141 892 
f 3222 717 783 
f 2198 1674 3291 
f 2529 1761 1105 
f 3064 1207 1273 
f 511 3157 2841 
f 1229 990 2536 
f 3088 1810 2061 
f 2834 1219 3212 
f 3200 1894 3045 
f 605 1817 3204 
f 2136 2476 2655 
f 1174 499 2670 
f 484 550 1841 
f 3145 1130 1190 
f 2853 237 3500 
f 7 1535 1984 
f 56 2963 2512 
f 3274 2598 2684 
f 1575 1511 1574 
f 1394 1982 2600 
f 2823 1443 1169 
f 1518 2385 391 
f 1331 1318 1786 
f 1780 3051 1203 
f 2291 2406 328 
f 2356 1472 1265 
f 2918 451 827 
f 522 1707 1907 
f 2593 1816 3036 
f 213 61 2784 
f 2827 847 260 
f 688 1632 366 
f 110 1661 1955 
f 363 920 2662 
f 2849 1978 3095 
f 659 3161 759 
f 978 2120 835 
f 2066 1940 116 
f 1654 2883 3495 
f 3110 2007 848 
f 736 3248 666 
f 3561 936 2084 
f 859 663 1035 
f 3072 660 793 
f 106 613 501 
f 3425 2468 1521 
f 1313 2987 1681 
f 817 925 2906 
f 3189 1869 1124 
f 981 1140 1491 
f 749 767 916 
f 556 1534 265 
f 185 78 2544 
f 3469 621 954 
f 3280 3217 3148 
f 1623 2039 3178 
f 538 859 627 
f 844 2491 703 
f 1097 588 541 
f 3505 3404 822 
f 993 1749 3019 
f 799 704 3497 
f 1149 2732 2633 
f 3521 365 2786 
f 171 2924 718 
f 3016 3157 2382 
f 1393 2444 1494 
f 2177 1018 3422 
f 3008 591 2898 
f 2802 1627 75 
f 856 1967 3238 
f 85 2669 3053 
f 1581 1591 305 
f 3444 2496 1392 
f 2131 3302 3303 
f 646 1270 1794 
f 85 989 1633 
f 2810 2862 3365 
f 414 2767 1114 
f 930 1900 3491 
f 2063 2304 3363 
f 388 3453 1418 
f 490 1054 2471 
f 1206 705 882 
f 2532 1967 1531 
f 1580 2674 73 
f 868 468 1003 
f 665 1198 2118 
f 1532 1962 1484 
f 3459 215 731 
f 2243 1568 1815 
f 1414 1393 1689 
f 729 967 3387 
f 373 868 1273 
f 1507 436 1376 
f 2739 471 1876 
f 1719 1565 237 
f 1021 2351 3352 
f 137 422 649 
f 852 2678 3369 
f 2614 1127 1709 
f 1949 2547 1861 
f 836 1823 3090 
f 2343 1371 2369 
f 1420 1511 1575 
f 767 2391 3538 
f 376 1989 7 
f 1590 634 1096 
f 238 200 3544 
f 3380 1060 3471 
f 2269 2273 2135 
f 3142 1502 763 
f 1030 1233 1629 
f 2236 1367 85 
f 1273 868 3064 
f 2707 2593 2639 
f 2211 3391 2187 
f 1071 49 2357 
f 233 410 2009 
f 948 990 1769 
f 776 2416 3125 
f 2494 1721 3253 
f 2051 640 580 
f 2837 1857 39 
f 586 1954 2063 
f 146 114 115 
f 2400 1770 1415 
f 257 3543 1953 
f 2495 3009 2639 
f 2800 2304 1628 
f 1760 1736 163 
f 2433 1255 508 
f 551 1554 1928 
f 3044 3550 1594 
f 2730 2997 371 
f 1064 2618 80 
f 1682 233 3196 
f 487 515 2319 
f 269 266 1622 
f 3323 2853 161 
f 2032 2986 561 
f 2966 1760 1023 
f 528 811 947 
f 1799 411 1479 
f 912 528 2058 
f 463 1659 3389 
f 1167 869 2428 
f 1213 1240 3001 
f 2693 1734 77 
f 2989 1542 1202 
f 415 3400 1426 
f 1036 2419 519 
f 1513 3501 3237 
f 1968 630 96 
f 3347 45 1045 
f 3492 166 2169 
f 716 791 2235 
f 3566 3565 2636 
f 3349 253 2019 
f 2488 2370 2917 
f 2905 1308 1158 
f 1783 1771 2204 
f 140 1277 2205 
f 1634 421 891 
f 3517 564 357 
f 3491 136 930 
f 903 632 994 
f 1016 2893 1766 
f 2308 26 3311 
f 1716 3514 515 
f 1744 2969 2088 
f 2465 589 3446 
f 2973 1127 1669 
f 3319 260 813 
f 3443 2960 113 
f 292 3200 3123 
f 3502 1429 1343 
f 2363 471 574 
f 1288 3573 1279 
f 316 2739 3432 
f 2408 3067 2723 
f 3552 1359 252 
f 1112 796 2467 
f 1650 3125 2416 
f 2694 2709 2129 
f 531 198 1299 
f 868 2215 435 
f 680 2062 2100 
f 1058 948 1769 
f 2545 108 2458 
f 2344 751 192 
f 1129 867 1534 
f 3090 3442 836 
f 2112 1066 1235 
f 911 909 683 
f 2009 1918 771 
f 1904 3158 1941 
f 1979 3447 2398 
f 1378 2819 18 
f 3395 2453 551 
f 849 2434 587 
f 84 2087 90 
f 748 1458 676 
f 2684 2858 3464 
f 2055 1015 3348 
f 1778 144 2009 
f 2821 2938 506 
f 2866 1652 529 
f 1040 3572 2558 
f 1006 1416 2812 
f 2911 3253 2969 
f 3104 3560 331 
f 472 1428 1886 
f 600 1957 517 
f 2930 915 2652 
f 3041 297 1373 
f 1695 3070 342 
f 3471 1060 2275 
f 1304 1373 1405 
f 678 2652 915 
f 1533 3289 2902 
f 1274 2879 887 
f 1873 608 2473 
f 3433 1624 1007 
f 1419 1275 1460 
f 1812 3337 2632 
f 2725 2942 1369 
f 2322 2959 2834 
f 1972 2483 3033 
f 1560 1412 1518 
f 3060 136 3491 
f 795 699 3385 
f 1869 1946 2187 
f 1404 1216 3188 
f 1121 2871 128 
f 2737 1943 1695 
f 3013 41 2095 
f 2113 1458 1793 
f 1110 171 1432 
f 2630 1845 2383 
f 1080 2240 2434 
f 2718 2649 2830 
f 1306 2144 434 
f 3427 2417 875 
f 873 565 1566 
f 3 1965 131 
f 2926 3323 3430 
f 2667 2502 2670 
f 3069 2801 374 
f 3486 1761 2529 
f 1014 1390 1404 
f 974 2115 117 
f 2500 2563 1683 
f 1131 3410 948 
f 2734 1774 2704 
f 2761 626 24 
f 3283 3287 1798 
f 398 574 316 
f 27 3171 858 
f 735 2601 3110 
f 1041 3254 3167 
f 2794 300 1555 
f 109 3027 2247 
f 2888 2906 3228 
f 3450 3544 3451 
f 2676 516 2185 
f 934 2620 511 
f 2634 2084 3512 
f 1208 2474 895 
f 8 3320 1339 
f 3370 270 1726 
f 989 2984 979 
f 2516 2993 2284 
f 3471 582 1482 
f 2271 1772 1884 
f 3201 493 2237 
f 1885 3489 2175 
f 2397 33 1956 
f 2132 2085 1291 
f 1535 1125 2655 
f 1050 3356 644 
f 1317 59 20 
f 2441 332 2262 
f 1758 1379 1232 
f 2397 24 2443 
f 1478 1760 2966 
f 3309 17 1522 
f 1960 2356 483 
f 232 442 2958 
f 2392 90 1804 
f 1232 2053 2060 
f 3058 2554 2124 
f 2963 56 2010 
f 3201 2619 2059 
f 1958 660 328 
f 1216 3152 1154 
f 884 1024 2329 
f 613 106 1409 
f 2967 1469 2315 
f 1405 1373 1278 
f 2242 3246 2683 
f 585 1630 1635 
f 2764 3233 675 
f 1842 2653 1865 
f 1736 2651 1403 
f 1618 1777 565 
f 637 2654 330 
f 2668 183 2975 
f 174 2933 3305 
f 2408 2494 1517 
f 2836 2902 275 
f 747 3395 1928 
f 1822 3316 753 
f 2281 2085 2132 
f 1573 2796 1070 
f 2284 3168 2516 
f 651 323 849 
f 1606 786 2103 
f 3301 2887 1979 
f 1567 278 475 
f 1007 420 1913 
f 858 2263 3324 
f 2391 767 749 
f 2751 2061 2242 
f 298 3246 1312 
f 3069 1991 3368 
f 3112 2016 2563 
f 1198 2274 2118 
f 3323 2926 2853 
f 1871 419 2849 
f 3343 1026 381 
f 1727 1729 1574 
f 3445 1704 2672 
f 2924 820 718 
f 408 1550 1576 
f 1433 885 1805 
f 307 1937 1844 
f 2486 2944 1962 
f 920 3540 1611 
f 414 3222 1187 
f 1355 2215 171 
f 2657 1779 1268 
f 3144 2465 3478 
f 1479 1094 965 
f 1371 194 2559 
f 3350 2850 1562 
f 1210 1207 3064 
f 6 1197 433 
f 1561 2207 2723 
f 3469 2928 845 
f 3221 2007 3110 
f 2190 145 146 
f 1990 223 3235 
f 710 1296 1684 
f 1873 2893 608 
f 2684 3464 3023 
f 2084 936 3512 
f 955 1780 3285 
f 796 1112 2589 
f 2760 3416 754 
f 351 3100 3093 
f 3403 2021 2424 
f 761 2151 1811 
f 2704 702 870 
f 1204 2058 1717 
f 54 925 1201 
f 3535 3534 3496 
f 3063 3325 1964 
f 630 1417 96 
f 716 1447 2824 
f 1708 787 1801 
f 2876 1493 2117 
f 353 1323 893 
f 2093 1122 2638 
f 3336 853 234 
f 3413 2811 2445 
f 835 1763 2886 
f 2 2328 902 
f 3134 2034 2308 
f 939 2817 1242 
f 1124 3068 544 
f 262 1353 1336 
f 1687 1034 2501 
f 1034 1687 53 
f 1614 841 1974 
f 1032 582 1568 
f 1472 224 2210 
f 2990 2886 2747 
f 89 2337 1787 
f 407 1297 3235 
f 1320 2113 917 
f 1509 1384 2199 
f 2529 1105 394 
f 80 460 2114 
f 1027 1651 45 
f 2625 2668 308 
f 1241 1175 535 
f 514 2183 34 
f 1915 14 3349 
f 3145 2570 1130 
f 331 1011 3104 
f 756 2045 1421 
f 1439 1236 1398 
f 2985 1510 2765 
f 2438 2644 3254 
f 2092 2599 1752 
f 514 3254 1041 
f 1877 2088 1975 
f 1767 3115 2586 
f 2125 3497 3554 
f 1703 2288 984 
f 1243 928 1031 
f 2791 415 999 
f 2872 2196 2978 
f 824 3226 2226 
f 1369 157 742 
f 2345 3169 2320 
f 1619 577 3225 
f 2582 1008 1962 
f 670 3000 3337 
f 1656 1906 1973 
f 1801 1569 2222 
f 159 1543 2011 
f 1135 149 2511 
f 318 3296 3177 
f 918 3530 871 
f 1905 281 766 
f 987 2344 192 
f 292 1894 3200 
f 553 962 523 
f 585 990 948 
f 1996 3307 2861 
f 3155 1670 3128 
f 2418 1980 767 
f 3242 1224 889 
f 1073 493 3201 
f 2807 3545 684 
f 2126 2414 1159 
f 2310 992 3399 
f 1463 1485 3407 
f 2961 2534 788 
f 1 755 4 
f 201 407 677 
f 355 2535 19 
f 2371 2444 72 
f 2839 2388 2202 
f 734 1814 1461 
f 3028 110 1887 
f 3447 1009 559 
f 239 3319 813 
f 2508 1255 2433 
f 440 1507 1376 
f 840 2329 946 
f 3421 685 3229 
f 1831 2692 2990 
f 640 1810 3088 
f 2114 2729 949 
f 2515 1879 999 
f 3552 30 1359 
f 1854 3316 1822 
f 1546 221 1526 
f 2375 1673 67 
f 3561 2162 3207 
f 1327 967 2524 
f 2659 137 3134 
f 2610 2102 2025 
f 1065 3366 1296 
f 658 1385 1866 
f 505 497 1083 
f 2267 197 1205 
f 3210 2270 3216 
f 1441 2297 3316 
f 722 2645 2225 
f 2487 3314 2587 
f 2067 1640 2896 
f 1373 1304 3041 
f 3015 3351 2631 
f 3417 3249 3335 
f 1193 1113 1307 
f 3323 161 2137 
f 386 681 1107 
f 738 2428 869 
f 2050 2748 3394 
f 2138 569 3153 
f 758 850 754 
f 1057 3436 1887 
f 3559 474 245 
f 2642 3301 2079 
f 879 1117 2959 
f 444 445 380 
f 1732 711 1126 
f 3322 3343 501 
f 2406 3365 2020 
f 1349 1369 2942 
f 765 859 1113 
f 2525 2092 119 
f 1074 765 1113 
f 2409 2954 2647 
f 3036 1310 3354 
f 1820 2656 1665 
f 1850 189 3135 
f 3071 2137 957 
f 1777 1336 2989 
f 749 916 1148 
f 935 485 3319 
f 1317 3396 1083 
f 1044 167 2772 
f 2950 3368 2401 
f 3224 3086 3487 
f 1652 1438 3437 
f 961 2391 749 
f 3103 2728 3522 
f 525 2510 1578 
f 714 3116 801 
f 337 3152 1216 
f 1021 3352 2916 
f 1895 960 2940 
f 3466 2475 3127 
f 2383 2011 2015 
f 968 1152 3367 
f 1863 95 2961 
f 1001 1071 2357 
f 722 558 2645 
f 2857 1350 1635 
f 3362 390 2949 
f 1392 2496 1042 
f 2890 242 1055 
f 209 2185 2461 
f 459 392 3356 
f 855 971 389 
f 2594 2393 883 
f 3441 1200 3264 
f 2115 283 2145 
f 461 1053 441 
f 2838 2129 3260 
f 2360 3158 3533 
f 2218 1866 2147 
f 1850 2866 189 
f 110 1955 1521 
f 2896 3544 2650 
f 1394 2600 2775 
f 369 1561 3099 
f 3522 2145 3103 
f 48 537 2708 
f 2851 3464 2855 
f 90 2087 1804 
f 2272 3100 571 
f 312 3400 415 
f 2036 959 872 
f 434 3131 3389 
f 2357 49 1194 
f 1598 1962 1423 
f 1784 3288 88 
f 612 570 3406 
f 103 196 1564 
f 348 583 905 
f 667 1455 3557 
f 2933 656 763 
f 1183 2865 2374 
f 1016 713 608 
f 1995 1763 835 
f 1964 3325 3409 
f 2059 602 3201 
f 3368 1991 2446 
f 2726 855 2051 
f 140 1237 1277 
f 2429 449 445 
f 2413 1598 2894 
f 285 1639 1318 
f 1230 1113 1035 
f 1361 532 2737 
f 2988 590 3490 
f 2938 1700 370 
f 269 2231 2929 
f 1176 1702 1828 
f 2769 3019 2265 
f 1903 1140 2741 
f 1924 2155 1321 
f 2155 947 1321 
f 1924 937 916 
f 2353 1049 1115 
f 3465 169 2048 
f 648 985 1861 
f 193 2095 1078 
f 2526 1790 2156 
f 2318 896 978 
f 59 1317 1083 
f 452 3288 1784 
f 2433 508 3193 
f 2859 2869 3476 
f 66 2121 3268 
f 1083 3396 2374 
f 749 1148 3499 
f 869 3527 738 
f 2353 3213 2449 
f 1026 1185 381 
f 1652 3437 529 
f 2998 1400 2085 
f 976 433 1197 
f 1658 3057 1347 
f 3294 598 492 
f 596 1112 2467 
f 797 2338 1661 
f 3231 50 3493 
f 3234 3516 2792 
f 2079 3301 3418 
f 244 393 2807 
f 2449 2536 585 
f 1607 2712 3374 
f 3157 2609 2382 
f 1604 2530 1179 
f 1269 2326 581 
f 3135 2456 1728 
f 2607 692 934 
f 3026 435 3024 
f 2679 662 2998 
f 1172 1341 1347 
f 3016 2382 1416 
f 2819 75 778 
f 1450 2494 1950 
f 1947 700 1443 
f 908 3545 2807 
f 118 3269 3433 
f 232 579 3428 
f 2618 2529 80 
f 1133 1094 411 
f 2851 1184 3464 
f 93 817 2906 
f 1264 173 1422 
f 3046 1798 1754 
f 869 1093 3527 
f 725 1254 2699 
f 1050 2463 861 
f 2699 149 725 
f 1711 152 649 
f 1212 2320 1290 
f 1948 2504 1914 
f 2463 2041 677 
f 3212 2490 2834 
f 974 3194 2733 
f 3216 2270 3425 
f 1060 3380 789 
f 329 2140 2940 
f 2011 2383 3527 
f 2316 3444 176 
f 3440 268 383 
f 3377 2056 1830 
f 2310 3399 2502 
f 1557 774 2044 
f 451 2094 2664 
f 2573 2303 160 
f 2506 2515 919 
f 348 2498 583 
f 3222 861 1187 
f 3015 3393 1713 
f 3568 664 3573 
f 1657 1246 3105 
f 1678 641 3163 
f 1450 2045 1721 
f 485 3548 1256 
f 634 1590 545 
f 944 2574 3449 
f 2559 194 335 
f 892 827 65 
f 2264 2360 2001 
f 544 1260 1124 
f 107 2024 2065 
f 1230 758 3373 
f 1501 2592 147 
f 2824 2748 2232 
f 2867 2218 2290 
f 3214 2023 1833 
f 1912 1456 2829 
f 2339 248 1297 
f 1136 2414 1506 
f 3373 758 2249 
f 1313 712 3266 
f 1581 1656 1591 
f 1122 3397 2136 
f 1195 1193 1272 
f 3177 1077 1691 
f 2744 2752 1280 
f 101 1778 771 
f 1363 242 1118 
f 251 2250 3236 
f 1651 1045 45 
f 2339 1720 248 
f 2504 3438 98 
f 1195 1272 1275 
f 106 381 1409 
f 668 3288 1934 
f 1530 2538 2056 
f 495 540 2012 
f 153 429 366 
f 1148 1195 1275 
f 1312 815 3188 
f 2209 2268 656 
f 2643 1218 152 
f 2519 1416 1006 
f 1419 727 1393 
f 1370 1537 891 
f 3170 3172 3453 
f 1157 1854 906 
f 2642 1274 887 
f 2569 3001 1326 
f 3418 1979 2248 
f 2823 1169 3166 
f 3504 864 3219 
f 3437 298 529 
f 948 1058 1131 
f 2359 1932 543 
f 325 1462 26 
f 2029 486 3420 
f 3108 3066 1579 
f 3448 3266 3311 
f 563 2100 2062 
f 1274 2642 280 
f 2752 2744 374 
f 3076 3003 3388 
f 1327 2524 3101 
f 3281 428 2606 
f 1548 725 149 
f 820 373 355 
f 1593 347 1181 
f 2925 45 3075 
f 1106 1796 2797 
f 2480 2834 2490 
f 2945 3262 413 
f 1489 240 2404 
f 2104 2413 966 
f 1599 1434 1694 
f 521 3092 3001 
f 1588 3176 2244 
f 2963 1103 206 
f 1831 1173 1523 
f 1186 105 1741 
f 446 1029 3023 
f 1755 2522 2362 
f 448 2037 289 
f 2277 505 2027 
f 2424 2577 3079 
f 2841 934 511 
f 402 1389 2195 
f 283 3436 975 
f 1460 1585 727 
f 19 1799 3427 
f 379 967 1327 
f 3499 1148 1275 
f 1232 1379 2753 
f 372 617 3114 
f 83 234 2433 
f 3249 711 1339 
f 1688 2518 2078 
f 2297 844 1392 
f 1856 47 97 
f 1871 3501 1309 
f 2023 1397 2731 
f 238 1132 2187 
f 1131 2827 2390 
f 654 2537 1118 
f 1880 1913 3278 
f 3523 422 2551 
f 3250 2327 1144 
f 2268 3142 763 
f 1446 2029 2130 
f 3081 2747 2886 
f 2095 193 3013 
f 2508 224 1221 
f 2657 1403 2651 
f 1723 2765 1948 
f 3110 552 3221 
f 2249 758 754 
f 1348 2214 1926 
f 317 1740 3297 
f 529 298 933 
f 2272 3452 3093 
f 1698 379 3038 
f 139 2261 2277 
f 940 598 1620 
f 3338 952 176 
f 1155 2523 2900 
f 2377 2701 457 
f 1750 1114 2767 
f 1363 1118 303 
f 1096 2119 2237 
f 2776 918 311 
f 1956 790 2397 
f 1126 711 3417 
f 2048 3430 594 
f 2796 2249 1070 
f 419 1871 2813 
f 3373 3041 1230 
f 928 2415 2274 
f 3130 2442 1183 
f 3254 3215 259 
f 842 1424 1410 
f 1193 1195 1074 
f 3275 1244 1612 
f 1976 1042 2146 
f 1809 2594 3306 
f 749 1494 961 
f 2963 2482 1103 
f 3538 809 302 
f 1293 3030 3244 
f 2108 2214 671 
f 591 2743 1653 
f 2333 2628 691 
f 3244 3440 383 
f 2023 1929 2899 
f 1144 3361 3434 
f 1652 1850 2742 
f 295 3414 1933 
f 3533 2089 2241 
f 2735 1287 3132 
f 2985 3438 2504 
f 3089 3040 2909 
f 926 1264 2583 
f 2385 2435 391 
f 459 819 136 
f 1799 2417 3427 
f 411 2535 1133 
f 501 1930 3322 
f 1823 3127 70 
f 1327 3130 3396 
f 320 1128 1514 
f 2508 2433 234 
f 2113 2172 2109 
f 1826 2622 2488 
f 2236 1633 1945 
f 2533 2279 3078 
f 1962 1008 1423 
f 219 1147 1267 
f 2863 2331 3214 
f 837 1499 2217 
f 455 835 2120 
f 647 1051 2444 
f 1426 3400 3199 
f 2412 2302 1641 
f 2320 2217 1358 
f 1085 2668 2625 
f 2296 3414 295 
f 2432 2189 2735 
f 3118 179 361 
f 1293 1768 1292 
f 2111 2577 3165 
f 1055 2229 3077 
f 2522 2345 2855 
f 1887 2540 1057 
f 2565 423 577 
f 3122 1676 1775 
f 3441 3264 2805 
f 3475 3217 3431 
f 196 2027 2865 
f 3368 2446 52 
f 468 2924 1003 
f 318 3177 1691 
f 1940 1800 116 
f 3339 1564 1183 
f 1703 706 3529 
f 1480 3106 2063 
f 1865 2653 1245 
f 9 1808 1192 
f 163 1403 1994 
f 3101 3130 1327 
f 3057 1658 2317 
f 2248 2386 3418 
f 2534 2961 95 
f 1124 1869 3068 
f 1193 1074 1113 
f 214 938 1885 
f 864 1960 1617 
f 2365 2492 2968 
f 1145 1146 2530 
f 1146 1123 2240 
f 2020 3365 2862 
f 3053 2076 3032 
f 848 3275 3014 
f 2429 2759 541 
f 1681 2987 2439 
f 875 355 3427 
f 1215 1944 190 
f 1048 2803 2517 
f 526 1471 2137 
f 992 138 1734 
f 852 3369 900 
f 1275 1560 1460 
f 1015 3165 2424 
f 1195 916 765 
f 2706 182 877 
f 3175 1855 1476 
f 964 2998 662 
f 3261 1390 2623 
f 3035 2248 2068 
f 727 1689 1393 
f 1893 1638 2948 
f 961 1494 1051 
f 1015 1249 3165 
f 1737 1896 807 
f 2399 2123 706 
f 815 3246 2152 
f 452 219 2608 
f 513 2167 2737 
f 865 1733 2022 
f 3029 3439 3030 
f 428 3281 1487 
f 2624 391 2435 
f 1285 470 81 
f 2449 1350 2353 
f 1784 622 452 
f 3239 1469 3511 
f 1829 3207 2022 
f 2091 3392 3022 
f 1484 1537 1532 
f 3063 836 3442 
f 3378 3468 2101 
f 1339 3320 2431 
f 249 1141 1649 
f 3479 627 937 
f 2261 497 2277 
f 2637 783 674 
f 2908 1610 2699 
f 693 507 473 
f 210 3519 1143 
f 868 373 468 
f 2381 2880 1316 
f 1194 2519 655 
f 3494 1259 1044 
f 2510 1242 2817 
f 1029 2684 3023 
f 1367 2764 85 
f 2773 2317 2083 
f 316 1785 398 
f 2513 1549 1407 
f 826 2200 413 
f 1713 356 747 
f 2907 2718 2878 
f 888 1819 2018 
f 160 2303 2290 
f 2640 1587 2350 
f 3061 1920 1837 
f 1531 1569 1018 
f 3261 2623 972 
f 74 2988 996 
f 2612 403 518 
f 3196 233 2388 
f 3366 2164 3278 
f 229 982 2004 
f 1579 3066 1585 
f 1020 2665 1625 
f 3026 1210 3064 
f 1072 473 2151 
f 3102 2881 3484 
f 175 3518 3481 
f 123 816 2994 
f 826 3290 2200 
f 2173 2762 2690 
f 2272 617 2629 
f 1367 1182 2262 
f 1183 3396 3130 
f 2632 143 1812 
f 3022 3392 2292 
f 1465 2037 448 
f 1290 1253 1020 
f 1423 266 269 
f 2328 3050 902 
f 1466 1834 2174 
f 3436 3029 3028 
f 465 746 350 
f 2579 1161 1662 
f 3355 3424 1708 
f 2346 2140 1884 
f 1662 2487 2579 
f 928 2675 448 
f 709 2096 1952 
f 2151 202 1811 
f 2495 3217 3475 
f 665 2675 1198 
f 3387 379 3190 
f 815 1312 3246 
f 2460 1380 533 
f 508 3402 3193 
f 663 859 538 
f 83 3336 234 
f 1929 2023 3214 
f 2288 1703 3529 
f 1072 1159 473 
f 877 182 2700 
f 3387 93 729 
f 1139 1290 1020 
f 3415 610 3265 
f 1204 1166 912 
f 3471 2278 3380 
f 396 2220 1680 
f 1685 2392 1241 
f 2860 3320 8 
f 193 3346 3300 
f 648 431 3411 
f 3538 972 809 
f 2866 1850 1652 
f 575 2682 621 
f 122 1900 546 
f 2780 1142 1033 
f 337 1216 1404 
f 594 135 3401 
f 781 724 1846 
f 1051 337 1404 
f 2926 1719 237 
f 2641 1093 3417 
f 235 784 1813 
f 1045 555 2226 
f 1002 1666 32 
f 3188 815 1014 
f 1055 3077 1151 
f 1789 1717 2727 
f 1913 420 2470 
f 3180 3037 3434 
f 2683 3437 42 
f 3011 256 1764 
f 2779 1875 1694 
f 1432 718 417 
f 3263 1984 1535 
f 2741 792 1903 
f 136 819 930 
f 874 2951 2572 
f 2948 3284 1893 
f 3220 2977 2410 
f 47 87 115 
f 2858 2684 2367 
f 170 3435 6 
f 2855 2345 2851 
f 3415 839 22 
f 3422 787 2749 
f 304 2872 2702 
f 1500 1431 1395 
f 3436 1057 975 
f 413 1165 826 
f 3376 211 843 
f 3500 237 1803 
f 2160 2515 2122 
f 1739 893 1323 
f 1591 1973 2379 
f 2512 1266 56 
f 2215 3405 435 
f 1644 1268 119 
f 2982 2631 3351 
f 2099 2342 2343 
f 1701 2053 556 
f 1188 3342 1714 
f 3256 2624 1022 
f 770 420 2313 
f 162 2730 986 
f 1569 690 2222 
f 2899 687 2023 
f 13 2466 142 
f 1795 2340 1867 
f 2883 1654 2021 
f 116 1800 1791 
f 1895 220 960 
f 902 685 2 
f 324 1679 1696 
f 226 3511 1286 
f 2447 2395 1012 
f 2005 1316 703 
f 2180 1038 352 
f 2612 2571 800 
f 110 1236 1661 
f 2219 2847 1098 
f 822 1922 3505 
f 456 475 278 
f 1334 135 594 
f 2634 2545 2084 
f 3256 391 2624 
f 2069 2111 1425 
f 2439 2987 3181 
f 713 1504 3223 
f 1176 2176 1702 
f 2785 312 290 
f 2366 2333 3327 
f 3483 2376 3559 
f 2941 970 2160 
f 196 103 2590 
f 2529 460 80 
f 2576 2193 2585 
f 789 3380 3455 
f 2942 2637 674 
f 2586 3115 2799 
f 2210 2366 1265 
f 926 2782 2097 
f 64 1572 3569 
f 243 1247 163 
f 3408 2402 1231 
f 971 815 389 
f 3203 1559 1103 
f 1275 1272 1560 
f 1650 1802 1617 
f 1573 3041 2796 
f 2371 1062 980 
f 2680 2354 2486 
f 446 1725 3318 
f 1123 3059 1202 
f 1779 2591 1475 
f 2325 1539 567 
f 1621 2246 1659 
f 426 909 911 
f 1940 2066 1971 
f 2835 1215 2150 
f 1759 1931 1066 
f 543 1932 1622 
f 2717 349 1995 
f 763 1047 2933 
f 131 1 3 
f 181 969 1248 
f 231 153 1856 
f 1693 2355 1862 
f 1177 2181 1711 
f 2142 2523 3518 
f 521 3199 2785 
f 1405 1307 1304 
f 811 2703 112 
f 259 3215 3247 
f 979 927 680 
f 2594 769 2393 
f 2652 3567 2138 
f 2481 1897 2805 
f 2577 2017 509 
f 2696 78 185 
f 2010 609 2384 
f 1735 1729 1906 
f 880 1158 526 
f 1603 1641 1748 
f 1452 1292 1360 
f 799 2719 448 
f 900 3369 2763 
f 304 1057 2368 
f 3063 2564 1852 
f 2614 1878 2586 
f 3295 156 2842 
f 1139 1212 1290 
f 2341 2354 2680 
f 1693 1016 1766 
f 1020 1253 1768 
f 3279 889 659 
f 820 875 718 
f 1080 1179 1146 
f 1707 3540 1864 
f 1354 3221 1981 
f 3526 732 43 
f 2415 1243 1191 
f 1203 2495 425 
f 1498 3234 993 
f 3513 3360 1338 
f 397 2259 1090 
f 1486 3422 2749 
f 972 2391 3261 
f 3031 2969 2081 
f 3022 692 2091 
f 487 2747 3081 
f 2529 394 460 
f 3457 2940 960 
f 1070 297 1573 
f 3326 232 694 
f 2103 1097 1223 
f 702 10 3174 
f 1648 3159 290 
f 673 2477 127 
f 1285 973 125 
f 1257 2174 1719 
f 3036 2639 2593 
f 2460 1851 1380 
f 330 2046 3505 
f 988 746 673 
f 2417 95 1969 
f 2875 598 2318 
f 1368 579 3326 
f 2140 2484 1895 
f 3087 2947 2907 
f 2918 827 590 
f 2904 3488 1632 
f 2295 3044 580 
f 3374 1445 1643 
f 1968 2953 630 
f 635 3142 3149 
f 2712 1607 3360 
f 24 626 2161 
f 3260 2129 2709 
f 766 281 3162 
f 3184 2737 2387 
f 1905 3070 1925 
f 3155 1998 1670 
f 2994 2734 2704 
f 1385 3273 2147 
f 2572 932 874 
f 1384 2127 1114 
f 3434 3361 1244 
f 3282 1477 595 
f 2426 1922 2149 
f 1897 1907 1707 
f 1755 2362 1727 
f 3566 3446 589 
f 1330 767 1980 
f 2881 2412 3549 
f 315 597 1525 
f 3369 3012 2763 
f 1671 275 1540 
f 740 1388 1679 
f 2145 2509 3103 
f 3211 176 3298 
f 1500 1358 2217 
f 824 2226 3039 
f 2527 2372 1729 
f 507 1256 473 
f 1539 803 1860 
f 3172 2585 1888 
f 492 940 1076 
f 1447 340 1835 
f 2282 2897 2257 
f 1088 1999 977 
f 1149 2711 2561 
f 2899 1929 1171 
f 2070 1547 641 
f 1848 65 2664 
f 2492 226 832 
f 1540 1374 1671 
f 1593 1778 347 
f 1397 687 1911 
f 318 2778 3296 
f 224 3336 2210 
f 1377 3448 1462 
f 3025 3544 2223 
f 136 2381 459 
f 2371 980 647 
f 2527 1729 2367 
f 772 180 1382 
f 210 1143 1286 
f 59 2261 20 
f 2890 654 242 
f 2376 633 1921 
f 3542 804 2141 
f 2365 2478 3551 
f 818 2467 796 
f 640 23 1013 
f 2747 479 1523 
f 1918 1873 771 
f 1113 859 1035 
f 1614 1663 2194 
f 964 1986 3230 
f 2213 1281 2690 
f 3240 3558 3310 
f 1130 107 1190 
f 3078 2279 2139 
f 3289 3453 3232 
f 2002 2779 1826 
f 1136 904 2414 
f 3282 942 1477 
f 673 1040 988 
f 1750 2983 2199 
f 456 1723 2791 
f 1868 502 1536 
f 142 650 3416 
f 3494 2820 860 
f 328 660 3072 
f 3514 1771 515 
f 2939 1660 2206 
f 3385 699 2184 
f 1572 1897 1707 
f 2624 2435 2589 
f 2892 2486 158 
f 105 2654 1741 
f 2929 1423 269 
f 2126 1072 761 
f 2596 3333 629 
f 3516 768 2792 
f 1056 2867 2290 
f 2000 1371 3341 
f 1839 3216 1521 
f 3267 1521 1955 
f 1031 2125 375 
f 1748 2302 516 
f 1394 1996 1992 
f 689 1481 708 
f 2399 1551 185 
f 3058 15 2819 
f 1521 2468 1887 
f 2554 1 4 
f 3030 1293 1452 
f 2361 380 2306 
f 297 1910 1278 
f 794 1660 2404 
f 350 666 3046 
f 3350 1562 1806 
f 15 18 2819 
f 2179 384 2007 
f 1484 1962 2944 
f 2359 1697 1247 
f 686 1348 1926 
f 3139 1857 3151 
f 950 1589 140 
f 2687 2637 2942 
f 1755 1563 1420 
f 1334 1068 135 
f 3017 932 2287 
f 2691 2073 1570 
f 3230 2709 2694 
f 908 2807 1282 
f 3211 2581 691 
f 1603 1645 1431 
f 2110 2073 1971 
f 3540 1707 1611 
f 2914 3308 166 
f 2416 3570 1650 
f 2412 3102 2302 
f 2495 1203 3009 
f 735 848 1685 
f 2407 2006 3128 
f 765 937 627 
f 2388 233 144 
f 1812 455 1746 
f 409 2133 2291 
f 102 921 5 
f 3253 2081 2969 
f 2979 369 664 
f 1605 1623 898 
f 84 2118 2087 
f 775 2035 25 
f 973 2595 2848 
f 50 57 3419 
f 886 1004 178 
f 2133 409 341 
f 1455 2151 3557 
f 423 2877 2398 
f 2015 2301 1841 
f 2102 2610 775 
f 1254 2176 2908 
f 648 3411 825 
f 1910 297 3397 
f 2323 2479 2340 
f 1641 3549 2412 
f 38 2455 540 
f 3232 1540 275 
f 820 2924 468 
f 1112 596 2624 
f 1689 727 1516 
f 2942 674 1349 
f 1111 1459 2688 
f 2055 1249 1015 
f 2918 590 2988 
f 3541 2182 2091 
f 971 2623 1014 
f 1919 3136 3302 
f 1929 2991 2337 
f 960 707 494 
f 1410 913 842 
f 240 863 1091 
f 218 3451 3025 
f 1267 2150 462 
f 1952 440 438 
f 1193 1412 1272 
f 438 709 1952 
f 2019 253 2045 
f 2507 696 3527 
f 3333 1284 3461 
f 155 3171 27 
f 3567 2996 569 
f 1762 2633 2732 
f 587 3452 849 
f 600 517 2714 
f 1521 3267 1839 
f 2405 1199 466 
f 1364 1965 3 
f 3240 217 2252 
f 124 2774 1855 
f 1091 1306 1082 
f 3205 324 3507 
f 1222 3435 2349 
f 38 1793 748 
f 961 1051 1390 
f 206 3061 1837 
f 3091 3040 3089 
f 1509 2497 1384 
f 1981 3221 552 
f 349 2717 2786 
f 1269 1931 1759 
f 3276 236 2324 
f 3126 2805 210 
f 1550 1452 1360 
f 2289 2543 805 
f 561 2738 16 
f 208 1370 891 
f 436 1840 2903 
f 2548 1030 679 
f 2147 2775 2573 
f 2911 2969 1744 
f 2373 660 1958 
f 160 2290 2218 
f 3093 3452 587 
f 3543 34 2183 
f 1862 293 1413 
f 3411 124 976 
f 1763 349 3081 
f 558 2312 227 
f 2305 31 2889 
f 2647 840 1761 
f 1997 1448 2868 
f 976 1197 825 
f 2838 1337 1732 
f 2552 623 2745 
f 1399 3340 3114 
f 3250 1604 2769 
f 1476 953 1090 
f 234 853 2508 
f 3552 2387 2999 
f 2298 1362 2581 
f 2928 773 68 
f 2271 509 1772 
f 867 1129 2541 
f 2970 881 498 
f 1546 1646 404 
f 893 1739 3553 
f 252 1359 3208 
f 3190 379 1698 
f 264 83 2433 
f 1772 1578 1884 
f 1293 3244 383 
f 1353 3109 1123 
f 1587 786 1606 
f 1355 171 1110 
f 658 2106 1699 
f 2333 3336 2628 
f 3068 2845 3450 
f 2581 3211 3298 
f 1450 403 2514 
f 1230 3041 1304 
f 714 801 1872 
f 1122 1910 3397 
f 2791 312 415 
f 2093 1910 1122 
f 2918 1245 451 
f 2338 797 1589 
f 1278 2435 1405 
f 200 1140 2378 
f 2435 2385 1405 
f 1990 858 414 
f 1405 2385 1307 
f 1884 1578 2346 
f 1017 987 1138 
f 466 3519 2289 
f 1185 1430 3503 
f 1607 3186 3360 
f 889 3279 3242 
f 2386 2079 3418 
f 1617 1960 3164 
f 3487 3080 3120 
f 3160 1025 3539 
f 727 1419 1460 
f 1821 2854 1058 
f 1740 2888 3317 
f 1464 1781 15 
f 883 2393 1737 
f 1248 628 181 
f 1896 563 807 
f 2656 2651 1665 
f 143 1877 1975 
f 2320 1156 2217 
f 2019 2045 756 
f 1950 1142 403 
f 1947 857 700 
f 1010 519 2419 
f 1771 479 2319 
f 1111 1505 364 
f 2473 608 3223 
f 3360 2725 742 
f 2275 447 1568 
f 434 3389 1082 
f 3414 1342 2163 
f 2507 2462 696 
f 2027 505 2865 
f 1143 3519 2602 
f 2691 2251 1901 
f 1360 1395 1431 
f 1396 2457 500 
f 1714 3308 3124 
f 2412 2881 3102 
f 611 641 1710 
f 1147 452 622 
f 3436 283 268 
f 383 268 3083 
f 1629 1233 852 
f 3076 1234 1697 
f 3473 2327 2265 
f 3136 1919 418 
f 343 2421 2659 
f 2727 1717 699 
f 1439 1661 1236 
f 1820 2047 1691 
f 2485 46 2856 
f 2139 595 1961 
f 669 2959 2322 
f 1415 1514 1827 
f 2060 2568 168 
f 1956 3524 790 
f 1141 157 1649 
f 2021 1654 1248 
f 3570 1564 3339 
f 2575 3241 3535 
f 2283 911 93 
f 1512 3015 3312 
f 2402 3402 508 
f 545 1590 3542 
f 2079 2055 280 
f 296 1086 1441 
f 1432 2751 1110 
f 2145 117 2115 
f 323 3156 2293 
f 619 2065 601 
f 650 2943 1987 
f 104 963 2905 
f 802 1794 1270 
f 2771 1596 3055 
f 579 232 3326 
f 3284 228 1870 
f 854 2992 1774 
f 1476 1583 1935 
f 1698 513 3190 
f 1039 1496 510 
f 236 1242 2324 
f 1751 607 1000 
f 1278 2638 899 
f 1727 1563 1755 
f 1499 1500 2217 
f 2071 2866 1106 
f 2301 2499 1526 
f 931 270 277 
f 741 2790 1067 
f 1802 3339 2442 
f 1546 1526 1545 
f 332 3233 1367 
f 1919 220 1895 
f 2619 3201 2237 
f 2124 2285 2171 
f 2917 539 2002 
f 1355 1785 2215 
f 361 607 1751 
f 2015 1841 2383 
f 2970 1357 881 
f 1621 1741 2246 
f 2202 1181 321 
f 2410 1492 184 
f 3481 724 175 
f 1408 1927 638 
f 1875 2779 539 
f 3126 1239 1486 
f 1058 1769 1821 
f 3526 1319 607 
f 2894 2166 246 
f 3382 3177 3296 
f 1267 1147 2835 
f 3532 1249 2386 
f 905 3517 348 
f 599 227 2312 
f 1360 1328 1395 
f 3124 2914 2170 
f 3169 1755 1156 
f 3205 3507 1208 
f 1431 1641 1603 
f 2856 41 2485 
f 1353 262 3109 
f 2895 187 3062 
f 1854 1441 3316 
f 62 2311 31 
f 342 3070 1942 
f 1615 1169 204 
f 964 1657 2998 
f 558 227 2760 
f 12 562 2752 
f 819 1900 930 
f 1395 1358 1500 
f 435 316 3432 
f 863 3555 1306 
f 1086 296 2491 
f 379 1327 3038 
f 2814 1732 2116 
f 1645 1576 1550 
f 2408 2820 1843 
f 1486 2177 3422 
f 98 1648 1914 
f 2747 1523 1173 
f 872 2738 583 
f 2457 1396 3277 
f 2203 726 780 
f 1627 2867 75 
f 1052 1102 491 
f 1494 3499 1419 
f 3135 1939 1850 
f 2216 2871 1121 
f 2546 944 1011 
f 381 106 3343 
f 1023 1116 2720 
f 2222 1043 1077 
f 482 333 241 
f 330 3505 637 
f 2707 3051 1816 
f 235 3304 784 
f 3473 3019 362 
f 222 2844 285 
f 2777 1699 2106 
f 2810 1582 341 
f 1580 425 2674 
f 213 1712 2968 
f 1444 170 1352 
f 643 57 2313 
f 455 1061 835 
f 2632 1877 143 
f 3059 1145 225 
f 3546 229 12 
f 2033 2271 2440 
f 892 1338 157 
f 1110 1664 1355 
f 2095 2856 2501 
f 1715 21 3143 
f 2249 2796 3373 
f 418 1919 2484 
f 808 3095 2584 
f 510 2364 467 
f 2477 465 3046 
f 2627 1874 997 
f 785 3072 793 
f 3567 569 2138 
f 2638 1278 2093 
f 386 1107 3426 
f 1066 2112 2606 
f 723 572 811 
f 658 1866 1859 
f 3372 2547 3252 
f 181 628 3348 
f 1383 1444 1352 
f 3236 937 1321 
f 3131 1747 1229 
f 1468 1036 519 
f 1298 193 1346 
f 2242 1810 389 
f 2426 2149 2246 
f 3148 3146 3243 
f 536 1495 1164 
f 3185 2551 422 
f 2319 2747 487 
f 2667 1224 1923 
f 1151 789 3455 
f 2425 1637 3526 
f 1673 2375 3202 
f 1893 3284 3283 
f 693 2604 2981 
f 1386 1928 1554 
f 3284 2948 2451 
f 1493 2010 56 
f 1673 2457 802 
f 284 3128 3467 
f 628 3077 2229 
f 995 2255 2621 
f 1576 1901 2251 
f 321 2165 2202 
f 1805 2962 2281 
f 1316 2005 392 
f 2275 1568 3471 
f 216 303 3050 
f 813 2822 2574 
f 1111 2014 1505 
f 1361 2737 1695 
f 2581 3298 1075 
f 2118 84 1329 
f 268 2115 3083 
f 1278 1373 297 
f 2679 2998 1601 
f 2399 185 2544 
f 1632 3488 1963 
f 2731 1833 2023 
f 1824 740 569 
f 1360 1292 1328 
f 2122 2515 3282 
f 1664 1785 1355 
f 3363 2833 1480 
f 2192 1598 2413 
f 2027 196 69 
f 587 2240 3109 
f 408 1576 2251 
f 1509 63 2497 
f 37 2808 3141 
f 2626 1756 86 
f 178 730 886 
f 642 2466 13 
f 3501 1871 2849 
f 689 2708 1481 
f 896 2318 291 
f 2828 2344 1636 
f 2195 3406 570 
f 2665 1020 1768 
f 1271 3097 1702 
f 1076 949 2729 
f 1089 79 769 
f 358 570 612 
f 573 408 2251 
f 48 2540 537 
f 3167 2597 2437 
f 1532 1537 1370 
f 2664 1842 547 
f 1362 1668 691 
f 2933 1047 3305 
f 1818 3147 2613 
f 2151 761 1072 
f 241 2645 482 
f 3336 2333 2210 
f 1719 2926 2048 
f 535 1175 653 
f 851 3306 883 
f 3568 878 549 
f 3180 678 3037 
f 481 708 721 
f 1222 1197 6 
f 536 889 1495 
f 830 1961 1477 
f 1259 3568 549 
f 2278 3470 812 
f 1984 3263 409 
f 1641 2302 1748 
f 3116 1818 2613 
f 1891 2287 2572 
f 2946 739 2560 
f 2621 1779 1706 
f 2095 2501 1180 
f 466 805 2405 
f 2956 3002 3146 
f 1140 200 1491 
f 116 1791 2676 
f 2510 2346 1578 
f 949 1422 2114 
f 988 350 746 
f 567 2730 2325 
f 101 347 1778 
f 2517 2803 43 
f 1928 1386 1099 
f 2310 2502 1923 
f 2737 2167 1943 
f 1739 1921 633 
f 1033 1843 2780 
f 1653 2710 2108 
f 1180 1043 690 
f 2098 814 3239 
f 1011 331 2546 
f 3477 1812 143 
f 2430 1928 1099 
f 1866 1627 1637 
f 184 996 2672 
f 2256 1625 2794 
f 2021 1248 969 
f 3094 2304 2800 
f 3556 910 1878 
f 1017 3229 2537 
f 534 7 1984 
f 2860 3381 3320 
f 3256 1585 1560 
f 2723 3173 1561 
f 3112 69 2590 
f 2964 2816 3055 
f 2188 3190 513 
f 3000 1375 1744 
f 2082 2636 751 
f 2153 1502 2233 
f 1319 3300 1000 
f 714 1865 3116 
f 1119 941 596 
f 370 3522 2728 
f 3377 1993 2280 
f 2570 2520 1130 
f 187 1531 1967 
f 1826 2488 2002 
f 28 3117 3329 
f 112 1079 2543 
f 2441 582 1032 
f 3287 1642 1798 
f 265 1052 1701 
f 2822 847 344 
f 3496 3534 314 
f 3138 806 3543 
f 1401 1958 929 
f 1806 1562 1456 
f 1814 684 3545 
f 3481 3016 345 
f 246 1666 1002 
f 668 88 3288 
f 2011 2437 159 
f 2149 1922 3268 
f 2052 927 1012 
f 2266 1063 898 
f 3535 3390 3534 
f 3466 1031 2475 
f 2244 1283 557 
f 326 3360 3186 
f 623 39 3139 
f 1045 399 3347 
f 420 2452 2313 
f 246 1002 966 
f 3546 631 982 
f 1484 2944 1882 
f 2345 1212 2851 
f 3561 3207 1829 
f 1976 2297 1392 
f 887 2879 2191 
f 117 2145 3522 
f 3174 2528 1575 
f 1813 936 235 
f 1067 24 741 
f 1527 342 1942 
f 2728 3103 636 
f 1528 1851 2460 
f 195 102 601 
f 1292 1253 1328 
f 1042 2496 264 
f 814 91 2234 
f 3020 3345 695 
f 2420 3150 1824 
f 1237 313 592 
f 2564 3063 1964 
f 2379 3315 2108 
f 120 121 1333 
f 2930 997 1874 
f 75 2554 778 
f 3214 2331 2991 
f 3128 1670 2407 
f 3425 2270 2468 
f 2511 476 1135 
f 494 3495 960 
f 802 67 1673 
f 2249 754 650 
f 2937 141 558 
f 1616 1343 2254 
f 1214 728 1700 
f 1830 1258 2423 
f 981 2741 1140 
f 1244 2740 2201 
f 2939 3212 1660 
f 2008 1222 2349 
f 854 2461 2992 
f 281 1905 20 
f 552 1775 1981 
f 2910 3052 2563 
f 332 3005 3233 
f 1906 1729 2372 
f 3559 1921 474 
f 2863 245 2154 
f 2201 1549 1612 
f 1765 2982 3351 
f 1881 2027 69 
f 2043 3333 3461 
f 69 3112 1881 
f 1506 530 3537 
f 3507 3309 1522 
f 3249 1339 273 
f 3474 1478 1797 
f 2365 2968 1712 
f 2334 855 2726 
f 681 620 1107 
f 1819 3484 2528 
f 653 1175 3442 
f 537 2270 642 
f 3447 3412 423 
f 2708 537 642 
f 833 2258 1942 
f 255 2709 1986 
f 1556 606 1557 
f 2486 1962 158 
f 3017 1813 1538 
f 796 1278 899 
f 1171 520 2899 
f 1609 442 1498 
f 2209 656 2159 
f 3109 262 3121 
f 1776 756 2894 
f 2872 2978 2090 
f 215 1834 1466 
f 2164 1880 3278 
f 2476 2603 2655 
f 2308 3129 26 
f 1260 3020 406 
f 40 2517 43 
f 1690 1162 620 
f 3428 3234 442 
f 3066 727 1585 
f 3278 1913 2716 
f 1285 125 489 
f 889 499 1495 
f 526 1158 1471 
f 1692 2986 3488 
f 2047 1820 1665 
f 2354 3018 1882 
f 989 979 618 
f 1331 531 1434 
f 2780 1843 1722 
f 1565 2083 237 
f 508 1255 2915 
f 3119 2808 3558 
f 288 1692 3488 
f 3115 3111 2722 
f 1249 2079 2386 
f 3294 2770 3085 
f 132 1260 2982 
f 3122 1775 1433 
f 2878 3087 2907 
f 2735 2189 2245 
f 2618 3486 2529 
f 1782 1415 743 
f 3115 2722 2799 
f 1168 1391 1626 
f 879 1847 1117 
f 1955 3056 3267 
f 1431 1500 1641 
f 3218 1342 893 
f 3517 3314 348 
f 823 1738 993 
f 1981 3150 1354 
f 1452 1293 1292 
f 1555 1497 2794 
f 403 2612 2514 
f 2165 321 1683 
f 2964 2606 1867 
f 3183 2952 3040 
f 3219 1221 224 
f 2234 856 2315 
f 974 300 3083 
f 2903 438 436 
f 2066 1357 2028 
f 1505 2630 2874 
f 7 133 2638 
f 2157 732 1637 
f 1820 2501 2656 
f 419 2813 367 
f 3117 288 2973 
f 3240 3310 299 
f 1087 703 1366 
f 1594 528 947 
f 3015 1512 2469 
f 436 438 1376 
f 1005 577 205 
f 2874 364 1505 
f 2433 3193 2146 
f 2200 2427 958 
f 17 1821 1769 
f 2107 464 2038 
f 3356 861 459 
f 2037 1407 1252 
f 494 2049 3495 
f 2313 3231 770 
f 341 1028 873 
f 1888 1418 3172 
f 3107 1522 17 
f 3008 2898 2598 
f 1217 2181 661 
f 2295 2184 3044 
f 468 373 820 
f 1731 565 2916 
f 3431 2396 3269 
f 619 2864 3034 
f 1304 1113 1230 
f 7 2638 1125 
f 1560 1518 3256 
f 3165 2577 2424 
f 2695 295 1933 
f 3056 1955 2338 
f 309 307 3021 
f 2242 2061 1810 
f 753 1976 2146 
f 547 1842 1643 
f 564 3517 28 
f 713 591 3008 
f 3225 201 1619 
f 446 922 1029 
f 2626 86 883 
f 2335 2025 2550 
f 2650 367 2813 
f 303 3229 902 
f 3112 2590 2995 
f 3359 890 2126 
f 2652 2138 2930 
f 2811 3413 2927 
f 1341 3500 1803 
f 2122 2941 2160 
f 2010 1493 1600 
f 1287 3232 388 
f 2610 1378 18 
f 1081 2474 1890 
f 1973 2898 3315 
f 3267 2472 1839 
f 3064 435 3026 
f 3015 1713 3312 
f 347 101 826 
f 2020 1027 2406 
f 2126 1159 1072 
f 3078 3270 3462 
f 163 1116 1760 
f 2733 3194 204 
f 3469 773 2928 
f 57 3476 3419 
f 3411 976 825 
f 830 1592 3362 
f 2152 3246 2242 
f 3010 2958 442 
f 48 2708 689 
f 2652 1302 2996 
f 3059 1123 1145 
f 721 254 2196 
f 1382 1102 772 
f 48 689 481 
f 2185 516 2302 
f 2364 2028 467 
f 881 116 2676 
f 556 2753 2358 
f 3430 2048 2926 
f 304 2368 2872 
f 2291 534 409 
f 2995 99 3112 
f 2745 623 2711 
f 3522 943 3194 
f 2074 2110 2168 
f 1724 3332 3183 
f 73 118 1065 
f 807 563 2062 
f 1654 628 1248 
f 1415 1827 504 
f 2219 2309 1170 
f 2139 2279 11 
f 3049 3252 1081 
f 1617 3125 1650 
f 1648 290 1914 
f 2344 987 1636 
f 2282 2640 2897 
f 375 1541 1454 
f 2542 166 3308 
f 2200 3367 413 
f 3117 28 288 
f 2158 2067 2650 
f 2013 3034 2864 
f 367 1903 578 
f 3439 3436 3440 
f 2114 173 80 
f 628 1654 3077 
f 2719 799 3497 
f 2394 2180 154 
f 1631 2396 3431 
f 643 2697 2859 
f 2941 595 3510 
f 442 1609 3010 
f 1573 297 3041 
f 770 496 2470 
f 2582 1962 1532 
f 2763 2317 900 
f 3053 2669 2076 
f 510 467 1098 
f 2348 3381 339 
f 374 2744 2446 
f 2351 1021 3263 
f 173 926 1064 
f 2260 18 15 
f 504 1827 2221 
f 2363 2870 1894 
f 462 714 1872 
f 1055 3493 2890 
f 3382 3296 3388 
f 2930 2138 2008 
f 2163 310 1533 
f 3233 3480 3353 
f 3324 3421 1930 
f 3046 3283 1798 
f 658 1859 461 
f 2812 2227 2965 
f 3340 1738 2629 
f 310 3170 3453 
f 2808 3119 1449 
f 3568 983 878 
f 1974 1453 1397 
f 2101 3468 2294 
f 732 2157 51 
f 435 3432 3024 
f 811 528 912 
f 2942 2725 2687 
f 3057 3012 1172 
f 1516 2949 1689 
f 3335 2475 3417 
f 2886 2990 2692 
f 2792 1749 993 
f 32 1194 655 
f 2806 52 1055 
f 2185 2302 60 
f 2054 331 3560 
f 2549 747 356 
f 1224 3198 2920 
f 890 3073 3027 
f 2847 3191 1039 
f 2579 2587 3517 
f 1791 1645 1748 
f 3208 127 2477 
f 2683 3246 3437 
f 2261 59 497 
f 1637 2335 2157 
f 694 38 748 
f 225 1145 2530 
f 2013 1190 3034 
f 704 177 2884 
f 3421 1138 2566 
f 656 2268 763 
f 2676 209 881 
f 1664 1110 42 
f 625 1305 2448 
f 1914 1902 1948 
f 280 3050 1274 
f 802 1270 1908 
f 498 881 209 
f 498 2461 854 
f 2976 1934 3288 
f 35 1053 165 
f 530 2414 109 
f 110 3028 1236 
f 44 1478 2778 
f 1356 2454 82 
f 2293 3156 3328 
f 2458 108 2936 
f 137 649 152 
f 1853 2465 3446 
f 1588 841 744 
f 3 1056 1364 
f 3002 2956 2955 
f 2532 1486 2332 
f 2971 593 2972 
f 2284 2993 2208 
f 1514 1128 1827 
f 1245 1818 3116 
f 1423 2352 1776 
f 2675 665 2513 
f 3047 619 5 
f 406 2330 2631 
f 306 2757 365 
f 837 1156 745 
f 689 708 481 
f 3445 638 3375 
f 2547 431 648 
f 3084 3270 3066 
f 1060 789 2049 
f 879 669 432 
f 2791 2314 456 
f 2431 273 1339 
f 2108 671 2379 
f 3168 662 2679 
f 921 3047 5 
f 866 1314 2292 
f 1547 2070 1524 
f 866 1343 1836 
f 1070 2472 1473 
f 3182 2571 2612 
f 3527 1845 738 
f 1045 1651 2862 
f 3212 1219 1660 
f 1770 270 931 
f 2490 2445 2932 
f 238 3391 2505 
f 721 3502 698 
f 2385 1412 1307 
f 434 2144 3107 
f 3362 1516 830 
f 3440 3244 3439 
f 1511 1727 1574 
f 3004 2705 2773 
f 1730 33 2443 
f 3477 14 1915 
f 2186 2489 762 
f 357 1310 3036 
f 2777 3314 2487 
f 1997 444 2361 
f 2492 3511 226 
f 2003 2156 1558 
f 2829 205 1912 
f 1634 891 1537 
f 1252 2299 567 
f 1287 388 1595 
f 1861 2138 334 
f 2102 923 2550 
f 1868 1536 462 
f 3014 1685 848 
f 1519 2038 562 
f 842 2805 3126 
f 1898 1677 2309 
f 851 258 926 
f 1880 118 3433 
f 536 769 79 
f 3284 1870 3287 
f 984 1551 1703 
f 2888 317 2283 
f 1462 2981 1377 
f 3247 757 259 
f 543 1121 1697 
f 2300 2753 1379 
f 386 1926 681 
f 3262 321 1165 
f 1975 3349 14 
f 2828 2082 751 
f 1848 547 1445 
f 2014 738 1845 
f 1258 3408 1231 
f 2215 1003 171 
f 267 520 2228 
f 1468 519 1068 
f 968 3384 1688 
f 3445 3255 1704 
f 2858 2522 2855 
f 3228 3293 3317 
f 2676 2185 209 
f 3384 3166 1214 
f 164 2080 1570 
f 2508 853 224 
f 768 998 2792 
f 263 2754 401 
f 2566 3415 22 
f 641 611 2070 
f 1979 3418 3301 
f 3451 3068 3450 
f 2719 3497 2125 
f 3198 2204 3514 
f 2204 3198 1224 
f 1477 1961 595 
f 794 66 2206 
f 1144 3434 3037 
f 2729 1281 1076 
f 1771 2319 515 
f 3052 1683 2563 
f 750 3046 666 
f 421 128 2871 
f 659 759 3279 
f 634 545 325 
f 3516 2077 768 
f 135 186 3401 
f 74 1492 2815 
f 1066 1931 1235 
f 3357 1268 1644 
f 3247 3215 806 
f 1717 1262 1228 
f 2015 2499 2301 
f 796 2435 1278 
f 3281 2964 3055 
f 1318 2054 1786 
f 2343 2369 2099 
f 822 1985 1922 
f 2834 1117 1219 
f 964 3230 1294 
f 2159 2933 174 
f 454 2551 3185 
f 2475 375 1454 
f 2395 1374 1540 
f 1623 362 2039 
f 579 1368 1817 
f 1263 2567 3106 
f 1982 2303 2573 
f 2526 1192 1808 
f 2675 928 1198 
f 2292 254 866 
f 1420 745 1755 
f 1121 543 1622 
f 607 361 3526 
f 2296 2863 2154 
f 1760 3474 1736 
f 2430 71 2649 
f 2585 3170 2576 
f 3451 544 3068 
f 313 797 573 
f 304 2702 1057 
f 1977 1457 895 
f 1841 550 2383 
f 25 2035 1706 
f 152 2034 3134 
f 710 1684 1280 
f 646 2789 1270 
f 751 2636 412 
f 751 412 2616 
f 883 86 851 
f 1125 1122 2655 
f 2129 1732 2814 
f 2338 1589 3536 
f 2518 139 100 
f 1191 3409 2415 
f 229 876 12 
f 1887 110 1521 
f 2252 2773 2705 
f 724 3481 1846 
f 484 1246 2874 
f 686 2882 1348 
f 2657 1706 1779 
f 1217 1218 2181 
f 2425 361 179 
f 2534 294 1479 
f 2446 1991 374 
f 2062 1756 2626 
f 2810 555 2862 
f 333 212 241 
f 600 986 2488 
f 3027 109 890 
f 1263 3404 1227 
f 3094 2811 3048 
f 1151 3077 657 
f 1409 381 1406 
f 2237 804 1096 
f 1569 1531 187 
f 2832 2830 2977 
f 978 405 2120 
f 2373 1119 2467 
f 711 1337 1339 
f 2464 1389 1678 
f 3564 461 179 
f 1634 3424 3003 
f 2769 823 3019 
f 1857 2837 1487 
f 1474 959 2190 
f 1616 2254 1046 
f 3468 3378 3394 
f 1685 1365 2392 
f 2162 1544 3207 
f 862 847 2854 
f 1149 2745 2711 
f 2871 2216 247 
f 599 142 3416 
f 2298 287 1226 
f 3124 3308 2914 
f 633 2376 556 
f 849 3452 651 
f 1917 2891 631 
f 3124 1188 1714 
f 254 721 698 
f 890 3359 3073 
f 709 1324 2096 
f 3407 2724 798 
f 2674 425 2495 
f 290 3159 2785 
f 3191 2847 469 
f 3157 3016 3518 
f 28 3329 92 
f 1335 3569 1322 
f 1019 2537 654 
f 1292 1768 1253 
f 1322 251 723 
f 566 2602 466 
f 3279 1783 3242 
f 2022 1402 1829 
f 2810 873 1566 
f 89 1787 1671 
f 1499 837 3549 
f 1986 2709 3230 
f 885 552 1490 
f 924 3090 2993 
f 3052 2910 1117 
f 1286 3358 2332 
f 2927 3048 2811 
f 3563 132 741 
f 941 1022 596 
f 3196 2388 2839 
f 960 3495 3457 
f 1619 201 1912 
f 2314 475 456 
f 3264 3519 210 
f 2329 840 2647 
f 1730 845 2407 
f 1644 2092 1994 
f 1905 766 1807 
f 1262 1717 1789 
f 2758 3043 2788 
f 2956 2922 2799 
f 1661 1439 2224 
f 3471 1482 2278 
f 220 2275 1757 
f 450 1036 3299 
f 2477 2804 3208 
f 3019 823 993 
f 1168 1626 865 
f 535 1490 2601 
f 1846 1071 886 
f 1942 2258 1178 
f 1540 2245 3463 
f 2460 2631 1528 
f 2411 3353 2131 
f 3550 3044 2184 
f 1706 2035 2621 
f 3500 2948 957 
f 1925 3070 2167 
f 1689 2949 1414 
f 775 25 191 
f 235 1402 1733 
f 3524 3189 3563 
f 2542 1225 2923 
f 518 403 991 
f 808 2553 3520 
f 1870 228 1586 
f 761 3359 2126 
f 827 451 65 
f 819 861 3222 
f 1698 1925 2167 
f 259 757 2438 
f 2498 348 3314 
f 928 448 2125 
f 1315 1519 229 
f 3101 720 2442 
f 3509 2199 2983 
f 3554 752 1541 
f 53 191 25 
f 730 178 2772 
f 3515 3113 3085 
f 1760 1116 1023 
f 2178 2551 454 
f 2702 636 2509 
f 2906 2888 2283 
f 1449 1834 385 
f 3096 880 2539 
f 1759 2552 2326 
f 2652 2996 3567 
f 261 245 557 
f 2167 513 1698 
f 1398 1236 3030 
f 1706 2657 2656 
f 1041 182 2706 
f 1065 118 3366 
f 2735 1756 2432 
f 2387 646 3277 
f 2358 2753 2300 
f 2526 2156 1192 
f 2695 2902 2836 
f 521 3001 584 
f 1264 3161 1809 
f 1362 2298 1226 
f 1396 30 3552 
f 1768 1293 383 
f 2439 2685 1681 
f 3102 60 2302 
f 517 1551 2714 
f 2498 3314 2777 
f 3134 3311 2659 
f 1643 1838 3374 
f 3379 3224 3321 
f 646 532 1451 
f 9 524 2861 
f 1985 822 2833 
f 2200 958 968 
f 1989 785 133 
f 2669 2764 675 
f 349 1763 1995 
f 77 1752 3364 
f 568 2012 38 
f 192 2616 829 
f 275 3289 3232 
f 3106 1951 2063 
f 1328 1290 1358 
f 2755 894 2718 
f 695 3345 2223 
f 3334 2206 66 
f 4 2124 2554 
f 895 1457 3205 
f 700 446 3318 
f 914 1721 2045 
f 190 1529 1215 
f 1957 480 517 
f 420 1007 314 
f 51 46 732 
f 191 51 2157 
f 74 2815 2988 
f 2765 1723 456 
f 980 3152 647 
f 2951 897 1891 
f 1420 2528 3484 
f 2440 2140 2033 
f 3435 170 2349 
f 3157 511 2609 
f 801 2787 1872 
f 3388 3355 3382 
f 1008 2582 208 
f 3255 3487 3120 
f 1800 1940 1576 
f 558 2760 2645 
f 283 975 2509 
f 828 3404 3505 
f 353 893 1342 
f 2073 2074 2746 
f 238 2505 200 
f 1835 2294 3468 
f 1725 3023 1184 
f 2970 467 1357 
f 3110 848 735 
f 2761 24 1067 
f 177 2321 2884 
f 2701 1189 779 
f 1887 3436 3028 
f 2821 1160 1700 
f 2408 1517 29 
f 2876 2677 1773 
f 946 130 1010 
f 1438 1652 2742 
f 3096 3251 2901 
f 1167 2116 1732 
f 3491 1900 122 
f 3463 2245 2189 
f 628 216 3348 
f 2608 397 1935 
f 2359 1247 276 
f 2368 2540 48 
f 466 2289 805 
f 1832 2351 3263 
f 2921 3342 1188 
f 1147 622 1784 
f 3489 1375 560 
f 2713 651 3452 
f 3439 3029 3436 
f 1636 987 1017 
f 752 1041 1325 
f 127 1040 673 
f 1719 2048 1257 
f 2587 3314 3517 
f 2934 437 485 
f 2466 650 142 
f 1187 861 3209 
f 2041 2463 1050 
f 2567 2046 2162 
f 1630 948 956 
f 1970 821 3197 
f 3237 1686 1513 
f 1904 2004 3158 
f 3268 2121 2149 
f 1598 2192 158 
f 1627 2218 2867 
f 913 1410 2043 
f 3151 3055 1596 
f 1893 750 1638 
f 719 2700 182 
f 991 1722 518 
f 483 1934 1983 
f 291 1375 670 
f 1634 3333 2596 
f 3355 1708 3382 
f 334 2138 3153 
f 1907 1897 2481 
f 2950 2801 3069 
f 2030 551 199 
f 3438 2985 1427 
f 1473 3397 297 
f 154 2873 2394 
f 3473 1623 1605 
f 2671 2342 1174 
f 2945 100 2277 
f 2235 1447 716 
f 3475 3269 2674 
f 3120 3080 2878 
f 2611 2104 2489 
f 2217 1156 837 
f 1966 2558 764 
f 884 215 2946 
f 2041 1912 201 
f 2495 2639 3354 
f 3545 202 1814 
f 312 1723 1902 
f 129 172 2840 
f 2185 888 2461 
f 3426 1320 977 
f 1744 3489 1885 
f 2601 1490 552 
f 2280 2056 3377 
f 1901 1940 1971 
f 1038 122 352 
f 2603 1832 1351 
f 1170 2309 1773 
f 3172 3170 2585 
f 3445 3375 3487 
f 1941 3285 1340 
f 1753 1252 567 
f 2471 903 994 
f 221 1546 3105 
f 1147 548 1944 
f 3530 1172 871 
f 1282 2322 908 
f 566 61 2968 
f 2092 2920 1100 
f 638 1927 412 
f 1340 1904 1941 
f 1448 2625 2478 
f 935 331 2913 
f 1316 392 2381 
f 887 2887 2642 
f 208 2582 1370 
f 1442 3548 2913 
f 949 1076 3443 
f 2424 3079 3403 
f 3153 3205 1457 
f 184 2672 2410 
f 2165 1847 2839 
f 1237 140 313 
f 2637 2687 3222 
f 2360 1602 3158 
f 3360 3513 2712 
f 551 2453 199 
f 912 2058 1204 
f 1065 2038 464 
f 3451 3544 3025 
f 3407 1485 2724 
f 662 1986 964 
f 1899 2842 256 
f 658 2526 1808 
f 36 269 1622 
f 917 1088 1320 
f 2981 3181 1377 
f 1646 1546 1545 
f 3353 1715 675 
f 3272 2578 2774 
f 1417 630 3122 
f 808 1592 2553 
f 2549 2453 3395 
f 1047 2158 1309 
f 1103 2482 816 
f 618 979 1959 
f 703 1316 1366 
f 2531 1298 2754 
f 4 2285 2124 
f 458 1346 2971 
f 3546 982 229 
f 3096 1674 2198 
f 428 1759 1066 
f 2276 2997 1428 
f 934 2841 2607 
f 1886 1428 2826 
f 1760 1478 3474 
f 3392 3562 400 
f 1332 704 2884 
f 3268 2197 3334 
f 2073 1901 1971 
f 3502 1481 2312 
f 2620 1616 1046 
f 1800 1645 1791 
f 1676 3122 630 
f 2409 340 2954 
f 3300 3346 2531 
f 17 1747 3107 
f 518 1722 554 
f 906 1258 1150 
f 2101 2294 2193 
f 2571 1001 1666 
f 273 1501 3249 
f 2893 1016 608 
f 1220 788 965 
f 1071 1004 886 
f 2021 3403 2883 
f 3173 3067 3099 
f 2760 482 2645 
f 3171 3043 2263 
f 2850 2829 1562 
f 2839 2202 2165 
f 1781 1464 3399 
f 636 2090 833 
f 852 900 1629 
f 2407 1670 33 
f 2731 1397 1453 
f 219 1267 462 
f 1872 1326 1868 
f 2810 1566 555 
f 721 708 3502 
f 1153 3359 615 
f 1968 740 1824 
f 3562 2978 400 
f 3213 2562 2449 
f 2746 164 2073 
f 1804 2087 3409 
f 2448 1730 2443 
f 2953 1981 1676 
f 479 1771 1783 
f 1974 21 1663 
f 3258 2538 1233 
f 3383 3352 950 
f 3273 1385 1345 
f 1712 359 1448 
f 3551 697 2365 
f 914 2045 253 
f 2646 525 1102 
f 2341 2481 913 
f 108 1891 1269 
f 3140 21 1974 
f 2593 2707 1816 
f 732 46 43 
f 3173 3099 1561 
f 2451 918 228 
f 2132 270 1770 
f 1927 1185 1026 
f 3179 3087 3086 
f 2092 1752 77 
f 1955 1661 2338 
f 2726 809 2334 
f 3423 3224 3565 
f 1533 3453 3289 
f 2885 2662 2680 
f 3006 2441 2262 
f 200 2505 1491 
f 384 848 2007 
f 2801 812 3470 
f 3000 670 1375 
f 792 3135 189 
f 3233 3005 3480 
f 149 2699 2511 
f 1367 2262 332 
f 51 2795 2856 
f 1828 1702 2175 
f 1584 3259 1575 
f 1594 1196 430 
f 293 1862 2355 
f 997 1444 2627 
f 1660 1117 2910 
f 863 240 1890 
f 1972 3321 3423 
f 2384 2963 2010 
f 3126 1486 1424 
f 2784 274 1883 
f 1525 2097 2782 
f 1407 1503 2299 
f 2031 483 3272 
f 661 3129 1217 
f 2461 888 2992 
f 3098 549 1095 
f 669 879 2959 
f 3071 2948 1638 
f 3339 1802 1650 
f 1758 3035 1379 
f 1777 2989 1566 
f 2544 1211 2399 
f 1728 1939 3135 
f 444 1997 2759 
f 2251 592 573 
f 2900 2523 2142 
f 2723 2820 2408 
f 1747 3131 3107 
f 954 621 3506 
f 3113 1375 291 
f 800 1666 246 
f 1276 829 2566 
f 524 3533 1992 
f 2361 2306 1085 
f 2303 2269 2135 
f 1374 520 89 
f 2742 1939 398 
f 2903 244 2026 
f 1059 814 2234 
f 1309 3501 1513 
f 1516 3270 830 
f 3550 528 1594 
f 2994 2450 123 
f 2650 2067 2896 
f 3510 595 11 
f 1317 3038 3396 
f 1970 188 1052 
f 667 1442 1461 
f 1440 158 2192 
f 1586 3297 2580 
f 1374 2228 520 
f 163 1736 1403 
f 3182 2612 518 
f 3150 2420 1302 
f 1834 215 385 
f 828 3505 2046 
f 1595 388 1888 
f 567 1539 1753 
f 3304 235 1733 
f 3370 1726 404 
f 2485 41 40 
f 3032 2076 1012 
f 2781 1865 2150 
f 2772 167 2375 
f 762 966 1002 
f 1080 1146 2240 
f 3226 475 2314 
f 2398 2068 2248 
f 537 2468 2270 
f 155 248 477 
f 1091 863 1306 
f 658 2190 959 
f 351 3093 3121 
f 1684 1296 2716 
f 1071 1001 1004 
f 996 3503 2672 
f 2064 1394 2775 
f 1427 2493 3438 
f 782 469 571 
f 1552 1969 2061 
f 2818 3303 3136 
f 96 740 1968 
f 3064 868 435 
f 1748 516 1791 
f 1382 2324 2646 
f 2364 2110 2028 
f 2168 1446 2130 
f 1092 1301 395 
f 2619 2390 2059 
f 2009 771 1778 
f 79 1809 3161 
f 511 2620 2609 
f 1834 3004 1565 
f 536 1164 769 
f 349 2786 515 
f 2515 2160 1879 
f 2620 1836 1343 
f 1933 2902 2695 
f 1861 334 1949 
f 2673 661 2181 
f 23 95 360 
f 2185 60 888 
f 2489 1163 2611 
f 1807 833 1942 
f 2072 492 1076 
f 310 2163 3378 
f 1787 2695 2836 
f 2819 1378 2802 
f 2796 3041 3373 
f 1453 2244 2731 
f 2052 2189 2432 
f 3092 3159 1213 
f 39 1857 3139 
f 3011 1899 256 
f 2216 1622 266 
f 1686 62 174 
f 2978 2196 400 
f 1412 1193 1307 
f 370 2728 2938 
f 677 2041 201 
f 3043 3171 2879 
f 612 3406 614 
f 1624 2575 3496 
f 469 1170 617 
f 2971 1346 593 
f 2340 1049 2323 
f 1583 2976 3288 
f 3385 1013 795 
f 506 2938 2728 
f 2259 1295 1648 
f 1602 1941 3158 
f 82 2454 2238 
f 432 1847 879 
f 1307 1113 1304 
f 214 3099 3067 
f 1762 2119 2633 
f 2539 880 526 
f 3512 936 1813 
f 2297 1976 3316 
f 1411 3065 1324 
f 3370 78 277 
f 2639 3009 2707 
f 300 2665 1768 
f 1716 2757 306 
f 3455 2950 1151 
f 2505 2503 1491 
f 2895 1180 690 
f 109 2247 1387 
f 2443 1104 2448 
f 2026 1324 709 
f 670 3337 405 
f 2778 318 44 
f 1415 1770 931 
f 1034 25 1706 
f 762 2104 966 
f 2141 1073 507 
f 643 3476 57 
f 2016 3112 1489 
f 1375 3489 1744 
f 1139 1625 2851 
f 1176 1828 3113 
f 223 1990 2463 
f 2107 1108 464 
f 2406 929 328 
f 2846 2685 2604 
f 3164 431 1745 
f 631 2089 3158 
f 3423 3565 3566 
f 1333 121 951 
f 21 1715 3525 
f 843 1783 3279 
f 3472 2503 2505 
f 1718 1386 2613 
f 2865 1564 196 
f 2226 555 3039 
f 2153 1640 2042 
f 3308 1225 2542 
f 1727 2362 2367 
f 1882 2944 2354 
f 396 2617 3140 
f 681 1690 620 
f 767 3538 2418 
f 2326 2552 2745 
f 2076 2447 1012 
f 305 671 1348 
f 3100 351 782 
f 712 1313 1681 
f 2755 2907 2947 
f 1923 138 2310 
f 520 1171 89 
f 2329 111 884 
f 255 3168 3381 
f 1324 2555 1162 
f 1437 378 45 
f 1127 2614 2586 
f 1271 3099 3097 
f 1281 2213 2072 
f 794 2206 1660 
f 130 2329 1024 
f 1516 3362 2949 
f 1423 1008 266 
f 1399 993 1738 
f 1313 3266 3448 
f 2203 1039 726 
f 2383 550 2630 
f 1345 1385 901 
f 1905 1807 3070 
f 3457 2883 329 
f 1523 843 211 
f 2680 1440 2885 
f 2935 2393 1164 
f 1261 169 3465 
f 891 2871 247 
f 1016 1862 2743 
f 655 1006 1792 
f 1013 3385 580 
f 2862 555 1045 
f 314 1007 3496 
f 2594 1809 1089 
f 1807 2454 833 
f 1923 2502 2667 
f 412 2636 3375 
f 1406 1185 3503 
f 1151 2950 2401 
f 2745 1149 454 
f 1882 1537 1484 
f 3042 3183 3241 
f 3096 2901 1674 
f 1965 2000 755 
f 2624 2589 1112 
f 1622 2216 1121 
f 1456 2041 644 
f 725 1548 1279 
f 933 1154 453 
f 938 214 29 
f 2265 2327 3250 
f 2516 924 2993 
f 1108 2107 1904 
f 363 2489 2186 
f 2097 1525 597 
f 2872 48 481 
f 846 1545 1526 
f 2356 1436 3504 
f 2879 3171 2191 
f 2165 3052 1847 
f 285 1331 222 
f 3457 3495 2883 
f 762 2489 2104 
f 678 3180 2179 
f 2810 341 873 
f 3493 2744 496 
f 2914 3492 2170 
f 2186 762 3206 
f 1039 510 1098 
f 399 970 3075 
f 873 1028 2916 
f 1626 1391 330 
f 3461 1284 1916 
f 2841 1695 2607 
f 648 1861 2547 
f 3449 740 96 
f 2427 2200 3290 
f 376 328 3072 
f 606 757 1211 
f 352 2809 2180 
f 1982 335 2303 
f 2471 1054 1220 
f 2791 999 1879 
f 2955 2952 3002 
f 533 2549 356 
f 834 2768 686 
f 480 277 2696 
f 3132 1595 86 
f 1226 1944 548 
f 989 618 2128 
f 2565 577 1005 
f 2828 751 2344 
f 2411 1715 3353 
f 2279 2533 1577 
f 2943 642 2270 
f 176 3060 3298 
f 1201 925 2387 
f 1538 932 3017 
f 52 2806 3368 
f 3500 2451 2948 
f 2920 1734 138 
f 760 1612 84 
f 1494 2444 1051 
f 2750 676 2109 
f 288 28 1692 
f 2241 1982 1394 
f 1945 2974 2236 
f 846 774 1557 
f 444 380 2361 
f 2430 1099 71 
f 3116 1865 1245 
f 1318 1331 285 
f 2670 2171 2671 
f 3313 2428 1459 
f 7 534 376 
f 3107 2144 1522 
f 1468 1068 1334 
f 301 149 3133 
f 2808 1449 2666 
f 1418 1888 388 
f 1255 2508 1221 
f 225 1352 3485 
f 674 2127 2497 
f 340 2409 1525 
f 2601 735 535 
f 928 2274 1198 
f 3444 1392 3338 
f 1937 2453 2549 
f 2746 207 777 
f 950 2351 1832 
f 912 1166 2703 
f 1462 325 545 
f 2173 3054 2762 
f 1554 551 2030 
f 2378 1140 1903 
f 2224 797 1661 
f 1610 2908 2176 
f 149 1135 2436 
f 2687 546 1900 
f 2224 408 573 
f 1699 2521 1788 
f 2026 2555 1324 
f 3276 1382 443 
f 2497 63 1349 
f 2628 3211 691 
f 2320 1212 2345 
f 3076 3388 1023 
f 1771 3514 2204 
f 994 632 2040 
f 1239 2332 1486 
f 2035 775 2610 
f 2337 2695 1787 
f 1237 1570 1277 
f 1851 1502 635 
f 3555 3074 2144 
f 2064 2775 3273 
f 635 1380 1851 
f 2740 3361 2843 
f 434 3107 3131 
f 1745 431 3372 
f 3234 3428 3516 
f 2060 2053 1508 
f 3082 1608 1577 
f 2838 1732 2129 
f 1757 707 220 
f 476 2213 450 
f 973 2300 2595 
f 3039 2989 1202 
f 644 3356 703 
f 3104 1011 1128 
f 1378 2025 2802 
f 3063 1175 1241 
f 2091 692 3541 
f 3111 626 2722 
f 2923 920 2965 
f 415 1426 2506 
f 606 1211 1209 
f 942 1686 2553 
f 3149 1380 635 
f 1780 1340 3285 
f 2132 1770 2281 
f 73 2674 118 
f 2700 719 3529 
f 3211 2628 2316 
f 3302 220 1919 
f 3454 467 2970 
f 2219 1170 469 
f 1502 3142 635 
f 3174 10 2018 
f 238 2845 1132 
f 2005 703 3356 
f 645 257 877 
f 12 2801 3470 
f 2532 2177 1486 
f 2883 2033 329 
f 2622 1957 2488 
f 397 701 502 
f 51 191 53 
f 969 181 1015 
f 3490 590 249 
f 3313 2116 1167 
f 2844 2750 2172 
f 2653 2094 451 
f 2709 255 2860 
f 2833 3363 1238 
f 2141 804 493 
f 2854 1131 1058 
f 2486 2354 2944 
f 1515 2935 1164 
f 2369 1896 2099 
f 2550 1109 2335 
f 3502 2312 2831 
f 1189 910 688 
f 1448 1997 2361 
f 708 1481 3502 
f 3564 3371 3047 
f 1345 1996 2064 
f 455 1812 1061 
f 3350 3258 2850 
f 933 1106 529 
f 2509 2145 283 
f 1735 1574 1729 
f 955 2347 1780 
f 3176 2541 1129 
f 1552 1432 417 
f 2367 2684 2527 
f 126 274 737 
f 1211 3247 3138 
f 1179 2530 1146 
f 955 1825 1936 
f 3030 1452 1398 
f 2850 3258 1030 
f 2981 3542 2141 
f 3469 3160 621 
f 1379 2595 2300 
f 222 1434 605 
f 1809 2583 1264 
f 2364 1496 2110 
f 2399 1211 3138 
f 1160 1214 1700 
f 485 935 3548 
f 2173 1105 3054 
f 164 777 2080 
f 2130 2029 207 
f 1527 2607 1695 
f 249 1649 1409 
f 2080 3383 2205 
f 2499 774 846 
f 2804 1754 1743 
f 2674 2495 3475 
f 3568 1259 2207 
f 1890 99 1081 
f 141 2648 2254 
f 1615 3194 943 
f 1824 2996 2420 
f 2067 2042 1640 
f 1294 364 1657 
f 179 3371 3564 
f 308 2478 2625 
f 3259 1581 305 
f 759 3376 3279 
f 1967 856 1101 
f 2887 2191 1979 
f 1978 2797 1796 
f 47 16 1474 
f 2380 3406 503 
f 739 2174 1257 
f 3524 1956 1998 
f 3290 101 58 
f 1098 1898 2219 
f 3398 3466 1852 
f 1630 1742 1938 
f 658 2036 2106 
f 3045 1894 2870 
f 2751 2242 2683 
f 3013 1048 2517 
f 2236 2974 2262 
f 1139 1020 1625 
f 3331 576 1381 
f 3559 261 3483 
f 2379 671 1591 
f 1053 3047 921 
f 3091 3179 1724 
f 237 2853 2926 
f 965 882 1220 
f 3118 361 1751 
f 521 584 2889 
f 2569 1326 2159 
f 2966 1023 3388 
f 3521 276 365 
f 123 3203 1103 
f 318 2047 44 
f 365 276 243 
f 1387 2134 3537 
f 652 3200 3045 
f 2897 542 2257 
f 874 932 1049 
f 1620 598 1831 
f 2988 2815 2918 
f 3380 2950 3455 
f 1575 2528 1420 
f 201 3225 407 
f 1830 672 1150 
f 1586 1642 1870 
f 1361 1155 2900 
f 2686 2086 2402 
f 1751 2766 3118 
f 3399 1464 2171 
f 2550 2025 2102 
f 731 2329 2954 
f 2532 2967 148 
f 988 736 666 
f 1927 1408 1430 
f 3229 1118 2537 
f 1655 2311 942 
f 2550 923 1109 
f 149 2436 3257 
f 2564 3398 1852 
f 1826 1137 354 
f 1892 3163 2741 
f 191 2335 1109 
f 243 2092 1100 
f 1851 2233 1502 
f 181 3348 1015 
f 3012 2280 1172 
f 944 2221 1827 
f 1366 3338 1087 
f 2863 2296 2331 
f 3337 682 405 
f 584 3001 424 
f 1234 2720 1116 
f 12 876 562 
f 3477 2231 1037 
f 3081 2886 1763 
f 140 2205 950 
f 1822 906 1854 
f 3315 2379 1973 
f 2539 1638 3248 
f 3534 2465 3144 
f 192 751 2616 
f 1427 6 433 
f 453 1796 933 
f 2426 2654 637 
f 1936 2347 955 
f 1868 462 1872 
f 2678 1233 1530 
f 494 707 1757 
f 2629 617 372 
f 31 521 2889 
f 535 653 1490 
f 816 1677 2734 
f 2438 2715 2644 
f 3466 836 1852 
f 3272 124 2031 
f 1820 1180 2501 
f 629 3333 1483 
f 2230 2621 2255 
f 265 1701 556 
f 3089 2947 3087 
f 350 3046 465 
f 836 3466 1823 
f 2849 3095 808 
f 2207 2979 664 
f 2583 3306 851 
f 2650 2813 2158 
f 1118 242 654 
f 696 2011 3527 
f 2393 2935 1737 
f 1473 297 1070 
f 1618 2029 3420 
f 335 194 2269 
f 3534 3390 3574 
f 2831 2312 558 
f 1301 2726 2051 
f 333 850 663 
f 2823 3166 3384 
f 2387 532 646 
f 3293 3292 3317 
f 1874 3250 1144 
f 503 68 773 
f 3327 1668 1362 
f 3258 296 1441 
f 35 145 441 
f 2431 3320 3381 
f 2809 3186 2180 
f 705 2212 1220 
f 2738 561 905 
f 2525 2599 2092 
f 461 441 658 
f 2479 1867 2340 
f 1932 2359 439 
f 2534 1479 965 
f 1859 179 461 
f 3202 3498 2615 
f 3179 3086 3224 
f 1765 3351 3015 
f 1602 2360 2264 
f 2669 2663 2076 
f 1579 941 3108 
f 260 847 2822 
f 2003 527 2264 
f 3558 2705 3119 
f 496 770 3231 
f 2258 833 2090 
f 1105 1761 3054 
f 2175 3097 1885 
f 2077 1599 768 
f 3000 1744 2088 
f 1720 2339 3412 
f 499 1174 1495 
f 3237 3520 2553 
f 1209 2544 78 
f 2476 3056 2603 
f 2257 2698 2282 
f 569 2996 1824 
f 1807 2238 2454 
f 1440 2680 2892 
f 1917 3006 2891 
f 2040 2658 603 
f 2843 1144 2327 
f 1513 174 3305 
f 974 3083 2115 
f 2648 1188 2254 
f 2956 2799 2955 
f 1832 3536 1589 
f 1463 343 3266 
f 2569 2159 424 
f 3484 2881 745 
f 1684 496 2744 
f 1096 3542 1590 
f 2115 268 283 
f 75 2819 2802 
f 870 305 2882 
f 3515 2286 2213 
f 1608 2373 378 
f 1394 3533 2241 
f 1002 32 1849 
f 18 2035 2610 
f 1857 810 3151 
f 1010 3054 946 
f 3006 582 2441 
f 1049 2340 874 
f 818 793 2373 
f 1680 687 2899 
f 1779 2621 2591 
f 560 1828 3489 
f 631 3158 2004 
f 603 2658 2640 
f 258 2193 2782 
f 2589 2435 796 
f 1843 1033 2408 
f 2290 1364 1056 
f 1092 2726 1301 
f 190 1226 287 
f 996 184 74 
f 1794 802 2457 
f 2195 1710 402 
f 1490 653 2516 
f 3532 3165 1249 
f 3553 1739 633 
f 138 1923 1224 
f 2559 1553 2128 
f 2103 126 1909 
f 2681 1019 654 
f 160 2218 2147 
f 2220 1974 1911 
f 657 789 1151 
f 3387 3190 2188 
f 1615 204 3194 
f 3420 488 3121 
f 1606 1789 2350 
f 3248 1638 750 
f 2260 15 1781 
f 806 3215 34 
f 985 2008 1861 
f 245 261 3559 
f 774 159 2044 
f 1872 2030 3021 
f 2904 1709 1127 
f 1858 586 1951 
f 1564 3570 103 
f 941 1608 3082 
f 1993 1830 3007 
f 3535 3332 3390 
f 3412 3447 559 
f 352 546 2809 
f 2603 2338 3536 
f 404 3105 1546 
f 1917 631 3546 
f 274 2784 61 
f 3307 1996 1345 
f 1881 2500 321 
f 219 452 1147 
f 2818 939 3154 
f 2120 682 455 
f 1413 1653 2743 
f 2042 1502 2153 
f 205 577 1619 
f 3293 3228 1743 
f 2601 552 3110 
f 105 1626 2654 
f 2058 2184 699 
f 3421 338 685 
f 3137 2560 169 
f 2929 2352 1423 
f 2159 656 2933 
f 149 301 1548 
f 275 2902 3289 
f 417 718 875 
f 397 953 1935 
f 693 904 1136 
f 1623 3473 362 
f 2865 505 1083 
f 729 683 382 
f 940 211 2960 
f 1665 3474 1797 
f 2792 998 2039 
f 1250 91 814 
f 2402 2086 683 
f 3270 3078 830 
f 3426 977 834 
f 1638 2539 3071 
f 2285 3341 1371 
f 1153 615 2932 
f 358 612 614 
f 2794 2665 300 
f 2951 2340 1795 
f 3227 1332 2321 
f 637 1922 2426 
f 165 172 35 
f 1108 1904 1340 
f 282 1690 681 
f 3275 760 3014 
f 3273 1345 2064 
f 2994 2704 2450 
f 2670 499 2667 
f 2504 98 1914 
f 1568 582 3471 
f 1581 1584 1656 
f 964 1294 1657 
f 1585 1022 1579 
f 194 1371 2000 
f 1896 2935 1515 
f 2273 1364 2135 
f 2162 2458 3407 
f 3276 744 1614 
f 330 2654 1626 
f 2962 1805 885 
f 1163 1069 2611 
f 2718 2830 2878 
f 694 232 2958 
f 778 2554 3058 
f 3202 2375 167 
f 2854 1821 862 
f 1301 580 395 
f 191 2157 2335 
f 3085 2770 3515 
f 2721 1120 2755 
f 939 1242 3154 
f 2321 803 2325 
f 962 553 652 
f 2790 2793 2761 
f 1655 942 3282 
f 1845 1505 2014 
f 249 590 827 
f 3187 2436 1135 
f 3204 1368 676 
f 3266 343 2659 
f 289 799 448 
f 2936 108 2075 
f 1630 956 2619 
f 2981 2141 693 
f 3231 57 50 
f 1891 108 2545 
f 3277 646 1794 
f 2827 1131 847 
f 1068 186 135 
f 1101 3062 187 
f 803 1539 2325 
f 2995 2590 3271 
f 2254 2831 141 
f 3380 812 2801 
f 636 2702 2090 
f 3252 2547 1977 
f 481 2196 2872 
f 2677 2635 617 
f 2421 581 3185 
f 354 743 2622 
f 3106 2567 1951 
f 790 3563 741 
f 2624 596 1022 
f 1260 544 218 
f 2010 1773 2309 
f 3475 3431 3269 
f 887 2191 2887 
f 2396 1624 3433 
f 2777 2106 2498 
f 1685 1241 735 
f 278 1567 1202 
f 490 2961 1054 
f 652 3123 3200 
f 974 2733 1555 
f 1082 1306 434 
f 2450 2768 123 
f 2187 3391 238 
f 854 2734 1344 
f 2458 1463 3407 
f 3057 2763 3012 
f 410 1918 2009 
f 474 2154 245 
f 307 336 3021 
f 3285 1825 955 
f 1368 3204 1817 
f 3111 3115 2448 
f 2848 272 1447 
f 990 1229 1747 
f 2317 2763 3057 
f 3003 3076 128 
f 822 3404 1263 
f 3469 954 773 
f 3542 1096 804 
f 938 3253 2911 
f 1103 1559 206 
f 533 1937 2549 
f 2510 2646 1242 
f 2487 2587 2579 
f 3290 58 2427 
f 2103 1883 126 
f 1279 664 369 
f 545 2981 1462 
f 1278 1910 2093 
f 3510 11 2279 
f 3401 3465 2459 
f 2861 3307 9 
f 870 2882 2450 
f 3297 311 317 
f 2199 501 613 
f 2478 2365 1712 
f 2451 228 3284 
f 453 1062 72 
f 520 267 396 
f 3218 2050 2163 
f 988 1040 2558 
f 1246 221 3105 
f 2314 970 3226 
f 414 717 3222 
f 1081 99 3049 
f 2662 1611 522 
f 3573 983 3568 
f 1878 2614 3556 
f 3157 3518 2523 
f 676 1458 2109 
f 2905 1158 104 
f 1176 3195 1610 
f 1391 2046 330 
f 1083 2374 2865 
f 2028 1971 2066 
f 2491 844 2297 
f 144 233 2009 
f 582 3006 1482 
f 2676 1791 516 
f 3494 554 1722 
f 2128 1945 1633 
f 3135 3163 2456 
f 522 1907 2341 
f 1534 2376 3483 
f 2136 1473 2476 
f 1887 2468 2540 
f 3558 37 3310 
f 1 75 3 
f 599 13 142 
f 1137 1299 198 
f 1854 2538 1441 
f 1214 3166 1615 
f 3136 418 939 
f 1883 1223 2868 
f 3039 1202 1567 
f 2915 2524 382 
f 3060 2880 2381 
f 1079 112 2703 
f 1987 2249 650 
f 2262 1182 2236 
f 3149 1844 533 
f 2848 1571 125 
f 15 3058 1464 
f 668 2356 88 
f 3261 961 1390 
f 1448 1085 2625 
f 1371 2343 2285 
f 6 2985 170 
f 2231 1915 2929 
f 858 1990 27 
f 2536 463 1229 
f 339 2284 2556 
f 3565 3224 3375 
f 31 3199 521 
f 332 2441 1032 
f 922 857 1504 
f 1556 1557 2044 
f 1362 548 3327 
f 654 2890 2681 
f 1508 1052 188 
f 2692 598 2875 
f 1476 1090 3175 
f 3501 3520 3237 
f 1173 2990 2747 
f 2773 1565 3004 
f 410 1873 1918 
f 834 977 2768 
f 943 3522 728 
f 2524 2915 3101 
f 2171 2502 3399 
f 2764 1367 3233 
f 3156 323 823 
f 257 645 2123 
f 2566 610 3415 
f 659 536 79 
f 2606 2964 3281 
f 1667 1952 2096 
f 1359 2615 3572 
f 447 2275 220 
f 2432 2062 680 
f 3560 319 2054 
f 1201 3552 252 
f 138 1224 2920 
f 3228 54 1743 
f 1710 416 611 
f 2272 2629 2713 
f 2142 724 1451 
f 217 1629 900 
f 1010 186 519 
f 737 274 2405 
f 2683 42 1110 
f 2912 1330 1980 
f 1654 657 3077 
f 1610 3195 2511 
f 3354 3217 2495 
f 3309 3507 1696 
f 2305 424 31 
f 2527 2684 2598 
f 1690 3065 1411 
f 2794 1625 2665 
f 346 2743 591 
f 2554 75 1 
f 1978 2584 3095 
f 2248 3460 3532 
f 3056 2338 2603 
f 1501 273 2431 
f 1386 1718 945 
f 2048 2459 3465 
f 1620 1523 211 
f 3364 995 77 
f 2580 3317 3292 
f 2089 3192 2241 
f 2255 995 3364 
f 363 2662 2885 
f 3275 848 3547 
f 1014 1404 3188 
f 2778 2966 3296 
f 2148 3049 3271 
f 3378 831 310 
f 427 2620 934 
f 2737 532 2387 
f 1049 2353 2323 
f 411 1799 19 
f 698 3502 1343 
f 2292 1314 3022 
f 2356 668 1934 
f 2919 636 833 
f 2628 3336 83 
f 835 2886 978 
f 1508 2053 1701 
f 1518 1412 2385 
f 2881 3549 837 
f 3245 203 3217 
f 3449 2221 944 
f 2633 2178 1149 
f 807 883 1737 
f 299 2548 2605 
f 2622 743 715 
f 2649 894 2931 
f 771 1873 58 
f 1810 640 855 
f 1593 144 1778 
f 469 782 3191 
f 756 1776 2019 
f 280 2642 2079 
f 1012 927 2984 
f 3054 840 946 
f 1740 3317 2580 
f 1415 504 2400 
f 1964 3409 1191 
f 1690 282 2710 
f 3389 1659 2121 
f 1704 3220 2410 
f 1018 2177 1531 
f 363 1163 2489 
f 1192 838 9 
f 2594 1089 769 
f 2021 969 2424 
f 2133 341 1582 
f 2888 1740 317 
f 303 1118 3229 
f 2182 3392 2091 
f 950 3352 2351 
f 2092 243 163 
f 1959 680 2100 
f 3273 2775 2147 
f 1172 3530 1341 
f 2407 2928 2006 
f 1071 1846 3481 
f 2056 2280 3369 
f 2993 3090 70 
f 1210 3344 1206 
f 104 1158 2198 
f 284 2503 3472 
f 3063 1852 836 
f 72 2584 453 
f 3112 2500 1881 
f 1716 1100 3514 
f 3284 3287 3283 
f 878 2901 1095 
f 207 2746 2130 
f 1554 1872 2787 
f 1341 3530 2451 
f 3000 2632 3337 
f 728 3522 370 
f 1468 3257 3187 
f 2222 2957 1801 
f 2882 686 2450 
f 857 922 700 
f 1165 413 3262 
f 1936 1825 1558 
f 1291 3105 1726 
f 2591 2621 2230 
f 1454 1541 752 
f 1467 1475 119 
f 995 1781 2693 
f 1793 540 2756 
f 2605 2548 679 
f 1452 1550 1439 
f 901 1385 658 
f 966 2894 246 
f 2277 497 505 
f 1969 417 2417 
f 1298 2531 3346 
f 1522 2144 3074 
f 834 386 3426 
f 1107 2844 3426 
f 2437 2011 696 
f 647 337 1051 
f 365 243 306 
f 3162 281 2518 
f 1228 126 737 
f 2331 295 2337 
f 984 3227 2321 
f 2355 1693 410 
f 1295 502 1213 
f 615 2480 2932 
f 3574 3033 2465 
f 832 226 1286 
f 567 2826 2730 
f 3453 3172 1418 
f 377 538 3479 
f 2559 2128 618 
f 1601 2962 2679 
f 2235 1571 1447 
f 872 2106 2036 
f 2992 10 1774 
f 555 1566 2989 
f 939 418 2817 
f 2285 4 3341 
f 911 729 93 
f 924 2516 653 
f 2520 2024 107 
f 1415 1782 1514 
f 300 1768 3083 
f 760 3275 1612 
f 701 1536 502 
f 3193 3402 753 
f 486 2029 1446 
f 1206 2535 1251 
f 2494 1450 1721 
f 1436 864 3504 
f 2068 3141 3035 
f 1302 2652 678 
f 2237 2119 1762 
f 2574 2546 813 
f 1392 844 3338 
f 655 1849 32 
f 753 2146 3193 
f 2303 335 2269 
f 383 3083 1768 
f 2090 2182 2258 
f 426 317 2423 
f 2000 2273 194 
f 2433 2146 264 
f 593 1346 542 
f 1929 89 1171 
f 3519 466 2602 
f 423 3412 577 
f 489 1571 791 
f 2849 3520 3501 
f 2541 180 867 
f 2627 1444 1383 
f 1417 2221 96 
f 2553 1686 3237 
f 3271 2416 2148 
f 3558 2808 37 
f 1524 2870 1547 
f 3031 3349 1975 
f 1742 2619 1762 
f 3342 951 2403 
f 2965 2227 2542 
f 2214 2710 282 
f 2034 1218 1217 
f 293 2355 1289 
f 2170 2382 2609 
f 1070 1987 1839 
f 1700 728 370 
f 2254 1188 1046 
f 1471 3430 733 
f 942 2311 62 
f 360 1013 23 
f 1592 390 3362 
f 3417 2475 1454 
f 3094 3048 1238 
f 3528 892 1848 
f 1338 742 157 
f 2980 2783 1099 
f 2817 418 2510 
f 1572 1864 3569 
f 1565 1719 2174 
f 1535 7 1125 
f 808 72 390 
f 3534 3144 314 
f 1609 3114 2635 
f 3148 3243 3280 
f 435 3405 316 
f 3339 1650 3570 
f 1010 130 186 
f 2692 978 2886 
f 2286 3515 2770 
f 271 416 358 
f 1515 2099 1896 
f 1100 1716 306 
f 1024 3137 1261 
f 631 2891 3192 
f 1282 669 2322 
f 907 3344 2057 
f 3376 113 2960 
f 40 46 2485 
f 2772 554 1044 
f 594 1308 1334 
f 2768 2661 3203 
f 1517 2494 3253 
f 716 2232 1520 
f 305 870 3259 
f 2231 3477 1915 
f 3543 2183 1953 
f 3297 228 2776 
f 512 2931 3312 
f 3209 861 2463 
f 2518 82 2238 
f 2343 2342 2171 
f 1489 2404 2016 
f 320 198 3104 
f 624 1062 1154 
f 1308 1471 1158 
f 858 3324 1750 
f 2856 46 51 
f 2015 2011 1543 
f 327 3331 368 
f 1413 2743 1862 
f 210 2805 3264 
f 2867 1056 75 
f 830 3078 1961 
f 800 2514 2612 
f 2672 1704 2410 
f 1697 1234 1247 
f 1767 2448 3115 
f 1078 2095 1101 
f 3268 1985 2197 
f 638 3445 1408 
f 3402 1822 753 
f 2325 2730 162 
f 2606 2112 1867 
f 3480 3005 2243 
f 1687 51 53 
f 3007 2423 311 
f 2941 3510 970 
f 2659 3311 3266 
f 2816 1635 2561 
f 143 14 3477 
f 2163 1342 3218 
f 3212 2939 3413 
f 2561 1938 2732 
f 2314 2791 1879 
f 901 1808 1345 
f 3497 2267 1205 
f 3147 945 1718 
f 3560 3104 198 
f 3149 533 1380 
f 1665 44 2047 
f 1519 876 229 
f 1177 1711 3523 
f 830 1477 1592 
f 128 1697 1121 
f 3143 3140 2617 
f 2060 168 1232 
f 151 16 47 
f 1877 2632 3000 
f 856 2234 1078 
f 1762 2732 1938 
f 3152 980 624 
f 2014 2688 2428 
f 3282 595 2122 
f 3166 1169 1615 
f 2689 216 3050 
f 1485 2134 2724 
f 1639 620 1162 
f 2033 3079 2271 
f 1289 1667 293 
f 1718 2613 3147 
f 2787 801 3116 
f 13 2708 642 
f 2094 1842 2664 
f 185 1551 517 
f 1033 1142 1950 
f 1858 798 1387 
f 277 78 2696 
f 986 2370 2488 
f 695 406 3020 
f 650 2466 2943 
f 2525 1475 2599 
f 1019 3419 3476 
f 1774 702 2704 
f 3012 3369 2280 
f 485 437 3319 
f 1990 414 1187 
f 1060 1757 2275 
f 3410 956 948 
f 1761 3486 2647 
f 3056 2476 2472 
f 2543 1335 112 
f 2349 170 1444 
f 1250 814 2098 
f 3067 29 214 
f 3300 1048 3013 
f 2122 595 2941 
f 117 3194 974 
f 1442 2913 2054 
f 437 2059 2827 
f 3055 810 3281 
f 94 931 277 
f 1822 3402 3408 
f 1973 1591 1656 
f 406 1084 2330 
f 2164 118 1880 
f 2726 1092 809 
f 2946 1466 739 
f 2430 512 747 
f 2437 2044 159 
f 2440 1884 2140 
f 911 2283 426 
f 941 1119 1608 
f 1037 2231 269 
f 893 791 1520 
f 1490 2516 3168 
f 250 302 1092 
f 1878 910 1767 
f 3241 3183 3332 
f 55 2178 2633 
f 2254 1429 2831 
f 2640 2282 1587 
f 2288 3529 719 
f 1201 2387 3552 
f 1168 1544 1391 
f 819 3222 2687 
f 2627 1383 3250 
f 1909 1606 2103 
f 2225 1613 1333 
f 1309 2158 1871 
f 2042 1047 1502 
f 1792 1006 2812 
f 963 301 3133 
f 1500 1499 1641 
f 1637 2425 1859 
f 1621 784 1186 
f 2766 1751 3145 
f 1047 1309 3305 
f 203 3245 92 
f 3121 488 351 
f 2985 456 3485 
f 781 2789 724 
f 2793 3040 2952 
f 2197 1985 2833 
f 2337 2991 2331 
f 3168 2679 1490 
f 3467 3128 2006 
f 2265 3019 3473 
f 1871 2158 2813 
f 2090 2702 2872 
f 2070 611 652 
f 2799 2922 2852 
f 1169 1497 204 
f 2683 1110 2751 
f 1288 983 3573 
f 2004 1904 229 
f 1969 95 23 
f 2068 2877 3141 
f 2592 2556 2105 
f 2105 147 2592 
f 2565 1005 299 
f 72 2949 390 
f 2790 741 2660 
f 1100 306 243 
f 2512 1837 1266 
f 3051 2707 3009 
f 1266 1837 150 
f 3178 1428 472 
f 2673 2181 1177 
f 2348 1501 2431 
f 1503 1886 2299 
f 1513 3305 1309 
f 3286 614 616 
f 2916 1028 1021 
f 2392 3063 1241 
f 1713 512 3312 
f 249 827 1141 
f 3197 2069 2568 
f 2701 368 457 
f 2287 932 2572 
f 49 3481 345 
f 2427 58 2473 
f 1582 3365 2133 
f 2758 2 338 
f 1095 764 3098 
f 344 1679 1388 
f 1115 1488 3213 
f 2119 55 2633 
f 1402 235 639 
f 2491 296 1806 
f 1697 128 3076 
f 1097 1997 1223 
f 109 3537 530 
f 20 139 281 
f 557 1283 261 
f 2562 463 2536 
f 96 2221 3449 
f 3517 357 2579 
f 597 2618 2097 
f 2316 2496 3444 
f 1864 1899 3569 
f 3045 2870 1524 
f 3270 1516 3066 
f 2919 833 2454 
f 2170 1046 3124 
f 2878 2830 2832 
f 2823 3384 2143 
f 3468 3394 2748 
f 854 1344 498 
f 204 1497 2733 
f 536 659 889 
f 433 1855 3175 
f 3108 3082 3084 
f 3033 2483 589 
f 180 443 1382 
f 2458 2084 2545 
f 2603 3536 1832 
f 3365 2291 2133 
f 3082 3108 941 
f 747 512 1713 
f 3535 3241 3332 
f 3357 1435 1268 
f 983 1674 2901 
f 2960 3443 1076 
f 1279 1548 1288 
f 1858 1387 2247 
f 102 962 921 
f 76 1556 2597 
f 3563 790 3524 
f 3423 3566 2483 
f 1256 507 1470 
f 3371 2864 3047 
f 2232 3218 893 
f 665 1329 2513 
f 2643 2181 1218 
f 1958 1401 2373 
f 2467 1119 596 
f 3219 224 3504 
f 2274 2087 2118 
f 747 1928 2430 
f 936 639 235 
f 1447 1449 340 
f 2977 3220 2832 
f 679 1629 2605 
f 3164 1745 3125 
f 2211 1300 1998 
f 2287 2634 3017 
f 2306 183 2668 
f 2830 2783 1492 
f 1347 1803 1658 
f 491 2017 821 
f 1379 272 2595 
f 2752 374 2801 
f 3308 1714 1225 
f 1628 3073 2800 
f 3235 248 27 
f 2336 768 1599 
f 431 3164 2031 
f 3123 3344 907 
f 491 509 2017 
f 1576 1940 1901 
f 1050 861 3356 
f 849 323 2293 
f 3399 992 1781 
f 1063 2327 3473 
f 919 999 415 
f 287 2873 1529 
f 262 3420 3121 
f 3396 1183 2374 
f 2721 2790 2660 
f 163 1994 2092 
f 1724 3179 3330 
f 125 973 2848 
f 2660 1765 3015 
f 2174 1834 1565 
f 493 804 2237 
f 177 704 803 
f 2848 2595 272 
f 2378 1903 367 
f 503 954 2380 
f 2855 3464 2858 
f 252 3208 2804 
f 906 672 1157 
f 760 84 1365 
f 2629 651 2713 
f 1384 1750 2199 
f 1489 99 1890 
f 2548 2850 1030 
f 1305 1730 2448 
f 1550 1360 1645 
f 3401 2459 594 
f 3183 3040 3091 
f 583 2498 872 
f 210 2332 1239 
f 1498 1399 1609 
f 2225 1333 722 
f 1878 1767 2586 
f 3572 1040 127 
f 1991 3069 374 
f 287 1529 190 
f 2799 2852 2586 
f 1935 452 2608 
f 1867 2112 1795 
f 2950 3380 2801 
f 672 1830 2056 
f 382 2524 967 
f 2569 424 3001 
f 1804 3325 2392 
f 754 850 2760 
f 1303 1069 2885 
f 311 871 3007 
f 355 875 820 
f 1433 1770 3122 
f 639 936 3561 
f 2774 1476 1855 
f 2210 1265 1472 
f 1861 2008 2138 
f 698 1343 866 
f 1269 581 108 
f 2319 479 2747 
f 345 2519 49 
f 2754 263 2570 
f 862 1821 3309 
f 1987 2943 3210 
f 1331 1434 222 
f 274 61 1199 
f 1424 1486 2749 
f 2280 871 1172 
f 1429 3502 2831 
f 3294 3085 2318 
f 3010 2635 2012 
f 948 1630 585 
f 2754 2570 2531 
f 2607 1527 3541 
f 1792 1849 655 
f 1829 639 3561 
f 752 182 1041 
f 1711 649 3523 
f 877 1953 2706 
f 1496 2203 2168 
f 274 126 1883 
f 2915 1255 720 
f 2815 2783 2980 
f 943 728 1214 
f 1639 285 1107 
f 2162 1951 2567 
f 2834 2959 1117 
f 892 1141 827 
f 1205 182 3497 
f 831 2576 3170 
f 2921 951 3342 
f 504 2221 1417 
f 1670 1998 1956 
f 1691 1043 1820 
f 2476 1473 2472 
f 2058 699 1717 
f 3547 3434 1244 
f 1943 3070 1695 
f 713 346 591 
f 1699 1790 2526 
f 1600 2876 1773 
f 1950 2494 1033 
f 993 3234 2792 
f 2573 2775 2600 
f 2357 1666 1001 
f 2429 445 444 
f 1947 2143 2427 
f 2584 72 808 
f 2474 1081 895 
f 1946 1300 2211 
f 3478 1853 643 
f 205 2829 2850 
f 1338 892 3528 
f 260 437 2827 
f 3274 2684 1029 
f 1461 1442 734 
f 1028 341 409 
f 1876 3432 2739 
f 3283 750 1893 
f 1544 2162 2046 
f 812 3380 2278 
f 2228 1374 2447 
f 620 1639 1107 
f 945 2980 1386 
f 2800 2811 3094 
f 2649 2718 894 
f 2206 3334 2939 
f 1988 3335 2105 
f 3036 1816 357 
f 153 231 279 
f 1270 2789 781 
f 3315 2898 591 
f 2755 2718 2907 
f 2932 2445 1153 
f 3089 2909 2947 
f 2588 1401 929 
f 1981 2953 3150 
f 356 2557 2460 
f 2474 3074 3555 
f 2880 3060 952 
f 2114 1422 173 
f 2826 2299 1886 
f 1403 2657 1435 
f 1649 63 613 
f 407 3225 1297 
f 630 2953 1676 
f 92 3245 564 
f 2197 2833 1238 
f 102 619 601 
f 487 3081 349 
f 327 688 366 
f 315 3486 597 
f 2749 629 1483 
f 3002 3183 3042 
f 2264 2001 2003 
f 1413 2096 1324 
f 3111 2161 626 
f 225 1383 1352 
f 3303 3525 2411 
f 1300 1946 1869 
f 2469 1120 2721 
f 2669 85 2764 
f 3298 134 1075 
f 2543 1079 805 
f 3379 3321 1972 
f 2153 2330 1084 
f 1894 292 2363 
f 352 122 546 
f 624 980 1062 
f 2545 2287 1891 
f 421 2871 891 
f 3178 998 1428 
f 2615 3498 2558 
f 1310 357 564 
f 1863 360 95 
f 3125 1617 3164 
f 2956 3146 3148 
f 1592 808 390 
f 2986 905 561 
f 905 2986 1692 
f 3339 1183 2442 
f 3292 3293 1798 
f 2965 363 2186 
f 409 534 1984 
f 1543 159 774 
f 3539 575 3160 
f 1356 1160 2821 
f 2561 2711 2771 
f 1127 2586 2852 
f 2579 2347 1161 
f 3047 1053 3564 
f 2756 56 1266 
f 1543 774 2499 
f 2480 908 2322 
f 2635 3010 1609 
f 1868 1326 1240 
f 1537 1916 1634 
f 2709 2860 3260 
f 321 2500 1683 
f 2770 3294 2072 
f 1213 3001 3092 
f 439 2359 3521 
f 1864 1572 1707 
f 483 3164 1960 
f 3300 3013 193 
f 1458 748 1793 
f 3181 2987 1377 
f 3210 3216 1839 
f 1129 1283 3176 
f 594 3430 1308 
f 2027 2945 2277 
f 2664 65 451 
f 185 517 2696 
f 2771 2816 2561 
f 2257 1097 2698 
f 3124 1046 1188 
f 224 1472 3504 
f 2251 2691 592 
f 1314 866 1836 
f 2620 427 1836 
f 1639 1162 2555 
f 2434 2240 587 
f 614 2380 616 
f 767 1330 1924 
f 2858 2367 2362 
f 2125 1031 928 
f 1502 1047 763 
f 389 2152 2242 
f 2208 2105 2556 
f 2422 3467 68 
f 2126 890 109 
f 1933 2163 1533 
f 3309 1696 862 
f 3372 3252 776 
f 2175 1702 3097 
f 1925 20 1905 
f 69 196 2590 
f 2611 2413 2104 
f 918 2776 228 
f 3533 3158 2089 
f 410 1289 2355 
f 1844 1937 533 
f 133 785 793 
f 3506 478 616 
f 3480 1815 2131 
f 603 3429 2040 
f 154 1529 2873 
f 2692 2875 978 
f 286 981 284 
f 1056 3 75 
f 82 2518 1160 
f 733 3430 3323 
f 2484 2346 418 
f 105 1186 865 
f 2737 3184 817 
f 3459 385 215 
f 3018 2043 3461 
f 1256 3548 667 
f 2621 1781 995 
f 3225 2339 1297 
f 44 1797 1478 
f 1536 701 219 
f 1793 38 540 
f 1403 1435 1994 
f 2824 2232 716 
f 436 432 1840 
f 1523 479 843 
f 2609 2620 1046 
f 1059 1469 3239 
f 1160 1356 82 
f 1568 447 1815 
f 2706 1953 2183 
f 1628 1954 3027 
f 253 2081 914 
f 3187 1036 1468 
f 2096 1413 293 
f 2001 2156 2003 
f 2318 978 2875 
f 2581 1075 2394 
f 3204 676 2750 
f 3156 823 2769 
f 2449 2562 2536 
f 1034 53 25 
f 2103 1223 1883 
f 855 640 2051 
f 2502 2171 2670 
f 1167 1126 869 
f 2717 3521 2786 
f 1747 1769 990 
f 869 1126 1093 
f 1138 192 1276 
f 1533 310 3453 
f 565 1731 1618 
f 2178 2673 1177 
f 132 1124 1260 
f 1766 410 1693 
f 2574 2822 1388 
f 571 617 2272 
f 1494 1419 1393 
f 3080 3487 3086 
f 666 350 988 
f 305 1348 2882 
f 2641 1325 2462 
f 1102 1052 772 
f 724 2142 175 
f 647 2444 2371 
f 2793 2790 2909 
f 1786 319 1331 
f 507 693 2141 
f 2695 2337 295 
f 3464 1184 3023 
f 2391 961 3261 
f 1084 1640 2153 
f 750 3283 3046 
f 1489 3112 99 
f 3225 577 3412 
f 1892 2422 68 
f 384 2179 3180 
f 153 366 1963 
f 1626 105 865 
f 1105 2173 394 
f 3529 645 2700 
f 2761 2798 626 
f 2162 3561 2084 
f 2805 842 2481 
f 3140 2220 396 
f 3286 279 358 
f 2599 2230 1752 
f 1154 1062 453 
f 2493 2259 98 
f 684 1814 734 
f 1041 2462 1325 
f 3508 2694 2814 
f 2829 1456 1562 
f 2479 2964 1867 
f 2354 2341 913 
f 2664 547 1848 
f 1939 1728 398 
f 3302 447 220 
f 3280 3431 3217 
f 1621 1659 463 
f 984 2288 197 
f 2216 266 1008 
f 2418 3538 250 
f 1173 1831 2990 
f 580 1301 2051 
f 2629 3114 3340 
f 2687 326 546 
f 1041 3167 2462 
f 1363 628 2229 
f 1742 1630 2619 
f 2731 2244 557 
f 970 2314 2160 
f 886 1908 781 
f 1796 2584 1978 
f 387 1295 2259 
f 1470 485 1256 
f 121 3295 2239 
f 2670 2671 1174 
f 3460 1425 3165 
f 2623 1390 1014 
f 2857 2323 1350 
f 1711 2181 2643 
f 2640 1789 603 
f 1493 2876 1600 
f 2334 809 972 
f 6 3435 1222 
f 1318 2555 2026 
f 996 3490 1406 
f 2505 3391 3472 
f 466 61 566 
f 2729 394 1281 
f 1047 2067 2158 
f 843 3279 3376 
f 918 2451 3530 
f 3476 2869 1636 
f 2396 3433 3269 
f 2007 3221 1354 
f 2510 418 2346 
f 3022 1314 427 
f 998 2336 2276 
f 2301 1526 221 
f 1680 1911 687 
f 2836 275 1671 
f 2366 2210 2333 
f 1199 2405 274 
f 2604 2685 2439 
f 2196 481 721 
f 692 427 934 
f 1167 2428 3313 
f 712 3537 3266 
f 70 3090 1823 
f 1595 3132 1287 
f 1343 1616 2620 
f 1520 791 716 
f 2333 691 1668 
f 17 1769 1747 
f 124 3411 2031 
f 562 1296 2752 
f 427 692 3022 
f 976 124 1855 
f 2460 2557 3393 
f 278 3059 3485 
f 1158 880 2198 
f 2522 3169 2345 
f 1510 1948 2765 
f 1563 1511 1420 
f 2953 1968 1824 
f 2018 2528 3174 
f 881 1357 116 
f 2690 394 2173 
f 12 2752 2801 
f 2400 3122 1770 
f 3408 1258 906 
f 1510 2504 1948 
f 2687 1900 819 
f 2518 2238 3162 
f 73 464 1580 
f 1686 174 1513 
f 502 1295 387 
f 798 1858 3407 
f 2238 1807 766 
f 311 3297 2776 
f 3448 2987 1313 
f 1530 2056 3369 
f 1580 464 1108 
f 1357 2066 116 
f 2121 1091 3389 
f 443 180 2541 
f 3141 2877 37 
f 2783 71 1099 
f 1242 236 3154 
f 1007 1880 3433 
f 3106 1480 1263 
f 1993 871 2280 
f 2905 963 1705 
f 3448 26 1462 
f 3282 2506 1655 
f 1746 682 3337 
f 3417 711 3249 
f 3460 2248 3035 
f 2911 1885 938 
f 2211 3155 3472 
f 2812 2169 2227 
f 2982 1260 2631 
f 2830 1492 2977 
f 1517 938 29 
f 2326 3185 581 
f 1722 991 2780 
f 356 2460 533 
f 497 59 1083 
f 2964 2479 2857 
f 1388 2822 344 
f 1980 2418 1196 
f 1045 2226 3226 
f 2413 2894 966 
f 2052 2432 927 
f 2666 3141 2808 
f 1549 898 472 
f 2552 1759 39 
f 1269 1759 2326 
f 2072 1076 1281 
f 2909 2790 2721 
f 3367 2945 413 
f 3531 3033 3386 
f 2892 2680 2486 
f 1972 3531 3379 
f 786 1097 2103 
f 2955 2722 2798 
f 2722 626 2798 
f 3040 2793 2909 
f 3271 3049 2995 
f 2758 2263 3043 
f 3062 2095 1180 
f 24 2161 2443 
f 1848 1445 3528 
f 1346 193 449 
f 3445 2672 1430 
f 1506 2846 1136 
f 803 2321 177 
f 3482 2511 3195 
f 832 2602 566 
f 2852 203 1669 
f 643 2313 2452 
f 1898 2309 2219 
f 2007 1354 2179 
f 2740 2266 2201 
f 3458 1210 3026 
f 1199 61 466 
f 3481 3518 3016 
f 3358 1469 2967 
f 1730 2407 33 
f 986 371 2370 
f 338 2 685 
f 3148 2922 2956 
f 898 1063 1605 
f 303 902 3050 
f 1468 1334 1705 
f 2712 1445 3374 
f 1663 3154 2194 
f 1860 289 1539 
f 100 2078 2518 
f 2353 1115 3213 
f 486 1446 780 
f 1317 1925 3038 
f 2318 598 3294 
f 3055 2816 2771 
f 2578 1983 1583 
f 715 1957 2622 
f 1394 2064 1996 
f 2734 854 1774 
f 2040 632 2971 
f 625 2377 1305 
f 2100 2369 1959 
f 148 2315 856 
f 935 2913 3548 
f 2442 3130 3101 
f 2854 847 1131 
f 2154 474 1921 
f 3005 332 2243 
f 1812 1746 3337 
f 1225 121 2239 
f 1333 951 722 
f 3477 1037 1597 
f 55 2119 1096 
f 2812 1416 2382 
f 3243 1631 3280 
f 3498 3202 167 
f 2609 1046 2170 
f 1088 977 1320 
f 2876 2117 495 
f 828 2567 1227 
f 1053 461 3564 
f 3511 1469 3358 
f 2291 376 534 
f 3206 2965 2186 
f 3338 1366 952 
f 2154 1921 1323 
f 3016 1416 2519 
f 1531 2177 2532 
f 1908 1270 781 
f 2736 2317 2773 
f 3458 3026 3024 
f 249 1409 1406 
f 2781 1643 1842 
f 2023 687 1397 
f 3084 3066 3108 
f 134 1038 1075 
f 3210 2943 2270 
f 2372 2598 2898 
f 1941 1602 527 
f 724 2789 1451 
f 2538 1530 1233 
f 574 471 2739 
f 2423 317 311 
f 1507 440 1682 
f 1240 1213 1868 
f 1368 3326 694 
f 3104 1128 320 
f 1453 1588 2244 
f 719 182 1205 
f 3434 3547 3180 
f 1896 2369 563 
f 839 3343 3322 
f 400 2196 2292 
f 1227 3404 828 
f 3526 2803 1319 
f 1879 2160 2314 
f 119 1475 2525 
f 155 1979 2191 
f 3123 471 2363 
f 3383 950 2205 
f 2037 1465 1407 
f 1527 1942 1178 
f 1191 1243 3398 
f 3061 206 1559 
f 2168 2130 2074 
f 2471 2212 903 
f 1443 3318 1169 
f 2422 1892 2741 
f 3252 895 1081 
f 2389 1000 3300 
f 894 3312 2931 
f 2616 1927 610 
f 549 3098 1259 
f 1889 322 2840 
f 2635 495 2012 
f 2111 3165 1425 
f 3407 1858 1951 
f 168 1758 1232 
f 2137 3071 526 
f 2649 2931 512 
f 845 1730 1305 
f 772 1052 265 
f 894 2755 1120 
f 3379 3386 3330 
f 3036 3354 2639 
f 1215 1838 1643 
f 526 3071 2539 
f 340 3459 731 
f 2044 2437 2597 
f 423 2398 3447 
f 507 602 1470 
f 2081 253 3031 
f 247 2216 1008 
f 2424 969 1015 
f 1732 1126 1167 
f 1578 1772 491 
f 2050 3394 2163 
f 1817 2077 579 
f 24 2397 790 
f 321 2027 1881 
f 670 405 896 
f 2530 1383 225 
f 3042 2575 3146 
f 1308 3430 1471 
f 2983 1930 3509 
f 2577 2111 2017 
f 3013 40 41 
f 293 1667 2096 
f 34 3215 514 
f 3465 3401 130 
f 313 573 592 
f 2579 1816 2347 
f 674 783 2127 
f 2566 22 3421 
f 1549 472 1503 
f 1136 2604 693 
f 846 1557 606 
f 2630 1505 1845 
f 3048 2197 1238 
f 1846 886 781 
f 2673 2178 55 
f 3544 3450 238 
f 3310 2877 2565 
f 1931 1795 1235 
f 686 2768 2450 
f 2328 2788 1274 
f 1124 132 3189 
f 922 1504 3008 
f 3491 1038 134 
f 2018 2992 888 
f 2903 2026 709 
f 1389 402 641 
f 2506 2311 1655 
f 1811 202 3545 
f 2974 2241 3192 
f 2347 1816 1780 
f 681 1926 282 
f 1246 364 2874 
f 3552 2999 1396 
f 375 2475 1031 
f 1833 2731 557 
f 907 471 3123 
f 94 480 1957 
f 723 112 1335 
f 1406 3490 249 
f 1420 3484 745 
f 2883 3403 2033 
f 262 1336 3420 
f 1864 2842 1899 
f 2811 2800 2445 
f 2605 217 3240 
f 3264 2289 3519 
f 1115 1049 932 
f 3009 1203 3051 
f 1552 2061 2751 
f 2354 913 3018 
f 2742 1785 1664 
f 2179 1302 678 
f 3428 442 232 
f 3217 3354 3245 
f 2375 730 2772 
f 1227 2567 1263 
f 3191 782 726 
f 1225 3540 2923 
f 308 3551 2478 
f 155 27 248 
f 3197 188 1970 
f 1214 1615 943 
f 3203 2661 1920 
f 3366 2716 1296 
f 2324 1382 3276 
f 1702 2176 1254 
f 1225 2239 3540 
f 1451 2900 2142 
f 3416 227 599 
f 2558 3572 2615 
f 3118 2825 3371 
f 1009 1979 155 
f 2169 166 2227 
f 62 31 174 
f 71 2830 2649 
f 2403 951 121 
f 178 3182 554 
f 1427 433 2493 
f 3443 113 949 
f 1165 321 1181 
f 154 3374 1529 
f 744 3276 443 
f 39 623 2552 
f 2909 2755 2947 
f 2921 2937 951 
f 2912 2155 1330 
f 940 1620 211 
f 2382 2170 3492 
f 1205 197 2288 
f 207 1618 1731 
f 2342 1495 1174 
f 1343 1429 2254 
f 1514 1782 354 
f 3510 1577 2925 
f 2090 3562 2182 
f 3350 296 3258 
f 3089 3087 3179 
f 302 250 3538 
f 2292 2196 254 
f 3521 1037 439 
f 574 398 1728 
f 1860 803 704 
f 1365 84 90 
f 764 3498 1044 
f 895 3252 1977 
f 2741 3163 3135 
f 3363 2304 3094 
f 2381 136 3060 
f 2935 1896 1737 
f 2761 1067 2790 
f 3508 3456 1675 
f 741 24 790 
f 1527 1178 3541 
f 540 2117 2756 
f 3303 2411 2131 
f 1873 1766 2893 
f 2742 1664 1438 
f 3343 3265 1026 
f 1844 3142 2268 
f 339 3381 2284 
f 3547 1244 3275 
f 1383 2530 3250 
f 720 3219 1802 
f 288 3488 2904 
f 3492 2914 166 
f 3049 2148 3252 
f 3216 3425 1521 
f 3372 431 2547 
f 529 1106 2866 
f 1536 219 462 
f 41 2856 2095 
f 2243 1815 3480 
f 653 3442 924 
f 327 1189 688 
f 484 1841 2301 
f 2037 1252 1753 
f 1144 3037 915 
f 3328 3156 2769 
f 2105 2208 1988 
f 1022 941 1579 
f 731 2954 340 
f 1856 151 47 
f 3335 1988 3127 
f 1075 1038 2180 
f 89 1929 2337 
f 2452 3478 643 
f 2477 3046 2804 
f 233 1289 410 
f 1666 800 2571 
f 1948 1902 1723 
f 1978 419 578 
f 1342 3414 353 
f 2470 496 1684 
f 2307 3469 845 
f 3473 1605 1063 
f 1625 2256 2851 
f 2929 1915 2352 
f 329 2033 2140 
f 2046 2567 828 
f 439 1037 36 
f 1824 3150 2953 
f 3446 2828 2859 
f 1254 2908 2699 
f 1987 1070 2249 
f 1456 703 1806 
f 1798 1642 3292 
f 2750 605 3204 
f 2188 2737 817 
f 3330 3386 3332 
f 3360 326 2725 
f 1457 334 3153 
f 3248 736 3251 
f 1526 2499 846 
f 968 1688 1152 
f 1916 1537 1882 
f 1071 3481 49 
f 2847 1039 1098 
f 3135 792 2741 
f 1787 2836 1671 
f 2311 2506 1426 
f 1111 1294 1459 
f 2890 3493 50 
f 1399 1738 3340 
f 2293 3328 1080 
f 2501 1034 2656 
f 1788 1558 1790 
f 1184 2851 2256 
f 1317 20 1925 
f 1349 157 1369 
f 3529 706 645 
f 919 415 2506 
f 452 1583 3288 
f 1897 64 2805 
f 2712 3528 1445 
f 2027 321 3262 
f 736 1966 1095 
f 942 62 1686 
f 2666 272 3141 
f 2356 3504 1472 
f 2613 2787 3116 
f 1608 1119 2373 
f 2890 50 2681 
f 662 255 1986 
f 1152 1688 2078 
f 1549 1503 1407 
f 1018 1569 1801 
f 2163 3394 3378 
f 2980 1099 1386 
f 723 1335 1322 
f 2969 3031 2088 
f 1830 2423 3007 
f 3075 45 3347 
f 1633 2236 85 
f 568 38 694 
f 3089 3179 3091 
f 3230 2694 3508 
f 2264 527 1602 
f 2970 498 3454 
f 2223 3345 3025 
f 3202 2615 30 
f 605 2077 1817 
f 643 1853 2697 
f 323 1738 823 
f 1906 2372 2898 
f 561 16 2032 
f 3383 2080 777 
f 2952 2761 2793 
f 558 722 2937 
f 1645 1603 1748 
f 1245 2918 3147 
f 1757 1060 2049 
f 472 1623 3178 
f 2715 604 76 
f 2097 1064 926 
f 1859 2425 179 
f 562 2038 1296 
f 1066 2606 428 
f 357 1816 2579 
f 1631 3431 3280 
f 1648 1213 3159 
f 2227 166 2542 
f 1116 163 1234 
f 1461 1455 667 
f 2655 2603 1351 
f 462 2150 714 
f 3003 421 1634 
f 2304 2063 1954 
f 1422 3161 1264 
f 3385 2184 2295 
f 49 2519 1194 
f 688 3556 1709 
f 1891 1931 1269 
f 63 1509 613 
f 741 1765 2660 
f 633 2358 470 
f 975 2702 2509 
f 1488 2562 3213 
