v 14.26671 -20.353271 16.014267
v -44.103943 63.547455 -26.356384
v 14.912538 -41.298912 23.772034
v -22.71962 -18.59488 14.100708
v 28.252037 13.566071 8.003296
v 2.6923285 28.83493 32.900684
v -37.918945 65.54009 -10.5772705
v -53.651764 66.8363 -57.247803
v 3.3182678 15.927246 29.906113
v -24.679321 40.772217 4.7690086
v 16.504272 -47.508667 15.293274
v -20.9422 26.784498 11.758911
v -52.04861 67.453476 -57.52478
v -24.22866 -11.086853 5.5822754
v 48.515606 75.592636 -19.86636
v -32.35173 -35.49351 5.7865677
v 8.765606 79.08008 30.47937
v -52.592873 67.59224 -57.71907
v -47.811638 -47.038303 7.1992874
v -29.585136 67.58444 12.634979
v -39.461372 65.54239 -2.0680542
v 29.97699 -3.7772217 18.79419
v -0.499457 43.667267 -12.154183
v 26.078606 -27.102402 27.367
v -52.333794 68.06976 -57.600506
v 14.00708 45.954605 -13.145325
v 34.21206 44.9585 -1.2071533
v 12.557945 -50.48255 28.180984
v 41.078033 52.70233 -16.39093
v -7.304199 16.70868 29.175537
v -25.029007 54.62461 26.49533
v 18.822184 74.15866 0.20079994
v -52.837894 66.821205 -57.47609
v -52.314117 66.69035 -57.21147
v 20.504128 -46.253098 5.137933
v -4.217041 90.22121 5.993225
v -10.890869 44.06665 35.759644
v -38.637177 63.535004 -20.652313
v 24.77124 -9.295898 20.008179
v -33.35169 -2.1620002 -2.101038
v 1.6456757 53.659973 -25.41858
v -41.64018 55.893856 5.496857
v -25.301388 -46.36075 23.899841
v 40.384544 -53.170376 5.345291
v -51.92402 68.03105 -57.292793
v 33.79709 -14.212769 1.0543213
v 30.241745 -36.61113 16.808533
v 17.009293 -9.890919 18.7081
v 1.6773224 8.451245 2.0006943
v -52.97119 68.2684 -57.4787
v 30.119125 8.284706 17.897888
v -14.449799 76.79181 -12.269501
v -9.154011 32.80357 -6.02911
v 34.106506 -2.3639526 13.285889
v -9.29594 90.419556 -21.070679
v 23.582031 -47.64586 2.9661255
v -22.512375 -8.207878 18.023727
v -46.214478 -52.96858 14.287903
v -25.272964 6.9227943 -1.4549255
v 14.19165 54.87021 35.356445
v 34.42457 -7.463501 9.365631
v 28.5979 -33.183197 10.480469
v -51.719387 67.18145 -56.76388
v -54.12561 67.92981 -57.104248
v 4.0562744 6.9403076 3.362671
v -51.921234 68.03711 -56.13669
v -41.437416 53.149628 -21.465546
v 26.872864 -9.272766 18.98529
v -54.77246 68.56055 -56.370117
v -52.310795 68.58879 -56.310844
v 21.29908 42.84286 -4.206543
v 43.774414 53.34729 5.6422234
v 33.383453 5.5423584 12.80249
v -21.90467 -33.69788 12.952286
v -33.034027 56.246113 -13.271698
v 16.044533 -7.418419 2.208603
v -9.564709 81.76526 -9.753845
v 1.2634277 85.12921 26.006226
v 20.629272 -23.34584 25.901031
v -46.652733 66.39404 -9.886963
v 19.417526 -4.3355103 -1.6532135
v -53.17402 66.31229 -56.80934
v -37.80078 -26.402573 21.37732
v -3.3013306 -3.7868652 54.928955
v 59.449646 57.91913 -7.171875
v -11.229736 26.92141 30.807617
v -20.586533 78.71213 14.117432
v -29.349487 13.3222275 4.7198486
v -6.4549713 88.67224 16.24253
v 13.248199 82.266525 20.29309
v 40.442673 -53.895336 6.8857574
v -25.359451 68.06651 23.852081
v -14.551688 -4.752958 15.286106
v -7.246745 17.702744 29.288218
v 8.144466 61.971283 -27.111057
v 28.957382 -15.016945 -1.5349312
v 33.029236 -0.7474785 2.3429565
v 12.130498 83.15711 3.4368896
v -52.585327 68.65875 -56.743103
v -10.236206 78.95398 -23.480438
v -50.951294 61.867493 -8.572144
v 31.207474 53.798203 15.035744
v 13.940521 6.128395 0.17984772
v 29.778564 -32.625 11.1311035
v 33.372578 58.909492 -7.976906
v 10.309584 16.436047 -0.6621082
v -56.043945 66.391464 -54.909546
v -25.579117 -8.400787 19.085068
v -52.45645 66.52736 -56.43106
v -43.009674 56.810547 2.8356323
v -56.678955 67.30936 -54.835693
v -40.716064 -9.488037 8.428223
v -40.35941 -32.140656 10.025429
v 9.269415 2.2128186 19.145664
v -39.76596 62.051544 -21.919842
v 18.357666 33.812195 7.362671
v 8.65774 29.516262 -5.005953
v -25.664673 64.31946 -8.50708
v -22.224976 7.263405 26.292564
v -43.177948 64.026474 -24.692688
v -47.66855 60.37256 -1.5493164
v 45.42195 73.6125 -19.095947
v 42.714905 52.759277 -18.74878
v -16.435997 83.51186 14.745239
v -43.72809 52.8938 -24.145782
v -40.619568 -29.28862 18.537964
v -34.631348 52.86609 -13.58313
v -6.9976654 56.9644 -16.727448
v 15.293945 34.533447 24.60498
v -28.815643 7.789963 -0.65296936
v -28.81105 52.57141 14.384308
v -52.588596 67.69923 -55.050518
v -15.780884 72.07822 31.133118
v -43.115967 -50.572113 16.149536
v 49.384903 53.96753 -4.178528
v -45.40663 -45.96692 7.30867
v 31.999584 -18.912018 19.105438
v 5.173889 82.17584 -21.403198
v 26.985718 -48.738182 0.038024902
v -31.222687 -46.22064 7.109405
v -20.136276 41.019947 -7.9696503
v 15.087323 -26.847641 23.940022
v 29.620539 -11.673416 -0.9735489
v -5.9997883 -2.9656835 43.046276
v -57.4478 58.86657 -55.00558
v -37.746277 -3.739357 15.756714
v 5.797188 35.72818 33.09427
v 20.624329 -46.451813 7.7199707
v 6.5072784 3.0436783 8.783142
v 18.469015 -21.00895 24.086704
v 25.832054 -37.380898 12.419289
v -57.92639 59.656097 -54.956238
v -57.192295 59.57759 -55.041786
v 1.5675659 49.12909 38.538025
v -2.6407166 82.73941 -22.875488
v -56.719135 59.12432 -54.822716
v -20.460938 78.711914 19.520508
v -25.075684 3.8238525 25.705109
v -56.812084 59.955368 -54.63408
v -24.15464 -6.107229 -0.50587845
v -24.550892 -11.023215 15.46168
v 51.118134 62.678436 -27.910622
v 33.299274 -20.706724 10.188949
v -23.353588 -51.67523 23.69905
v 18.113022 66.233826 30.393219
v 33.0011 63.282166 -1.9269409
v -11.913217 85.66023 3.404057
v -41.32666 -19.92691 16.26892
v -6.876736 11.400666 -0.45765495
v 28.131523 -52.943268 4.146744
v -32.08699 2.0827007 -2.3364563
v 2.6550293 78.82245 -26.584473
v 27.22641 -39.07669 27.305786
v 18.473892 42.07972 -8.306366
v -23.151543 4.0010986 25.903439
v -53.215576 68.3197 -54.19165
v 60.1933 66.00708 -23.819092
v -24.498413 40.55432 10.165301
v 15.7803955 -7.483551 19.177246
v -35.92993 -43.836334 20.690674
v -34.66377 -27.982056 3.012741
v -40.736435 -30.987242 10.595724
v 16.951782 -7.578583 19.668152
v -54.058105 69.103516 -55.9458
v -41.615112 56.935303 5.0600586
v 7.878467 82.13868 -7.641467
v 21.231415 68.39281 24.925568
v 16.911755 35.392967 1.1551208
v -57.216427 58.35584 -54.35853
v 23.1502 -31.744675 28.873886
v 9.203552 -1.4646277 12.848038
v -24.737137 -16.424625 6.940857
v -58.23822 58.96313 -54.676414
v -32.950645 -46.306458 4.9136353
v -28.985947 66.81364 6.3142242
v -56.590317 58.664917 -54.377098
v -25.747265 11.123383 25.018837
v 61.284912 76.195984 -26.733887
v -56.55614 59.548187 -54.32594
v -12.670532 33.883957 30.92334
v 11.478189 83.54345 -2.8072414
v 7.944519 33.42559 32.804474
v 32.624725 2.3924026 15.90387
v 49.151062 75.881836 -23.743652
v 11.181046 60.111908 37.191956
v -10.807795 7.363398 2.861412
v -37.681152 -39.109436 9.042175
v -7.040741 86.43024 -17.310669
v -4.178928 -5.300864 43.308712
v -30.392889 -34.108353 23.118826
v -35.23027 11.231697 17.404205
v 0.93899536 -3.774253 45.9086
v -53.56201 66.306946 -54.67334
v 22.17804 -50.937134 29.512451
v -17.633717 30.058937 6.3018074
v -61.224335 68.38751 -23.955292
v 9.563049 42.89528 -14.197453
v -5.949459 -0.28490067 34.751366
v 9.149872 87.63861 12.428467
v -37.031464 7.2095184 15.197815
v -20.429226 35.64444 -0.42617798
v -7.75 54.849854 38.612427
v -56.904114 68.809326 -54.314697
v 8.502899 28.753143 31.511871
v 16.57959 65.54468 -12.473755
v 2.3683777 34.862976 32.400543
v -13.401245 58.19166 36.671024
v 36.731323 61.43152 -4.8951416
v -17.063702 -0.18852425 3.1641235
v -6.45224 37.804443 -12.519043
v -56.218636 69.274155 -54.415493
v 18.444666 38.9852 -4.7681656
v 21.149233 -45.961613 7.09435
v -27.69851 -38.980804 7.9209747
v 0.047912598 65.8324 38.20291
v 23.745611 52.670628 22.557308
v 19.642212 13.296082 22.213562
v -4.204583 -4.1827803 36.423206
v 8.518856 54.74997 -12.272234
v -0.72821736 6.165412 9.791003
v -0.49032593 53.881226 38.649475
v -23.266424 40.225937 -1.2806873
v -50.455463 74.65839 -54.684097
v 37.590454 60.763 8.5789795
v -39.87831 -28.85303 6.4463196
v 14.781647 89.42822 -24.66748
v -40.183105 -14.833122 13.907898
v 46.254356 74.53874 -14.081482
v -51.568604 75.02942 -54.44861
v 44.350674 73.63163 -16.14006
v -54.85075 -50.686737 2.4304733
v -9.01416 44.661667 -15.183565
v -50.398777 75.46791 -54.62802
v 36.306957 -48.48725 13.165108
v -7.871126 61.974762 -21.844254
v 0.9816303 85.55124 -13.815918
v 14.042126 80.56701 -3.408844
v -20.744246 -29.515661 10.631318
v -59.04782 58.88059 -53.655823
v -47.72567 61.175613 -4.7761536
v 31.054117 -46.42492 7.418747
v 28.315338 -0.0472517 -1.0689545
v 38.31683 63.938534 -12.922659
v -59.072754 59.562744 -54.141235
v -24.972706 50.555756 24.971436
v 13.6040535 -29.938206 11.513451
v 50.739075 81.06908 -20.367386
v -59.565063 61.369385 -52.84546
v 1.3517189 -1.4685764 31.680317
v 54.390446 85.09691 -27.053898
v 2.7040863 45.417213 34.866245
v 60.62433 62.90568 -22.371826
v -3.8873901 86.03842 24.888855
v 45.180847 52.31555 -19.00061
v -23.884577 -11.742281 13.618492
v 11.181961 84.92335 15.735001
v 32.057343 58.46936 13.898376
v -12.538266 66.37294 -17.02975
v -6.40226 16.100079 -3.5142918
v -8.004028 79.00415 32.43579
v 9.393685 -2.6348376 14.538141
v 26.853516 -48.706512 4.34375
v 42.984955 47.929474 -7.2090454
v -40.497845 -29.703712 11.796356
v 42.92801 46.808388 0.009864807
v -20.25708 40.635735 24.412598
v 31.525604 64.86588 4.4580536
v -4.532593 18.192352 30.0047
v 11.628632 64.415985 -24.84586
v -25.455313 58.32199 26.177626
v -20.880127 22.974487 22.001953
v -21.810074 -25.83435 14.986877
v 51.307228 51.830643 -6.7135143
v 13.979759 -28.317467 22.82956
v 22.647854 51.56185 25.162369
v 3.1400757 88.618546 15.9991455
v -14.328247 61.455185 -12.708267
v 24.470291 -26.786682 27.56541
v 17.01947 15.454803 23.520203
v -38.98352 0.693485 13.405341
v 29.283524 -8.866882 17.158142
v 30.647648 -33.21762 14.984222
v -42.28532 52.568733 -22.015352
v -20.69215 91.97741 -26.825502
v -49.74405 75.0099 -54.524376
v -49.299168 74.287605 -53.762016
v -53.539673 74.91358 -53.553833
v -29.652496 64.74835 -5.407837
v -21.203117 -7.6359596 18.682999
v -40.51881 -28.861547 10.861097
v -6.4153137 31.87497 32.183167
v 18.862396 71.201294 -2.1447144
v 38.82395 63.268005 -13.798104
v 28.586899 -41.29537 18.00116
v 13.003838 77.81114 -20.323288
v -7.721906 60.907555 -21.186535
v -16.301958 83.06343 -22.096384
v 29.189972 45.468536 -1.9144287
v 3.49823 17.666779 29.379913
v 34.24347 -48.53743 2.934433
v -52.076904 75.98169 -53.75537
v 14.783447 90.30908 -19.092285
v -49.903584 75.986115 -53.733177
v -16.77417 84.36676 -22.679497
v -54.917316 -50.16513 3.015331
v 13.630417 81.09743 -4.8928375
v 16.90599 92.436905 -27.59726
v 25.10202 4.0655003 24.02118
v 23.69637 69.731575 1.2365875
v 10.839317 78.52898 -8.702419
v 6.400635 64.96045 38.185303
v -39.641876 47.963776 -8.547821
v 14.082642 -27.255936 9.838928
v -24.535118 73.009735 0.9367676
v -24.049873 74.31047 -2.4483643
v -56.762497 60.493702 -53.136658
v -25.159618 -33.18017 6.33165
v -40.669586 -27.701122 10.934311
v -30.028412 -6.6015778 19.687897
v -40.87816 63.37494 2.380127
v -45.891098 48.837578 -6.268585
v -12.492939 -2.2062006 15.558667
v -57.743652 60.88672 -53.97412
v 13.264763 -27.575996 10.91629
v -43.141846 67.04967 -12.039413
v -5.1027374 0.21425343 31.626877
v 33.31595 1.950592 13.973938
v 9.199432 64.47754 37.318176
v -44.1687 -51.32074 15.658264
v 32.02857 -28.582546 10.945602
v -18.050186 81.45569 14.871521
v -31.896423 62.306087 -11.286438
v 11.6345825 85.151566 4.961914
v 38.216625 61.061462 6.984497
v -14.067657 75.6246 -16.223633
v 55.779125 53.281597 -14.27758
v -53.831543 67.1051 -53.578613
v -31.531788 -27.912128 23.004496
v -9.0357895 53.08028 -11.8466215
v -23.977722 53.920303 -10.184448
v -20.048035 -6.268799 19.15773
v 18.159668 42.135498 26.91504
v -39.082397 -18.754028 1.2160339
v -44.677696 -45.1222 7.5368958
v -24.000622 49.117584 -8.384956
v 16.546204 34.5226 3.4628296
v 7.8495235 61.979786 -24.085228
v -29.057495 9.488739 0.1302185
v -4.227051 88.663666 -4.081421
v 22.436523 63.172897 -7.860718
v -9.109558 17.984482 29.081482
v -34.116455 -5.005234 18.406067
v -8.718567 84.03616 -8.250992
v -32.013096 -29.675816 3.02735
v -50.59305 73.89169 -54.028503
v -26.668571 -21.997417 20.605268
v -49.518993 73.987564 -54.059753
v 28.863045 -35.938095 13.064499
v 20.370266 -45.864212 8.815063
v 49.825287 52.754333 -5.5560303
v -7.473418 18.932459 30.144463
v -49.507603 75.242966 -53.925846
v -19.305191 69.39346 -11.073608
v -0.06428528 89.30109 -7.121826
v -49.727264 75.685265 -53.326294
v -7.764676 26.535656 -5.624496
v 8.988922 9.723389 26.52887
v 26.265284 -19.245232 24.505745
v 48.051758 73.94641 -10.991577
v -40.008896 -34.596977 10.331879
v -5.863159 52.2959 -12.980392
v -50.59442 76.13602 -53.828125
v -58.104855 58.34665 -53.975845
v -37.936615 -21.421988 1.1712646
v 47.017647 70.330185 -20.35752
v -31.217285 -5.982132 19.578918
v 42.12445 70.09952 -11.670456
v -41.094357 -26.772903 10.436317
v 2.101633 -3.2141 38.97401
v 40.41255 63.233128 -3.5998535
v 61.930923 66.0504 -11.533325
v 40.52465 51.7024 -15.182594
v 31.341461 -22.030445 4.9274597
v -60.049133 59.709778 -52.58008
v -41.76337 68.20944 -25.30017
v -41.06065 68.67098 -23.595055
v -34.18316 13.338333 15.402283
v 11.768431 77.55576 -17.184052
v -19.341553 95.029785 -24.961426
v -34.21466 64.184204 6.2331543
v 21.329432 -45.23399 6.885545
v 21.335598 -45.242527 7.713494
v -25.063332 55.341064 -9.681335
v 15.746872 -6.016754 1.276062
v 27.316673 -50.198177 1.3294525
v 20.642044 -53.022697 4.251526
v -23.865158 -7.911667 18.730621
v 7.481271 87.58537 0.649533
v 50.452393 57.170166 -24.90625
v -42.591988 -15.9688 4.3619766
v 17.547821 -38.676796 29.289986
v -34.597473 66.495445 -0.15382576
v 10.435974 46.582428 -14.300568
v -2.9036865 53.971558 -26.104218
v 26.166887 -45.91472 6.962311
v -55.90523 65.46493 -51.580757
v 15.075317 -6.640991 19.06009
v -6.4109497 32.050232 -8.286682
v 32.414715 -19.345331 6.4633408
v 11.0458555 84.048874 2.114563
v -9.0801735 28.76084 -4.6376114
v -54.47252 67.20977 -52.621872
v 27.424622 1.0081005 -1.5802002
v 28.412659 -6.623764 19.080444
v 4.873352 43.240395 34.147144
v -4.286271 0.2807312 44.737488
v 14.483749 -4.901573 2.656723
v 33.302063 -49.86107 17.282959
v -2.011797 -5.9199195 43.939514
v -34.15518 8.040918 20.681519
v -53.58333 72.91525 -21.567749
v 15.63797 78.959564 1.0090942
v 23.141201 -5.2506256 -2.444754
v 14.173757 68.438576 -15.741265
v -18.573975 92.03345 -26.950195
v -43.48767 -44.861115 7.3761597
v 19.587025 -25.715473 5.8093376
v -21.271667 26.657576 14.383728
v -38.25096 49.176666 -11.632599
v 16.598846 12.56889 0.840538
v 15.153961 0.19396782 -0.29906464
v -20.801517 -24.01529 11.143112
v -37.145203 58.058014 9.183777
v 3.9734993 23.594597 -5.732399
v -5.7305145 55.747482 -16.095001
v -17.665165 -6.264352 16.664402
v -8.270508 35.865303 32.9718
v 7.281311 12.068741 27.144417
v 15.208069 38.62587 -8.908691
v -53.664185 76.082855 -52.77661
v 9.290283 19.807083 28.61438
v -39.499588 -35.876526 10.178955
v 16.170807 77.69066 3.0364685
v 11.402317 -1.8807473 4.063671
v 30.316284 -7.031494 -1.1025391
v 6.915531 59.95265 -18.535099
v -19.12782 36.528343 -3.0253296
v 51.456245 59.93172 -27.025757
v 61.949768 70.50044 -24.433197
v 45.005367 51.587524 4.535965
v 20.830967 -51.272976 3.381042
v 19.270454 -49.326447 6.281296
v 36.829086 45.587837 -4.266327
v 22.247097 -44.990883 7.66243
v 13.522614 -24.655174 10.223694
v 22.268723 -53.18312 8.155151
v -51.925476 -49.103897 7.649292
v 57.664917 73.165405 -14.388672
v -28.456512 70.348274 4.904419
v 19.876389 -6.089813 21.545761
v -12.037474 12.6887665 27.864052
v -32.428387 -5.300569 19.046335
v 4.4150085 84.99535 -8.078545
v -25.147034 -23.060535 2.0534973
v 24.154541 -25.223114 27.36766
v -41.717857 -24.3845 9.852417
v -23.681408 42.48468 -2.3289948
v 35.237885 -47.367737 14.51676
v 53.445347 56.427673 -23.467712
v -56.82794 65.39848 -51.34424
v 45.612213 59.099243 0.74316406
v 13.164871 -23.876251 11.0471
v 30.750305 -48.96692 1.5385742
v -13.129204 61.81098 -13.695465
v -19.960266 93.7514 -25.103882
v -22.22496 -28.329002 6.40625
v 23.921358 -26.015251 4.089395
v -34.401756 65.85426 -6.837799
v -54.234375 68.375244 -52.251953
v 26.524078 10.236465 2.810913
v 16.861355 -28.270758 26.14679
v -49.86779 73.09323 -21.291138
v -53.252197 68.79187 -54.41577
v -19.534653 76.87804 -0.5803833
v -57.824078 69.27321 -52.441128
v -0.3198943 -5.4517508 49.23018
v -26.708694 17.246857 9.2907715
v -56.133423 69.85333 -53.057617
v -42.861374 70.29422 -26.064466
v -57.137817 69.762115 -52.629883
v -41.642136 -14.136177 4.5430603
v 24.800941 71.212036 14.969513
v -18.532837 29.7174 23.072144
v -17.77063 -4.853874 19.10936
v -21.354263 -4.837219 21.212524
v -31.760925 -48.95166 5.7858276
v 56.91348 74.454895 -15.366074
v 52.097504 50.840088 -10.325928
v -47.0139 73.08074 -26.975235
v -50.885498 73.53157 -52.73059
v -32.20514 -44.643097 6.58313
v -22.71286 41.42928 -3.0202308
v -49.79834 74.29837 -53.123413
v -43.358444 51.329224 -21.265488
v -50.027344 73.943726 -52.89035
v -24.199593 -38.5796 19.028198
v 19.06837 -19.859348 23.866863
v 13.064495 -5.6551447 18.202087
v -22.322708 -27.120872 16.299805
v 23.307442 -44.718 7.4543
v -36.49521 -44.91645 3.3435059
v 10.582245 4.519176 1.4425964
v 30.725632 44.27244 3.2088776
v -9.836548 21.51487 29.949219
v 25.007523 70.32507 3.49292
v 4.034584 88.02045 -2.1723633
v -25.913078 -22.368698 1.7313232
v -57.40711 72.34832 -21.481672
v -17.271912 55.502403 -11.670013
v 33.381634 -23.16706 10.865494
v -57.78763 58.370354 -52.936646
v -14.997711 53.644287 -13.564636
v -12.684113 87.15027 -25.046509
v -1.482172 36.8265 -9.96354
v 40.754333 45.729584 -0.17770386
v 8.99939 70.45288 -25.843689
v -30.39492 -2.1758966 -2.6885066
v -33.407227 -3.5816193 19.006226
v 33.451508 0.37509155 14.650024
v 22.39728 -46.534607 3.990006
v 58.76786 57.72576 -17.344627
v -46.93611 67.63269 -10.690247
v -31.551758 -4.270752 19.646606
v -34.686493 -41.555542 21.82138
v 2.1734543 83.25522 -19.89569
v 14.793308 -37.15042 15.95253
v 13.490631 28.050333 2.8334045
v -56.111977 52.909977 -25.47853
v -10.58049 64.911285 -20.809143
v -20.379913 90.10663 -25.618591
v -22.064484 23.043255 9.341736
v -30.05676 16.48007 11.842758
v 26.486862 -5.241866 -2.4797971
v 26.434448 -24.6335 3.29496
v -40.58055 -1.7966537 4.6308594
v 12.549622 47.33246 33.8089
v 9.403809 21.088196 28.794678
v 51.46557 84.97507 -22.350967
v 48.558884 74.49924 -22.13475
v 15.958801 42.55735 29.267334
v -41.583794 -21.712196 10.725479
v -52.69937 70.95508 -16.538574
v -19.395073 79.663605 14.174438
v -54.078033 69.354645 -53.632187
v 15.187047 -40.792934 20.123093
v 6.982361 14.000427 27.019043
v -20.83424 91.58508 -25.713858
v -43.57706 50.847057 -17.760532
v 23.119968 -53.020905 10.93457
v 24.195305 -20.89096 25.644257
v 0.0073051453 89.66797 -5.78817
v -7.60108 9.063171 1.6441193
v 12.555521 -31.992615 16.643784
v -34.98929 11.6098175 8.150879
v -21.222198 54.80272 -11.243668
v -41.02765 66.43625 -24.365173
v 8.718201 80.441154 -10.023392
v -50.837513 73.954704 -52.412846
v -29.02478 59.593994 21.791016
v -13.423279 84.500534 1.735321
v -50.97707 74.7419 -52.294006
v 28.86863 -52.60859 -4.251068
v -43.096283 -43.66977 9.808258
v 1.0664175 89.54174 5.130412
v -38.12698 -28.966204 3.911793
v 3.5985966 6.4175377 27.745987
v -29.854235 63.78896 9.70639
v -21.409851 -20.973045 10.754517
v -40.63026 48.38447 -7.750107
v -8.202667 77.513 33.23404
v -52.371002 76.74917 -52.0123
v -44.782593 64.75537 -3.4780273
v -41.200653 -43.96692 6.169159
v -39.347855 65.000534 -15.299896
v -4.382759 51.810272 -12.875656
v 7.7136316 2.2306204 17.518637
v 6.968689 81.4469 -23.512695
v -2.4539375 47.571114 36.29431
v 33.48713 -21.59476 11.128998
v 22.942932 -51.09749 0.6859741
v 43.476547 63.54782 -2.560791
v -25.9178 61.411346 26.055573
v 20.189304 -38.080208 13.111267
v -29.386185 47.28247 -5.3201904
v -41.053593 -3.2866478 5.65296
v -60.366333 61.038757 -52.157227
v -9.807343 68.423096 36.539368
v 13.42009 -3.6308212 20.092514
v -21.868835 -20.763731 13.734314
v -29.890045 15.587555 19.60849
v -42.29678 -19.642475 10.009888
v -56.90415 61.85286 -51.50827
v 13.243576 75.63536 -11.670258
v 23.723019 45.246246 16.690216
v -37.833115 59.1136 -17.046143
v 28.93457 -3.989746 19.358307
v -60.43689 62.740356 -49.770996
v -3.4690819 89.95932 -5.8350754
v 30.330986 -17.3806 19.03154
v 22.443863 72.00078 0.074523926
v 34.18123 -0.7144089 4.1971436
v 15.958099 -2.2979736 22.409927
v -0.66734314 84.83917 -17.600174
v 19.786373 37.80234 3.4412193
v -54.982788 66.104126 -51.98535
v -58.697388 66.45981 -51.686768
v -9.6112 12.464225 28.124437
v -34.537636 -22.897812 22.789093
v 23.505657 51.818146 20.502495
v 22.569794 52.704185 24.967957
v -10.735611 30.812115 -4.5248413
v 38.2843 46.219406 -6.194641
v -40.118225 -21.254272 2.8202667
v -44.80127 66.83057 -26.961182
v -38.915653 -46.589596 0.109443665
v 14.73381 -29.78418 10.163513
v 11.896938 16.337536 -0.62427616
v -15.693176 38.401897 -10.937317
v 28.712324 44.65567 4.230713
v 57.89331 76.664795 -19.841309
v -38.52959 -37.23464 9.132234
v 39.30462 62.283276 -7.3072453
v -52.556885 74.200005 -53.827484
v 13.584251 71.53534 -15.457977
v -41.556 -16.495018 12.4878235
v -33.551155 -43.30262 7.485548
v -53.32715 72.55347 -51.448242
v 4.331846 88.62174 3.3770905
v -46.969223 -48.676056 4.4309387
v -32.88977 -43.907623 7.2717285
v -56.157124 72.21173 -21.327082
v -29.755419 68.03608 7.0793247
v -51.531677 73.5983 -51.762695
v 37.67653 59.758293 -9.458633
v 18.955217 4.9155245 25.201265
v -41.75593 -20.226768 10.813232
v -21.97364 -19.92752 10.341728
v 33.641174 -5.090846 1.9872742
v -50.83203 75.605255 -52.084595
v -37.95758 -1.7073975 15.116699
v 52.762817 75.78815 -13.624023
v -14.041626 15.072144 27.577362
v 55.166775 52.765656 -12.6455345
v 27.733887 -35.74173 27.45987
v -38.506683 58.52429 -20.981262
v -32.52652 13.750954 16.929993
v -41.07422 -50.09915 17.38269
v -13.303787 4.7713623 3.9143982
v 54.52112 73.29822 -10.248413
v -35.77304 66.26855 -5.137146
v -7.614746 60.725098 38.672607
v -58.409042 58.570503 -50.97345
v -41.06079 59.899414 4.894043
v -29.648733 2.3429585 -2.072404
v -25.81444 20.413708 14.186041
v 29.339539 51.343414 -6.546631
v 10.799469 22.713917 28.935333
v 14.014496 46.993103 33.06006
v -59.98666 58.96698 -51.23253
v 20.97174 -49.028965 3.3496933
v -57.24588 59.196533 -51.665283
v 12.483818 65.35492 -20.799011
v 11.136185 84.105225 3.9389954
v -60.803925 59.924026 -50.308105
v -5.4128017 5.293045 27.29834
v -4.044365 16.493814 -4.4896355
v 10.833237 85.57016 14.33606
v -29.982208 -51.749695 8.271851
v 53.70691 68.73047 -5.640625
v 1.2489929 0.50823975 41.54773
v -24.217773 21.440643 16.700928
v -16.932999 70.46656 -14.988556
v -12.59613 83.434906 -17.818542
v 30.636902 -25.04647 23.91449
v 19.880936 68.974655 -3.708374
v 29.975647 -2.359375 19.003052
v -21.65451 4.4646606 25.365799
v 7.2471313 82.79523 -12.678223
v 34.9107 45.020184 4.5612946
v -36.779724 -17.143229 -0.78389454
v -13.222518 84.49138 -5.31839
v -12.47382 46.09369 35.225533
v -12.204407 57.119926 -13.218628
v -36.378906 -42.91028 7.400757
v 24.786953 -44.872704 6.298874
v -42.63498 51.808914 2.1817017
v 26.908157 -44.01197 10.939392
v 33.23363 -18.736208 11.27179
v -42.877472 -18.432417 10.715988
v 17.214943 -52.782146 25.738495
v 27.646973 61.540527 -4.1341553
v -22.73508 -38.169746 15.713612
v 9.640991 72.968994 -26.005615
v 16.969086 10.081146 24.271362
v -58.91504 68.7406 -50.890625
v -25.323547 68.3078 22.430725
v 46.29264 51.375824 -18.679108
v -48.76419 73.10382 -21.338501
v 28.9747 -46.925842 5.771698
v -28.210205 -15.523022 2.166809
v -26.565735 0.8953762 -1.9867207
v 26.391823 -25.562683 27.264767
v 9.771606 81.383286 -14.249756
v 45.952515 49.234695 -13.641113
v -19.235031 68.84888 30.997559
v -34.342422 -42.97386 7.1752625
v 16.377708 -39.25038 15.581758
v -44.56044 50.26407 -17.715973
v -52.64818 72.72427 -51.194305
v -1.8533173 15.5249405 -4.5165253
v -22.270641 -18.076769 12.417175
v -35.43012 -16.114199 -0.169867
v -13.620605 23.568535 28.71997
v 36.916214 -53.947582 -2.1561508
v -41.895462 62.00116 1.791565
v -16.430424 -2.701416 20.842133
v 31.212923 56.53883 14.961608
v 48.767944 77.93323 -22.950867
v -24.108124 9.291672 25.992004
v 33.196136 -50.082672 8.5439
v -13.641638 -1.8205757 19.250118
v 50.17643 63.54875 -25.282028
v -42.83862 -18.04612 11.277237
v 22.370575 46.53734 -4.2052765
v -51.01422 76.22095 -52.158203
v 21.58789 -46.251892 4.5429077
v -54.761963 76.126465 -51.355225
v -22.873535 43.33589 24.813965
v -3.5634155 -3.1479492 34.489258
v 18.050522 -26.24466 6.499756
v 20.788715 -32.35187 8.658958
v 23.024654 71.849205 1.521413
v 18.561035 86.19299 -21.112762
v -10.768856 86.28322 2.9440308
v -8.329285 87.56293 -8.018982
v 22.25093 18.358097 8.655594
v 31.579834 -0.6174927 17.743652
v -5.8069844 7.279228 27.410286
v -36.982994 66.10633 -2.828846
v -31.169117 -34.008003 4.7598305
v -12.582985 -2.3988228 11.890823
v -16.108591 64.13231 -12.877198
v 5.189331 84.16864 -8.026901
v 2.7423744 88.42589 -3.048149
v -12.962563 77.6806 -14.835846
v 55.347122 54.356712 -18.382164
v 59.118317 71.18347 -12.263916
v -59.652527 63.284485 -49.175537
v -13.827637 82.73474 -6.339447
v -57.27591 62.98857 -49.150375
v 11.366516 24.094566 28.684448
v 27.828278 44.852745 0.8525162
v 8.845917 66.685 37.05316
v -39.384773 62.03186 4.7853394
v 31.30687 7.885559 16.010986
v -34.59706 -51.288544 -0.6992626
v -3.6586761 3.0997925 37.839233
v 31.376308 44.854652 1.1461487
v 10.381653 3.637619 21.79544
v 10.956055 83.776184 -16.076843
v -18.566666 -4.514488 5.2657166
v 29.440552 -7.297409 -1.7289429
v -28.500122 -53.14128 17.362549
v -15.040222 81.33443 -3.6359253
v 19.995369 -9.531494 20.219482
v -36.190475 -38.6812 7.098175
v 13.464815 -8.365583 10.116516
v -59.3833 67.00598 -50.735596
v 6.220459 68.67404 36.299683
v -27.526611 64.55826 -5.5894775
v -23.767181 -16.344078 12.197998
v 12.897567 -30.308456 21.254826
v 29.822998 -1.1403198 19.766785
v -55.580933 69.36403 -50.09561
v 34.474487 -52.0238 16.624268
v -35.02173 -1.210022 18.921143
v -35.810486 -39.302933 20.933838
v -56.427883 69.89988 -49.72575
v 31.281738 1.3381538 18.339294
v 18.423622 25.148415 12.365921
v 26.583244 13.189117 18.831512
v -26.615833 -39.58342 9.345089
v -6.4300385 43.583466 36.02043
v 14.608433 78.88666 2.2496567
v -41.93274 -24.99628 12.19017
v 15.664551 78.87245 -4.9937134
v 5.0357666 35.435154 32.55954
v -55.320557 74.81201 -51.96704
v -9.797592 7.442459 23.23819
v -52.59082 73.09387 -49.79541
v -58.18708 55.103027 -26.74414
v -48.77986 71.036514 -16.25354
v -0.40100098 78.51709 34.069702
v 10.784958 44.479126 34.235878
v -51.891815 74.45289 -50.24493
v -42.180344 -15.257637 10.079956
v -4.709489 6.637882 21.353088
v -18.32129 24.092285 23.36914
v 11.733826 -1.3861694 20.129211
v -41.423065 -6.9075623 2.418213
v -51.50638 50.59613 -16.444397
v -34.396484 0.05480957 19.450195
v -13.065853 -0.2817006 19.681705
v -42.04538 68.41202 -26.306885
v -26.666641 -25.803978 21.242771
v 12.709256 66.787384 -19.233278
v -59.454597 58.62583 -49.736633
v -33.878452 12.940166 17.98996
v -34.155212 -45.16748 4.939575
v 58.364136 73.227165 -16.087059
v -13.733826 0.09970856 20.277603
v 10.540527 36.3932 28.892456
v -56.892174 59.597775 -52.89621
v -33.16725 -39.482803 7.3793755
v -4.041481 1.6479187 41.32959
v 54.81494 71.09033 -7.9014893
v -57.467644 62.20276 -51.935303
v -36.93921 52.93466 -14.59082
v 38.419197 57.86177 -13.636208
v -12.084778 25.094767 29.821777
v 2.1679382 89.8949 6.015625
v -2.3625183 -1.3048096 50.763916
v 28.910065 5.779648 1.6967468
v -58.524902 62.301758 -52.123047
v 15.484741 78.59565 3.1852417
v 22.023254 5.0343323 25.212814
v 7.7196503 54.695328 -13.031998
v -57.303955 65.023834 -50.255817
v -27.2034 -5.1657104 20.93509
v 18.986824 27.875282 13.310699
v 10.62155 -4.02577 15.641754
v 15.34923 -12.182079 11.9236145
v -35.48877 -49.92032 22.874512
v -30.215332 46.368866 3.4206543
v -55.88705 66.36171 -49.317596
v 52.178722 51.67974 -17.960403
v -57.88523 62.0009 -11.7066345
v 7.828827 15.897583 28.000702
v -19.264359 68.30054 -11.730408
v -17.207275 79.8331 -2.46167
v -44.15631 56.54213 1.8614502
v 44.804184 74.1807 -15.096428
v 17.404419 53.62793 -10.83606
v -41.82667 -20.432236 15.326996
v -29.129715 65.60594 13.766357
v -29.321938 12.019058 2.4890137
v -14.077972 13.475227 26.80632
v -31.569778 1.213136 22.444239
v -29.911194 61.93622 -9.718063
v 43.27769 49.931934 -15.392108
v 42.16623 47.193214 -2.4908142
v -28.083992 -31.277298 4.01966
v 37.5831 47.924286 -9.133598
v -46.13452 -52.21106 14.281067
v -23.347841 57.003273 -11.563912
v 10.393034 -0.27920008 18.488865
v -55.86963 73.11377 -50.875
v 31.110046 -20.114336 21.723755
v 12.109467 -0.027381897 20.779236
v -20.62278 91.52051 -26.5111
v -30.493664 -38.373497 6.957901
v -49.970703 -48.515648 9.559788
v -35.744385 0.93927 18.68042
v -33.894405 -7.538044 17.026247
v 53.65828 77.915375 -17.550507
v -34.83731 65.87085 -5.532305
v -41.847412 -22.273005 13.700787
v 31.056929 -11.3124485 -0.9521737
v -56.614502 75.83566 -48.598633
v 15.511646 -21.03167 21.251694
v 13.717255 -33.91284 15.247711
v -51.67859 75.564285 -50.506104
v 20.168228 68.15924 -5.805908
v -14.101912 1.6635742 22.496857
v -51.955383 76.09523 -50.518578
v -5.614105 -3.719459 43.463917
v -16.530151 30.049438 26.340454
v -24.353062 -13.837433 11.1474
v -10.47821 45.562103 35.932037
v 13.356844 -35.564568 22.130066
v 3.512288 41.97752 -13.966002
v 6.124443 58.65155 -25.522339
v -3.686637 55.863182 -17.451935
v 21.211334 -42.560165 13.8611145
v -29.1156 -51.122913 8.94458
v 22.113586 8.22641 24.483688
v -33.76059 11.5355835 5.492218
v -10.661966 64.70594 -16.679146
v 9.699567 0.669972 18.889692
v 22.546349 66.37919 25.395706
v -8.698044 17.93971 -1.4081998
v -58.246037 54.98479 -20.322144
v -40.27545 -13.182948 10.767395
v 3.71249 88.744934 4.74617
v 30.564209 0.8506775 19.3125
v -2.581787 -1.1958008 30.626282
v 19.376602 -1.7072906 23.144913
v 5.6424484 88.27654 -4.3641357
v 31.785536 -29.717255 12.156511
v 15.293526 -4.5303516 1.1336517
v -59.048523 59.899124 -12.709198
v -43.955566 51.161163 0.13604736
v 38.445984 51.180702 -10.384155
v -0.55434036 49.19702 -12.5661545
v -56.371597 65.07077 -50.684082
v -46.178345 64.2511 -3.3345947
v -58.873596 65.73183 -50.363525
v 12.885162 -0.9457245 1.5741272
v 29.937836 -39.56299 22.889038
v -39.764893 -12.840595 11.595032
v -17.447128 65.65164 -15.416214
v 13.086091 82.55773 -4.336729
v 50.28234 62.875103 -26.024693
v -29.88617 -33.721764 4.6448307
v -55.120636 68.67165 -50.415405
v 1.4093018 -2.8944855 44.45514
v 7.3951874 4.585434 4.1669464
v 31.342026 -28.574408 9.5012665
v -33.311523 61.425217 -12.531982
v 11.085876 27.540333 29.670977
v -54.98532 70.93733 -48.093338
v -31.777054 -52.25022 4.1900024
v -0.6362648 -6.4162445 51.104446
v 21.33203 95.40793 -27.52991
v -25.333008 -16.529598 5.6206055
v -40.02946 53.66604 -17.223642
v 57.618355 65.020935 -26.943726
v 60.147343 58.037933 -13.366821
v -40.560135 64.01088 1.5412598
v -57.40796 73.07117 -49.250244
v 9.602674 1.463093 18.92978
v 11.152069 83.741455 -23.531738
v -41.761314 58.223785 -22.0292
v -32.764317 -38.332764 7.1555405
v 31.783142 -12.721863 11.542236
v 24.815628 14.279755 18.430878
v 34.133503 -12.741119 3.5474854
v 26.226654 14.19751 17.19458
v -34.94438 1.8967133 -1.2712555
v -5.7180395 85.950424 -18.335419
v 7.3629303 82.819214 -23.385864
v -4.825531 85.99992 -14.220764
v -34.7218 -45.786057 3.1530762
v -23.285595 -11.656784 10.77457
v -8.297943 6.9588623 4.4882812
v -11.262978 0.47281933 17.027384
v 44.842148 52.85437 -20.398163
v 33.671017 -8.624542 10.29538
v -56.366524 60.790108 -48.080353
v -61.545593 61.429382 -47.660126
v -0.466647 48.874546 37.078083
v 13.248302 68.35614 -16.427164
v 53.631004 60.18928 -1.7725048
v -20.26815 89.89339 -24.822393
v 10.197128 62.625935 -13.880325
v -9.77124 59.606506 -15.289978
v 8.574448 23.14204 -1.0856094
v -45.318085 70.81044 -18.166168
v -12.479233 14.017029 28.001251
v -51.901672 -52.962906 -3.9624634
v 18.89833 -2.8265495 -1.4754486
v 3.9042377 18.784288 -4.0279884
v -48.908546 58.857315 -2.2553253
v 22.888222 65.713684 23.702118
v -22.360004 -10.906754 10.10244
v 38.90503 61.02317 -8.616196
v -42.218296 -51.381844 -0.8373108
v -14.566895 28.658386 28.326294
v 18.261353 58.928528 32.480988
v -29.50844 -38.531548 7.400054
v 11.873398 78.15646 -17.303955
v -35.266953 -29.020111 3.4658356
v -21.07605 75.28906 23.718262
v 46.534225 68.4751 -5.498657
v 26.990723 -7.8410645 19.015015
v 4.1137505 15.667074 -1.8686991
v 23.772987 17.357143 12.501038
v 36.140926 47.722496 9.402466
v 12.752102 5.528574 0.22096443
v -35.221558 1.8122559 19.8219
v -2.4735794 38.846497 33.57161
v -3.313076 -1.492302 32.793762
v 21.82203 76.24649 14.32782
v 23.241821 -44.686707 27.791077
v -8.895325 87.86459 -7.098938
v -23.70285 -48.243603 17.82904
v -57.313354 72.24744 -48.80591
v -20.503063 -10.258728 10.30101
v 54.184605 80.35024 -18.44703
v -1.2106323 -4.344055 53.54065
v 13.468567 75.352295 -9.743652
v -2.1695666 10.135394 -1.9363794
v -11.719618 79.850655 -9.661259
v 2.798719 54.7946 -15.074982
v 15.506709 4.704114 24.651203
v 1.978503 80.81645 -23.087654
v -37.470337 -23.412262 21.656738
v -12.956978 78.9256 -7.5567627
v -48.708496 -53.6214 -1.9755859
v 42.352905 63.75238 -1.55896
v 27.517578 -38.054314 14.028534
v -62.64554 66.507385 -23.045715
v -4.477783 89.1788 -7.088318
v -33.9626 -37.568604 7.072895
v -52.001892 75.73202 -49.545227
v -45.582664 -46.851303 3.4838305
v 13.985666 76.31041 -5.2264743
v -29.082685 -29.356567 2.941782
v -58.75775 58.65393 -49.037354
v 26.618134 -52.94937 4.4692383
v 31.817413 -33.8059 21.656845
v 23.299835 52.842415 23.807648
v -11.379698 -1.5108185 15.36462
v 30.543274 2.6008682 18.827942
v 12.719926 -23.436022 15.597351
v 24.031916 -41.77269 13.90184
v -17.540771 96.91089 -26.67041
v 26.415527 -14.094173 19.026917
v 16.103546 8.313019 24.580643
v 1.239624 66.29352 38.59909
v -11.105164 15.524948 27.583694
v -28.304708 -37.52758 7.0984154
v -37.149628 -2.045395 16.490662
v -2.6517334 10.031738 32.04956
v 3.8498383 8.050522 2.3990936
v -38.554955 -29.981941 5.5917664
v 23.807747 16.931217 8.678909
v -58.42334 65.283966 -49.35858
v -57.028698 64.99857 -49.401104
v 2.674263 89.448044 4.6200867
v 30.862898 10.118059 9.031258
v -0.8748169 12.074707 30.867035
v 48.744247 59.65451 -26.097565
v -29.226562 -7.873642 18.279709
v 44.449196 65.589294 -4.356262
v 32.042267 53.929466 14.434082
v 9.634399 27.34613 30.65686
v 30.41156 3.9150848 19.161987
v 34.91311 -51.62904 4.7947845
v 10.595947 28.897343 30.334656
v 4.5687704 11.991615 0.19402695
v 36.498627 46.26169 -5.6886597
v 26.4205 -38.278008 12.863121
v -49.31539 -46.838684 9.715569
v 8.546265 57.29544 -13.419968
v -7.786621 36.233276 -11.463501
v -58.409546 69.60277 -50.301025
v -40.480103 -32.49884 17.54834
v -57.736553 70.085945 -49.352936
v 28.944458 59.118145 -5.7933884
v -6.8781853 58.750885 -18.063747
v -9.93515 4.3124695 21.009674
v -9.55954 82.75586 -14.978119
v -55.61035 70.22101 -17.398438
v 0.454256 88.818214 15.848395
v -55.444344 71.10426 -48.499634
v -54.78003 71.5332 -49.682007
v -40.015503 51.981262 -15.544785
v 5.470551 21.579973 -2.248661
v -15.794434 17.95935 26.829407
v -35.49334 -38.594067 6.762348
v 20.984537 17.973423 5.859878
v -36.366055 -23.645134 1.264096
v -20.263184 65.2478 -13.969727
v 17.145142 -23.383106 6.426697
v 32.61499 -9.346283 11.743286
v 13.252289 83.23608 5.0769043
v -29.060827 67.12319 8.446838
v -49.26422 -49.13202 4.9855347
v -52.160645 74.96466 -48.978027
v 4.3045654 56.614426 -24.706543
v 16.586853 -42.924477 17.775513
v -12.186981 86.17645 4.175354
v -19.362093 -9.133993 10.312069
v 1.3514099 27.720612 -7.2070923
v -40.27762 -43.034607 16.049805
v -27.381378 -47.64305 25.309723
v -36.4534 -36.98904 7.4317856
v -4.1126823 18.149755 -4.2888823
v 28.138062 -23.331665 25.610168
v -25.957619 -20.812672 1.304184
v -54.26474 74.22299 -25.41632
v -60.56112 59.38873 -47.308407
v -3.107193 -5.011793 36.758804
v -45.9572 51.70204 -1.8203735
v 38.761333 61.29485 -10.216583
v 35.01841 -0.9538288 6.1908417
v -15.415569 17.82468 0.7655449
v -0.723805 61.063255 -48.689945
v 43.19055 71.32367 -17.851624
v 51.261337 73.2536 -9.595947
v -31.22689 -43.913967 22.87564
v 18.557135 35.418915 13.745327
v 0.96689606 61.25446 -48.92749
v 21.859238 -49.43393 2.960968
v 4.3125763 4.165886 19.951004
v 28.981476 -24.430302 25.530304
v -51.66296 51.729553 -25.640747
v 30.527847 -17.257416 16.735718
v 25.124569 14.736481 17.077454
v 0.09740448 61.491047 -48.856743
v -49.372055 49.780285 -17.441925
v 1.742402 61.114105 -48.63323
v 4.102783 20.850037 30.833405
v -61.36801 62.719208 -47.719055
v -56.6375 62.475887 -48.947014
v -17.819199 -8.046233 10.342251
v 33.745583 -17.627266 3.7691803
v 27.355808 -20.835915 2.492406
v -41.468414 -13.672198 3.7128372
v 20.904922 65.44928 -8.904907
v -13.3029175 67.02966 -25.068542
v 43.086517 70.16749 -10.502777
v -12.935059 31.436558 29.0354
v -1.7440093 48.56875 37.69284
v -37.408234 54.99005 9.394775
v -57.159164 64.64625 -48.81863
v 4.9782104 14.161987 28.304169
v 42.441223 52.10678 -17.809814
v -3.5265846 4.890335 24.770782
v 17.790398 37.694935 -2.6221313
v 28.897888 -7.897522 17.669922
v 24.18808 -35.293884 29.6362
v -15.31839 -1.4587898 21.001526
v 22.276917 -44.468475 28.299255
v 23.317139 9.514832 0.36160278
v -55.564316 67.724556 -48.230797
v 11.105988 63.362274 -23.570114
v -27.879082 47.858215 -5.237793
v 15.656128 -47.899002 16.944092
v -60.154514 70.41306 -26.012932
v -56.093113 69.749245 -48.931183
v 39.115547 46.665024 3.0744019
v 19.779533 37.04653 2.7576447
v 18.07396 -8.619583 0.89656067
v -6.1479187 84.80972 -11.295776
v -16.667648 9.613327 0.64043236
v -20.055664 52.64868 -12.747803
v 11.717194 85.71753 -25.211304
v 19.103195 -24.387352 5.5212326
v -16.662842 46.06121 33.68402
v -12.832409 12.102295 26.79264
v 0.9579468 88.403076 -8.211182
v 33.25744 44.61697 -0.044281006
v -20.21109 20.350922 3.3798523
v 20.857727 71.91151 -0.9096527
v -20.55141 -3.7353458 0.91189957
v -42.744343 -18.205788 6.63443
v 35.805603 49.16989 -8.386871
v -10.332275 31.851242 30.675781
v 49.266148 60.771667 -24.790627
v -36.33049 52.45601 9.680286
v 22.373636 -27.976917 6.4035645
v 13.483643 25.065552 3.3746338
v -56.9718 74.746826 -49.645264
v 60.02942 70.20415 -20.430603
v -20.972595 11.734192 25.368713
v 34.21183 44.532906 2.344635
v -3.8063545 55.67212 -20.688477
v 15.220281 -40.03296 25.915195
v -39.833557 -6.904602 9.916382
v -18.545055 55.985546 -11.420425
v -0.23080349 24.42684 -6.7209578
v 44.06588 73.59932 -17.54541
v -29.845947 63.35269 12.841324
v -53.53418 -52.399963 6.076172
v -1.5105028 16.44315 -4.8573446
v 46.476715 64.44082 -20.629456
v -18.52919 -0.1545105 23.796448
v -26.642593 71.58646 0.26757812
v 33.464508 -6.758972 1.7963562
v -19.966702 77.23301 1.2371216
v 35.86389 54.708145 11.850281
v 5.9023957 2.460654 15.248685
v 14.316772 83.170654 7.2822266
v -1.3314791 59.98488 -48.733627
v -9.139648 37.260635 31.7323
v -1.7711334 60.003693 -48.41223
v -0.2562256 60.053272 -48.250763
v -35.723083 -36.308723 7.154846
v 11.815933 -2.7234836 18.501154
v 0.82741153 48.192184 35.632656
v 23.514374 -10.643725 -0.94247437
v -14.087524 59.757034 -13.080399
v -35.36221 -18.199514 -0.54073405
v 31.770813 -3.4262695 16.917114
v -1.311409 60.66284 -48.846687
v -1.781435 60.67723 -48.42709
v -23.567402 -23.784256 18.172333
v -0.53598785 60.693443 -48.742996
v -6.6580505 35.09317 -7.748474
v 34.306496 -7.5384445 10.739166
v 11.015747 31.624207 29.583374
v 33.46234 -51.076843 17.305542
v 31.373566 -5.3926964 -0.6664734
v 1.604946 60.674717 -48.58385
v -27.611914 18.071415 13.749847
v 2.435112 60.63063 -48.700516
v 56.176834 56.188602 -21.17412
v -45.151356 65.41443 -6.3494263
v -26.791962 -4.0787354 21.511902
v 27.361435 -49.42401 -2.9431763
v 21.662273 7.8612633 -0.6287117
v -42.62477 -49.113647 0.9111328
v -17.275085 33.279144 26.40857
v -0.454051 61.53539 -48.436066
v -42.525055 -17.820152 5.524765
v -39.565918 -15.887878 16.263916
v -27.54242 -8.648285 18.206238
v -28.266151 17.036678 12.160095
v 1.1524124 61.612503 -48.52446
v 18.31018 34.25061 4.5634766
v -35.122383 45.734142 -0.87960815
v -56.21868 61.8183 -48.168243
v -26.225283 7.6430397 -1.4369783
v 41.26628 63.215836 -1.2053223
v -37.764313 -35.51406 6.9787445
v 23.26965 -53.57308 5.295616
v -32.637638 -7.6083984 -1.8896875
v -48.481304 58.182697 -4.8992386
v -16.8078 75.25403 27.882812
v 17.655201 80.54841 11.980438
v 50.442024 53.15808 -4.840393
v -38.89484 47.701347 2.3880005
v -56.520065 63.106934 -48.476704
v -59.04573 63.63858 -48.475708
v -11.817993 77.31673 -22.065231
v -25.780693 72.522354 9.973068
v -57.89753 63.6744 -48.55958
v -11.935125 78.47797 -20.895798
v -39.00326 55.308216 -17.259544
v 1.5901841 5.51151 19.0429
v -21.995417 93.65636 -27.439514
v -57.193207 63.893803 -48.54368
v -56.72176 64.37672 -48.563263
v -27.854347 -12.789977 15.744452
v -57.94395 64.519844 -48.368896
v 29.280273 56.642303 15.370758
v -7.792282 60.788994 -23.181458
v -43.83864 -52.973312 -8.831722
v -2.3368835 -2.8479614 53.431763
v 29.197266 6.294525 20.051514
v -20.857609 29.196447 15.770706
v -8.48472 83.71982 25.722412
v -58.799797 65.0898 -48.474308
v -56.51558 64.98697 -48.72876
v -60.43956 65.79657 -47.709167
v -59.861618 65.633514 -48.494278
v 22.171204 66.46298 -5.084961
v -19.218369 55.63395 34.37674
v -55.67337 66.47575 -48.55121
v -36.402893 5.847599 3.0844116
v 7.474365 75.7338 33.038727
v -7.1816406 66.24707 38.10742
v 9.396164 53.141724 37.22104
v -10.472076 33.62964 -8.063965
v 40.16459 53.002422 -13.304985
v -55.78424 69.164116 -48.52902
v 11.6332035 78.066025 -12.28598
v -9.163544 82.73585 -9.5946045
v -56.063793 69.951866 -48.279213
v 48.37458 56.16861 -23.897644
v 32.602177 -23.870571 13.321457
v 33.89209 62.40143 -3.331421
v -42.858692 -19.770027 8.59343
v -53.584473 51.23476 -20.12948
v 0.8955536 6.385254 4.903885
v -39.77263 -15.468765 1.0281677
v -54.379593 71.319824 -47.82042
v -7.1119995 25.341099 31.562775
v -52.995728 73.64435 -47.45056
v 22.13153 -52.273643 28.746582
v 18.772583 -32.49649 28.37941
v 29.099686 -10.742618 -0.6890545
v -10.016357 13.391052 28.047897
v -20.641663 77.19824 22.068604
v -41.560974 65.87032 -12.654401
v -25.17836 62.960583 -9.826573
v -42.300957 -15.048697 6.227722
v 12.768349 81.70355 3.685625
v -3.2091217 89.11561 16.329132
v -52.893494 75.79161 -48.324768
v -36.335938 2.438614 18.343018
v -56.626648 75.98438 -47.419983
v -40.422855 65.52077 -23.088768
v -54.161987 76.10077 -48.015137
v 11.41626 76.95039 31.39087
v -4.6293736 6.8327117 18.861748
v -1.3425031 59.283054 -48.39294
v 10.26294 -3.2703962 10.634248
v 44.37805 65.74188 -17.869873
v 0.24746418 58.387596 -47.746025
v 0.04107666 58.861633 -48.155514
v 32.681496 -18.524055 9.741871
v 1.2266235 85.23529 -15.673584
v 61.82098 68.72066 -23.456337
v -1.2107391 90.02989 -6.5508423
v -59.993137 56.278217 -26.758572
v -26.329876 -36.217087 7.6037254
v 1.572233 58.969246 -48.19162
v -25.332458 -4.767212 21.663269
v 9.953621 86.50067 12.087219
v -14.764389 75.66644 -9.79969
v -35.105347 -31.15686 22.474243
v -20.698189 38.16157 18.76767
v 40.200027 67.96357 -12.982404
v -38.657837 53.724625 8.600607
v 3.9326277 14.201992 -1.2513466
v 2.4885635 59.584152 -48.2726
v -39.699753 -22.06836 1.757721
v -21.669455 14.26225 24.428926
v 18.221436 95.4812 -23.078125
v -5.937744 68.36432 36.871826
v 14.616907 -40.014698 19.038834
v 4.9715576 51.380493 -11.940453
v 24.493479 50.945282 18.25386
v 0.9867115 60.17397 -47.976574
v 32.87201 -17.665161 0.7692871
v -32.5968 -30.371544 3.4296265
v 35.935013 -47.76545 12.701551
v -29.750122 51.242607 12.379822
v -4.9758363 5.328944 10.830551
v -2.7260742 34.849 -9.483482
v 3.0168705 59.925697 -48.216423
v 29.674103 -4.344385 -1.144989
v -12.72467 64.62561 -22.661499
v 19.430222 -12.304123 19.067467
v -41.434204 -50.75122 -8.144348
v -1.1225243 1.9196472 28.087646
v 7.140991 44.141174 35.89569
v -15.955584 73.081406 -12.908379
v -49.863068 -49.30966 -4.025757
v -38.52604 64.27185 3.1800537
v -17.321716 74.993286 -6.317688
v 7.0329514 58.38974 -26.034851
v -43.37445 -47.76172 1.2412109
v 16.966125 2.5816636 -1.3810463
v 60.740845 60.613174 -16.532486
v -35.062878 12.47261 12.167877
v 14.672617 -36.649532 25.761742
v 26.990435 -6.4956064 -2.6784213
v -30.453537 16.498474 17.006927
v 59.761818 62.274475 -23.602905
v -27.238842 5.0853424 -1.766468
v -22.33356 -36.97749 15.75923
v -60.423462 63.470894 -47.935364
v -33.494423 -29.440857 4.000641
v -56.122345 63.831604 -48.10181
v -36.436768 -52.817802 21.169434
v -58.655518 64.36713 -48.104126
v -39.706177 53.73905 -18.513046
v -8.296143 33.93898 32.879517
v -56.03106 64.63591 -47.998627
v -40.791855 -17.991108 2.676834
v -59.933105 65.082184 -47.81317
v -12.067665 10.706924 1.0468102
v -50.150925 51.13452 -14.0078125
v -38.65587 56.32405 -17.55658
v 7.598938 81.970215 28.855469
v 27.543976 -52.26526 3.7827454
v -39.342773 -27.88475 4.988159
v 4.267395 87.22363 21.67041
v -44.23413 67.346924 -26.86792
v 10.475586 58.961815 -12.916473
v -14.632574 -3.7405088 17.129347
v -18.855743 88.03461 -24.549103
v -13.477722 -1.7870789 11.0164795
v 29.676147 -37.30664 24.463379
v 9.949318 77.58114 -25.795963
v -41.083706 -28.288467 12.923004
v -1.0975952 63.565674 39.098267
v 14.957115 80.38993 -4.157814
v -57.40387 70.11873 -47.79077
v -41.287655 65.30242 -13.320778
v -11.909546 86.05378 0.6294403
v 29.946167 -47.54369 20.320374
v -1.8464365 -2.2759724 32.554054
v -5.2502203 85.50783 -12.889709
v 10.065363 80.49155 -14.090208
v -36.65645 -41.328243 9.242249
v -37.576866 -33.274017 6.7729645
v 26.130249 -51.72479 -4.201477
v 27.973892 -20.659485 24.761963
v -57.327026 71.036934 -47.313232
v -17.553751 35.628395 -1.9609871
v -0.98896027 89.50691 5.282959
v 15.164505 77.061325 -5.0210266
v -6.2938085 15.296131 -3.286521
v -2.001856 5.116384 3.1238136
v 32.617874 -49.490128 7.835951
v 10.249634 64.05713 -22.388184
v 13.789856 41.123367 31.440796
v -34.855225 8.364197 19.182983
v 0.44293976 4.4421387 24.059204
v -8.956115 9.023926 1.5932465
v -15.487228 40.851288 -13.082035
v -35.736362 61.525192 -13.996429
v -46.159027 64.06384 -6.315857
v -54.079056 -52.147247 2.6673965
v 29.863846 9.533081 18.346191
v -55.71945 76.26668 -48.006653
v 39.153854 45.38188 -1.148037
v -20.252472 3.619156 25.138535
v 22.804821 17.074265 7.989914
v 28.82903 -52.631733 -5.4915466
v -55.433792 -52.94625 3.260693
v 61.79732 68.25139 -27.070835
v -45.38159 -52.877075 10.564697
v 10.195946 67.033905 -13.067703
v -40.888645 64.98963 -13.320111
v -43.32849 65.940506 -10.272888
v 26.863724 50.587143 15.915695
v 40.96422 46.502342 -3.9347076
v 2.2065315 58.76024 -47.95549
v -44.162476 61.60444 -26.35321
v -17.144363 70.50816 -13.727783
v 28.722618 11.517242 18.713486
v -2.3672771 84.7238 27.40094
v 18.112795 -3.327945 -0.811939
v 16.733719 -11.424244 16.746017
v 2.5788574 81.321655 -22.726135
v -24.73999 68.045654 -7.2109375
v 49.09044 49.29026 -14.187746
v 44.44336 61.98169 0.9074707
v 15.925537 37.87466 24.402985
v -56.74319 59.980804 -47.78131
v -2.508545 60.261185 -45.97415
v 2.780342 61.001545 -48.42428
v -47.027946 71.98427 -18.938538
v -55.701164 62.06968 -47.379013
v -35.978836 9.915436 15.873169
v 23.021584 55.890396 27.039001
v 17.293625 69.63934 30.266296
v -16.935303 31.634007 25.33252
v 16.353542 -49.223267 31.989555
v -1.3164034 61.222595 -48.434498
v -17.700537 78.69386 -4.158907
v -15.158447 34.190475 29.232422
v 13.536133 34.189453 27.948242
v 3.1628542 53.79796 -14.076528
v 1.3688812 61.50706 -45.938385
v -61.042778 68.6676 -26.248718
v -35.472565 -12.803043 15.545425
v -22.74057 53.7838 -10.76329
v 23.955986 54.650284 24.677505
v 12.019437 77.469055 -11.679285
v 31.699627 -11.072136 -0.6169052
v -38.323242 -33.026855 7.555603
v 34.935333 -1.8957214 10.647339
v -45.051758 50.99327 -15.673157
v 46.17838 57.0961 -22.873993
v -19.55933 4.6819077 25.657806
v -31.656359 46.273308 -3.9575195
v -11.848553 78.64038 -18.162323
v 13.490234 51.880005 -12.84137
v 53.57022 85.64902 -23.39502
v 29.553753 -16.975754 -1.131607
v 49.51683 55.797882 -23.450195
v -60.023193 64.180595 -47.73285
v -35.76767 65.03784 4.008545
v 24.748047 -53.526558 23.717834
v 54.753296 53.95723 -19.20277
v -40.393585 -2.23938 10.948975
v -33.02278 -31.818657 4.8936157
v -7.001967 6.642585 21.033789
v 48.96698 77.7797 -24.116777
v -15.841446 82.76013 20.48877
v -56.9713 68.27716 -14.436523
v 10.563307 -3.155884 15.823638
v -25.256348 12.099609 24.241577
v 28.342287 66.505005 8.40477
v -54.777313 66.71535 -47.37271
v -40.95591 66.49873 -7.6903076
v -60.522827 66.83682 -47.68451
v -24.748505 -52.10851 25.54895
v 27.191254 -52.35455 -0.6963501
v 20.040894 -16.785461 20.5139
v -38.79091 0.20297241 14.475281
v -40.417175 -4.8741455 4.05896
v 38.008507 60.03013 -9.004303
v 22.180878 72.834816 3.2758179
v 50.25541 50.61586 -16.057053
v -27.957586 70.568474 9.374797
v 9.578232 86.65585 3.0784912
v 15.853516 92.50488 -20.479492
v 11.602051 34.65016 30.068848
v -28.859512 -13.869624 16.271677
v 16.136028 -37.877773 14.711063
v -58.78283 69.56555 -47.702667
v -42.051125 -51.04996 -2.4820137
v -7.98888 5.6005 21.073212
v -11.881977 86.020035 -2.8081665
v -21.582478 -4.7460947 0.580287
v -19.253168 60.246223 -12.106401
v -55.692226 70.7058 -48.102337
v -57.245117 70.45187 -47.279297
v -13.994629 35.252808 29.982422
v -6.20906 86.29366 -20.022636
v -36.1261 9.429581 5.910034
v 39.43381 62.4912 -6.281555
v -31.757462 -49.65006 4.0768433
v -10.613134 53.88781 -11.945772
v 24.30997 46.46982 14.765991
v -35.26567 66.09965 -1.9388313
v -50.943848 73.27592 -20.766388
v -13.620605 83.65112 3.1611633
v 17.48547 -18.575882 21.021698
v -51.27942 -53.003937 -2.574463
v -31.74619 -34.021004 4.567745
v 21.999512 40.493896 22.33899
v 6.2808027 2.3698826 10.926632
v -14.395568 82.40839 -3.5775416
v -53.696007 72.155876 -47.358856
v 28.117676 -51.957245 -0.78601074
v -14.697151 82.87321 1.1867828
v 47.03943 56.916916 0.36645508
v 27.25467 12.269257 18.579224
v -40.535873 -0.47225952 10.180054
v 49.108955 52.386612 -5.808815
v -12.691736 78.81335 -21.871067
v 29.781067 -28.207657 25.409973
v -57.014595 54.587708 -16.659122
v 13.525253 32.95791 -4.161682
v -4.404892 85.46587 -17.612366
v -40.281578 -30.775684 6.82251
v -1.624104 5.191853 4.797714
v 12.679543 -23.477009 12.481888
v -33.186554 12.423767 19.542603
v -18.785034 23.361877 5.529541
v 10.102464 78.49228 -26.017143
v -31.228779 -32.220894 23.08876
v -42.604576 54.50363 -22.970125
v 36.202988 46.146126 6.5583344
v -0.68821716 57.982574 -46.178955
v 7.9853745 37.83293 30.487461
v -50.349907 73.35455 -23.183655
v 31.183746 -9.861664 0.34706116
v -59.386234 58.88542 -47.264263
v -36.390137 -26.561453 22.433418
v -58.167976 58.963245 -47.43187
v -2.059762 58.482197 -46.05827
v 4.349698 79.54494 -25.583797
v 31.829262 45.516113 8.655762
v 9.212133 62.88112 -26.563341
v -48.01077 59.84835 -4.5858765
v -57.452217 59.283417 -47.624176
v 45.45127 56.55584 -20.082989
v 53.84136 57.82808 -24.420662
v 13.457947 88.30557 -26.770203
v 12.705658 -28.03598 12.403778
v -61.157055 60.074844 -47.430084
v -0.05485344 52.564964 38.12905
v 9.154404 85.41259 -6.337677
v 18.99495 16.071747 22.302063
v 0.326128 53.961315 38.7317
v -56.068077 60.22025 -46.861717
v -41.61538 -19.229965 14.67337
v -25.291931 73.03264 10.310577
v 10.855164 11.326843 26.674225
v -39.066288 -31.043 6.939743
v -25.501938 -5.447769 -0.99957275
v -34.57425 -45.459717 22.932983
v 14.072747 -35.635242 15.321598
v 12.1286125 -26.724447 16.241661
v 16.62387 40.872604 -8.889221
v -37.98271 64.80506 2.252342
v 0.10823059 66.913025 37.60692
v -23.1781 -31.336609 7.224121
v 28.606415 -42.38701 22.587402
v 8.7315445 -0.6240444 14.069977
v 14.568848 43.758057 31.516968
v 24.602402 13.182159 19.58496
v 0.44184113 2.2727537 28.165817
v 34.19331 -8.242775 4.8851776
v 60.623276 61.43846 -20.419312
v -61.620327 63.308163 -47.184544
v 12.513071 77.370804 -20.946959
v 13.021993 65.32069 -10.313487
v -45.75152 62.806644 -1.916055
v 19.463974 57.340576 -8.125141
v -53.975082 -49.293655 3.8359375
v 23.617493 62.437134 -5.406128
v -20.609756 78.302216 9.731903
v -60.990265 64.20354 -47.16455
v -60.99623 65.574776 -47.253296
v 20.26814 13.469833 1.8370819
v -24.90207 -9.6089325 2.7228394
v -45.50163 -52.71548 9.069195
v -12.256531 36.945663 29.870728
v -54.887497 66.04832 -46.68799
v -61.91893 58.28076 -19.257324
v 27.851063 -52.737644 -6.156311
v 37.91015 62.85353 1.383667
v -51.16593 -53.567696 -6.134636
v 48.783997 49.523468 -10.883423
v 25.131775 -30.881622 7.036484
v -54.97809 69.18581 -47.38786
v -59.766037 68.79967 -47.640686
v 13.854492 -8.319511 7.9024353
v -43.3349 66.63086 -25.046143
v -45.936733 48.351814 -7.768631
v -37.779907 -14.426575 16.36914
v -22.88321 -5.0354614 -0.061813354
v -56.313866 52.67991 -21.50727
v 11.358803 79.45869 -6.255855
v 6.632599 85.94092 22.913696
v 35.008327 -7.4532757 7.699806
v 49.706223 62.731865 -24.326881
v -58.9758 69.75934 -47.064575
v 6.493332 80.14215 -24.499496
v 12.981241 67.763054 -14.352369
v -54.934147 70.0267 -47.437347
v 49.248703 73.55859 -10.503662
v -13.422974 78.13632 -13.063232
v 3.4861083 89.26906 -5.323204
v 40.196438 68.39994 -14.562734
v 29.677055 -39.875095 19.133987
v 36.316162 -51.111404 -0.34649658
v -58.26117 71.679535 -46.94507
v -41.399746 49.167038 0.097579956
v 43.496826 57.310974 -17.705688
v -42.22607 52.14059 -21.156494
v 33.657574 4.4123383 11.291687
v 15.135834 64.67981 -10.278381
v -56.92001 53.236794 -21.081493
v -27.446037 48.83026 -6.680725
v 19.078403 17.22705 21.806885
v -4.8876343 83.452866 -22.872742
v 33.131195 58.853333 13.548218
v -10.768333 2.3293 9.620819
v -53.87514 75.41531 -46.50998
v 22.317936 95.31085 -26.032852
v 20.048256 5.5978584 25.491724
v -51.11351 68.57715 -12.43457
v -48.369553 51.968414 -26.742798
v 32.56652 44.544613 -1.3719635
v -44.17138 66.767944 -11.12085
v 34.20282 3.2157593 10.9852295
v -48.470825 -53.520607 -0.32006836
v 48.63824 55.043762 -23.028736
v -10.688965 80.901184 -12.533813
v -10.650787 0.9669342 12.197937
v -9.302864 2.6866455 10.1953125
v 3.2618399 58.54782 -45.98671
v 20.726868 16.031128 19.03711
v 22.552883 43.94464 -0.18237305
v -33.829033 9.187103 2.397995
v 30.134323 11.575165 15.869629
v -44.834274 51.436005 -23.942825
v -2.6934114 5.469631 1.7072754
v -4.9736633 15.385376 29.614624
v 51.926605 71.907776 -8.429932
v -56.516396 59.541824 -46.541557
v -12.831909 37.443817 29.466797
v -43.222176 -53.212414 -9.522255
v -43.178497 68.085266 -13.179871
v 48.28531 64.07579 -22.955627
v 31.92418 8.374388 14.806274
v 6.4438396 83.926186 -17.46392
v 6.4352417 80.92497 -23.73825
v -28.108917 -16.947258 1.684372
v 61.904846 65.19705 -19.763672
v 48.56619 50.83143 -7.2758102
v -34.100494 13.752428 13.460068
v 42.837574 62.952026 0.30859375
v 30.85112 51.615543 14.591961
v 61.39479 67.2454 -20.833435
v -52.945435 55.111954 -11.273041
v -24.03305 -26.100143 3.7722778
v -40.604553 52.772217 -16.111542
v 59.93097 75.96658 -22.705994
v 3.066265 50.346718 -12.089686
v 24.927246 -47.645996 1.7004395
v 21.719597 -26.40866 27.183044
v -31.596039 -28.467144 3.0764313
v 50.726257 66.65393 -3.93927
v 8.943481 60.320312 37.987457
v -39.25875 4.8108435 7.181885
v -23.36744 45.583706 25.677628
v 12.908913 38.459553 28.761185
v -62.055267 62.781555 -46.791824
v -46.323914 -50.85827 14.517822
v -44.040836 51.63992 -22.431898
v 18.96814 -48.627884 8.671631
v -26.85559 55.58499 23.87088
v -61.175873 64.35399 -46.710236
v -56.202694 64.424164 -47.03473
v -5.6210785 56.477234 -26.559875
v -61.436848 66.329956 -46.653168
v -37.952698 2.997528 15.293152
v 14.603653 48.95671 33.241974
v -33.77716 -52.92115 23.903687
v 13.943835 50.51053 34.380405
v 6.7614746 87.33443 15.632874
v -28.512665 16.436188 17.674927
v 19.991302 18.84668 18.777466
v -0.5267792 41.73284 -11.841227
v 47.705566 73.64261 -20.864235
v 49.10045 63.01178 -2.070778
v -55.038467 52.964523 -27.598114
v 16.843018 76.412 -4.6430664
v -27.159103 -6.2520866 -1.0939331
v 17.055328 77.63689 4.1173096
v -60.743526 69.092354 -46.433258
v -50.83789 -51.182632 -5.8291016
v -54.902634 69.53004 -46.15207
v -9.722412 28.275063 31.117676
v -11.65022 78.48269 -19.365732
v -42.179573 61.880188 -22.254913
v -27.517334 17.758331 17.068665
v 20.426575 18.39508 17.175781
v 3.2928262 1.8286705 32.89472
v 20.8238 74.56187 5.9416046
v 10.226528 25.035568 0.334301
v 50.12152 50.35769 -11.184082
v 24.009216 -31.646515 7.740799
v 18.672546 19.81311 4.599365
v -53.34842 71.56102 -46.237366
v -13.172974 18.068146 26.926697
v -23.159004 69.82709 26.046555
v -29.412384 65.25949 6.047241
v -53.288216 72.90735 -46.593475
v -58.866272 72.672485 -46.367188
v -0.64047015 54.197647 -17.892113
v 36.02083 -52.605927 13.37558
v -53.262478 74.80385 -46.35933
v -24.849586 -45.02311 14.584946
v -11.032837 57.084778 37.932037
v 21.899475 95.906296 -26.98413
v -28.896362 -47.188904 8.981934
v 60.644318 64.51599 -23.294067
v 14.365067 -0.9159775 22.635803
v -29.258179 49.240646 -8.128052
v 15.172445 -35.087273 26.221016
v -58.045715 75.24124 -45.591614
v 15.889533 79.334656 -3.1255493
v -16.247147 76.78549 -6.445465
v 49.69372 79.269104 -20.006363
v 59.39299 59.27289 -19.235748
v -34.711365 -10.051859 15.539398
v 18.75679 79.45381 15.348389
v 9.571533 83.88064 22.70874
v 1.2775421 57.802612 -45.8797
v 40.101425 66.5123 -9.860649
v 18.927368 90.83667 -21.033813
v 41.79181 54.092056 -18.945557
v -22.44909 -51.316593 21.408463
v 30.02826 -8.161926 16.08319
v 34.809124 -0.4108572 9.273117
v -21.261864 24.347534 9.703003
v 17.81549 43.253235 27.421814
v -10.284968 87.558495 1.8101578
v -24.655518 18.938843 20.36145
v 4.2022324 5.6605988 21.607285
v -58.237247 58.56894 -46.268093
v -38.016476 6.6994767 9.604454
v 13.414719 80.84061 -3.1003418
v -39.443962 -3.334671 13.224274
v 47.013 67.324455 -20.644287
v -61.908875 60.03531 -46.36682
v -23.823711 68.520966 25.043762
v -38.72942 5.1090565 10.808083
v -37.622864 64.64473 -12.77655
v -23.214172 -10.409714 6.2956543
v -14.98938 83.48977 5.2226562
v 20.937057 55.39911 -7.807556
v 16.71442 31.697376 8.51046
v 21.320374 18.24591 15.062012
v -49.765438 66.772705 -10.167236
v -13.214348 47.508316 -15.298476
v 50.248554 60.408913 -27.61436
v -63.158127 61.886105 -25.366425
v 3.3007202 60.758453 -45.699463
v -62.16105 61.09474 -46.491425
v -7.6783447 88.41589 -7.557007
v 15.72522 -12.935974 9.405991
v 41.16581 63.604195 -4.530136
v 41.856327 65.63799 -7.143013
v 12.17749 54.144043 -12.20459
v -1.2561798 -7.174389 53.25873
v -55.890255 62.489456 -46.27094
v -61.907715 62.78134 -45.6604
v 0.47982836 6.2828255 16.71413
v -61.20024 64.15886 -45.48642
v 21.0559 40.955574 -0.35073853
v -38.120083 47.235344 -7.9381104
v -9.812126 87.65985 -3.062683
v 23.852524 -30.172096 7.068741
v 17.023193 -16.583488 16.892487
v -55.270508 64.6683 -45.520264
v -42.55947 65.80657 -10.489909
v 7.845978 68.93375 35.91545
v 23.570648 0.08499815 -2.5677958
v -47.612255 62.718895 -3.3107147
v -13.845817 78.80204 -7.304381
v 16.746216 90.97705 -19.71399
v 49.313385 79.9436 -26.637695
v -34.875042 -40.262634 8.160919
v -23.129257 20.799805 19.56665
v -54.493195 67.61144 -46.36859
v -43.613953 54.007935 -23.939331
v -1.7000046 27.744225 -7.2799606
v -22.485687 -2.9598389 23.014008
v -34.875977 54.104935 -14.144012
v 6.2125244 83.638596 -14.94754
v -59.580917 70.43695 -46.293915
v 7.49646 88.020905 14.266846
v 32.68493 -53.81352 16.899048
v -2.2165527 62.66858 39.30168
v 8.947632 17.817207 27.739685
v -47.590816 -52.828808 5.5673676
v -5.4702454 83.87332 -23.12976
v 38.477917 63.740505 -11.868572
v -50.439972 71.48157 -16.642334
v -6.0900764 -0.06765747 37.434204
v -58.588257 71.15786 -46.486694
v 24.020416 12.078308 2.205719
v 17.410156 66.85266 -12.914154
v -19.856104 80.503136 16.61206
v -20.794678 66.2229 -13.233398
v 18.674007 23.37973 18.719727
v 32.842484 -17.168068 9.877075
v 26.866486 9.177002 2.6809998
v 33.59126 5.8272877 10.473274
v 40.40595 65.02635 -8.000846
v -38.70945 64.915375 -11.857269
v -21.890297 22.837708 18.863678
v 19.838478 -44.434326 29.096529
v 46.69806 69.90625 -7.019043
v -25.844421 -49.33325 14.044678
v 6.835449 67.42682 37.42285
v -40.951122 -29.779104 7.3365326
v -2.4086914 -7.842041 56.22534
v -40.02356 -19.006958 18.235718
v -55.646187 75.82164 -45.478798
v 15.700186 -30.260128 9.09107
v -60.498352 57.24872 -14.947998
v 27.284065 -10.2612 -1.2648621
v 2.1906853 53.716934 -14.653687
v -43.876465 48.802002 -5.258545
v 60.62097 72.49078 -22.508911
v -38.379192 -46.12621 1.2844925
v 1.112052 4.94087 12.814072
v -37.568504 60.364433 -15.272652
v -13.521156 82.17365 -6.85717
v -26.887894 -11.352768 15.359787
v -10.6510315 33.363655 31.545135
v 25.971567 -22.226425 2.5280128
v -40.431366 -3.3759155 10.1203
v -26.284332 56.73497 -9.469284
v -18.79421 47.220947 31.398804
v 44.496437 73.24191 -14.0503845
v -3.656414 5.9784145 10.083693
v -61.25097 59.082726 -46.133537
v 18.092163 23.631104 19.840454
v -60.412075 58.593246 -46.067825
v -59.495262 58.370815 -45.938793
v 30.29145 -37.993088 22.887268
v -40.999695 -15.2893715 12.652222
v -22.715296 4.9482636 -1.3880477
v -57.001812 59.321335 -45.455826
v -31.887053 -21.30389 1.2861047
v -28.974264 46.09975 4.139507
v -16.395996 40.24523 28.552979
v 3.6748085 59.459328 -46.009735
v -33.5567 4.419983 -0.7091675
v 44.578976 74.1825 -17.931221
v 35.204956 -1.5601568 8.490494
v 20.15794 -8.25708 20.595245
v -2.6664276 59.40013 -46.03849
v -24.611166 73.13827 7.4503403
v 24.385284 64.59601 20.858032
v -28.794998 16.975273 16.386139
v -1.5294418 54.019012 39.215504
v 29.010584 52.453568 15.119537
v -23.157007 8.21579 25.89421
v -0.3053589 0.13500977 44.75708
v 4.386938 27.56364 -6.074644
v -21.893448 24.08992 19.887451
v 26.123749 -28.812202 5.663782
v 17.390747 24.440552 19.638916
v 0.338089 61.600098 -46.166138
v -27.614405 45.303295 10.045134
v 43.125275 61.48533 -16.211731
v -39.174515 65.93676 -7.669182
v 29.941742 -53.72912 8.533051
v -0.013417568 5.987004 10.023451
v 48.461872 75.55208 -20.85519
v -20.283546 30.660923 16.885437
v -21.420776 24.866058 19.913086
v 24.11892 -8.259399 20.373077
v 26.204468 -39.530304 14.07399
v 1.9213781 3.9020798 11.674171
v 17.181992 76.59943 1.343456
v -37.91826 46.582897 -2.704239
v -34.878433 -34.23342 6.1963425
v -56.26039 68.56009 -14.796631
v -59.174477 57.953384 -13.828392
v 11.718994 31.969868 -2.601059
v -37.803642 -44.48488 4.7470093
v 5.08523 22.034805 -2.7117214
v -34.25518 66.13389 -3.880797
v -3.9343567 53.08441 -13.871948
v 1.3885574 82.564575 -22.72876
v -11.6839905 79.507996 -19.077194
v -36.05435 -46.482605 0.29718018
v 2.3543282 84.825165 -11.348541
v -0.30663225 6.7952123 11.157417
v 8.215843 83.23413 25.466187
v -41.909058 -53.04992 12.873047
v -41.447327 -46.14063 16.837402
v -21.265198 -25.64315 13.706299
v 22.88499 -29.663002 7.3100815
v -8.300667 26.717907 -5.124954
v -59.356323 70.997444 -45.880554
v 13.945541 80.738464 3.4387817
v 55.91738 61.340775 -26.440521
v -0.9537678 6.909376 11.148296
v 31.374084 -30.904472 23.463745
v -43.318283 -51.357086 0.021362305
v 27.65564 -30.890442 7.591736
v 21.391829 2.3169293 -1.8627205
v -52.7509 73.060135 -45.53888
v -31.570496 -20.319082 0.73207855
v 22.416626 -42.231018 13.524597
v 14.200951 -32.7485 13.279526
v 28.82428 -29.01358 7.0450745
v -27.154724 71.9711 4.6934814
v 14.044455 -39.754654 23.183802
v -53.148075 74.76844 -45.849205
v -23.887543 -30.509312 6.1136475
v -21.87455 -4.2509804 -0.037261963
v 58.237347 74.613716 -19.117498
v -53.60739 75.314896 -45.707947
v 51.263298 50.843555 -15.200277
v -2.2957153 57.01017 -44.684296
v 28.474365 66.138916 4.258545
v -39.482334 3.144432 8.676613
v -35.683025 62.41478 -13.73446
v -22.409063 -29.407526 7.142015
v -29.62342 68.90088 7.8528137
v -4.0873375 7.481964 -0.5858612
v -41.66219 -53.013428 0.712677
v -21.58895 39.624245 -2.7186794
v 22.467941 -29.078484 6.8034935
v 28.123932 -5.328079 19.415588
v 48.83008 53.77588 -3.727356
v -35.173813 64.43298 5.256714
v 17.216743 80.43181 14.859093
v 2.3846817 58.112686 -46.042404
v -1.9617767 2.395752 41.046326
v -3.08815 57.761147 -45.14566
v -39.25537 -49.87329 -5.6660156
v 29.466217 -3.167058 -1.5557098
v -51.63147 -52.18634 4.7061768
v 15.716516 70.32475 -13.125833
v -39.98189 66.606346 -17.554289
v -1.9523506 -6.6817093 47.524376
v -57.78833 58.80779 -45.254883
v 20.018265 66.67716 -10.077789
v -47.101997 -45.142826 9.424892
v 42.899364 72.27435 -16.41339
v -27.14238 53.38846 -9.220795
v 21.226624 75.33313 9.468262
v -36.96166 8.712908 10.154655
v 30.826202 8.964966 5.845764
v -3.102025 -7.7161984 51.576664
v -7.2628174 74.1272 35.366882
v -41.660725 -6.4333057 1.3821716
v 0.87171936 -2.2660522 46.095947
v 53.997665 84.443695 -22.618805
v -14.157715 93.538086 -21.82666
v -56.10222 60.544865 -45.795753
v -16.29536 2.6167297 24.096558
v 15.723633 41.253845 29.902344
v 3.7714539 60.093887 -45.865448
v 14.838392 -42.103085 24.535416
v -19.81543 41.774292 29.551758
v -2.1324873 60.777496 -45.817993
v -38.80932 1.5914078 1.7455139
v -15.236008 36.579865 -9.616638
v 0.17951965 -4.717869 49.586166
v 0.9251251 52.893494 -14.198578
v -38.341293 -35.99591 8.487381
v 32.55346 48.768646 12.488739
v 8.469135 11.535919 -0.3973961
v -10.095657 32.362297 -5.1513977
v -9.527367 83.53369 -8.170313
v -2.9241028 50.77423 -12.586441
v 33.008644 -17.514719 8.0013275
v -25.384644 44.239838 19.988403
v -0.8303528 61.423702 -45.767822
v -54.789948 51.675655 -18.98844
v -36.044647 9.769215 10.508858
v 58.66925 79.61859 -23.281738
v -14.122009 19.014587 26.711395
v 60.45981 69.10431 -21.523987
v 30.759872 10.3715515 15.651184
v 31.167786 58.92012 -6.8709717
v 16.338867 -52.855537 22.665527
v -0.32968903 62.775543 -44.43878
v -19.802612 29.604614 20.415527
v 17.641495 29.025942 18.588287
v -33.50122 -47.14206 2.5629883
v -7.9263306 23.139473 31.383636
v -55.728775 63.978188 -45.650146
v 49.48973 84.89482 -24.96283
v 30.845308 10.022068 10.377029
v -17.413391 1.4821625 23.538925
v -33.31133 -21.006098 0.40099716
v 16.46463 82.10243 -20.171032
v -14.509396 72.82447 -17.088612
v 17.489426 31.146454 21.267883
v -40.55462 -28.940086 6.990082
v 21.475565 39.617012 13.879056
v -19.633667 30.923048 19.189941
v 27.783066 12.730728 16.922913
v -35.54081 11.013246 10.697708
v 30.42408 11.391289 10.5303955
v -38.55362 -47.953796 -2.0974731
v -39.68898 -48.330833 -3.599178
v 42.124176 71.408356 -15.668615
v -61.318558 67.42831 -45.51999
v -24.761719 -3.3925781 22.716248
v -37.376827 -22.758667 1.6310577
v -21.000961 37.842983 -1.3335724
v -49.746464 -52.910152 9.942871
v -54.274384 69.09674 -44.83966
v -41.990158 53.584152 -22.446808
v -3.3044434 66.51721 38.63678
v -60.56636 69.37173 -45.254333
v 12.736969 -29.449493 19.952286
v -24.554821 -11.123399 15.027273
v 9.744584 79.952 -12.39007
v 3.228192 88.39271 -7.451467
v -5.829132 89.52486 -5.361969
v 17.733276 32.48275 19.566528
v -59.561188 71.01509 -44.905884
v -27.796768 16.405457 19.62085
v -21.120968 91.74226 -26.565023
v 11.687988 66.63916 -18.458984
v 61.02285 58.78196 -10.316498
v -11.967733 77.56179 -19.05973
v -0.39045715 28.15152 32.690918
v -59.842316 72.47496 -45.381012
v 17.118774 49.350952 32.05127
v 25.906599 47.834473 -4.2061005
v -17.845825 87.736404 -22.62207
v -55.992096 57.289886 -12.419052
v -35.88521 0.628891 -1.5739594
v -58.965637 73.78369 -45.88147
v 9.770423 32.006916 -4.025999
v -1.2704811 67.64424 37.777893
v -52.302887 68.148926 -12.281494
v 5.53162 31.684128 32.884537
v -17.182129 79.52394 0.26342773
v -21.619919 -28.982643 8.0264435
v 18.278107 32.89682 17.869507
v -16.665138 34.594593 -3.8411694
v -33.8479 -51.264557 23.896545
v -15.969849 69.82536 -16.893433
v -1.8335037 44.847645 -12.184023
v -33.85266 65.704544 -4.83313
v -57.171658 75.85809 -45.320923
v 5.460022 53.193333 -13.133362
v -21.568398 -20.431627 11.670242
v 5.108959 9.11615 26.051483
v 34.986694 55.04883 12.746216
v -29.974579 -29.419304 22.883781
v -18.193535 34.746582 0.7772827
v -50.174164 82.206635 -45.622684
v 16.800781 -39.059578 28.624054
v 23.676727 70.62138 21.099487
v 18.347061 33.96869 18.748718
v 47.45401 70.729 -21.169586
v -48.77529 83.192215 -45.522507
v -9.1455 31.830273 -5.936821
v -50.319824 83.08911 -45.75052
v 17.042915 -3.7568626 -0.37656784
v -39.550713 50.40506 -15.157715
v -12.835007 58.674713 -13.117802
v -48.575966 58.690453 -1.4895859
v -31.94371 46.820923 -6.302246
v -0.966514 89.017586 -3.837662
v -29.143791 65.68174 9.204254
v -49.173004 83.390305 -45.822575
v -12.23996 87.15668 -26.027466
v -24.551512 -13.008084 12.886247
v -49.72679 84.011536 -45.667816
v -48.67764 83.941605 -45.472443
v -16.477783 1.5770683 1.3967743
v -5.156021 89.21383 4.470558
v 2.7241669 27.312885 31.775259
v 9.042146 -1.8506546 14.220497
v -49.516113 84.384865 -45.308746
v -28.09233 71.00646 12.683777
v -19.310673 77.22635 -0.9437866
v -1.9723511 29.749023 33.19217
v 27.956604 14.187434 10.19738
v -31.504515 15.464444 10.475967
v 20.572632 -47.437042 4.4752197
v -19.679962 44.817764 29.726562
v 17.895035 35.176636 20.669495
v -19.124939 34.763435 20.174927
v 53.932434 56.328857 -4.1086426
v -0.08383179 46.60132 35.140617
v 52.923035 56.615234 -3.3554688
v -13.359192 83.130104 -4.068268
v -35.92511 60.104492 9.174377
v -8.572464 60.338287 -17.452133
v 11.326904 67.95892 35.641357
v 57.457085 82.95068 -25.74768
v 34.21617 -48.473564 16.074448
v 0.589228 57.270145 -44.84539
v -26.923462 3.0187988 24.79544
v 26.80066 -52.970978 23.590454
v 20.67287 12.170464 1.286026
v 0.03878784 29.02153 31.75293
v -35.7423 46.432144 -6.3437195
v 24.307014 55.769287 24.732056
v 18.070633 -27.171509 26.672073
v -18.054932 79.87698 5.9072266
v -4.304077 58.47773 -44.700684
v 41.8019 60.93286 -14.80401
v 39.80786 48.369217 -9.291519
v -40.68759 -28.399895 7.369995
v 32.285522 -47.17401 3.0584717
v 24.74253 -26.518696 4.193206
v -60.39119 58.802017 -44.898483
v -50.29077 65.89722 -9.74231
v 5.252422 55.937817 -13.655493
v 17.617453 -25.907978 25.728107
v -5.8552527 11.420224 -2.434142
v 56.712673 56.408863 -19.987299
v 25.026611 -47.945923 26.60254
v 5.4326706 82.94995 -20.331635
v -10.238495 69.33147 34.938004
v 29.783524 -46.44966 6.6436157
v -47.58142 73.02063 -21.90149
v -20.971115 61.3555 -13.640022
v 55.42035 83.79736 -26.060822
v 55.31201 67.07251 -3.1940918
v -5.0994873 59.555176 -44.25702
v -18.49739 78.370224 2.1166382
v 25.77993 -47.84266 1.790802
v -30.048088 16.422508 10.220673
v 5.833008 60.00699 -44.158447
v 4.8228283 87.63979 16.531052
v -62.124878 61.431305 -45.31259
v 35.190693 45.629837 -4.7375793
v -19.626282 37.34256 20.334595
v -61.14277 56.820625 -20.406235
v -41.598373 -52.97502 -0.964829
v -39.30493 -16.097694 1.0071869
v -12.91687 83.175476 -7.4125824
v -34.291092 46.433746 -5.345581
v 53.255814 61.911617 -27.549828
v -0.5856018 80.5036 -23.990112
v -30.985435 -20.406326 21.557972
v -24.902817 -44.101616 16.070786
v 38.941006 64.83683 -13.353558
v -41.443604 -53.515106 15.898193
v 1.128039 -4.182811 36.237602
v -28.686949 16.801556 10.588791
v -27.781902 57.282074 -9.29702
v 3.1173096 61.522522 -43.78955
v 3.560796 84.666306 -9.420599
v -14.394951 74.13901 -17.389137
v 16.328396 77.06775 2.160263
v 34.809814 -53.462128 2.6921387
v -62.73694 62.532425 -44.62451
v -48.816742 -52.983917 7.1764526
v -33.028908 -35.367104 23.140316
v 7.929947 62.65695 -21.855957
v -48.611122 54.4747 -5.3282394
v 14.73941 83.189896 -20.983086
v -40.982796 69.01039 -19.093227
v -62.624496 63.44986 -44.47644
v -36.271057 65.452545 -9.77301
v 54.962585 84.98849 -25.148903
v 59.836777 78.267456 -24.441223
v -44.117676 57.87551 1.9418335
v 24.492935 17.02199 10.968048
v -8.107534 14.260019 -0.93454695
v -29.253632 14.652405 20.867981
v -40.80105 65.12433 -12.14238
v -55.520046 64.14179 -44.81643
v -38.952885 -4.966305 -1.5584717
v -22.065094 74.3271 5.1690826
v -6.3048983 -6.708515 52.924103
v -61.397472 65.83616 -45.49028
v -24.374084 43.574768 22.300903
v -32.953705 5.561035 -0.71865845
v -34.53241 -52.945007 0.79248047
v 3.1707687 84.61344 -15.610535
v -36.59672 -15.864487 -0.09086609
v -22.383728 74.45979 -2.8961945
v -39.76425 -1.3773804 3.24646
v -41.879883 -46.123383 2.2471619
v 47.97142 52.446655 -20.854797
v 28.268555 -9.338013 -1.6052704
v 30.011131 -35.789963 15.869904
v 23.51788 17.810368 10.989311
v 19.456097 -28.383068 7.2171497
v -31.738302 -36.123684 22.835087
v -39.535133 -39.247787 16.065796
v 20.197031 39.189503 19.53683
v -3.923151 10.073879 -1.5617819
v -32.553375 3.7924194 -1.4889069
v -41.8919 -18.689074 13.620743
v 15.183929 -46.427746 17.691528
v -26.028717 18.07077 9.736572
v 29.650146 -28.285614 7.501953
v -15.679565 75.13199 -11.795319
v 23.792345 53.2081 21.140873
v -26.849945 57.211945 24.91092
v -33.052036 45.855034 -1.5371704
v 15.573032 -31.567543 10.47131
v -8.8396 77.41504 -27.466309
v -5.259094 89.98096 13.566895
v 35.685524 46.91071 8.138388
v -59.9442 72.1517 -44.4487
v -23.127136 -11.25481 14.488174
v 22.432999 -40.340126 14.350547
v -27.341125 17.734192 12.4392395
v -18.813255 77.53827 -5.3996887
v 27.787369 55.084457 -6.198163
v 1.4881077 67.89685 37.57955
v -20.405787 5.477417 25.619556
v -59.48871 74.83093 -44.603027
v 10.721741 75.494644 -24.24878
v -4.2784424 89.747925 15.107605
v -58.90789 75.54442 -44.63065
v -16.606949 72.98163 28.88092
v -25.556183 19.73096 11.008057
v 3.7575684 33.275185 32.443237
v -14.758805 77.41244 -7.285361
v -1.2661968 54.337944 -20.580343
v -9.776709 53.788284 -11.805193
v -22.823555 -27.742119 17.866852
v 22.773506 18.20404 9.906846
v -16.414732 32.52855 0.25430298
v -52.1689 -53.36142 -4.3723755
v -6.6905746 6.68219 5.39122
v 20.108353 -24.82803 5.0610695
v -51.9209 81.57556 -45.173462
v 1.5116577 85.99278 -8.544922
v -24.409342 73.0565 2.2487888
v -41.749725 67.50194 -25.330688
v 18.270363 75.27023 1.3877792
v 24.625366 55.814575 -6.5077515
v -12.621826 80.06445 28.216797
v 38.311646 46.837067 5.2001953
v 55.973907 82.634705 -24.35846
v 39.832115 -50.507156 6.5948334
v -12.068302 79.06966 -9.510895
v 43.088276 46.615974 1.3182068
v 29.549927 60.723145 -5.2974854
v 31.28878 -35.502518 21.676773
v -48.483055 83.233284 -44.990543
v -48.4164 83.74176 -44.974865
v -41.696953 -25.31243 13.661198
v -51.770386 83.46942 -45.013123
v -30.119019 57.839386 13.341431
v 56.8461 73.76094 -16.600586
v 19.099617 -40.05316 14.394318
v -48.815125 84.298355 -45.164833
v -30.420532 -44.225983 8.663757
v -14.928234 74.76457 -12.975006
v 2.2139893 56.937775 -44.74774
v 18.67308 25.079067 13.597046
v -18.806091 9.068716 26.155281
v 9.986292 66.750336 -13.840635
v -6.032509 7.5349903 2.493145
v 30.333504 -18.938171 -0.06703186
v -25.348671 17.526741 7.941818
v -12.465881 69.585754 35.05957
v -48.924786 73.445564 -22.37854
v 14.61911 80.48639 -3.4957275
v -32.11963 -25.119095 2.1440754
v 10.188374 67.1338 -15.836697
v -42.302643 -15.864655 9.295105
v -6.6602707 -9.338257 56.21048
v -35.390503 51.20938 -12.790649
v 23.125183 41.18036 18.975342
v -42.86059 69.89216 -23.761948
v 8.578699 70.3676 -26.890274
v -38.747986 2.1177368 13.683472
v -25.185472 -28.175411 20.854961
v -2.5263681 -1.813797 31.429989
v -59.727432 58.627995 -45.027615
v 11.230709 7.5167313 1.0914764
v -13.260986 20.35785 28.012024
v 5.329529 58.98114 -44.7713
v 25.104004 -50.05713 -2.631836
v -23.380867 -6.274048 0.20431519
v -5.2410383 6.527817 23.878113
v -25.627441 67.60986 -6.382324
v 52.04248 87.32617 -26.164062
v -9.966678 54.211674 -12.152255
v -39.269844 65.78552 -11.227844
v -22.124676 38.69837 -1.1357346
v -61.78604 59.819603 -45.223804
v -42.735382 -45.529297 2.9283142
v -23.886696 21.992117 10.295532
v 52.735367 79.31582 -18.734035
v -14.727079 19.717289 0.057422
v 48.043213 49.110023 -11.564514
v 27.876434 -1.3144073 -2.1810074
v -12.898865 71.353455 -24.24121
v 17.726063 45.539536 29.166039
v -62.36712 59.746292 -44.00979
v 13.180222 -22.797722 14.759483
v -24.552967 41.961205 21.838707
v -5.221924 60.531494 -43.628296
v 25.048737 -31.014435 28.434341
v -2.257618 54.758442 -17.780785
v 18.391052 48.35544 29.816223
v -2.2289047 2.8308105 39.372498
v -45.535927 50.106 -20.174782
v 35.874825 45.617355 2.7446594
v -29.129951 64.39372 8.187927
v 31.400146 -5.068077 16.42627
v 4.1492424 20.358145 -4.4093246
v -35.874084 58.472797 -14.707703
v -30.365936 59.516853 16.25753
v 19.038486 -0.29727173 24.196182
v 14.826996 -51.7231 31.096657
v -4.6414504 6.525921 1.15802
v 18.457588 63.545044 30.82425
v -25.334558 49.23755 -7.7350693
v 8.586983 2.997757 3.7912216
v 14.6549 57.47345 -10.592773
v 32.947014 -23.87818 7.905594
v -55.137466 62.08612 -45.101654
v 45.229813 59.191284 3.757019
v 25.411827 63.032623 18.624237
v 42.462555 53.4809 6.4725723
v 32.271355 -27.067753 8.313873
v 47.011078 49.64861 -7.5681076
v 30.903503 4.046013 18.110779
v 13.190552 90.77319 -19.458008
v -55.287888 63.598167 -43.825073
v 32.29402 6.3395233 5.6008606
v 11.726349 78.95856 -16.441895
v 27.436615 -30.555725 27.367523
v 54.83026 80.224464 -18.401619
v 32.97014 -53.409927 8.951904
v 24.750854 -53.27643 4.0214844
v -31.584473 -41.718506 22.80893
v -61.93643 64.85297 -43.717712
v 32.983513 -20.947212 6.9138184
v -54.352722 65.43327 -45.319214
v -53.646378 62.86044 -10.53698
v 22.042175 53.922794 27.475586
v -62.05076 66.26749 -44.599373
v -53.8033 66.539246 -44.855835
v 23.54718 6.5510025 24.733734
v 32.245697 -4.7313232 14.957703
v 10.505005 41.161407 33.044556
v 27.650894 -51.009804 2.5218048
v 15.47727 -32.30949 26.04733
v -16.697937 71.30606 -14.663422
v -39.13133 -44.386776 5.267365
v 32.7064 -18.724846 12.281509
v -26.077896 45.661263 20.734009
v -14.571167 82.57077 21.479675
v -27.050472 46.28416 17.950224
v -54.67881 51.798405 -23.350983
v 27.928589 2.7095947 21.805298
v 23.650604 47.454285 19.968246
v 21.357697 -30.492615 28.529022
v -32.388214 -53.486465 23.367584
v 38.644928 62.436237 -0.7489929
v -33.72738 -18.886765 21.450737
v -13.556276 -4.3990154 12.977716
v -38.590843 -4.983016 12.821852
v 45.571445 74.51083 -14.532375
v -19.22934 -2.7510376 21.87851
v -30.72754 -10.501228 16.210375
v -34.014465 59.647644 10.098694
v -52.910187 71.37631 -44.854614
v -11.799004 59.90607 -13.378771
v 16.560287 -26.748753 7.093296
v 26.835882 -43.933403 9.095245
v -52.45478 74.29853 -45.14631
v -50.256294 70.680786 -15.69635
v -6.575592 11.514984 28.337341
v 39.378418 46.33609 -6.0594482
v -52.63982 75.2327 -44.96456
v 19.89148 21.130249 16.965698
v -29.776295 64.180405 12.085297
v -15.300447 4.221924 24.489838
v -6.101838 -2.702695 48.981808
v -47.036472 -46.857437 0.9524307
v -57.94864 76.29898 -44.46399
v -37.457764 -0.96684265 -0.21844482
v 17.260078 26.848873 10.851486
v 60.878967 68.0623 -22.187378
v 23.525831 -23.105804 3.1410198
v -53.66957 76.17349 -44.469803
v -56.84546 67.395035 -12.410645
v 54.21814 81.59006 -19.662323
v -55.717743 76.70703 -44.21817
v -21.32361 -26.163263 7.553823
v -28.013855 70.11306 9.954964
v 16.348572 54.324585 -10.632446
v 10.030334 85.90056 15.9844055
v 41.45887 48.095398 4.0863037
v -9.906814 64.51869 -20.52456
v -20.416557 27.401787 10.050056
v -17.810547 21.695953 3.7025452
v -52.052002 78.908325 -43.815125
v -25.863953 16.379395 20.874756
v 23.446312 47.519592 19.017456
v 52.441326 58.062935 -25.545166
v -38.54689 4.045105 12.994751
v -54.760742 79.649414 -43.354004
v 17.104755 27.931728 10.15477
v -16.85202 40.898567 31.215637
v -30.936882 8.824394 1.2687225
v 50.384727 51.05197 -17.42929
v 18.268616 -43.19905 15.652954
v -41.47102 -25.867668 7.081543
v 21.750992 -44.790504 7.825152
v -38.48912 2.570446 3.1949463
v 4.245575 21.903368 -4.0905867
v -57.315765 72.23955 -22.018206
v -6.5706635 84.06442 -24.827637
v -24.308308 41.185303 1.4288635
v 29.987904 47.717102 12.359924
v -48.613102 83.98016 -44.586765
v -49.22268 84.37518 -44.550797
v -50.438232 84.33998 -44.835205
v -18.73697 36.101868 -2.6723938
v -28.143867 50.382294 18.846924
v -5.910059 85.60951 -15.438721
v -14.324272 76.69491 -10.556061
v -63.48966 60.319984 -21.701336
v 15.374847 -43.99173 19.934814
v 4.0830383 56.611343 -44.271927
v 12.504639 -50.394447 23.21753
v -21.085155 -29.297604 12.576828
v -36.725586 1.284668 -0.43933105
v -0.47016144 56.8842 -43.739517
v -10.960267 39.723877 -13.988895
v 20.46751 37.998676 4.930588
v 4.6934204 57.489197 -44.650146
v -48.731873 67.294495 -10.644165
v -1.9781799 83.66159 -21.369507
v -17.005835 -0.25936222 1.7108707
v -40.869522 54.594654 -22.858143
v -60.488415 57.81245 -43.550575
v 31.976112 51.81274 14.03186
v -11.039444 47.15155 36.64012
v -12.877441 21.63588 28.301025
v -21.867111 75.08228 -4.357483
v 22.833649 -0.35794067 23.269318
v 24.711693 -22.147827 26.291985
v -61.34124 58.8909 -43.899525
v 52.679947 65.50209 -27.33887
v -18.650955 81.80075 16.454285
v -22.653198 70.40973 24.644562
v 16.019196 81.1254 -19.448883
v -39.551422 1.5686989 12.419617
v -61.858685 59.387215 -44.44002
v 8.144531 78.23889 -25.645935
v -5.8581085 -3.503048 40.744766
v -35.22988 9.553864 4.630768
v 17.984207 49.75827 31.265182
v 57.593292 63.119858 -26.148193
v 24.88618 43.88276 8.964653
v -13.070099 77.23027 -17.621277
v 18.065006 37.133835 0.47364044
v 17.142761 -25.453049 6.640503
v 6.768833 72.35364 35.39862
v -21.85434 25.659378 12.625244
v 11.875793 15.894104 26.56134
v 24.25917 51.999268 19.463287
v 11.250244 63.82611 -22.792358
v -62.52806 61.230194 -43.93799
v 5.9328337 23.319384 -2.7713006
v -42.32682 -44.152493 7.595749
v 6.1464996 82.488525 -21.31836
v 17.571686 76.04882 3.5916443
v -4.4815674 61.215088 -43.625732
v 12.801758 42.553223 32.014526
v -24.233871 -46.440514 16.726929
v 58.912903 73.52591 -20.12616
v -21.1344 49.228027 29.70105
v 15.718506 32.29889 25.162598
v -9.402908 81.97792 -13.607384
v 31.478836 -33.108616 16.871445
v -19.771894 33.136353 9.512276
v -62.867252 62.397537 -43.58483
v 16.771606 -28.464333 7.870407
v -57.878284 54.819588 -21.798824
v -39.510315 64.3714 2.4516602
v 13.864895 -6.7514524 17.435957
v -27.646576 -25.166908 21.487885
v 37.208267 -53.327408 -2.0429459
v 19.86422 49.914764 29.550568
v 24.958124 54.478447 18.989704
v 32.758026 44.403847 1.6635742
v 20.126488 73.237946 0.060165405
v -17.195679 82.10309 8.767578
v -55.091244 64.11384 -43.842274
v 31.466568 -25.792068 7.24942
v -41.89406 -45.155243 3.470177
v 20.39154 22.405409 9.82373
v 33.12954 -26.547333 15.450989
v -34.997307 -45.921494 1.2043457
v -39.884277 -8.458862 10.172363
v 17.522095 76.81061 -2.156372
v -40.464233 -53.799885 2.1695557
v -25.72596 61.30423 27.00402
v -62.2193 67.152596 -44.41443
v 16.546173 -44.95835 15.708252
v 7.6230774 10.36499 26.649292
v 24.884155 60.2041 23.480469
v 3.4066772 46.344017 37.50276
v 24.1391 0.88171387 23.874298
v 12.553009 67.60303 -22.670044
v 18.781174 34.933693 9.44669
v -22.773315 51.83043 28.298706
v -20.37244 34.921764 10.713455
v -30.930603 3.9163208 22.843353
v -24.281433 73.779686 -2.917572
v 9.545353 54.873356 -11.373859
v -4.9599 -10.451355 55.16739
v -6.180682 -5.9674835 50.89627
v -16.597412 3.5262375 1.0215607
v -20.184734 76.02981 -1.6368713
v 8.917969 31.459702 31.045197
v 33.007584 -25.313995 20.264923
v -4.772888 21.266144 31.18811
v 3.5118408 12.940155 28.599854
v -43.07142 53.879807 2.6837158
v -25.767517 -24.96103 20.783272
v -41.677116 48.09175 -8.957428
v -52.53336 73.300095 -44.169983
v -24.22361 -2.9374352 -1.462738
v -52.84874 74.52877 -42.955795
v -59.836075 73.96237 -43.833252
v 8.231491 87.924934 6.781067
v -53.000607 75.1581 -43.55624
v 24.753977 63.115093 20.679733
v -13.776754 15.866378 0.42590213
v 18.636974 -46.31726 30.397919
v -11.282715 87.4563 -17.845947
v 19.237146 35.92679 12.5786
v 57.486572 60.815308 -24.828613
v 34.446625 -53.43688 16.898407
v -10.671959 86.707 3.6766357
v -52.5188 79.65576 -44.313477
v -39.383667 47.589012 -3.3826752
v 2.908905 33.28076 32.120953
v -53.008606 -52.068497 7.2267456
v -53.31006 80.177734 -44.226074
v 16.993835 24.687363 20.35147
v 18.907013 -43.686356 14.776489
v -45.36147 -46.71436 6.3048353
v -25.302553 42.271748 6.08667
v -20.38501 -0.6907959 24.102173
v 21.947754 51.969727 28.085693
v 2.495758 83.22235 -20.898376
v -42.45398 -52.813454 7.116394
v -49.29682 50.830162 -23.87384
v -6.2130175 9.002069 1.0313263
v -40.432625 -5.2375813 -0.4887085
v -5.6098633 43.619125 34.704426
v -10.720947 10.461548 26.972229
v -19.216747 34.435287 0.8833008
v -49.206833 -48.367874 -1.2250061
v 16.64896 -32.872936 10.473016
v 1.2900581 53.753235 39.0878
v 21.847214 96.22405 -26.193619
v -28.98294 2.4539871 23.602264
v -48.66098 83.05725 -44.339478
v -19.912018 89.653885 -24.50796
v -27.058273 66.524414 20.784271
v -56.74295 53.500553 -26.561958
v -11.040344 82.04878 -16.897705
v 21.281769 69.699326 -0.4273262
v -41.834404 -24.320797 7.276062
v 12.036621 80.48389 27.56543
v -5.9404297 63.92798 38.740845
v -51.036804 84.18877 -43.838135
v 18.3732 55.448166 30.834732
v -21.3134 -24.64698 6.6099854
v 45.061775 60.74762 1.7163696
v 21.971535 40.105984 11.924652
v -39.964493 -18.842525 2.1662598
v 16.284271 -23.301926 7.619568
v 27.78833 62.21826 15.179443
v -9.026797 29.440224 -5.4760113
v -4.249428 84.73489 26.896881
v 10.869629 21.394707 27.84726
v 0.9800701 56.883232 -43.871857
v 24.167236 -49.737244 27.144165
v 39.380116 63.718212 -10.584548
v -18.789032 46.550186 -13.367493
v 20.749146 53.31665 29.772705
v 31.428986 -53.8489 9.726074
v -49.05674 72.09691 -19.748566
v -32.815994 -25.741425 22.890547
v 26.674816 -17.439535 0.305048
v 5.5822296 56.80887 -43.402664
v 17.948612 76.73412 -2.8930779
v -12.328703 33.052307 -6.0966187
v -3.840088 57.03044 -43.874756
v 35.633545 -52.948147 2.40361
v -20.879044 -8.084713 16.693993
v -5.6675186 78.54414 -26.13121
v 30.578766 0.4326973 0.8727417
v -26.461578 6.1926956 25.546913
v -21.917702 -26.157228 15.678009
v -20.119507 -5.0898438 20.917236
v -45.04344 68.91812 -13.773132
v 40.563904 67.09302 -14.595947
v 41.596436 62.67639 1.3153076
v -41.93703 -11.531345 3.7893372
v -49.57793 -47.688946 8.864149
v 1.5184021 47.717743 37.48468
v 49.30517 61.681126 -1.6044703
v -27.766617 -10.896072 16.020279
v -1.9381409 79.07454 -27.047478
v 28.964312 44.917923 2.149231
v 13.341797 93.05896 -22.069214
v -11.36499 60.48694 -14.634094
v -1.6210938 -6.2249146 55.01776
v -25.48851 5.7338257 25.616123
v -59.233658 58.313705 -44.076843
v -57.519016 58.536118 -43.972595
v 0.34246826 30.299847 31.456005
v -5.6889954 58.624863 -43.396698
v 43.827606 69.818756 -8.528259
v 6.1395874 58.13092 -43.628784
v 26.038773 59.358673 19.377533
v -24.714392 41.596703 11.575562
v 26.106358 16.073006 14.013077
v -56.405197 59.112278 -44.12561
v 40.91327 47.342415 -6.369385
v -48.132004 53.123817 -2.1268501
v 13.97316 79.99835 -2.6348572
v -23.365326 51.632256 -9.869217
v 3.9868164 67.90648 37.413208
v 27.676205 -8.044235 -2.4097939
v -61.23523 57.335938 -16.849854
v 35.07498 -4.3898115 8.197493
v -16.30127 83.94428 16.363434
v -25.654087 42.2538 8.134323
v -42.410942 -20.977903 6.2678833
v -16.527233 34.99736 -5.23736
v 31.933334 4.7407837 16.944153
v 21.16421 42.990067 22.60941
v 52.034046 51.83935 -7.554886
v -48.897423 -50.464108 4.488136
v 43.71808 56.451263 5.4201965
v -0.49203682 47.470005 -11.562873
v 21.120682 9.334503 24.669159
v 3.8081512 87.091644 -7.571121
v 5.9956055 60.719757 -43.0083
v -3.2923355 3.0793219 26.743088
v -9.027402 22.596226 -1.9818926
v 25.082584 60.968464 19.683979
v 36.654552 -50.515396 12.997116
v 4.320388 78.72789 -25.795935
v 12.3242035 -30.682585 18.54243
v 8.01601 86.96769 5.292183
v -22.391357 55.42885 30.4104
v 15.7507 80.53677 -19.715828
v -26.56887 42.499863 15.053028
v 24.437471 43.54074 10.621796
v -28.039452 -5.594803 -1.7047806
v 35.82809 -53.20261 -3.2386208
v -7.329108 27.918003 -5.8947363
v 13.139648 68.51904 34.498047
v -54.834522 62.3808 -43.39361
v 14.822556 80.895355 4.3883057
v -0.9555664 62.708435 -43.882446
v -40.718323 -49.177906 -1.4760094
v -24.093353 -52.334026 16.962006
v 10.86499 88.541504 -18.39502
v 13.330579 68.756065 -17.228352
v 17.399445 -40.221844 28.605354
v 58.3721 60.98849 -23.778664
v -62.85594 63.25575 -43.70877
v 38.386887 60.921387 -14.798874
v -39.686523 49.43904 4.1245193
v 16.901955 83.412964 -20.47018
v -29.321644 63.011444 19.347198
v -7.844055 51.943085 -12.034241
v -4.8098297 56.312695 -17.697884
v 32.01367 -24.20523 7.018738
v 42.013916 55.362885 -19.026674
v 7.9486694 45.066986 35.247726
v 20.962503 -24.236595 4.739975
v -11.6866455 35.147095 -10.291382
v -3.5693665 -9.427368 53.622437
v -23.320097 -48.002304 21.397095
v 14.846739 -38.127914 16.457558
v -40.707123 -37.923283 13.313816
v -62.107727 67.529175 -19.453613
v -15.925537 20.579834 25.66925
v -42.637688 -22.727406 6.925766
v 13.577545 3.8382874 23.731674
v -18.082014 86.10444 -23.593952
v -38.83094 -30.268635 6.4623947
v 32.395317 -30.723095 18.553879
v -29.107965 66.56919 7.4643784
v 19.481344 2.8798141 -1.9418225
v 25.887085 -2.8563232 22.080688
v -21.086777 -22.851868 7.349121
v 56.154655 64.35639 -27.004585
v 53.099106 51.574142 -13.042486
v 15.355307 -10.479118 16.321617
v -59.655487 70.50412 -44.98059
v -60.708527 71.46355 -43.341034
v -29.398457 -40.17781 22.750298
v -57.30376 53.745907 -22.708492
v -8.452869 38.68428 32.237812
v -6.7033973 59.168236 -21.688385
v -18.161686 85.51956 -23.158134
v 52.795925 76.63961 -17.156342
v -25.985231 -34.781017 6.553276
v -33.38472 -53.034004 1.9839478
v 42.615387 57.778908 -17.187668
v 9.615234 33.439026 -7.6765137
v -38.747925 -3.4413185 0.6370239
v -58.547108 76.00456 -44.075058
v -3.5980835 28.477417 -8.146133
v -53.403038 75.755936 -43.682217
v 21.140594 72.86865 22.397705
v -42.74461 -14.607835 7.2564797
v 25.643093 45.800793 10.446114
v -14.680252 49.596497 -15.013062
v 4.6885986 83.63176 -17.028564
v -21.429565 58.572548 32.48764
v 1.5038681 10.503334 -1.6300049
v -54.99539 76.61278 -43.304108
v 50.745766 50.09999 -12.087006
v 43.816895 48.572876 -9.388672
v -17.346458 89.10804 -21.712112
v 34.222435 -46.048203 12.759895
v -42.794827 -44.991074 4.070587
v -4.758362 80.46582 -26.018799
v -26.928417 -28.30394 21.937304
v 13.961377 -39.814198 21.176867
v -7.604431 88.9643 -6.5355225
v -54.02417 78.2666 -43.61731
v 1.9587479 7.5255737 3.4339142
v -50.357788 80.944824 -44.397583
v 25.31749 12.051788 21.02295
v -1.1107674 2.7956085 39.80243
v -39.1749 -36.380363 9.106384
v 21.32312 72.30973 0.002293
v -40.09494 59.750244 5.7788696
v -49.704124 81.34592 -43.4009
v 48.622986 68.34313 -22.659424
v 39.9061 64.899445 -10.354141
v 18.21082 79.88664 11.776138
v -14.536957 64.40086 -13.116974
v -55.506855 52.41773 -22.411469
v 52.34098 81.239204 -43.66555
v -39.819138 -4.115196 2.2527466
v -53.36255 82.359924 -44.17688
v -4.171921 55.336227 -16.066895
v -28.606003 64.08536 18.750366
v -41.72107 -52.978207 16.628662
v -31.026487 62.22008 -10.303012
v -3.681984 15.528538 -4.3066025
v 33.267708 -20.967133 8.472565
v 15.506512 -11.5045595 15.175873
v 7.434616 80.22952 -24.666061
v -25.185364 66.13916 -8.344727
v 7.6913605 36.233337 31.874878
v 38.883812 57.61441 -16.101578
v -52.371735 83.67413 -43.95334
v -46.90441 69.86017 -14.218628
v 30.996506 47.066162 10.822388
v -25.221144 73.24614 14.683746
v 17.838898 -44.61622 14.047485
v -58.58297 54.47154 -24.761007
v 30.577484 59.53974 -6.705185
v -30.561434 -28.01815 23.147171
v -10.961353 86.35367 -6.9919434
v -27.090782 -50.35271 26.173595
v -4.4034424 8.533081 31.429321
v 8.311707 85.00841 -7.037903
v -21.42947 -1.971602 -0.344088
v -43.812096 49.958664 -2.546112
v 4.0646095 56.261696 -42.905563
v 30.355957 -34.12207 24.270447
v 23.834106 57.25885 -6.5443115
v 28.692745 -51.42977 -5.8630886
v -24.274086 -7.0726204 1.3991089
v -3.50774 56.4715 -42.677013
v -50.234238 -49.971558 9.85199
v -47.756405 73.71004 -25.84047
v 38.111755 52.61831 9.870605
v 1.7478313 56.593155 -42.869675
v -42.486576 -17.56326 9.7898655
v 33.809975 47.165886 10.436493
v -29.313843 -45.09059 8.8479
v -21.078217 56.63816 31.926971
v -28.818054 65.70624 18.314575
v -21.615585 93.60322 -27.064697
v 18.950058 35.554848 2.2220688
v 38.21175 49.864655 8.250839
v 35.815308 -53.966885 10.861084
v -6.346574 7.047159 20.9809
v 16.587769 91.03076 -24.584595
v -58.887943 58.377617 -43.011597
v 24.535076 -4.5611076 20.80436
v 21.647362 -20.30014 24.766342
v -60.762108 57.801445 -26.90329
v -39.865692 -39.575443 13.782863
v -16.713371 82.88141 16.287445
v -38.437202 64.69194 -12.967163
v -26.543488 -7.9255743 -0.718483
v -23.172241 58.104164 30.252441
v -31.814651 -37.83569 23.380983
v 52.257225 65.99959 -27.12707
v -5.704136 4.820756 16.197533
v -42.44285 64.985535 -2.7957153
v -57.11024 58.692883 -41.510612
v -32.69542 48.37944 8.192383
v -5.8751717 14.133526 -2.498125
v -42.257984 65.90729 -9.794373
v 14.592943 82.1365 7.301201
v -5.828247 59.89453 -43.16809
v -37.316223 6.1405563 4.067505
v -30.592407 -0.45117188 22.305664
v -55.433334 60.40706 -44.374084
v -30.12098 46.27462 -0.9470215
v -42.257595 70.2877 -22.214394
v 6.901367 59.962124 -42.635437
v -28.830282 69.21933 3.3235855
v 61.73581 74.68054 -24.707794
v -35.471832 60.15524 -13.3811035
v -14.974121 21.930168 26.641113
v 34.280785 -22.311153 9.624771
v 23.262665 -20.068604 24.93515
v -9.650276 64.40141 -21.428253
v -29.358566 69.60824 5.9123535
v 14.35968 -34.771927 14.512039
v 15.3031845 88.57202 -23.244934
v 34.443424 48.237995 11.06675
v -31.890135 -18.012056 -0.55253017
v -36.993225 0.052455902 -0.6074219
v -2.9570045 43.161804 34.81314
v 27.532501 -23.602478 3.1163597
v -32.412354 63.041016 8.1640625
v -54.59616 61.657806 -41.964844
v -30.289413 65.595566 -3.579712
v -1.855896 61.76123 -43.581055
v -39.455322 -33.37449 8.188507
v 23.93845 69.32919 19.25653
v 2.8632202 62.391296 -42.144775
v -35.941742 -17.336853 -0.7055054
v 32.99655 -22.338326 8.028687
v -22.02127 66.46655 -11.788208
v 2.925415 14.263428 28.853699
v -18.41397 6.148041 25.55716
v 8.523666 58.97371 -13.30751
v -24.137466 -2.0822754 23.432556
v -15.637555 72.70011 -15.590673
v 1.7629395 62.73767 -43.80298
v 17.172668 -33.628426 28.105335
v -62.17688 64.64258 -42.68335
v -55.128372 63.798187 -42.811157
v 16.893097 -21.675125 23.44954
v -6.602028 88.87409 4.393593
v -14.954346 91.7876 -20.655518
v 28.993292 52.724773 -6.712641
v 45.879814 60.13672 -0.38528442
v -62.47265 65.98458 -43.478455
v -30.254436 -36.535812 5.9372253
v -29.429749 -52.64154 10.005415
v -62.486626 67.12857 -43.568893
v -54.96675 -51.31659 2.2028656
v 15.912964 -3.294403 22.010132
v 28.872253 8.474976 2.9081726
v -61.596153 69.32165 -43.068726
v 23.999977 70.74904 19.278297
v 23.984726 13.59111 4.1874084
v 14.069794 79.68274 -20.782974
v 58.54602 77.69957 -20.752869
v -34.82733 -47.87558 0.006134033
v -33.91809 -52.794685 20.357544
v 1.5446777 54.06662 -15.582153
v -52.25737 71.60495 -43.45349
v -25.921791 70.07794 20.970856
v -30.088936 -20.699238 0.5651283
v -23.440186 60.31909 30.29834
v 49.34657 58.881958 -26.16565
v -25.773376 -41.881165 12.699905
v 25.792831 -41.86335 14.655304
v -60.45346 73.332825 -43.105103
v -41.778595 -18.655146 12.280823
v 57.79294 81.23486 -23.646484
v -14.370361 44.733704 34.10907
v -59.368473 74.97604 -43.40622
v 39.617817 66.45372 -12.391693
v 39.283745 62.290833 -8.954712
v -52.884155 75.56558 -42.862476
v -42.91443 50.51767 -13.810883
v -46.767624 -53.36708 3.0453186
v -6.3759766 77.71652 33.83551
v -38.379482 63.18082 -15.108604
v 58.260643 75.663086 -43.360878
v 9.016159 37.175373 30.319618
v 19.070057 -18.59137 22.770554
v 5.496826 71.16113 36.684814
v 21.042114 -53.11682 12.630371
v -45.14456 66.32745 -10.441406
v -4.030033 12.283234 -3.4654274
v 11.204655 80.07729 -15.551121
v 8.326732 62.393982 -26.450012
v -47.314636 58.473373 -0.9010315
v -54.06073 76.30692 -43.37166
v -42.15297 -8.674004 1.4156189
v -41.552525 -47.94484 1.4840088
v -21.612976 -20.473738 9.386488
v -21.216824 -21.436367 7.3592987
v 17.654419 -21.8956 6.5557556
v -43.486664 -52.958496 -7.2316895
v -54.003742 76.88367 -43.124565
v 6.2206955 83.03659 -10.143707
v -41.94873 -14.229719 9.9340515
v 20.481943 -46.85039 6.1806946
v 36.560318 49.489456 10.361191
v 49.19007 82.69345 -22.716309
v -26.059174 -52.136177 14.024231
v 25.078308 15.42495 6.0198364
v -58.624146 72.1967 -22.019531
v -59.917473 56.102646 -15.342758
v -43.914764 51.350834 -16.05989
v 15.201844 -37.215473 27.158554
v 8.969467 54.76503 -11.714508
v -35.108654 66.32191 -3.2002487
v 10.402924 78.64728 -24.315979
v 20.02871 89.01813 -21.978333
v 12.103943 62.50122 -10.862671
v 18.025496 -53.320183 14.479561
v -27.588623 65.78656 22.022827
v 33.42688 -21.00212 12.198196
v 21.853745 -37.26361 12.7782135
v 35.072754 -49.64789 -0.8123169
v 18.41394 -30.674225 28.075417
v 24.632263 -43.78125 10.945068
v -40.332085 47.587963 -6.1131897
v -24.732697 -6.389923 20.781769
v 52.34725 80.67022 -43.443977
v 15.500862 87.850365 -18.479753
v -23.935268 44.223125 -2.8642502
v -25.972952 70.66403 -1.3014069
v 52.922066 80.99205 -43.7582
v -43.093292 49.082047 -4.0584564
v 54.264404 81.05798 -43.174805
v -12.250156 66.429 -15.128815
v -28.793365 69.7649 4.9357452
v -8.566181 11.806877 0.44620895
v -23.607147 -18.816288 5.752014
v -19.599546 66.99963 -13.240234
v 51.799473 81.24088 -43.005463
v -21.848816 75.20998 3.8705444
v 25.485535 -52.455498 -0.7994385
v 45.83255 61.564636 -19.675598
v 52.110672 81.872604 -43.110603
v -36.239624 8.251831 16.021973
v 52.758804 82.00772 -43.40155
v 3.4651184 84.69182 -13.192383
v -0.80966187 1.7478638 41.9552
v -40.576443 0.88964367 6.386257
v 33.378677 4.7803187 8.87867
v 49.379517 57.561462 -25.433472
v 25.059586 -47.228348 4.332443
v -9.132065 88.45259 -0.6479492
v 25.329927 -44.618088 8.513466
v 36.876053 -52.515167 -2.1736794
v -10.483017 88.17879 14.542572
v -20.862103 56.85598 -11.661751
v -28.468262 52.44922 -9.628662
v 14.210556 77.50572 -5.81942
v 26.302944 44.624023 4.599819
v -3.9214478 -0.99753 31.498772
v 0.32747746 54.9836 -42.579826
v -26.371065 -1.3110417 -2.2008536
v -34.17792 -19.227516 -0.7438
v 32.527298 -6.4057007 14.323334
v 7.848419 38.989655 30.966568
v -23.071548 43.504883 -6.437622
v -18.75595 70.62479 -10.128418
v 3.2537937 56.333282 -43.237907
v -21.983276 25.256775 17.843384
v 43.540688 66.14719 -4.8784485
v -21.313492 54.971954 32.384903
v -2.66395 56.442482 -43.143944
v 0.9241407 41.07337 -11.769463
v 16.746655 77.468445 -3.1166077
v -0.9423218 56.8508 -43.281677
v -49.85178 -52.11513 1.308153
v -5.819824 3.7368774 30.581863
v 17.029015 -8.366425 2.022713
v -43.289963 70.341064 -19.396942
v 10.110352 86.483 10.910156
v -42.74714 -51.149628 -4.8606567
v 24.364517 58.674194 24.913544
v 36.54477 50.670578 10.593842
v -1.5312195 56.503098 -42.577698
v 15.240578 35.845078 -6.2556458
v 23.685547 71.74365 5.3432617
v 44.54016 68.62134 -6.648987
v -22.243164 76.21826 20.218262
v 5.16243 56.39686 -43.1093
v -40.290604 -42.535522 10.010681
v -5.393778 57.4521 -42.992245
v -3.286192 54.039997 -15.180557
v -60.980343 58.201813 -42.607903
v 25.39001 -44.173416 9.6539
v -52.310486 65.274536 -10.446045
v 22.39746 42.186142 19.667114
v -28.663483 56.918564 21.933167
v 6.057617 82.83446 -11.393799
v -15.891602 23.03833 26.386597
v -29.002106 -16.80806 1.3818512
v -15.015137 75.64074 -11.811371
v 28.657654 -19.819885 23.877258
v 21.2771 -40.74696 14.470787
v -42.21117 -52.274963 0.48510742
v 15.39684 69.57375 -14.262272
v -24.417068 44.220657 22.317505
v -62.1726 60.19013 -42.461304
v 1.0103683 29.862595 31.605072
v -26.866455 17.695953 18.727722
v -0.12566376 88.62433 -7.92157
v 36.56192 52.213165 11.231812
v 34.64724 -6.2045517 9.93103
v -39.21306 54.486076 -16.62938
v -34.940643 64.30801 -9.783112
v -6.541148 51.668484 -11.507382
v 27.221233 13.501982 17.007359
v 14.297539 6.23291 24.636032
v 13.949646 81.575195 21.874512
v -62.64635 63.217712 -42.094154
v -25.515602 47.260616 -5.209269
v 0.27822876 28.477295 -8.285553
v 17.855316 25.680084 17.03125
v -32.67245 -23.697056 1.8223972
v -4.444702 62.224976 -41.628662
v -16.75795 -6.4880066 10.486893
v -1.1618652 62.90143 -42.617615
v 28.458118 -19.414423 0.965561
v -35.160675 46.380684 2.597229
v 8.724564 87.2502 7.179138
v 9.957581 61.67704 -13.66835
v -24.201344 -41.51673 16.807444
v -5.7822113 84.6794 24.756348
v -5.1469727 59.17105 38.49762
v 12.369385 3.5239105 0.72647095
v -20.819977 6.746435 -0.23229218
v -14.419601 17.977642 -0.12231445
v -27.33368 60.39142 25.02301
v -0.38666916 63.236816 -42.697754
v 54.812927 78.76346 -18.25248
v 14.664757 11.981495 0.28754997
v 21.385952 -47.634735 3.595047
v 14.930043 79.18247 -1.662651
v 13.807515 -45.485023 24.625446
v -20.737854 78.28284 18.248291
v 32.43145 -19.94778 6.7185516
v -62.431885 65.806854 -42.205444
v 22.976387 13.161453 3.0386963
v -21.704506 -20.021784 8.41568
v -24.7966 -41.839054 14.585846
v 43.24939 63.774616 -16.734833
v 57.64907 62.33823 -25.547615
v 8.847153 28.549019 -2.9897156
v -0.4258423 -5.2244873 51.996277
v 34.21707 62.557007 10.226624
v -12.1038 78.86284 -12.723602
v 60.881042 65.618256 -22.243408
v 18.769653 -19.485107 6.152069
v 20.454475 96.684296 -25.563232
v -53.075653 69.88782 -43.993286
v 31.108307 -9.112305 0.40673828
v 36.956055 53.771698 11.105469
v -17.083538 84.157135 -22.392576
v -40.920135 -1.2730489 8.699558
v 37.65649 46.404114 -7.2601624
v 21.271545 10.779114 23.154877
v 12.482666 69.60919 33.707153
v 47.435593 48.9778 -12.661964
v 11.984314 66.08423 -24.291504
v 11.006622 -0.12532043 2.922943
v 17.659431 66.2229 31.801361
v -59.84653 74.77675 -42.588943
v 23.101112 74.32837 15.148193
v 9.6205635 0.38106537 18.113602
v 7.7933655 81.88747 -8.381226
v 39.910503 53.812572 -12.842842
v 45.793694 67.339325 -19.495256
v 30.238647 -31.049782 24.685547
v 58.84619 74.512535 -42.813446
v -18.08841 36.29947 23.18042
v 31.962915 62.62683 -3.6071777
v 32.708622 46.098236 -5.1168213
v -42.51838 48.86174 -4.9550323
v -47.25357 -48.197937 6.101471
v 57.626816 75.396614 -43.08696
v 33.628998 -1.1875916 13.811096
v -58.849922 75.49825 -43.012024
v -1.9449463 80.410645 -25.436523
v -29.739334 48.0683 -7.067871
v -3.4625854 76.598724 34.568924
v 52.269012 66.35315 -2.8845825
v -5.755902 85.68306 -21.041565
v -57.316956 76.3468 -42.829865
v -53.285015 76.10559 -43.09332
v 21.33686 -1.9699035 -2.2595766
v 2.4419928 -2.4900131 36.075504
v 58.687073 76.390656 -43.072876
v 4.8862915 31.417412 -8.343918
v -8.2404785 68.432495 37.116577
v -20.920776 51.401184 -12.470093
v -52.97472 76.74077 -42.8595
v 57.4077 76.60021 -43.06495
v -27.204758 15.079956 5.6185303
v 34.85643 -4.208153 5.6577606
v -56.42216 76.84706 -42.91519
v -22.447342 -18.315735 7.791748
v 11.747612 37.541992 28.445938
v 21.040909 -44.698494 8.212982
v 14.398973 88.73066 -28.66011
v 31.331919 -44.723724 13.190979
v -4.1642456 -7.922287 52.778137
v 50.00917 58.724 -26.222412
v -37.69876 -18.388672 20.452393
v 58.03984 76.96882 -42.719757
v -8.755623 54.308487 -13.347641
v -55.4093 77.41449 -42.619537
v 15.776848 -1.1461182 -0.6438141
v -7.6528625 88.92197 -5.1707764
v 3.390564 41.63684 33.95833
v 56.910583 60.15222 -3.8637695
v -27.231113 -24.043697 1.7289314
v 39.668144 -51.786896 5.3541718
v -16.50879 49.065674 -14.588745
v -51.384644 78.19751 -42.543457
v 15.177144 63.890427 -9.760483
v -36.537064 54.943993 10.099457
v -15.743111 6.6990376 1.0233879
v -29.124609 -4.8931236 -2.0758874
v 52.455925 80.44239 -42.892357
v 53.56732 79.98093 -42.76013
v 32.49646 -53.510075 1.0489502
v 47.882347 75.39955 -14.828552
v -18.71605 80.123276 13.528809
v -12.511719 19.08963 28.072754
v 2.3933563 38.207382 -11.739471
v 26.856754 52.402283 -6.017124
v 0.6268356 6.5861397 15.607694
v 10.449905 0.67038345 20.13182
v -49.610428 82.00995 -42.99521
v -27.124435 43.281265 14.966614
v 10.5742035 78.85356 -21.767906
v -8.207977 69.792435 36.120743
v -33.866608 56.0632 10.727921
v 11.720459 32.828598 -5.9648438
v -12.296387 34.806213 31.355103
v 30.47639 -9.866825 -0.10814285
v 53.60547 81.99048 -43.184082
v 47.056694 57.274178 -23.888138
v -23.754974 6.761429 25.55452
v -23.30901 54.75624 -11.161461
v -5.837612 -2.1803436 50.22267
v 21.396988 50.81279 -7.104233
v 52.694912 82.3707 -42.623016
v -24.945248 65.0337 -9.322536
v -53.337112 74.01529 -23.049927
v -45.870724 54.84224 -24.506191
v -52.979248 83.060425 -42.18286
v -50.103394 83.6875 -43.291748
v 14.269531 92.74786 -27.472534
v -11.80603 28.611685 -1.7328491
v 25.216213 -16.92479 21.49969
v -19.898443 88.97567 -24.420935
v -15.206154 70.19025 -18.10344
v -38.483223 5.47323 13.127563
v 14.708618 80.66797 -18.21463
v 17.510925 26.964172 18.500488
v 16.093414 -32.942226 26.682892
v -29.991196 9.888741 1.2492828
v 2.740792 55.287422 -42.21151
v 3.3799057 55.126755 -42.07982
v 31.635605 -14.936813 -1.3415222
v -25.805542 -36.909527 8.268061
v -31.39032 -48.03717 24.899048
v -8.326981 89.83368 -21.838379
v 1.6474113 55.65117 -41.7146
v -33.863525 57.972137 10.740112
v 3.676236 55.699883 -42.332767
v 31.253357 59.25708 14.068481
v -11.761075 85.39017 -3.859604
v 60.363194 69.37677 -20.316439
v -27.096298 67.907715 -3.1466675
v 42.5932 62.8936 -15.446472
v -20.197548 7.6010284 25.667278
v 9.8396 16.182709 26.593079
v -11.446442 69.97693 34.604187
v -39.01032 64.754295 1.623194
v -21.819519 65.08533 -12.910095
v 6.3878117 57.041893 -42.351566
v 22.519005 70.855835 23.049805
v 16.94836 -35.19618 27.966656
v -0.1747396 -5.6311264 48.072052
v -26.90776 -32.48748 4.645794
v 41.948757 67.0249 -7.8123055
v 21.406525 -1.1066742 23.534317
v 13.034462 37.144165 -9.930542
v -30.177597 58.576447 16.720657
v 8.781006 47.875916 36.24124
v -7.427815 75.067635 34.721153
v 36.231537 63.131393 2.1275463
v -32.42614 -33.933846 4.5076237
v -17.345558 82.49773 18.154884
v 13.588257 24.500412 26.523804
v -55.90352 59.595856 -42.55829
v -8.887381 61.862705 -26.459845
v 24.438192 -22.174864 2.236443
v 23.208282 -5.3424873 21.260086
v -40.590225 -0.6095314 4.5842896
v 29.075134 -52.102497 -3.925354
v -16.8264 78.77983 -6.3756714
v -62.467533 61.243916 -42.59561
v -45.48677 65.54033 -5.2911987
v 16.723915 5.572632 25.037115
v 6.600952 60.835022 -41.559326
v -23.938232 67.09619 -8.964844
v -15.140076 83.22127 18.94519
v -11.581299 85.46673 -4.398987
v -6.4625854 26.255692 -6.109947
v 0.28723145 -2.4303284 48.36328
v -36.762695 -32.061615 5.6236877
v -2.208496 62.407227 -41.8042
v 12.716797 83.75879 19.995605
v -25.52567 -24.023472 1.9365921
v -20.194397 2.1673584 25.053925
v -21.241028 2.1481323 -1.0254517
v -9.824589 87.31971 3.7788439
v -42.874073 -17.280394 6.915726
v 16.417847 -53.479767 28.946915
v -11.218155 86.73286 15.333054
v 37.7381 -48.76361 8.325745
v -41.655243 -22.914268 16.321716
v -30.590916 -31.825417 3.8809395
v -24.970922 -44.52719 17.05704
v 32.324852 -19.788021 13.89579
v -12.61568 -3.065398 12.551487
v 1.6451111 89.97275 12.434326
v 23.850935 3.388093 24.436253
v -35.275288 -33.27765 5.24646
v -22.677956 -34.416622 11.891754
v 15.842377 -25.685364 7.6890564
v -0.091753006 49.245823 38.089302
v -22.646286 56.091827 -11.884346
v -8.784576 84.772766 -15.223755
v 13.438965 -23.024006 17.889572
v -14.0261965 -3.5931776 16.023396
v -16.511108 47.250317 -14.57666
v -53.65518 64.92691 -41.384155
v 36.971436 58.074158 10.696045
v 11.192505 64.5647 -21.549316
v -25.5682 72.85213 15.802734
v -10.944298 22.02826 -1.8257437
v 47.755554 72.058624 -21.186157
v -26.099304 15.746674 5.3967285
v -53.288986 66.52574 -41.56848
v -35.075287 65.15817 -8.975708
v -23.922302 -17.009485 6.637085
v 21.15863 61.554626 -10.284546
v 57.739365 62.06959 -4.203471
v -53.262215 74.46157 -26.747223
v 58.2417 60.1933 -23.565308
v -28.694672 14.047668 22.08014
v -35.266693 -20.430939 0.0064697266
v 50.340675 54.50757 -4.0059204
v -60.786484 70.239555 -42.580414
v -20.64949 28.960114 18.197876
v -8.886536 4.4887695 8.022705
v -39.781464 2.902073 9.698288
v -60.78813 70.65542 -41.655457
v 55.633934 59.406265 -25.590958
v 18.407558 -16.805746 19.086847
v 34.36947 45.761215 -5.6033936
v -21.181187 35.953804 6.8917084
v -45.021984 62.573395 -1.241837
v -9.968023 79.20335 -25.924698
v 8.183743 0.42315674 13.891869
v 54.028595 58.95884 -25.649212
v -23.816406 73.98224 -0.36895752
v -5.272705 89.227165 -2.531128
v 58.23024 74.67703 -42.884644
v 19.433292 35.362183 3.6284866
v -25.865429 49.094055 23.910538
v -42.66943 -15.977249 7.995041
v 23.871094 65.57172 -2.7644043
v 8.829617 61.27723 -14.513229
v 59.64203 74.9993 -42.582336
v -36.82373 -25.220276 21.960205
v 35.644775 60.939636 10.211304
v -29.538227 59.425293 14.630306
v 16.988503 10.927926 0.7911055
v -2.74998 7.184268 15.807232
v 57.58013 75.18773 -42.00656
v -23.725014 -20.326214 17.824326
v -11.214437 62.14 -15.516436
v 31.354847 44.796066 -0.35305023
v -11.739929 79.22106 -12.256836
v -39.61644 -38.897655 15.188019
v 51.26349 50.879063 -16.76706
v 57.29422 76.34048 -42.358078
v 24.217041 -40.549362 28.005615
v 27.94023 59.089188 -5.580105
v -26.154007 68.91797 -1.7391357
v -47.603653 51.094353 -12.396904
v -23.708557 -19.146614 16.323608
v 10.737854 85.91998 18.086792
v -5.488739 -4.5839844 55.333252
v -55.140785 76.99319 -42.76946
v 23.713636 70.75304 2.3597183
v 44.467865 72.38816 -12.239807
v -22.60614 58.093994 -12.278015
v 40.541145 48.979492 5.258789
v -2.1926575 80.94141 -24.173828
v -40.553505 66.2859 -14.543232
v -37.900192 62.692703 -14.910629
v -41.77835 65.453 -4.098694
v 8.778456 85.68171 -3.0987854
v -16.929901 62.855713 -12.012341
v -30.820557 62.34941 10.65802
v -35.799713 -6.851059 16.299652
v -44.693806 50.86104 -20.685312
v 57.452007 76.873665 -42.389923
v 12.914343 -31.375912 21.377243
v 28.286716 -45.687073 7.3030396
v 8.275085 59.523167 38.250862
v 1.4335797 47.49402 35.765785
v 27.707275 -1.9106445 21.208923
v -5.5896606 -9.301147 57.4422
v -28.960701 53.03891 16.398117
v 30.041256 -15.666687 -1.5672302
v 16.275085 -43.667816 17.910278
v -6.805313 87.01864 -22.145233
v -26.231812 -14.896271 14.517334
v 14.304398 -24.404144 21.501007
v 54.181545 80.08096 -42.965446
v 21.049164 0.01675415 24.216888
v -15.689514 -0.7340698 5.1400146
v 30.220306 -35.069756 14.798737
v -28.323746 66.00946 -3.5717773
v 36.33707 44.80142 0.09876871
v 45.008705 50.397556 2.9602356
v 33.044426 -16.68486 6.277649
v -8.771153 29.971655 -6.691418
v 33.96371 -8.789858 7.0900993
v -11.462906 93.72069 -25.711609
v -18.457268 71.19336 30.328918
v -54.44336 81.74536 -43.104736
v 37.567596 49.2388 9.290482
v 33.121967 -24.960968 9.925125
v -44.99778 71.28466 -20.20935
v 7.941036 18.463135 -1.464468
v -10.667286 78.15167 -23.89331
v -38.571808 -27.288322 4.4645844
v 26.254883 64.077515 16.368652
v 8.784365 86.89876 18.017029
v -49.865288 81.73664 -42.388176
v -50.274227 82.114586 -42.43123
v 20.363132 -27.154266 27.470596
v -39.114315 -46.2244 2.394691
v 31.057007 47.46679 -6.597168
v -39.975334 -33.775383 12.607964
v -5.240095 51.787113 -12.036331
v -62.27318 62.9769 -26.70044
v 1.565182 54.648293 -19.877542
v 20.953793 73.06592 24.020508
v -15.714794 85.24033 13.117096
v -41.489136 -12.724243 -0.52038574
v -6.0471377 7.088881 25.131975
v -8.911591 1.6986945 15.870491
v 13.736511 25.897842 27.417908
v 43.698303 62.634216 0.7595215
v -31.540276 -52.267326 5.4337006
v 3.0649834 14.698463 -2.8703308
v 16.444996 38.42872 24.232304
v 4.7400684 15.400406 -1.407793
v -1.2694836 54.24693 -17.65445
v -19.757019 47.121338 30.718628
v 22.869434 44.79657 22.088364
v -1.4763184 53.32263 -24.930908
v -21.919754 74.295975 -4.496517
v 25.83435 9.014252 1.6499329
v 42.716583 46.77066 2.2471924
v 0.33808136 2.5966797 27.251068
v 50.43215 49.67659 -12.995941
v -23.300903 13.546631 24.145203
v -2.237263 55.384926 -42.188385
v 34.768127 -52.984104 16.828018
v 32.89899 63.194702 10.350891
v 29.146912 -43.744587 16.820164
v -56.641403 54.57743 -15.443481
v -30.060196 62.784637 11.32074
v -26.186815 72.82344 8.859673
v -2.6859245 54.95774 -41.49698
v -0.89395905 55.32551 -41.246506
v 32.134094 -10.087395 1.4141235
v 1.1757278 55.40323 -41.663055
v -32.725243 46.150665 4.0073853
v 33.4156 -21.796984 18.504631
v 12.24882 76.649185 -8.811935
v 4.062561 55.909317 -41.074158
v -4.001194 56.3125 -41.26425
v -25.239258 -15.578121 6.591919
v 28.069946 -8.699402 17.87854
v -46.34958 64.611404 -5.069641
v 42.903534 64.37323 -15.7777405
v -39.35016 -21.003395 1.8409729
v 13.749512 31.412502 0.596344
v 33.1532 -22.305141 15.92807
v -30.034012 46.09041 -2.3075867
v 30.800293 63.362488 10.992798
v -18.413696 31.30837 22.78656
v 38.5023 60.76189 -9.098618
v 12.625103 38.043785 27.471777
v -23.143394 -49.63027 23.271072
v 9.32432 1.3953781 17.896563
v -60.459282 57.888306 -42.651337
v -59.8832 58.23539 -42.05597
v -46.67283 72.07231 -20.7919
v 54.77724 53.17987 -10.042191
v 16.44638 3.1794128 24.886246
v 19.55017 -42.81845 14.92572
v 24.505676 64.41736 -3.4451904
v -47.33388 73.06891 -24.843851
v 38.063522 60.456318 -8.568792
v -61.389454 59.091927 -41.60464
v 33.287346 -11.908783 4.5927734
v -6.3354797 59.760735 -41.771667
v -32.069336 61.949585 9.88916
v -47.90875 50.881985 -3.9232578
v -42.135742 58.03308 4.2841797
v -41.802307 52.7704 4.043579
v -11.36911 64.918335 -15.092377
v 19.155268 10.164551 -0.12259674
v 4.721817 88.369835 4.949112
v -28.38546 11.409172 1.7650146
v -27.264832 -43.88141 11.707031
v 22.836689 -38.34005 13.342533
v -62.80587 61.00924 -41.03543
v -54.52838 60.58792 -40.004883
v -28.701767 -6.6192474 -1.8519058
v 5.1556396 87.101074 19.61621
v 5.4654083 87.648926 -3.4980469
v -18.354034 26.450836 7.0336
v 32.082855 -1.7306976 16.123657
v 21.641266 -15.5738325 1.478302
v 34.612732 -2.6507568 4.0554504
v 27.939697 53.602203 16.056702
v 20.578884 -39.747597 14.431896
v -14.214844 27.023346 28.982056
v -31.389954 65.12616 -6.493286
v -37.630554 66.237076 -4.984684
v -24.811035 -49.06425 25.405462
v -38.48871 50.12301 7.039955
v -52.282856 -53.29881 -5.2938843
v 1.5884933 3.2706451 26.504913
v 18.250519 30.60778 18.835693
v -6.683035 88.721985 17.637299
v 41.27299 47.14995 3.418518
v 33.54284 -53.82733 13.837555
v 14.130997 47.965668 33.470814
v -26.11369 -52.013138 26.015623
v 29.610336 -16.313631 17.157288
v -9.565635 73.96082 -27.016834
v -0.123046875 50.98993 -13.1219635
v 1.9535904 63.095703 -42.20587
v -23.253447 -39.238194 14.010605
v -54.636963 63.582855 -41.410767
v -1.211029 63.83088 -41.487915
v -0.31524658 64.083565 -41.423798
v 33.016754 5.1280823 14.188721
v -31.396729 5.71523 22.875183
v 0.9133911 84.25592 -19.54663
v 40.65744 55.76422 -18.283875
v -18.83319 63.99872 -14.433868
v 1.0607147 47.42534 -12.270058
v 0.7260437 53.08899 -25.439209
v 18.59253 12.446289 23.134033
v 12.653061 70.23611 -21.84256
v -44.83762 70.54469 -16.949463
v 16.199196 -44.077427 28.153015
v -55.574726 -51.208916 2.5482578
v 6.3879395 87.01587 20.52246
v -3.1368637 46.43079 35.1827
v -61.902664 68.81726 -41.650513
v 23.914612 16.561907 6.6530457
v 21.762508 -12.557493 -0.15938342
v 5.004733 57.491436 -23.886486
v 2.778019 10.590195 0.589901
v -24.822693 -14.625153 6.784485
v 17.131363 70.43823 -9.617706
v -20.594772 32.525314 18.053589
v 2.5697327 85.07542 -8.497314
v -60.958374 69.97543 -41.59668
v -28.116732 -23.054228 21.565788
v 21.139378 15.536105 4.376295
v -14.885864 32.241295 27.794739
v 26.238476 -53.393612 5.864319
v -16.48413 -4.607193 9.973129
v -35.744873 -5.5696735 16.455078
v 28.061691 -21.0242 2.7923508
v 19.125153 96.49834 -26.379608
v -25.015404 72.97062 6.056946
v -20.01709 20.763855 23.155151
v 3.8217125 6.309929 25.72395
v 59.23584 72.67749 -40.79248
v -45.852413 59.947098 -0.537091
v 15.567566 72.24692 31.10025
v -9.32848 81.47909 -10.725773
v -19.402231 10.776836 0.5664974
v -18.508478 55.436016 -11.339556
v -28.332916 71.08894 8.259613
v -22.337158 -8.546448 4.979004
v -52.21711 73.87674 -41.949844
v -18.60328 -0.8325825 0.89256287
v 19.121979 -39.159744 13.964981
v 9.557556 80.26013 -13.040161
v 56.65569 57.015697 -21.74004
v -51.465088 66.63452 -10.760132
v -51.29599 74.26404 -41.135925
v 11.9663 -3.8258982 18.307598
v 26.31636 -20.39627 25.247421
v 28.33876 -51.272507 -0.57696533
v 26.640837 67.48633 10.21106
v 44.800995 53.836994 5.516205
v 9.099737 64.78558 -19.959896
v 26.479004 -10.614304 18.569153
v -1.1609192 45.02417 34.808746
v 5.063507 84.13283 -10.776291
v 50.552444 64.358086 -25.481277
v 2.4511032 -0.42090225 31.914337
v 59.50226 61.420013 -23.037842
v -22.323025 -51.82296 20.688553
v 9.560715 86.548004 17.031982
v -29.63665 68.1566 10.278976
v 3.952423 84.85032 25.369629
v -57.47235 76.574844 -42.197998
v 20.265656 56.43103 30.338287
v -1.8599854 -3.8671875 54.08545
v -57.163208 77.56738 -42.118896
v -37.531372 61.4498 -15.000664
v -26.46859 68.26138 -3.2503662
v 58.19876 77.09706 -41.697662
v -56.709194 77.88736 -41.920135
v -56.084106 77.553894 -42.2135
v 16.461246 -14.1078415 7.80777
v -3.264667 78.46232 -26.829504
v -56.161682 78.3714 -41.93976
v 6.7717285 35.575806 -10.456909
v -48.339428 -52.00148 4.236266
v 0.7443695 54.393463 -20.427094
v 20.070454 -27.918413 6.787366
v -39.016357 -0.26077843 12.982605
v -17.842987 35.039917 -0.45239258
v 38.532066 64.75226 -12.7292595
v 16.597443 72.89343 28.734741
v -2.7611084 67.67993 37.860535
v -62.296173 59.488373 -23.611115
v 52.505096 51.494904 -9.616608
v -28.485138 -37.575317 22.670807
v 52.96878 80.22891 -42.175354
v 54.30017 79.25903 -40.906006
v -33.94153 57.648544 -13.586914
v 24.873962 -39.08931 29.161865
v 25.768555 -50.593964 25.239014
v -17.603714 -5.115342 9.203217
v 56.450165 79.3867 -40.962646
v 21.17212 48.237793 -6.5063477
v 13.276062 22.512894 2.2199097
v 10.719944 79.04455 -13.957413
v 55.91504 80.49054 -42.002197
v 16.05114 -12.375619 14.978851
v -49.912796 80.73053 -42.31624
v 52.520752 81.67441 -41.447388
v 47.038635 73.41525 -10.433228
v 18.704926 34.89789 2.821991
v -6.969967 51.668484 -11.758076
v 19.88286 -47.38014 5.105129
v 27.865509 -34.614014 27.066406
v -24.281132 -41.262794 18.032309
v -18.902815 -9.015586 14.091655
v 32.279602 55.61515 -7.6755524
v 53.124912 51.231514 -10.902054
v -29.184246 54.474426 13.689941
v -26.330605 11.941063 2.1990204
v 4.693388 22.59391 -4.39946
v 53.861023 82.71066 -42.10321
v 17.771233 76.511475 0.25598145
v -18.50383 36.598343 -4.7251587
v -15.817875 72.09265 -16.090454
v 17.87212 79.72836 16.744148
v 2.982029 89.5997 3.7114563
v 33.105946 -14.027756 6.441345
v 56.38971 82.398315 -25.016113
v -53.89702 52.37709 -26.476929
v -28.559326 70.3078 11.058228
v 9.704105 -1.9863806 16.571205
v -32.949425 14.548042 12.782654
v -2.1123981 54.600002 -41.097404
v -20.351837 36.13034 2.0473633
v -0.110388 54.806602 -41.548313
v 14.086044 70.15936 -15.438629
v 12.136551 77.35167 -12.784943
v -33.491043 -36.18457 6.334427
v -27.740154 -35.907116 22.792717
v -24.124878 71.30055 -2.7482834
v -7.4619446 28.419495 31.719406
v -40.541424 -30.692045 9.029282
v 20.878975 40.427956 1.9287148
v 41.662117 70.145325 -14.45665
v 57.8891 79.02187 -20.887573
v -27.83429 15.009644 20.60205
v -20.900894 -2.4349365 22.814697
v -20.495789 -0.8943157 -0.17521667
v 28.970367 -36.586075 14.794861
v 41.193375 69.57403 -15.045851
v 18.666222 59.406586 31.323105
v -48.61035 -49.56836 -3.9121094
v -37.50957 0.870517 16.370686
v -6.758318 58.431885 -40.38822
v 20.381912 41.175682 -3.9872742
v -39.6622 -48.33155 -0.73784256
v -24.044035 -12.720944 7.884214
v -58.427258 58.166885 -41.415863
v 58.646683 56.816143 -14.571777
v 14.641418 -24.653214 8.451508
v -14.535904 85.021545 15.301727
v -24.792404 -53.568485 22.438232
v -48.69013 52.428024 -2.737091
v -24.70134 -53.622677 19.417908
v 39.504387 66.39955 -13.410034
v -26.306778 70.53378 -0.6336365
v -35.768158 65.71807 -7.6164246
v 50.042557 76.473755 -15.569672
v 54.80606 70.11139 -5.986267
v 33.349243 61.822144 -4.480957
v -5.7038574 61.167786 -42.036377
v -3.8503418 3.164444 28.599121
v 30.928482 -13.947605 -1.6849403
v -29.112019 -24.436966 1.183361
v -41.184433 48.08045 -3.566101
v 32.98915 -12.528526 7.560425
v -24.046818 5.9378424 -1.7983027
v 13.356049 71.29288 -16.973999
v -59.633743 71.07855 -23.079346
v -33.921913 -52.095352 0.718132
v -0.597243 88.96769 -3.329519
v 20.958183 74.96033 20.272583
v 11.513184 73.78638 33.111816
v 42.190758 47.464783 -3.3538513
v -36.40336 -41.7883 8.888596
v 48.28464 50.54297 -17.46103
v 34.73613 -51.443108 8.039223
v -6.0856323 62.05359 -40.488403
v 18.59023 33.433823 15.121155
v 38.630577 53.14498 9.1098175
v -4.317802 85.969986 -13.025406
v -40.30536 -31.587967 18.456299
v 20.904633 95.00402 -27.421722
v 29.666504 44.762306 -0.82321167
v -39.893494 -25.497986 19.550537
v 43.19754 67.448074 -6.220215
v -39.17587 -28.354828 5.2831726
v 3.8580627 62.61075 -40.002808
v -39.185055 -44.882935 4.986122
v -36.0346 -43.72531 6.3079224
v -1.19133 48.048836 35.73198
v 2.4359589 63.720116 -41.01538
v 59.823708 79.81966 -25.861267
v -12.259975 78.59847 -11.651764
v 15.85498 58.659424 34.668457
v 15.2677 75.21405 29.596436
v -31.143227 45.95192 -2.539397
v -17.45929 79.618515 1.7567749
v 5.7656403 33.635677 -7.5012665
v 14.283482 58.19373 -11.607157
v 0.94815063 64.052124 -41.30487
v 19.613922 -29.942436 7.6560855
v -29.50813 -15.682283 18.859365
v 0.22770202 5.736974 7.0720024
v -36.220646 61.28876 7.764345
v -40.78003 -50.901978 -7.7957764
v 4.1899414 81.01422 -22.12915
v -22.891628 -52.4391 21.692436
v 0.23361969 45.550045 -12.251541
v -62.687546 65.52814 -40.900513
v -62.58912 66.499115 -40.267
v -36.95807 62.854614 6.6782227
v 46.825546 49.82617 -10.563049
v 8.825998 14.161142 26.796629
v -62.299435 67.13599 -41.793762
v 24.502258 4.846924 24.122559
v -53.726044 67.96011 -41.876343
v -12.738509 -3.156608 13.342596
v 13.142212 27.879898 27.828857
v 21.445107 -16.843307 21.763947
v 30.191483 10.177338 6.857849
v 47.419067 68.82508 -21.514343
v 1.2992706 79.896454 -25.838013
v 22.169815 -22.689596 3.426834
v 34.75884 -7.457104 6.369297
v -52.260223 72.93535 -43.38939
v 27.51863 47.23727 -4.297947
v -61.069244 71.34301 -41.098755
v -40.11711 -34.993706 17.550537
v -1.9990592 7.445451 13.956243
v -61.103928 72.530624 -40.575256
v -52.37059 73.311 -42.38228
v 45.088562 66.998604 -18.408997
v -50.79229 -49.798378 -3.6697311
v 17.885048 32.93463 8.077881
v -6.1923428 90.15794 9.41748
v 8.300674 86.87201 16.383423
v -24.99237 74.79229 11.114258
v -13.990845 83.60077 -2.8649902
v 22.194843 74.429276 10.750465
v -37.13736 -17.821821 -0.7283783
v -18.528534 56.598938 -12.036255
v -23.705214 74.31008 1.2348785
v 6.625061 34.39722 33.591927
v -41.447083 -10.381409 6.815918
v 54.748657 61.658264 -26.758484
v -42.389923 -50.86078 -8.224243
v -59.956768 75.30022 -41.69143
v 54.022583 75.34387 -13.243652
v 22.318748 49.38629 26.18074
v -57.146484 58.93048 -12.4158325
v 9.807537 -0.7798557 16.917164
v 14.3602295 -53.28856 22.083435
v -26.35904 60.518124 25.749985
v 26.919922 -0.35681152 22.185913
v -29.127998 -26.08061 1.9870367
v 19.936153 38.602432 2.4026442
v -51.699493 77.05845 -42.050354
v 32.88034 47.57719 -7.5183105
v 33.481476 -9.614914 9.260681
v 21.306908 -45.800354 29.114136
v 31.48897 49.44595 12.923584
v -29.29591 -20.469185 21.354572
v -3.7000732 -9.288132 57.45276
v 20.46105 73.73212 -1.4374695
v -18.62117 68.91294 -12.890587
v 18.160896 94.139114 -28.8863
v -31.47168 63.631607 -9.197632
v -39.493225 50.87507 6.349701
v 36.34514 -51.100887 14.300873
v 0.6744232 80.8871 -23.541946
v -8.2708435 80.8061 -25.978546
v 59.64868 76.73286 -40.674866
v -57.703857 77.69336 -41.66736
v -1.9790802 41.228577 34.364334
v -16.391766 -5.812913 14.093338
v 0.14562988 89.37866 -4.7617188
v -42.46585 57.131348 -22.399704
v -16.531128 28.99086 26.361694
v 29.400324 -24.606628 4.586985
v -17.311157 16.007437 0.5978813
v 26.562683 6.1417236 22.469543
v -4.631714 6.029999 33.095215
v 56.31726 66.63916 -3.1408691
v 2.7106934 28.341904 -7.8643494
v -50.752686 79.20938 -41.155273
v 24.939453 -6.6444206 21.0708
v 50.126038 65.08777 -2.864441
v 3.856659 84.62953 26.514893
v 8.634003 81.67436 -12.820557
v 29.101486 -9.952818 16.264507
v -30.395874 64.0643 -7.03833
v -8.781799 82.56543 27.395996
v -23.359612 -52.28387 23.743744
v 40.008236 62.35263 2.4811707
v -5.857498 29.001709 -8.098
v -30.40496 12.64386 3.9559937
v 53.675613 53.70106 -20.222378
v 9.368256 84.59305 -15.880035
v 55.31494 81.82948 -42.18921
v -36.094315 62.167923 -14.283104
v 28.09607 4.5292664 0.31835938
v -14.612366 77.24933 -8.894531
v 52.245445 82.06764 -42.17641
v -2.6616058 90.04776 3.537506
v -14.305908 87.63696 -24.26355
v 21.38208 39.600708 16.151638
v -38.19879 -52.406403 19.588501
v 14.971947 6.805869 -0.27397346
v 6.518133 27.558338 -3.9057064
v -10.196533 29.822342 31.127075
v 54.92041 82.66084 -41.583252
v 2.1898193 84.862526 -13.82428
v -31.14325 -15.811722 0.41828918
v 32.71515 -10.772045 8.593536
v -51.487732 83.49249 -42.534424
v -5.4863453 -2.707899 37.142464
v -3.33387 80.13376 -26.189514
v -0.027705 49.095585 37.328876
v 13.193115 77.93176 29.414062
v 57.42468 55.259434 -12.278041
v -3.25885 -5.8185005 43.746307
v 35.604374 -52.385136 1.7531738
v 2.8887024 54.527023 -41.29904
v 30.584625 -9.970535 14.166443
v 22.536192 42.599224 2.6658783
v -1.0302887 30.351562 31.970375
v -10.482239 63.520752 -16.249573
v 12.261345 66.31287 -19.618896
v 27.480957 56.888092 16.634033
v -39.02588 54.021683 -16.190247
v 12.265518 59.0736 -11.910603
v 14.7505665 -39.190735 25.657421
v -51.058582 -52.93547 -6.354294
v -26.635078 -33.49348 5.626211
v 44.586456 61.172943 -18.635162
v 49.664005 75.88048 -17.454142
v 28.883377 -5.7962685 -2.2804718
v -28.4068 -53.078167 20.080948
v 16.81134 36.43448 22.751831
v -24.893616 -30.10968 4.8621216
v -30.877354 -52.712345 20.661026
v 4.279068 9.899338 27.271042
v -39.897934 -2.407074 2.0570679
v 5.457918 56.404934 -40.986782
v -5.1168137 56.984573 -41.47132
v 6.00572 56.707706 -41.08145
v -23.809464 -21.853788 3.1853104
v -51.096603 74.04338 -24.508728
v 16.012878 -12.478191 7.093094
v 7.1141205 58.098427 -41.57203
v -3.2732544 11.889404 30.740723
v -59.832085 58.487244 -41.060932
v 60.79711 69.807144 -18.797302
v 13.399719 76.03662 -5.573395
v 16.573267 -16.251038 15.368927
v -60.766483 58.817337 -40.91754
v 35.715897 47.376038 -7.9837646
v 13.397869 -52.91601 22.061066
v 10.871414 -4.115738 12.791687
v -6.870183 7.808876 23.785732
v 14.278793 79.44525 2.2842293
v 2.8718262 54.943115 -25.991943
v -22.322815 -9.63242 7.1954346
v 6.6867447 6.8215027 24.251617
v 3.0019836 80.68289 -23.070374
v 15.083984 72.250916 -12.525757
v 13.706108 80.25044 -2.1912384
v 24.974426 -1.1789551 23.01587
v -46.06871 50.968613 -23.42212
v 2.8551645 5.143757 24.884441
v -5.637415 -2.6324081 38.64176
v 27.736496 60.583374 -4.854248
v 3.2854614 45.391815 35.16098
v -15.832775 6.234558 25.65712
v -9.980415 63.394543 -18.881622
v 52.69687 59.39553 -26.825283
v 1.3207436 85.184395 -12.829422
v 10.029816 65.12021 -14.228851
v 12.681332 68.03918 -17.108124
v 23.160522 -42.454407 28.488708
v -50.488586 -52.028473 5.1883545
v 5.6898193 61.639404 -41.20337
v -28.412354 64.17432 21.48413
v -2.7176514 62.55359 -40.681152
v -1.851195 -6.39259 40.963787
v 0.701355 39.07715 33.369873
v -25.03715 -31.591738 5.521566
v -23.14383 -52.728233 19.665741
v -9.608917 63.128326 -23.535767
v -62.87892 63.30416 -41.01001
v 13.65635 -8.99024 14.679428
v -1.870981 63.674843 -40.39041
v -22.58377 44.023712 25.336395
v -26.620605 65.852295 -6.1816406
v -1.3912382 -2.0523453 31.191124
v 31.760742 -51.44507 18.877686
v -24.696499 -51.06598 24.997974
v -3.191269 27.291489 31.798561
v -42.908024 -17.120779 8.559708
v 38.36568 45.58967 0.31018066
v -1.4311523 29.728333 32.840454
v 11.975067 19.174194 0.5851288
v -29.5522 53.7081 12.900864
v -22.94972 41.836323 -4.9176173
v 5.3395157 73.30908 36.0531
v 34.47529 1.2571259 6.5676117
v -14.693939 81.79147 1.8184967
v 31.802471 -53.36621 14.575249
v -22.379894 -51.475475 19.424591
v 12.474303 76.508575 -12.199074
v 14.105347 -51.770374 19.482574
v 10.576447 79.34837 -11.584808
v -22.634926 -33.483032 9.9232025
v 1.1529541 38.042435 -9.987457
v -27.052135 68.52002 -0.7036133
v 17.382599 80.74916 10.301086
v 13.44948 -47.500153 27.345825
v -0.069247246 -4.8418794 38.15683
v -62.4579 68.84838 -40.31756
v -19.624043 80.53295 10.702385
v -3.664918 81.65527 -23.083206
v -18.301605 -1.3862886 1.8001919
v -15.896606 90.38501 -26.102783
v -18.985683 81.20097 10.39
v -26.307251 -3.239624 22.239258
v 10.353899 90.81476 -23.07555
v -15.136506 -5.4995627 12.754267
v -31.300045 -13.8638115 16.77064
v -51.82515 69.847015 -39.366272
v 13.742388 -5.386282 4.0523376
v 24.345428 9.521713 23.366028
v -22.58081 -21.002014 5.112854
v 60.161713 74.30378 -20.9263
v 3.0614014 76.72207 34.203217
v 50.89966 49.82293 -13.885908
v 39.779915 67.620186 -13.0598
v 8.843246 80.93115 28.326416
v 31.740112 -2.9421463 0.44348145
v 20.62946 -46.10205 6.025156
v -21.495567 78.69702 15.570648
v 30.885742 -50.655914 19.933105
v -39.31494 -51.389038 18.776123
v 24.657776 6.6248016 23.784714
v 59.946198 73.47937 -41.376587
v -42.7091 -52.03943 -9.336075
v 51.064926 53.0465 -5.040962
v -18.28775 81.72685 11.1214905
v -14.043114 66.29145 -19.393341
v -22.285915 -51.046757 20.002937
v 8.790161 67.58899 36.575684
v -48.80603 -51.34604 -5.0617676
v 22.484253 16.835606 6.4747314
v -32.76068 -30.10152 23.007748
v 35.37829 64.01363 4.527191
v 32.312645 -19.450603 15.659431
v 60.084717 76.15518 -41.66858
v 0.63383675 -4.0134125 34.98404
v 10.031708 78.892456 30.761719
v 28.483704 -22.39318 3.1025848
v 34.95004 -46.9634 12.321278
v 4.433655 11.673218 27.537598
v 32.54918 -24.444939 14.5156555
v -58.366272 75.92935 -40.781982
v 25.744637 3.5615692 -1.4272919
v -24.691666 74.42533 9.900879
v 20.987528 -27.370865 6.3867655
v -37.835964 -30.255632 4.375477
v -46.21039 58.44891 -0.11236572
v -4.8748245 22.314453 31.566582
v 20.40878 68.88345 -2.389038
v 15.1798935 3.6334648 -0.49306488
v 50.693707 76.223175 -17.016891
v 44.249584 63.081635 -1.5452881
v 21.23037 39.66969 14.925667
v 20.244446 11.381378 22.4935
v 0.078567 37.703278 -10.209945
v -11.477371 55.650085 -12.877785
v -28.57016 70.8302 6.744385
v 57.933228 57.011524 -19.728767
v -40.150757 -5.9080048 -1.490921
v 28.906963 13.428892 9.843765
v -11.206985 84.40057 -23.8685
v -40.750214 53.431137 5.8931885
v 22.155884 -47.231323 29.269775
v -56.558105 79.221436 -40.547485
v 46.73311 71.37567 -19.728394
v -20.37558 27.509384 18.726929
v 21.135778 -2.7114258 23.21318
v -9.349884 6.3547974 22.178253
v 20.91768 -46.303745 4.67494
v 14.789764 -49.697083 18.03888
v -22.968468 22.093414 7.7887115
v 1.9042358 14.556686 29.334114
v -36.192993 -45.3461 21.540771
v 0.198105 89.42969 5.557569
v -44.25126 48.194862 -7.403015
v -40.404846 -46.621597 2.864914
v -38.7753 63.1827 -16.536894
v -17.804169 82.913605 10.961304
v -27.837614 66.5391 3.1149454
v 53.452866 66.10224 -27.625519
v -3.2737427 89.757904 -4.8847046
v -1.5949097 89.866425 -4.903076
v -5.2954407 88.72002 -3.8756714
v -27.059875 8.631958 25.010742
v -16.206612 84.48229 10.348208
v 43.091995 47.952072 -1.0390167
v 12.172451 85.81702 10.941929
v -54.24524 82.119446 -41.9881
v -53.269196 52.227345 -25.699387
v -23.817747 -12.240568 10.673111
v -32.375854 -6.6041045 18.199707
v 27.959595 -9.850739 17.413086
v 23.580719 72.553406 13.525177
v 38.90932 63.736835 -11.520073
v -50.60388 -52.925842 8.4646
v -29.843025 61.019005 15.438605
v 8.951329 82.309364 -14.001066
v 53.12321 81.78496 -40.343754
v -34.35109 -42.317474 8.208664
v -47.08223 68.44177 -11.743164
v 2.97583 85.78015 -8.019745
v -33.71237 1.3909531 -1.9348907
v -49.099525 51.876194 -11.681732
v 34.09076 -5.381239 3.2651062
v 45.275513 59.444946 -19.045532
v -25.333595 7.250084 25.529888
v -29.166824 -23.19223 1.0756873
v 1.9808273 -0.33190918 30.965729
v 7.564474 62.553253 -20.461035
v 19.329529 -6.50296 -0.7805939
v 29.74862 -44.686302 13.448563
v -25.473412 54.335007 25.262894
v 12.937707 57.18012 -10.845858
v 4.311798 87.91257 -6.7785645
v -0.17152405 54.562347 -39.38684
v -5.910614 55.389 -14.427597
v -32.155815 13.130432 6.2808228
v 0.7325134 37.169403 32.52002
v 44.09308 54.58766 -21.28183
v 2.2993927 89.48262 -4.323578
v -46.088875 68.78756 -13.292003
v -46.557426 65.01846 -8.431802
v 30.93451 60.83972 -5.7838135
v -26.15268 51.38095 24.290146
v 47.89902 50.86715 -8.137035
v -37.90252 64.0437 4.758789
v -23.024395 -48.08262 19.862179
v 14.8125 -47.44745 18.658936
v -34.5736 46.2179 1.2754211
v 11.68866 73.59422 -21.018066
v -40.387756 -6.484955 8.599365
v 41.389404 51.44727 -13.511778
v 23.20514 -44.178955 9.538452
v -61.9093 68.71997 -23.194824
v -59.211998 58.57009 -39.281525
v 51.428772 82.46849 -20.734535
v 13.944458 21.279785 24.106628
v 7.281738 58.634975 -40.05232
v 0.27647972 -5.005747 36.675644
v 55.254013 58.476913 -24.916931
v -18.044828 -7.371719 13.316547
v -23.278992 15.903748 4.1781006
v -5.855321 51.638725 -11.708529
v 10.214607 84.561935 -1.5825195
v 12.012399 -24.915947 14.319084
v -41.093506 58.57025 5.443115
v 11.142334 86.38623 11.058105
v 14.681074 -28.315289 24.375965
v -8.566162 46.072327 36.51117
v 0.8693352 -4.5455704 43.596863
v 43.06559 72.4455 -17.43339
v -59.65161 56.667046 -25.110283
v 39.1288 53.90348 -14.474777
v -42.554253 -46.911755 2.044516
v 52.995865 76.15667 -16.571686
v 38.735016 55.74243 -13.36377
v -8.161255 86.74817 -8.431335
v -43.09729 -53.59294 3.8701477
v -36.70166 60.150146 8.599365
v -15.020161 81.735275 0.3209839
v -14.016602 86.38208 10.922363
v 42.55307 54.20295 -19.39862
v 34.16038 -12.696051 2.3403625
v -20.909985 26.101059 9.5993805
v -44.102673 -45.141052 6.147152
v -31.273293 12.597839 4.9830933
v 0.1394968 6.3767204 1.8451538
v -41.937042 -16.616524 10.402161
v 16.57562 35.104786 2.267685
v 31.14624 -47.841553 19.088623
v -45.92771 -47.35312 13.35321
v -20.807129 68.56677 -10.871826
v -46.556488 50.46009 -21.42456
v -39.81488 65.97587 -18.518795
v -24.882233 59.17502 -10.144897
v -50.632324 -52.366577 -1.1896973
v 31.57312 -25.014343 22.791626
v -17.448614 12.795384 0.6167961
v -55.17639 73.68602 -24.32837
v -8.1744995 82.134766 29.173828
v -7.6141815 87.47229 -19.294556
v 30.385986 -5.097687 17.496216
v -45.520905 -46.41101 1.4642029
v 32.108887 -0.29548645 16.68396
v 33.239502 63.81006 8.52002
v 30.223633 -29.313202 24.628906
v 34.90381 -53.893005 0.69311523
v -62.60254 64.56149 -40.80243
v 17.229858 71.27701 28.799866
v -29.253256 55.656136 15.610718
v -11.062683 88.030525 7.5562134
v -36.722122 -53.755833 1.8934326
v -10.32491 86.99571 2.973302
v 38.088257 49.065926 -9.342445
v -37.90439 6.1608353 5.4035034
v 8.649368 88.03627 9.660461
v 38.466812 -53.789375 7.955185
v -52.266907 69.17053 -40.7312
v -21.458138 -27.912235 7.123352
v 9.547803 71.747955 -25.357052
v -10.353516 87.92612 9.969238
v 62.313652 66.040955 -14.216618
v 4.1190577 17.219784 -1.8924239
v 7.81073 80.11316 30.637085
v 15.084427 -52.198418 31.240356
v -26.489517 14.29129 3.8487244
v -39.56346 55.47319 -21.40628
v -0.43341064 67.66266 37.555237
v 27.47461 -40.44083 25.115112
v -19.6324 -1.6948242 23.262054
v -30.20163 -0.53696585 -2.5116134
v 39.169884 47.012894 4.629553
v -6.190796 -10.075058 55.344864
v -10.039643 88.54057 10.697549
v 48.425312 50.918694 -8.213991
v 30.739319 44.65271 6.305298
v 27.092325 -49.418037 4.119217
v 57.803925 73.46753 -40.006104
v 21.947998 11.566099 22.66294
v 51.098343 59.172363 -2.366394
v -52.04122 -53.479183 -5.825529
v -24.258202 73.92733 7.137512
v -60.284058 74.527405 -40.338028
v -14.828613 29.6651 28.123535
v -62.50942 58.143394 -21.671562
v -21.416239 -32.254715 12.449402
v -40.715973 -4.4485245 9.585266
v -9.086487 89.15871 9.840454
v -58.89228 75.49017 -39.507294
v -5.198171 9.95794 -0.7101345
v 49.090897 83.9321 -25.046402
v 57.6138 75.83805 -41.37097
v 6.4179993 89.07123 10.907227
v 23.30911 42.17778 5.6576843
v 9.638346 31.444439 -3.6617393
v 22.565178 -22.949402 26.353424
v 21.760849 -51.85353 29.610155
v 12.490967 67.877144 -15.6605835
v -20.692505 23.973328 21.879517
v 40.608917 -52.103413 5.8317137
v 36.340664 -53.863956 -2.980025
v 58.262466 76.908875 -40.545105
v 14.406473 -39.16253 24.075043
v -10.21727 88.6035 13.030701
v -45.16696 58.08185 -26.36438
v 28.833618 -53.544952 21.275024
v 32.42383 -3.1164856 15.657288
v -38.109894 62.47894 -20.277405
v -51.013424 78.09918 -41.363556
v -57.93686 78.13748 -40.82837
v -7.098854 55.89884 -14.506557
v 3.6548157 89.84953 9.189209
v -6.6326237 14.54956 -1.79672
v 18.577501 -27.64872 6.846833
v -22.549625 -35.5942 12.884949
v 43.285675 58.1343 -17.158922
v -1.309556 -5.5281506 37.032536
v 17.877777 68.77134 30.257767
v 30.56726 63.141663 -2.1811523
v 24.156689 -19.10724 1.5673409
v 41.182384 -53.44525 6.3106956
v 24.971066 45.979843 13.324829
v -39.527157 47.309944 -0.623476
v 25.69281 67.68187 2.470642
v 24.536102 71.87857 11.856567
v 53.760742 79.64383 -40.396484
v -14.287518 75.69603 -14.795029
v -49.658447 57.791435 -6.541992
v -51.580383 81.00702 -40.526978
v 57.632324 80.16217 -39.922363
v -7.7658606 23.859385 -4.949584
v -56.105972 79.80112 -39.711056
v 53.030754 81.40097 -40.114532
v 57.21582 81.1944 -40.40918
v -23.214012 -28.953568 6.0194244
v -40.729584 -30.758606 13.115601
v 45.695274 57.996216 1.466217
v 18.823612 24.295033 12.332592
v 32.44281 4.7818604 15.154602
v 8.027039 -0.03592491 14.961611
v 29.715103 4.081543 1.5811768
v -12.180298 84.83325 -23.2099
v 9.819916 67.02905 36.00894
v 16.373596 33.373062 23.584839
v 32.714325 -13.485207 -0.48609924
v 5.2931824 75.10089 35.110718
v 21.503304 20.590815 12.965469
v -13.773008 83.17092 -5.3319397
v 9.876099 74.28288 -24.211304
v 26.863373 -19.012634 1.1761627
v 17.753113 58.460144 -9.982391
v -40.721134 -5.546381 1.0692139
v 2.4418907 54.31256 -40.377914
v -40.385376 58.31549 6.1656494
v 54.42514 53.48235 -16.99511
v -21.427122 55.469135 -11.261397
v -47.582745 70.76471 -16.691101
v 1.7733765 6.319214 33.716797
v -29.38771 -53.67201 23.453506
v 9.545227 68.44327 35.12265
v -60.62869 56.618202 -15.782761
v -3.6416702 55.63491 -40.486313
v -62.03955 65.60132 -17.986816
v 34.89885 -52.879272 3.3251343
v 4.822979 55.890717 -40.664917
v 49.490723 60.004395 -27.09497
v -62.259247 65.037415 -27.151855
v 29.940598 -39.997005 20.281822
v 5.530587 55.28263 -39.516884
v -27.92017 67.7841 2.20813
v 33.08306 -47.464592 3.9611053
v 33.420296 -47.306744 16.74022
v -5.645811 57.333897 -40.524155
v 31.616272 4.6188965 3.9285889
v -26.930725 64.2749 24.397095
v -41.998016 -23.797638 8.18808
v 22.106201 66.11957 -6.3063965
v -5.9589386 70.74805 36.412354
v 39.49977 58.57257 -16.267822
v -1.6235809 53.640656 -22.987183
v 47.26487 58.055317 -23.453964
v -9.129478 83.16496 -8.604523
v -10.96872 83.191185 -22.975199
v 39.751785 67.990814 -14.255722
v -3.9518433 25.113312 31.63485
v 7.3411484 59.991726 -40.739716
v -13.789276 68.80737 -23.441895
v 45.105896 63.169113 -18.881073
v 31.474487 1.5698547 1.6719971
v 35.108643 53.895966 -9.041428
v -6.435751 58.36357 -19.712296
v -6.971588 7.6186075 22.495312
v 19.749151 38.8065 18.780159
v 34.942444 58.988525 12.274658
v 10.799774 31.99992 -3.498413
v 50.110546 50.274357 -9.051967
v -7.01416 61.15348 -40.356262
v 29.633156 -44.416145 19.49555
v 6.885132 61.541695 -39.705322
v -24.548595 46.58693 -5.3489075
v 19.90419 2.9107056 24.597229
v 35.047577 -5.6730766 6.5729523
v 10.019468 -4.028265 14.072168
v -24.918423 -36.196045 8.819611
v 26.497253 -44.04805 24.898438
v 25.043518 69.792496 2.405487
v -22.98304 -39.98905 16.890915
v -5.8076477 84.28931 27.45337
v 35.287346 -5.614573 8.143261
v -62.845535 63.12201 -39.890076
v -54.111225 58.101646 -10.638077
v 9.512428 84.69818 -3.2172241
v 44.68022 62.356537 -1.0447998
v -23.023838 -51.02009 22.824715
v 14.77063 80.62573 22.961182
v 21.2944 -36.14064 11.768082
v 12.625462 -52.38877 24.835247
v 12.910176 -8.945132 13.714711
v 33.04084 -27.19172 16.509674
v 0.012741089 64.346344 -39.564056
v -31.772217 -53.029846 24.648438
v -7.486735 34.431595 -7.346015
v -43.738525 -52.005684 -5.2255926
v 28.608843 -44.362568 20.29739
v 9.191502 63.924004 -16.96637
v 18.219711 -52.618904 10.746643
v -36.02237 -50.055412 -1.4357147
v -26.805756 70.73719 -0.16204834
v -37.06082 -43.721504 20.053345
v -40.82652 52.930332 -18.480087
v 7.869301 74.81906 34.372437
v -61.435898 69.95062 -39.842896
v -7.337528 7.137577 21.328793
v 29.665405 -51.37982 21.079102
v 16.041378 38.192947 24.848816
v -41.842922 48.32998 -6.1110153
v -9.817501 81.65368 -12.300457
v -12.862184 16.559214 -0.49753398
v -31.041765 -5.4663353 -2.3486114
v -27.820068 -0.22741699 23.589417
v -38.007996 3.4014587 2.593872
v 28.59074 -43.46816 19.19332
v -49.494507 -53.172134 11.639862
v 32.852486 -8.466919 12.23584
v -60.93479 73.18756 -40.08893
v -48.108208 71.74718 -18.319702
v -21.03215 60.54953 32.585907
v 16.751709 69.377655 31.468811
v 19.692177 -49.6418 4.730652
v 55.689148 77.50769 -18.137268
v -44.926697 72.371414 -24.444702
v 20.908333 -11.065036 -0.09049034
v 15.54718 -43.17784 19.82782
v -49.04779 64.36035 -8.463867
v 2.1025085 84.74698 -15.640503
v -10.669876 34.347046 -9.594849
v 5.8672028 77.780365 -25.29129
v -6.886078 43.372498 -14.741196
v -17.377014 79.25814 -4.996525
v 60.183117 60.191864 -18.858215
v -26.981274 -33.533646 22.139433
v -15.980732 -4.0494537 18.40879
v 21.8872 -4.507324 22.413757
v -40.201538 -49.764343 -6.4520264
v 35.48758 57.60424 -8.197174
v -31.241383 -22.00557 22.286972
v -6.1371155 89.214066 -2.9328003
v -37.663544 -29.589249 3.8309917
v 25.109802 -12.313683 19.634354
v 12.734741 66.7422 -20.129547
v -42.66133 -20.880348 9.259888
v 13.2717285 -48.17639 22.10083
v 51.377563 71.9458 -26.193604
v -58.588737 76.87435 -39.91031
v 36.207207 46.69519 -7.086548
v -1.8179474 2.6769753 26.36319
v -38.187225 55.670174 -16.207092
v -57.89586 78.433716 -39.786774
v 47.797924 76.04646 -17.376564
v 5.879326 48.858276 -13.823944
v -44.497192 58.22824 -25.268799
v -15.09539 82.44962 -4.7922363
v -17.147919 82.31104 16.581665
v -40.300636 -15.629701 1.898718
v 29.107986 -41.263 20.242737
v 6.336528 38.76007 -13.183731
v -37.520874 -41.946167 19.677002
v -30.141235 -53.34452 10.080627
v -8.142509 88.96152 5.51062
v -14.940521 8.59137 25.900085
v 21.291454 57.01017 -8.181787
v 19.821991 -9.71349 -0.27200317
v -39.187866 -43.600067 6.2664795
v 35.321533 -53.337204 13.462585
v 19.103333 -53.45581 10.791748
v -58.563683 72.34382 -25.799
v 19.975967 -53.575844 10.660217
v 20.332275 21.914795 14.837158
v 16.838871 81.908394 14.020203
v -40.79322 55.897797 -22.892746
v -21.033142 71.73747 -4.678467
v -0.57549286 85.875114 -13.0765705
v 18.29773 -14.1767845 4.5912476
v -54.112503 79.91855 -38.33716
v -14.118225 81.45579 -20.47467
v -30.76059 46.84877 -5.300137
v -36.28772 -1.2484131 17.937744
v -25.414467 -40.846985 20.139133
v -7.604538 88.23764 -20.865631
v 26.836975 65.1378 14.545837
v -32.216362 -23.752136 22.651459
v 33.65451 0.44943237 4.5245056
v 28.942991 -13.462965 -1.7233009
v -23.456436 -27.42485 5.258606
v -42.153584 69.734825 -20.180222
v 58.193657 72.435265 -18.349667
v -40.282387 53.388336 -16.70082
v 38.19458 -53.428623 10.603394
v -3.0497742 54.968567 -39.524597
v 1.1571655 54.649384 -38.57727
v 3.7039795 54.589508 -39.2854
v 16.256836 -51.887573 15.583496
v -32.995758 45.62358 1.2351227
v -38.25418 47.573853 -9.403076
v -37.01001 -39.187683 19.800293
v -2.7168884 28.883972 33.050964
v -17.038635 25.011627 25.671753
v 24.306152 71.76532 8.43927
v -40.212475 -35.230206 15.647804
v -8.84967 11.773071 28.065308
v 34.93155 59.437164 -8.053787
v 39.68138 62.84626 -5.0902224
v -25.617737 63.232483 25.883026
v -21.572105 -31.74054 14.828598
v -22.322968 22.46701 18.164917
v -38.230713 -43.047974 18.721924
v 26.950333 -0.19266129 -1.9612961
v 14.558655 -5.2688904 19.876678
v -30.720383 -31.480177 22.922472
v 10.616028 54.98195 -11.360123
v 47.77191 71.032715 -8.042297
v -17.104294 71.768585 -12.0802
v 42.489502 55.299927 6.211487
v -26.144073 16.614624 7.942444
v -60.12239 58.5269 -39.97043
v 27.22583 13.448364 6.4050903
v 57.876617 72.27728 -12.705566
v 10.164916 -0.18827152 4.189247
v 20.64916 -33.679443 9.817318
v 41.77072 48.886414 4.8842773
v -35.836494 -37.80603 6.752468
v 0.045707703 -6.0990353 42.03089
v -25.083372 41.77876 7.592105
v 34.78209 -4.518429 6.907608
v -39.446396 48.778595 -12.28418
v -9.179601 20.595379 -1.8972435
v 31.00576 -45.334015 15.22467
v 11.614685 84.04083 -4.8668213
v -40.480568 -47.254116 1.5360947
v 23.157639 62.635437 24.922058
v -19.88163 32.354218 10.166519
v -41.867573 -24.241505 14.799385
v 7.704376 60.688885 -39.787598
v 46.785816 71.29813 -8.421051
v 9.5814495 79.86144 -9.238998
v 38.472668 59.100384 -15.5953
v -52.685257 -52.666573 5.847336
v -27.213295 6.7918797 -1.2713146
v -14.35997 46.29077 35.121445
v 50.889816 55.374893 -23.301651
v -44.416344 68.33966 -12.438416
v 16.458912 81.96377 -19.53582
v 21.313477 71.033936 23.695068
v 28.359741 -42.967735 18.050446
v 24.95208 -29.758835 6.2897415
v 31.385376 -1.2245331 0.55584717
v 21.63999 55.798424 -7.528732
v 23.752502 45.944458 -2.6889648
v 52.662964 72.52026 -9.527222
v -2.3909988 2.516714 27.909256
v 11.56665 71.61352 -23.141418
v 16.151886 1.3000183 23.713844
v 14.22409 -39.604992 20.040403
v -35.95584 -28.473557 22.46511
v 24.682373 -44.840256 26.726685
v -5.952327 -4.5423965 48.513134
v 27.85318 -43.784058 14.413071
v -0.73996735 -6.2606506 40.997925
v 48.33285 82.344406 -24.872507
v 13.674194 59.514862 -11.731018
v 35.797867 -47.884205 13.413532
v -21.182312 76.33545 20.950195
v 9.016983 4.2830353 22.90541
v -54.665314 73.546814 -23.003052
v -1.423133 64.06447 -39.4304
v -19.687643 79.71564 12.546387
v 7.634877 8.018005 25.358002
v 20.875607 -20.329067 24.814745
v -42.222862 67.51246 -13.68718
v -62.592026 65.072754 -39.524445
v 48.427715 60.798927 -22.798885
v -43.260437 55.341293 2.9068604
v -41.74147 51.209396 -15.098267
v 17.000473 43.155132 27.982986
v -62.695335 68.07632 -39.966408
v -11.891357 85.27017 21.060059
v 32.639038 -51.40985 18.234497
v 7.636462 81.98864 -10.9119
v 46.98018 61.991028 -21.68991
v -43.80222 71.56629 -24.454735
v 45.22297 72.194046 -10.541779
v 26.211456 -47.42105 5.1833496
v -25.383911 13.897919 23.553955
v -24.357437 43.690445 -1.6286392
v -6.5358887 14.484131 29.101074
v 32.08253 44.937656 -2.389385
v 8.984741 37.403137 -11.930725
v -40.418537 -2.2647278 7.2618046
v 60.097336 71.92853 -39.452686
v -20.96939 24.96547 9.4021
v 32.195526 3.4717102 3.7878418
v 14.8522 -39.933266 24.434563
v -39.687233 -41.82833 17.024385
v -16.193443 71.84524 -12.944107
v 14.708151 74.97757 -5.1568127
v -24.88557 1.3358765 24.89215
v 60.915527 73.23071 -40.071777
v -34.96881 62.820557 7.51355
v -14.679077 31.509142 27.780273
v 13.703219 -37.9098 20.584318
v 11.801205 57.29332 -12.425297
v 30.318085 -38.524235 20.102516
v -18.579956 70.71747 -10.990906
v 57.477486 74.11236 -38.71112
v -5.824923 -12.132236 56.551422
v -61.099625 74.30353 -39.09131
v 54.547806 77.59918 -17.512604
v -3.6940308 68.66926 37.49106
v 14.017853 84.12622 -17.528168
v 12.594725 75.58542 -7.331211
v -33.527176 -53.81745 4.7935486
v 28.283447 -53.24195 9.503906
v 21.740814 72.39354 1.8458557
v 38.41455 52.260643 -10.7099
v 6.4105835 5.60701 2.9222717
v -4.6071243 -9.914871 54.05252
v 35.080555 -3.025917 7.0883484
v -24.460243 -13.078327 12.20673
v 38.479813 56.993 -11.672882
v 47.43747 49.465187 -14.07309
v 42.760834 62.08716 1.9799805
v 58.06157 75.89298 -39.02083
v -26.477547 14.966327 22.103308
v 45.550934 53.48761 -21.397614
v 20.989286 91.13073 -22.769907
v 25.896362 7.114235 23.321533
v 5.110674 29.697083 31.876007
v 56.799248 73.26111 -12.146362
v -36.41858 -37.629517 21.5708
v -50.875916 77.50024 -40.56842
v -10.6008 63.474854 -23.5802
v -16.376465 -0.4162674 22.538055
v -27.384125 -52.775333 12.91803
v 25.942566 66.861725 1.7901611
v -51.03637 78.41912 -40.039124
v 23.130764 -6.763466 21.440985
v 37.06556 46.876404 5.7719727
v 17.793968 -47.10663 31.106522
v -24.780762 56.01158 25.990356
v 30.661493 -37.494118 19.3926
v -41.92798 53.957314 4.9264526
v -3.8873162 6.6875887 16.48087
v 57.67871 78.99408 -39.279663
v -14.1027355 75.604004 -13.541683
v 21.295713 75.33947 17.21289
v 23.205688 -45.608154 5.188904
v -18.859436 65.423416 -14.768829
v -32.32556 64.22603 -8.249634
v -31.422945 -24.884384 22.970142
v -44.58373 -46.331936 2.8033752
v -57.275215 54.092175 -20.39317
v 11.436859 -3.8415527 7.6603394
v 46.974457 64.95325 -2.7319946
v -55.62146 79.88772 -39.02008
v -51.879166 52.039154 -13.649109
v 46.76911 75.49299 -15.683075
v -45.64598 72.47794 -25.937073
v 40.442078 63.06308 -1.3145447
v -63.247032 64.31929 -23.575409
v 49.231506 55.10791 -3.1278076
v 1.1938251 5.103821 15.714534
v 17.36737 55.608185 32.25775
v -34.089966 11.772366 19.11438
v 61.465427 68.528656 -17.036644
v 34.708527 -52.500183 4.7999268
v 30.230804 -0.7068329 -0.57891846
v -37.878418 -52.660576 11.598816
v 15.838654 81.48103 16.456451
v -37.530144 60.475998 -16.680916
v -41.533955 67.82092 -15.97467
v -60.38773 57.38054 -25.965515
v 16.454052 29.219456 8.618065
v 49.387283 87.167336 -40.152985
v -38.723568 61.89381 -21.193687
v -28.156681 -52.31368 11.203102
v -43.35433 50.27874 -0.816803
v 48.809776 87.69787 -40.088863
v -9.007553 57.93798 -14.878204
v -37.327717 -44.8426 2.117584
v 3.9981232 55.783554 -21.797508
v 9.523008 8.177604 25.749397
v -44.243042 61.43048 -0.2829895
v 51.784824 64.806946 -27.429916
v 49.36605 87.981674 -40.21469
v 22.211384 -52.410866 3.0069504
v -36.142673 -47.218475 -0.9276962
v 48.76696 88.20388 -39.8184
v 7.300705 88.14655 3.813568
v -40.540268 -0.96499085 7.431781
v 44.32324 67.27763 -5.297247
v -6.1074524 -9.029236 53.6846
v 18.527359 88.752785 -20.40308
v -11.551754 79.10028 -16.927183
v -41.54825 -28.054474 15.9198
v 28.388672 -26.333298 5.1106873
v 1.5762329 54.695618 -39.39746
v 18.020256 28.723263 16.075806
v -2.7060928 49.53741 38.64436
v -45.156025 -46.53336 4.851288
v 3.2654724 54.683586 -39.759476
v 35.06958 50.72014 -8.805267
v 4.967531 54.694828 -39.535446
v 11.971312 64.16847 -23.070518
v -13.840485 5.935364 24.674255
v 21.873535 -53.507782 28.701172
v 21.270416 96.03856 -27.419556
v -2.9478283 54.82726 -19.164547
v -24.422817 -45.303375 16.742786
v 11.184692 34.12628 -8.365356
v 38.314636 -52.9955 10.871582
v -35.164818 -32.365913 4.702032
v 21.969017 16.758148 5.992653
v 16.79853 -7.587871 1.1331711
v -2.6725783 89.57692 4.979903
v 15.00281 -52.586212 30.86803
v 5.88853 56.31054 -39.873894
v 27.03035 -30.092846 6.1362457
v 14.97102 -43.518707 24.372574
v 39.78444 65.11613 -13.637763
v -49.91102 -52.131424 11.000793
v 6.180828 57.016644 -38.754852
v -5.403942 57.01979 -39.276672
v -49.85559 61.462036 -7.94104
v 6.672664 57.35496 -39.98068
v 3.3153138 38.037903 -12.262634
v -5.278577 19.868408 -5.0332775
v -43.354267 -45.992767 2.7712402
v 7.6596875 58.063858 -38.36261
v 28.184052 -44.112434 10.300934
v 12.273163 92.630646 -22.778229
v -15.060715 77.9125 -6.942299
v -25.40504 74.08241 16.098938
v 6.662033 27.473019 31.629772
v 18.633362 93.14191 -25.474365
v 36.979584 -50.628807 12.313416
v -57.797268 58.61178 -39.68799
v -54.086468 54.694717 -12.127609
v 34.18564 -15.77327 4.1881104
v 18.184265 -51.526184 10.99585
v -20.587114 35.86512 4.441212
v -18.275232 86.20004 -23.158623
v 30.975704 -36.35981 19.50119
v 13.546414 -9.457286 13.822613
v -34.60099 -52.168762 -0.16567993
v -7.3789062 60.387566 -39.934326
v -47.584473 -47.613228 1.7434082
v 52.18396 62.342514 -27.540012
v -25.618395 -25.47969 2.5840607
v -7.4516907 61.44159 -38.540527
v 45.055115 52.66253 5.190036
v 27.727325 -35.79599 12.2022705
v -54.085236 62.017593 -40.171448
v 35.090546 -1.8340049 7.324094
v -62.77844 62.00385 -39.42501
v -6.6953125 62.258545 -38.90625
v -38.09598 63.424385 -18.108582
v 10.44087 78.287636 -22.26936
v -6.842333 52.959194 -13.20472
v 22.055527 0.59088135 24.028305
v 6.510086 35.333862 33.487457
v -20.304293 30.758305 9.584633
v 7.1190224 13.134666 -0.3899908
v -20.911041 75.48494 5.9039307
v 13.171465 -35.197567 19.53722
v -37.55072 -46.120193 0.90792847
v -25.783524 69.80686 -1.4809418
v 42.042206 68.197266 -9.327393
v 12.66301 74.68264 -16.956055
v -31.479156 45.672623 1.0894165
v 9.52594 86.965546 14.469421
v -2.1964607 63.47406 -39.520813
v 38.31942 58.310776 -10.792755
v 51.362576 85.438995 -32.28105
v -39.236572 -34.315674 19.39746
v -19.265472 24.398834 6.795105
v 25.883957 47.704124 14.470261
v 40.589172 68.67996 -14.905228
v -18.478077 77.81785 1.711747
v -32.00287 -39.78827 22.53444
v 11.970398 75.414734 -20.837059
v -21.50035 -28.541626 14.722443
v -36.589203 -5.630188 -1.9456787
v -2.8464355 84.880325 26.036682
v -12.083496 79.2284 -22.487946
v 3.9470825 43.321106 34.12256
v -52.923096 51.537445 -24.812439
v -24.89421 -15.756947 12.610596
v 27.236275 -47.369568 5.693054
v 16.164795 -41.38541 18.451294
v -38.286823 -20.26906 1.32886
v 20.591919 56.253624 -7.9430847
v 12.064789 67.21445 -11.901245
v 24.959045 -48.260315 -0.52197266
v -41.53659 -19.671238 2.767685
v 27.529236 65.51489 1.8676758
v -61.519764 71.03595 -38.732697
v 18.729553 -17.286694 5.9191895
v -32.181496 -52.76829 3.6204376
v 13.251274 -50.822536 29.867523
v 38.524223 59.19348 -11.7369995
v -61.01678 72.54228 -38.782776
v 55.25083 55.391808 -20.220184
v -53.213684 67.38602 -11.640381
v 58.29663 72.94336 -40.41797
v 54.17183 64.35254 -27.339172
v 50.62234 50.480103 -10.656845
v 49.35951 61.962875 -24.427431
v 20.77649 95.65198 -27.939392
v 6.401001 35.959564 33.090424
v 7.427948 85.71002 -7.3937073
v 61.268005 74.339294 -40.069336
v -0.0134887695 10.765503 -2.5787964
v 3.0329914 25.955288 31.777271
v -61.454124 57.366314 -18.968842
v -60.614506 74.854126 -39.073986
v 27.51154 -51.81909 -6.2183
v 2.4880126 3.5181088 27.611446
v 15.211102 -11.3686905 13.59126
v -6.0072327 -7.655121 53.28485
v 57.552223 74.79886 -38.254986
v 61.0484 75.814224 -39.47406
v -17.822016 71.46506 -10.555943
v -50.583687 75.308365 -39.922455
v -29.641052 8.216705 23.931519
v -12.225719 63.832314 -26.04158
v -40.212036 -32.906586 8.837738
v -48.55867 -47.730667 6.521179
v 52.31092 86.32294 -24.694946
v -58.68953 76.79906 -38.852173
v 21.802612 -48.950073 29.572937
v -50.3668 76.65382 -39.890167
v 0.8744297 -1.8535581 32.984955
v 58.985565 76.42035 -38.973267
v -18.677734 23.585938 23.16748
v 17.877068 -49.72589 10.748428
v -26.330505 45.126976 17.047836
v -39.92108 -32.74341 19.180725
v -50.75218 77.96351 -39.355553
v 17.803082 33.39877 10.57785
v -1.7997055 25.304314 31.263964
v 3.3730469 51.92334 38.582214
v -23.35347 -38.51283 12.725403
v -51.90869 78.9264 -38.596752
v -16.738892 51.652588 -13.643311
v -24.877563 8.2842865 25.919167
v -19.42979 52.837708 33.05507
v 56.68531 78.07005 -38.937073
v -2.0291138 90.38818 6.8911133
v -13.517822 51.85437 36.883484
v 54.501038 78.802 -39.37329
v 18.253815 -47.949852 12.194397
v 36.008392 -48.053406 11.096542
v 5.4158936 68.370544 36.893127
v -58.566765 71.76254 -24.491974
v -10.692833 86.86177 -5.860691
v 21.728973 -39.597168 14.045288
v -7.8046875 83.914795 26.987793
v -32.35112 47.955444 -8.675781
v -11.46434 63.2471 -24.816101
v 2.3937263 -2.7147217 39.67836
v 18.777388 25.941383 13.532028
v 13.28614 -49.17819 29.667007
v 32.66588 -21.423262 13.578447
v -34.697197 -49.930542 -0.9830017
v -21.9799 -11.251479 12.241531
v -15.762085 -2.0617065 6.5128174
v -0.34357548 2.7474213 26.20433
v 19.637024 69.79901 -1.26651
v -57.236633 63.877087 -11.378227
v -38.922363 61.19049 6.1779785
v 40.658985 54.23451 -17.307945
v -29.889172 -27.84066 1.9982681
v 12.706533 -31.683079 18.930988
v 30.41138 -44.81421 14.202637
v 0.74147034 5.252014 22.44226
v -19.87253 -7.17585 17.440472
v -25.640488 -14.989788 13.404236
v 56.20996 82.41458 -40.550537
v 11.913773 24.986607 1.6592102
v 53.89743 82.2368 -40.200195
v -39.107178 -32.141144 19.96045
v 62.735336 64.06577 -16.137878
v 40.330185 47.735214 -8.188416
v -42.028805 -22.211454 9.312105
v 3.0555205 3.5021343 12.857876
v 1.9813012 12.10334 -2.3413668
v 48.801865 86.964966 -39.7331
v -12.219865 65.77587 -14.4336605
v -29.175121 65.9002 -2.8663025
v 34.45053 0.057343483 7.591652
v -21.574364 -26.222122 6.4021454
v -27.346748 62.41272 -7.9192505
v 48.474747 87.73369 -39.526947
v 18.871979 -45.729187 11.778809
v -9.544811 8.470032 24.921345
v -39.964233 1.5977936 4.409973
v -32.55153 -52.247856 2.8460693
v 49.290573 88.63045 -39.621857
v -63.374092 62.691864 -23.282166
v 9.404282 86.35966 15.556671
v 41.578926 62.976204 -14.073402
v -14.40686 73.61352 -18.93335
v -5.9982567 12.302893 -2.613224
v -28.83101 53.91868 19.400259
v 4.505315 54.154434 -38.96028
v 28.760277 45.95276 -3.4591064
v -2.0739899 54.578156 -38.6109
v 19.189392 -51.008972 31.67163
v -20.043133 90.96182 -24.878101
v -49.11084 -47.73835 11.689087
v 2.2998962 54.375725 -39.371384
v 6.8203125 58.181328 38.21434
v 51.786797 54.554028 -4.765007
v 20.515945 -53.534184 8.334473
v -4.7551003 55.517014 -40.025047
v 55.465515 72.803345 -10.087524
v -3.21679 54.74216 -38.73447
v 22.022648 57.87036 -8.557617
v 16.17176 78.83436 -4.0551453
v 17.010921 44.18209 29.542015
v -7.8235016 59.50605 -19.483505
v 5.124157 54.62492 -39.01322
v -50.0305 -51.188744 10.324313
v 18.708044 -48.165554 10.623526
v 28.728271 -50.90435 21.969727
v -2.019699 85.673645 -16.382507
v 60.839085 69.42943 -17.546177
v -4.929119 88.511154 16.595215
v 1.7241821 37.53415 -9.574448
v 20.633476 39.47397 17.243465
v -0.110274 48.62527 35.67449
v 35.455162 -47.37062 11.625534
v 61.446075 67.552536 -13.055664
v -23.286255 41.784904 24.67752
v 17.302551 -44.896557 14.99469
v -34.492065 -6.237274 17.230652
v -40.598816 -48.1359 1.007602
v -35.012726 -48.435436 -0.9207611
v 31.910088 -47.52836 17.713959
v 25.591919 69.41162 3.5460205
v -25.24762 -18.908697 3.2271423
v -57.442287 58.373882 -38.330437
v 8.4296875 73.52959 -26.872803
v -14.242783 3.9662628 2.2384644
v 3.471527 37.044067 -11.225769
v -25.572222 43.153008 2.870678
v 3.5233917 10.0030365 1.2909698
v 52.929462 58.13611 -2.3738403
v 31.766016 -47.204086 6.517004
v 62.376526 62.697052 -9.433807
v 34.453556 0.14083672 6.13768
v -33.890934 -22.29268 0.44707108
v -55.74054 59.22966 -39.187256
v -6.0859222 -4.283539 54.46881
v -0.06722069 48.78633 36.329315
v 8.090161 59.403454 -38.5712
v -28.141357 12.664795 3.0640411
v 28.367966 -4.730494 -2.1462784
v -16.432007 73.28888 -12.098511
v 21.123169 -47.10919 29.76587
v -62.436733 59.843628 -40.295082
v 30.423767 -14.8638 15.78302
v 49.27942 73.753265 -23.277832
v 21.78917 75.076584 18.673233
v 24.792164 56.66793 21.199467
v -7.6909027 60.59538 -38.191345
v 55.419525 65.050385 -2.3332825
v -62.4327 61.137455 -38.66448
v 33.003094 -47.06871 10.993944
v 18.694824 45.09073 28.32489
v 14.341213 79.42741 -1.7502899
v -22.147633 23.795448 15.686642
v 9.687828 43.76764 33.979813
v 6.8317566 61.793224 -38.090088
v -21.380474 74.81433 5.802643
v 34.177513 -46.78531 11.617432
v 4.0310364 62.745026 -38.275513
v -52.78528 63.052124 -38.10498
v 38.969086 59.428833 -15.863403
v 54.336533 75.8402 -14.816452
v 32.850616 -10.383328 2.8841095
v -35.763977 -16.160156 19.437683
v -37.59143 -30.949371 21.418823
v -39.54805 -11.516571 -2.5283813
v -37.175232 51.559906 8.370544
v -36.436363 48.596992 -11.743347
v 32.69102 -29.94468 19.450287
v -5.683061 -9.666615 54.05967
v 24.468796 14.883667 4.9345703
v -39.509277 -29.00354 19.824585
v 51.286774 75.805786 -14.386841
v 47.45511 56.593414 -23.9245
v 8.984566 46.333954 35.633057
v -21.326221 92.84237 -26.703705
v -1.4876862 64.45746 -38.93683
v 44.942524 48.62731 -4.9310856
v -0.232942 64.59333 -39.067566
v 30.073761 48.98777 -5.64859
v -38.673008 5.359756 5.263128
v -58.23448 72.67823 -21.218903
v -48.381886 -46.364567 11.108774
v -32.07744 -33.86516 23.183636
v -5.823595 57.17002 -19.668793
v 17.684662 88.76904 -22.182709
v -23.26776 39.309402 11.822433
v 7.249565 3.014618 7.140106
v -22.607227 -34.43962 17.291412
v -44.220245 52.200256 -24.333252
v -62.021748 68.56206 -38.64441
v 5.346649 6.4601746 23.098022
v 48.79431 62.67807 -23.615662
v -13.521179 71.19946 -23.245972
v 23.120487 40.19032 16.551453
v 15.689209 21.968872 3.8442383
v -47.06446 -45.91676 11.718445
v -40.12725 65.53138 -14.360016
v -61.535614 69.98817 -38.530884
v -38.63965 -29.645493 4.51651
v -42.49859 47.92773 -7.965786
v -39.81764 2.3236275 6.720215
v 15.51767 83.25217 14.866608
v -52.188705 71.90546 -39.77356
v -13.691452 86.61145 14.019714
v -27.053467 -27.959263 2.9179003
v -28.111366 71.24514 4.246643
v 59.80437 70.60806 -37.61145
v -45.19159 -50.906364 14.966644
v 0.09275532 6.1290164 4.0427017
v 17.688652 83.97839 -20.35133
v -0.11353302 58.343292 38.358513
v 10.177734 84.79175 21.644043
v 30.588959 -45.18176 11.419853
v 57.78781 71.33557 -37.565308
v -50.755524 73.0437 -38.292236
v -11.113669 0.72660136 18.821112
v 43.918 62.811462 -0.85565186
v -43.728943 62.77362 -1.1705933
v -10.61523 -0.829968 14.159168
v -23.117218 41.288918 20.16507
v 33.041534 -27.440857 19.995117
v -42.50479 -22.78275 6.2341766
v 12.372223 21.592136 26.188416
v -48.002426 61.632515 -3.6487427
v 26.702179 -37.083908 12.787811
v 26.801025 -23.988037 26.49826
v -15.9841 81.67709 3.2757568
v 39.08192 65.70802 -12.572856
v 9.068108 63.21811 -23.329285
v 1.6263123 45.120987 -13.53553
v 32.26738 46.957817 -6.50395
v -4.5218887 34.63517 34.05697
v -12.329456 1.5010071 20.698334
v -24.011711 -30.058182 19.588943
v -26.106018 -45.345276 11.986694
v -34.792755 46.347538 -4.164978
v -26.873882 47.78479 -5.2162476
v -3.1757145 86.394684 -14.431091
v 8.720642 75.39281 32.541077
v -22.941273 -50.810486 21.999191
v -46.370605 50.30591 -15.629639
v -40.60823 68.569145 -19.851368
v 8.636856 0.7261982 16.627388
v -3.7926626 54.264282 -27.04071
v 60.144775 76.41528 -38.665283
v -38.342957 -26.052917 3.0619507
v 23.052805 -46.130836 28.365213
v -27.361496 49.700928 -7.492096
v -23.820435 65.49817 -10.606934
v -1.7154388 5.1080017 22.913391
v -0.43164444 34.55896 -9.79924
v -49.42392 -52.28119 1.6787109
v -19.824986 34.28594 5.791744
v -59.136337 71.15732 -26.882568
v -10.397522 85.34999 -7.9222717
v 13.290894 92.041504 -20.570557
v 51.024666 74.88547 -11.22998
v -54.26465 -50.346436 5.2788086
v -35.041016 -2.878296 17.959839
v -44.04091 -44.45649 11.373337
v 4.498741 7.1471024 25.281052
v -54.92814 68.32057 -12.656891
v -57.343613 79.40713 -38.745125
v 5.512129 27.642548 -5.262043
v -20.424866 29.28894 12.394531
v -23.290459 41.23555 17.95346
v 16.930267 4.155609 25.180817
v 11.530441 77.25876 -10.920044
v -8.807373 74.94493 34.47461
v -28.29957 46.75942 10.391029
v 52.07953 67.9187 -5.057129
v -6.8826857 24.175663 -5.6302004
v 0.24884033 88.71287 -3.4532394
v -18.791176 49.70752 32.54486
v 0.71624756 9.768311 31.696655
v 61.599945 63.65676 -19.685425
v -41.66147 -12.067978 7.4448853
v 1.602066 46.464813 34.938457
v 61.030914 67.958374 -20.042236
v 6.484581 84.15406 26.05194
v -14.998917 82.274826 -6.045105
v -37.568726 61.40625 7.2454834
v -19.085419 40.58203 25.697876
v 29.100609 57.90306 -5.4551277
v 19.394287 78.742004 13.57605
v -32.98134 -46.9718 3.5414429
v 24.377949 53.881126 23.196129
v 12.356873 1.3198967 22.50148
v -22.651123 74.02026 -3.2264404
v -32.67984 -42.907593 8.344559
v 31.76709 -30.139557 22.275024
v 21.048075 -44.873287 10.736285
v 30.107908 -45.00219 12.118038
v -30.537537 4.959656 23.656738
v 6.4557495 83.382614 -7.8169556
v -2.6949081 86.82675 -8.950111
v 50.151062 86.28998 -39.344604
v -15.936096 76.178986 28.734314
v -39.48949 -1.171084 2.223682
v 45.71219 70.600815 -19.011719
v -39.720154 -36.92694 11.255859
v 51.810425 87.200745 -38.922485
v 48.722717 87.325714 -38.788574
v -4.9923706 80.017395 -26.327576
v 15.758591 -51.68775 31.449884
v 32.79171 -49.446293 6.795059
v 15.298035 51.912964 -12.082947
v -20.479916 34.909924 8.674472
v 34.015873 -50.908962 6.4278793
v -39.710743 3.6560822 7.404236
v 2.0804443 78.19705 34.06891
v -2.246037 86.13144 -9.979134
v 33.21556 -2.8000298 1.6436768
v -48.490265 51.15709 -13.425034
v 14.99033 -9.243177 16.250526
v 39.51765 62.61804 -3.048573
v 5.4817505 87.78314 -7.043335
v 4.594696 54.185646 -38.455994
v 41.77774 52.00064 -16.441406
v -1.112297 54.642105 -39.03949
v 28.31571 -44.160004 11.913376
v -27.06842 -29.686005 21.961586
v 3.045044 54.36032 -38.198486
v -40.671474 -48.900253 0.45853424
v 4.813366 54.718456 -38.496525
v 17.165924 -41.50466 16.942291
v -24.397774 -26.254425 19.47808
v 13.919188 -44.98876 25.705078
v 44.571392 71.9194 -18.803188
v 29.20398 -53.619205 4.887268
v -23.09851 62.340134 -12.346985
v 47.369537 54.93701 -23.085693
v -11.675346 77.2175 -23.30664
v -39.368286 -27.380371 20.041626
v -4.937088 56.348495 -38.531296
v 21.264038 -21.614792 3.9868011
v 5.7267838 56.318665 -38.905914
v -33.720634 -16.480661 -0.30392265
v -43.345116 70.590416 -25.276054
v -48.715187 52.01203 -3.995285
v -6.2272453 57.673748 -38.849514
v 36.733185 51.623535 -9.524017
v -2.7129478 31.058815 -9.418426
v 7.5054207 59.57515 -25.795639
v 25.13733 62.490723 -4.338135
v 54.937733 57.578205 -3.3308334
v 34.491516 61.616455 -5.265381
v -12.143714 -1.4725165 17.525778
v -37.58452 -9.321091 -3.1980371
v -6.646702 58.05471 -37.884537
v 21.424623 -43.98523 11.124741
v 12.250427 23.449432 1.8244629
v -44.768784 51.701126 -1.1669617
v 14.502899 0.70059204 23.195251
v 15.524952 62.64766 -9.712315
v -32.079033 8.035248 0.75997925
v 7.1927624 61.556374 -23.423203
v -17.58973 17.28975 0.90613556
v 37.551598 45.568462 -2.702118
v -39.093353 -35.042015 9.074646
v 35.371216 -53.042755 14.846924
v 21.656113 -23.798767 26.343445
v -44.478287 54.435402 1.6632996
v 28.789307 -53.038574 21.781006
v 6.086383 54.52993 -13.360529
v 18.580994 75.85152 2.9665527
v 40.483738 67.24014 -11.665877
v 32.02646 -23.58551 22.529541
v 18.295898 -49.512947 31.803558
v 17.651077 -52.37462 12.667053
v 22.028969 -39.30076 30.008684
v 39.870647 -53.768272 5.85347
v -20.26056 24.815968 7.953293
v 25.69115 45.94382 12.055695
v -28.473816 -51.403137 10.309937
v -11.410645 81.94672 -22.367071
v -40.541965 57.819717 -22.149345
v 4.535263 88.40579 -4.919754
v 22.466457 95.84071 -25.93312
v -44.43874 70.37304 -18.721375
v 61.49172 62.06726 -17.758987
v -33.47259 -33.05565 5.1994286
v 35.711388 44.801758 -2.527069
v -38.30945 -4.488617 13.695679
v 29.035006 -51.65751 -3.2622356
v -52.006638 74.21881 -23.862366
v 40.983368 61.46881 -14.373413
v -46.285965 49.856018 -4.029236
v -40.032856 -35.937035 14.505226
v -25.24366 -23.921593 19.908058
v 59.354427 79.42784 -27.886757
v 30.323742 -45.110523 12.890829
v -15.424805 87.64282 -20.045532
v 22.79245 -43.490417 10.6073
v -54.096817 74.21684 -24.23584
v -6.6047363 38.264343 32.844574
v -31.333187 65.98997 -1.0565491
v 46.42134 54.34314 -22.066315
v -3.1324463 63.381042 -38.14502
v 24.383415 16.970234 9.522446
v -15.305023 73.78845 -16.160767
v -63.08554 63.35697 -38.091785
v -1.5215292 18.101313 -4.65362
v -26.524704 -49.608795 25.813744
v 2.6520157 63.979164 -38.974884
v -46.657745 49.805103 -19.03241
v 0.55918694 47.96395 -12.141674
v 8.19017 70.53386 36.009003
v 32.26349 57.32425 -6.8403625
v 8.128975 21.003384 -1.6562328
v -46.582657 63.60858 -6.5786743
v -37.41565 -5.1601257 14.696838
v -0.86590195 65.31409 -38.626404
v 17.900986 -0.4853592 -1.5622711
v -19.594872 -9.765211 13.56731
v -59.071777 69.814514 -17.728516
v -35.786438 56.276432 -14.949127
v 22.825035 -39.083996 13.790087
v -27.935081 66.75016 1.9720268
v 54.19547 52.735126 -11.182087
v 21.351019 71.59402 -0.516362
v -12.627622 83.92937 -22.574364
v -51.99463 67.73566 -38.79236
v 11.83268 81.09733 -6.671562
v 47.552647 59.23775 -21.33178
v -8.61603 16.28544 -1.4122219
v 23.53444 42.569794 16.27832
v -5.9812164 57.512787 -17.944107
v -4.7870026 27.71061 -6.8132553
v 16.812836 26.140602 9.015503
v 23.223404 -39.00856 30.159836
v -10.90033 3.819275 7.8221436
v 22.03769 -43.151245 11.893005
v -3.6488266 38.93753 -11.655243
v -24.107113 -22.675179 19.068192
v 26.571814 -23.400421 2.832919
v -0.3680446 -2.074522 31.322027
v 60.874763 71.1335 -37.7258
v -1.54319 53.161987 -14.4930725
v -22.693542 -26.153236 4.7576447
v 19.548704 8.452274 -0.75560915
v 1.9929352 29.8433 32.88228
v -45.132156 58.365402 0.32192993
v 2.9907942 0.18618679 34.345055
v -26.93811 -47.839996 11.855469
v -18.374634 34.276917 2.017212
v 59.658726 58.53752 -17.089813
v -28.004791 -41.511787 10.150757
v -2.9205627 46.613037 -13.168182
v 23.212608 57.82193 25.696533
v -14.278654 74.88272 -18.57798
v 7.123169 85.27649 23.500977
v 15.979095 -19.266724 10.161987
v 25.842743 14.14706 5.8953857
v -40.76281 -42.247734 12.482162
v 4.9514503 3.1290665 7.703438
v -29.394663 66.62059 15.151733
v 13.7961235 -38.040802 22.838722
v 4.724436 83.97638 -15.194021
v 15.808702 29.693983 5.561415
v 2.329338 84.90056 -9.1579895
v -23.62095 -47.064476 22.51152
v 32.931107 -22.45184 19.71348
v 23.08757 -47.483505 3.5511475
v -48.9112 58.579147 -3.2352905
v 10.835083 9.550171 26.251038
v -42.05571 -18.726112 4.439331
v -5.712837 88.83276 -7.9584045
v -59.724648 75.37657 -38.05919
v 27.359932 15.398344 10.354523
v 5.6782837 77.39899 -27.16858
v 49.71289 80.62692 -21.158813
v -29.855196 -16.452663 0.785196
v 31.505178 -46.367012 17.025576
v -36.65377 46.28415 1.7797089
v -40.850536 -3.674246 6.7538586
v -37.121353 -14.977013 -0.4520111
v 33.86422 3.802597 7.1722717
v -11.070923 4.798889 5.5891113
v 15.283033 -18.666473 15.682808
v -50.54647 77.9241 -38.95236
v 28.303059 -39.658474 15.939754
v -58.845184 56.341896 -14.184357
v 18.729004 92.55664 -21.279297
v -18.887573 19.23816 24.409424
v -27.679523 -3.633868 21.739616
v 56.589706 77.07907 -37.439484
v 0.8371582 -1.2403259 44.871826
v 26.854248 61.973022 16.670898
v -39.061836 -41.349655 11.21241
v -25.749985 -22.359055 19.945625
v -5.975067 26.790476 31.995049
v -2.2601585 29.279236 -8.812141
v 55.159122 77.672424 -36.688538
v 11.982613 78.448135 -6.4507904
v 10.064941 82.375 -15.080322
v 48.613083 59.519165 -1.5066757
v -4.1797256 -2.2532654 53.399963
v 22.729858 -50.35608 28.76831
v -0.91908 7.490173 14.320645
v -19.233551 64.69496 -14.734123
v -42.82101 -19.559326 5.9716187
v 14.215321 -21.646378 19.316925
v 19.14212 69.14376 -7.019226
v -56.435303 79.63668 -37.958923
v -24.018978 -9.889435 17.015121
v -12.057175 23.58548 -1.5952072
v -27.49762 67.439545 20.071167
v 13.409973 75.00016 -12.224274
v 18.658936 -53.157013 31.098755
v -38.772614 -40.703094 11.217834
v 27.930359 -39.109146 26.161194
v -23.088127 -11.332684 9.64576
v -26.50936 -40.902225 10.548339
v 47.677185 53.821594 -21.648987
v 53.442238 81.773926 -38.79692
v 55.30081 81.809044 -36.53412
v 13.449921 56.720642 -10.596863
v -11.517105 50.864563 -14.630096
v 55.94403 82.69412 -38.937866
v -37.52173 -25.362106 2.2614899
v 34.844177 -4.52203 9.319519
v -21.852768 -9.510326 16.03151
v 50.585205 86.83542 -39.645325
v 18.552748 24.486053 17.717407
v -6.7467957 87.2832 21.035156
v -50.01062 68.96472 -12.872314
v 50.173767 85.70795 -37.706787
v 43.08783 54.890224 -20.475098
v 14.502975 83.51028 17.709503
v -39.21103 -39.891205 12.053467
v 61.567352 66.5918 -9.725464
v 26.901123 1.2276611 22.072937
v -24.817032 -39.46517 11.178223
v -17.456558 77.7686 -5.6001587
v 54.398487 82.77075 -20.364136
v 21.259796 15.873413 18.362793
v 48.812 88.5207 -39.098072
v 56.609818 78.19641 -18.661194
v 54.778698 64.62912 -27.23185
v -12.706896 66.40599 -15.767609
v 50.049484 88.73858 -38.714523
v 22.196346 42.69875 20.961128
v 3.3178558 40.258774 -13.413162
v 1.3917847 88.83205 16.243011
v 4.909027 57.49836 -16.642242
v -5.9216003 14.049011 29.137665
v 23.593445 66.01177 22.514923
v -23.652443 -35.991325 10.329208
v -33.08203 60.633667 -11.743652
v 56.128952 53.899548 -12.812614
v 0.48103333 54.644592 -39.568604
v 8.779846 53.713318 -11.7308655
v -46.457115 72.54425 -25.13588
v -25.383924 -20.758713 19.143137
v -3.0100098 54.78955 -37.939697
v 26.23436 58.53518 17.917465
v 32.68071 -20.059504 18.713066
v 17.446533 -18.860123 8.059204
v 19.014645 -12.6350975 1.9808083
v -36.252563 -0.083984375 18.272339
v -25.465088 67.49519 24.403809
v 25.03566 -32.915398 9.018433
v 8.467485 37.517494 30.600328
v 16.854042 -23.097046 23.941177
v -38.568115 -31.699478 20.878448
v 22.721954 -29.09851 28.436829
v 33.222855 -23.808945 9.768265
v 45.390644 65.649475 -3.5586548
v 32.044403 -27.445663 13.65921
v 24.006226 -36.60446 30.02713
v 5.2338295 56.5424 -37.763054
v 28.322876 -40.520966 16.614258
v 60.74429 66.65082 -26.185032
v 41.92661 50.75995 -14.640327
v -39.798203 -38.361565 11.920929
v 18.259369 51.168034 30.799347
v -22.946754 -36.145844 11.31369
v -39.58583 -37.928024 10.564728
v -6.2593427 -0.36039734 35.849808
v -39.291077 -21.639526 20.006348
v -23.020538 -9.970566 15.588074
v -59.892216 58.90542 -38.742645
v -40.76648 -18.68457 17.196167
v 25.006134 68.83096 2.1198502
v 0.019180298 60.608 38.833
v 13.4440155 -2.121512 1.2638321
v -6.8529778 13.135941 -1.3876343
v -11.758911 35.6698 31.445435
v -5.8709106 -10.9565735 57.445816
v 61.73944 69.2722 -22.92157
v 51.32299 56.23575 -3.6679688
v 14.684372 43.395218 -12.4748535
v -60.552055 57.5472 -24.428612
v -61.519035 59.928223 -38.378006
v 8.1274185 60.47512 -38.06012
v -18.090326 -3.5797577 20.98214
v 15.109795 -21.123322 19.985107
v -15.468063 10.845825 26.270105
v 48.890305 51.937866 -20.286743
v -17.593925 78.469345 -5.059204
v 33.48288 -6.262848 13.431885
v 16.217 32.508884 3.8366394
v -39.4823 56.88623 7.5528564
v 24.25969 -39.35778 13.375547
v 23.89209 -52.828674 27.021118
v -39.178955 -37.33513 9.970673
v 8.485611 35.987793 31.849426
v -45.541473 71.59404 -21.933472
v 10.107159 74.30627 -23.390472
v 3.147461 68.43762 37.4794
v -29.046844 14.656799 5.9622803
v -27.711845 -19.034805 19.913897
v -4.621826 -4.6059875 43.674805
v 1.9746857 22.135841 -5.417282
v -49.278465 68.06702 -11.988037
v -34.277832 -39.43013 21.739563
v -7.999878 55.381363 -14.20105
v 22.265335 9.874207 23.68869
v 30.277191 -46.112953 19.184143
v 44.27295 61.563477 2.1018066
v -15.280884 76.026 -8.537109
v 37.24437 62.759674 4.7214355
v -39.520264 -19.254059 19.241943
v 6.984357 27.68226 -2.788128
v -4.668213 63.144775 -38.65332
v -23.062029 -40.49079 16.455908
v 55.35114 75.07631 -15.213776
v -2.6545258 63.357384 -38.733063
v 28.34552 47.500763 -5.140869
v -26.288208 62.21747 -8.623413
v -39.89624 -50.98181 -6.842041
v -39.297215 66.26535 -4.707947
v 3.23069 64.97067 -37.98665
v -8.931946 6.001404 5.7441406
v 20.031555 52.997047 30.500824
v -10.827797 -1.0093842 12.973724
v 30.06302 -5.489252 -1.336637
v 24.574749 -7.6616178 -2.2405243
v 48.542423 60.259888 -25.661102
v -46.117832 64.48828 -7.3843994
v 2.3040924 65.29028 -38.380157
v -8.340876 8.633749 24.287703
v 6.30249 48.992554 37.30475
v -1.8872166 65.284134 -38.15909
v -0.78564453 65.86159 -37.970978
v -28.301214 -23.84224 1.230933
v 20.6642 -36.072327 29.98883
v 19.919573 -40.557117 14.707577
v 12.960686 -25.772205 19.066315
v 17.753063 9.443014 0.0049607754
v 1.1566658 65.869736 -37.939117
v 20.810099 72.60611 -0.26815033
v 59.38907 60.47119 -22.664062
v 22.839493 58.065704 -7.158066
v 53.2569 53.01396 -18.545795
v 54.430183 60.09143 -26.184448
v -25.084381 -17.654736 3.633545
v -62.2406 67.0965 -38.58777
v 11.822525 65.98786 -10.898254
v 10.574509 12.638733 26.76329
v -15.576997 2.117673 1.692877
v -22.907494 -34.667564 10.95871
v -47.168457 50.25341 -22.726929
v 32.022705 -4.068901 0.67889404
v 29.370056 -5.2996826 18.130737
v -21.531738 42.16745 27.631836
v -33.14514 -53.87954 6.553589
v -61.219463 71.35763 -37.56949
v 1.0163422 5.147991 7.642105
v 58.63118 70.74823 -37.639587
v -36.87388 -11.014572 -2.6331596
v -43.29895 61.581177 0.93859863
v 4.9177384 17.086971 -1.534545
v 2.7547607 51.418335 -13.26004
v -19.581177 39.86387 -8.268494
v -38.34192 5.889313 7.5725956
v 57.360176 72.31146 -37.843018
v 61.79236 72.13489 -37.49817
v -48.43078 -46.165234 8.527466
v 13.23407 -4.9069366 5.517006
v 44.512527 63.378784 -17.845184
v 35.181107 56.348633 -8.50827
v -6.236969 85.76572 -16.349243
v -30.507874 47.863235 9.70673
v 27.210693 -41.93567 25.186035
v 5.089081 16.057404 28.60608
v -40.859467 63.75714 0.28356934
v -61.18731 73.83319 -38.216156
v -51.346222 58.127438 -9.031006
v -50.250057 74.94107 -37.67733
v -20.851017 38.656998 -2.3487053
v 26.79066 -43.60082 11.57325
v -61.0284 74.493195 -38.429413
v -38.804993 -13.693237 14.932922
v 21.80516 -26.53954 5.103003
v 16.396729 -52.65982 31.625458
v -47.36757 50.221195 -17.4413
v 13.987583 -37.539986 18.250702
v -50.313637 76.15353 -38.335037
v 61.814014 67.31439 -18.095459
v 10.857437 79.40016 -6.7154846
v -62.078857 68.938934 -21.566772
v -40.860504 -23.657818 18.079224
v 37.060974 61.856796 -3.644226
v 25.271118 -36.327057 29.517487
v -30.383736 16.877602 13.291931
v -22.042664 -22.899738 15.269409
v -50.261955 77.490814 -38.94801
v 13.045166 74.22717 31.07373
v -19.688995 34.840607 0.17810059
v 26.369919 -35.314087 10.817078
v 14.306274 34.770844 26.136353
v 15.765503 -19.293839 19.795456
v -40.340134 -35.484894 11.202454
v -36.736908 50.182465 -13.278717
v 57.524826 76.64304 -36.8655
v 11.8765335 -26.448265 13.350449
v -18.580078 57.47744 -12.53801
v -51.030838 77.97609 -37.945927
v 12.776852 -31.106003 14.664963
v -57.25815 78.615364 -37.43924
v -44.033615 51.267 -19.162292
v -36.979492 -34.41095 21.587036
v 12.036217 83.724266 2.4017487
v 9.903908 49.972824 35.82547
v -32.040993 -17.969025 20.629356
v -6.408203 88.701866 -3.937683
v -28.518219 -38.857834 22.709564
v 16.757126 -18.201904 19.096252
v 62.54178 71.335724 -25.177002
v 21.602905 64.700134 -8.609253
v 62.134857 65.81821 -16.130737
v -40.888813 47.702213 -4.6796722
v 12.721584 -48.825233 26.112656
v -7.2615376 59.470215 -26.35852
v -40.347168 -47.670044 17.836426
v 44.873665 61.400757 0.056762695
v -29.94522 -15.420403 0.9078827
v -33.06653 0.53448486 21.271973
v 54.045624 79.77588 -38.595825
v -20.308105 71.48389 28.223145
v 58.660156 80.47131 -38.051758
v 18.513351 -45.51474 12.979828
v 55.771393 70.67767 -6.2387695
v 10.247192 14.320282 26.949276
v 62.82399 73.020905 -27.096252
v 53.954643 81.81344 -38.240845
v 1.5670166 3.0697021 37.450195
v 20.526026 -34.576073 29.668661
v -7.3485107 34.832733 33.48761
v -15.401587 0.7908325 22.386501
v -29.153992 10.228638 23.55365
v 45.056595 56.680176 5.1671753
v -18.489685 66.556885 31.94342
v 23.104326 44.375042 17.64899
v 18.549837 -35.183746 11.019127
v 1.2145844 85.57373 -11.632507
v -4.178467 87.67432 21.339844
v -41.317368 -24.351318 6.1644897
v -62.420185 68.248436 -22.65744
v 21.552948 -34.237427 10.537018
v 21.883244 -35.12242 11.276217
v 52.995117 85.67334 -37.66504
v 1.7611237 58.753098 38.76922
v 38.043213 58.115356 9.457031
v 25.40828 61.27797 21.31849
v -15.924149 73.33014 -14.187088
v 23.11836 16.702055 6.832918
v -40.14566 -29.967731 19.393433
v -8.648697 88.474075 -3.046753
v -19.781443 34.05751 17.84346
v 51.274414 88.12308 -38.828857
v 7.1767693 1.6846795 15.612003
v 31.383614 -32.458122 13.1744995
v 23.604057 14.612656 18.085938
v 0.2477951 49.599686 38.574406
v 4.420006 87.635155 -2.875492
v 19.191284 70.56213 27.44226
v 11.1119995 65.50125 -25.687988
v 32.294125 -52.539146 18.52332
v 13.031677 -3.2751923 2.8521118
v 17.57619 -24.07694 25.02242
v 0.7959595 84.455444 27.830322
v 46.426086 73.77963 -12.269165
v -15.363018 68.910545 -18.641586
v 2.5195618 54.305134 -36.68979
v 16.68394 82.1671 14.970169
v 58.251587 67.385864 -4.6262207
v 27.555435 14.438004 15.595032
v 28.293203 -51.149902 2.949648
v -29.064568 -17.91597 19.643623
v 48.453613 69.10425 -5.4362793
v 42.74498 71.602036 -17.207382
v 23.495483 4.461235 -1.9269524
v 19.828873 -7.312317 21.159073
v -5.1897297 55.256718 -37.035698
v 34.630753 -4.181429 4.6135864
v 24.375366 -34.746838 10.619818
v -4.438553 55.912426 -37.749725
v 51.52298 57.395996 -3.065918
v 47.296444 66.48566 -3.3876038
v -6.2118793 56.450127 -37.989555
v 3.8390808 55.86783 -14.500732
v -0.31343266 5.7859645 6.564935
v 4.7850266 56.20786 -37.664978
v -48.274765 49.909313 -18.277344
v -3.8135223 -5.4578285 44.236816
v 6.500725 57.02661 -37.47619
v -20.039902 35.424664 2.360904
v 49.005116 76.05557 -19.280449
v 10.802887 35.440002 -9.957336
v -40.394592 -34.87786 11.656708
v 32.818344 -27.27501 12.152954
v 13.405907 -53.089157 27.619934
v -6.3861694 9.885056 28.071411
v -38.351887 -44.646156 3.2237854
v 27.40657 14.444626 8.717773
v -3.6551843 5.381713 3.214611
v -6.959748 8.192485 25.462965
v 30.479431 -27.469162 24.158936
v 7.157715 77.3781 33.093872
v -29.975952 56.356873 13.545166
v 9.938477 82.240234 26.707031
v -9.633919 30.2021 -4.9700623
v -40.53428 66.1384 -5.5689697
v 6.4720078 10.4210205 26.758484
v -18.49422 1.206774 0.305141
v 17.569641 -46.361664 14.227295
v -41.993565 -25.35429 8.279284
v 12.129341 77.04498 -6.6579437
v 33.316895 -3.026825 14.757629
v 33.12021 6.217842 7.6127625
v -55.106705 -50.283882 3.697586
v 17.369844 -34.860573 11.159531
v -16.154722 72.13973 -14.219212
v 15.077972 26.49504 5.5803833
v -62.110596 60.260853 -37.333466
v 51.87668 53.052147 -19.582901
v 22.570923 -35.349365 29.934006
v -11.49379 32.00853 -4.194626
v 7.9287567 61.14814 -37.139282
v 24.547333 48.46402 -5.1009216
v 15.864067 -40.177166 16.664707
v -62.889545 62.129578 -37.8609
v -10.797363 62.64975 37.61328
v 17.545517 -17.80394 19.628296
v -24.106955 50.737236 -8.750397
v -21.86734 -25.55959 5.4812317
v 9.702606 45.76416 34.45233
v -37.46138 -4.155411 -0.93296814
v -40.935543 49.108532 -13.388717
v 5.2857666 45.987793 37.27826
v -11.196571 24.216896 -1.8864765
v -7.1546936 63.37027 -35.773926
v -4.182724 -5.657427 40.753708
v -26.171692 -51.215775 13.466553
v 29.368458 -16.907284 19.406937
v -8.957118 61.01737 -18.990646
v -40.176537 -33.834534 10.319595
v 33.939087 -13.464035 4.6030273
v 16.57722 -33.69643 11.125551
v -37.40114 -16.551514 19.118408
v 29.63353 8.829323 3.927063
v 3.6035156 63.609474 -38.064392
v -26.849113 -19.88565 1.1543293
v -62.49978 64.61597 -36.89212
v -45.422485 -47.022736 -0.0056152344
v 11.73764 36.8292 28.116577
v -24.25924 -42.403397 17.90858
v 26.806252 13.311569 5.304901
v 29.729004 -27.271881 6.6259155
v 4.311157 88.206055 -4.2714844
v 2.6683807 65.63986 -37.575897
v -52.22751 65.90941 -38.82715
v -28.948189 -25.805649 22.174519
v 45.813843 50.218697 -1.7029114
v 21.92634 11.127518 0.6432648
v -31.711662 -16.039396 19.568684
v 51.916588 55.639038 -4.185425
v -36.908356 9.189388 8.872742
v 43.305298 71.991425 -13.1985855
v 0.020950317 66.05284 -37.587402
v 19.140728 -16.860428 20.313248
v -62.08092 66.8324 -37.101624
v 23.512665 -33.734283 29.640182
v 43.67797 48.623398 4.11084
v -62.018333 68.57572 -37.042725
v 7.2766533 45.715126 -14.614856
v 51.055923 85.80524 -24.045166
v 20.555973 -42.756756 12.290695
v 0.04185891 6.0249953 8.73732
v 10.38666 -1.6567198 17.840343
v -40.836075 64.75723 -12.844745
v 30.420795 48.88569 13.386246
v 19.417435 -39.896606 29.593353
v 11.901924 75.75608 -18.351074
v 9.482666 25.821976 30.70935
v -7.55484 71.12923 36.38932
v -34.01982 -4.495102 -2.5304222
v -37.63974 7.3117065 6.0996094
v -8.93507 53.79779 -12.280205
v -32.123474 -10.140986 16.201889
v 33.275208 -20.981483 15.298096
v 9.263718 32.430008 -5.0996704
v 34.694447 -5.252006 4.184296
v 23.030884 15.911011 16.910645
v 57.10308 73.17351 -37.586853
v 62.03058 73.115036 -37.328125
v 61.740906 74.52612 -38.353027
v 48.904366 49.54915 -12.871628
v -3.5908813 9.492798 31.793701
v -14.892609 37.704742 28.201447
v 32.227448 -48.813316 8.061413
v -17.872253 3.7231445 25.03775
v -2.865055 5.4374466 22.922882
v -40.00256 -32.876358 11.122269
v 30.773176 -32.177887 15.187719
v -22.301754 14.090225 1.962265
v 14.3364105 -45.363617 20.32486
v -22.46632 -35.221706 16.09922
v -24.19551 -18.619751 4.550354
v -42.45021 69.544556 -26.58483
v 23.923523 -42.366516 12.721558
v 32.078964 61.735413 11.852966
v 15.372212 31.459223 3.2813168
v 19.83923 -52.560432 4.8640594
v 14.716467 -32.327408 11.568382
v 31.881655 9.014671 8.45079
v 24.19075 50.784943 19.276733
v 55.741817 77.44254 -37.385334
v 33.281128 46.733032 -7.050476
v -30.28772 48.48352 -8.461182
v 17.04956 22.31073 21.999634
v -39.077183 64.17323 -13.86528
v -34.053192 -23.567802 1.3454745
v -38.032715 -35.219963 20.735779
v 38.702118 62.236546 -5.451782
v -20.534008 -9.854153 12.424122
v 25.928314 61.057373 18.707642
v 25.201645 -52.909058 13.868774
v -53.106903 79.27966 -37.905945
v -48.83558 54.23407 -2.5420532
v -48.711426 -53.41641 12.356262
v -35.99568 9.532715 16.843079
v 19.004929 36.652054 4.295395
v -38.058605 7.094408 8.508362
v -13.739937 83.36008 22.44049
v 13.1596985 81.51013 4.38208
v 21.941498 -7.940216 20.634384
v 11.896579 77.22652 -7.3249664
v 46.46646 68.9512 -20.04303
v 54.192017 80.54132 -37.424072
v -23.426445 -38.97549 17.582153
v 10.34816 84.66617 -6.438751
v 22.94751 -49.732376 0.8684082
v -40.951294 60.877563 4.2076416
v 54.410034 81.68703 -37.138977
v 50.776917 85.18579 -37.48877
v 51.59851 85.26117 -37.85028
v -25.649353 0.22698975 23.967102
v -44.51299 65.85589 -5.7614136
v -33.885864 -17.001709 20.267212
v 12.482178 37.566517 27.276627
v 49.730103 86.709404 -37.37915
v 31.919556 -32.51776 18.115234
v 57.45575 58.438408 -21.775015
v 16.580658 75.71472 27.38147
v 12.638313 84.66252 17.579872
v -1.3171082 -4.830902 35.38037
v 23.813992 -29.186033 5.9501266
v -26.459381 -37.310345 21.64978
v -29.08722 -2.9183044 21.67926
v 49.67226 87.623085 -37.28204
v 26.940664 -32.960278 8.274646
v -18.82345 31.184477 6.3538017
v 14.667941 89.78025 -27.777338
v 0.60572815 -1.3134155 30.751251
v -27.441519 -2.2534018 -2.0439072
v -3.7319336 -0.062072754 30.353516
v 32.189743 -15.126678 12.399292
v -36.700943 9.354387 7.4246826
v -24.796997 -47.3721 15.607666
v -0.27705097 54.329224 -37.067444
v 31.956543 -21.971924 21.975586
v -52.471436 62.886337 -9.682678
v -29.802748 -19.860773 0.4414673
v 33.69806 56.809937 -7.785721
v 44.6531 50.079903 4.5890656
v 29.593079 -31.456306 25.621796
v 0.5104723 44.319214 -12.330791
v 19.398468 49.13919 -10.104919
v -15.661682 66.24237 -17.036987
v -5.790125 55.681084 -37.520157
v -16.457703 17.61969 26.570953
v -24.10726 40.572426 12.784023
v -5.784096 55.579403 -36.824574
v -61.795593 69.348976 -22.777649
v 21.395521 -25.037981 4.943241
v -20.646486 -25.895828 8.919617
v -0.6854515 7.622467 -0.6360779
v -41.0978 -30.292595 14.550674
v -39.107788 -10.057068 11.508423
v -8.436502 40.290653 -14.307313
v 19.004444 -16.171652 19.258965
v -22.751831 -50.65567 18.869537
v 5.1433105 80.259186 -24.433777
v -26.842611 -21.228016 1.012339
v -4.307659 36.575684 -8.7464485
v -24.172861 -11.607693 14.49342
v 10.222086 55.570354 -11.546821
v -6.4647217 80.73584 31.479004
v -59.532288 58.814026 -36.915253
v 56.763596 64.9721 -27.29694
v 6.167307 59.82692 -20.470343
v -24.48752 -15.8538685 9.514435
v 1.984375 69.627625 37.71399
v 8.195041 60.17605 -36.890213
v 13.803436 32.886642 -1.1466675
v -24.920626 4.962551 -1.6987826
v -35.533997 10.543462 7.890747
v -53.80005 60.104736 -37.017822
v 31.743858 -30.040699 10.899765
v 26.452728 -16.091118 19.51075
v -21.135864 21.424683 21.244873
v 29.791397 44.492786 0.6387634
v 20.452166 -52.24057 3.8862724
v -35.46253 -15.011337 18.825943
v -51.97821 61.783356 -9.466064
v -8.086929 61.769547 -36.74109
v 7.1736603 59.758484 -25.04419
v -12.531048 65.682884 -19.409512
v -18.675167 77.40143 0.38833618
v -49.25276 73.53088 -23.719208
v -21.738844 -19.053701 8.832623
v 6.68869 62.484955 -36.93152
v -40.7679 -12.198334 -1.7138367
v 29.57344 -39.702705 17.325195
v 5.4958496 36.912354 -11.780151
v -22.778614 74.80011 -1.3522339
v 36.206837 -50.705894 -1.1678925
v -5.6645803 6.701149 4.5221214
v 23.795624 66.76953 -0.97021484
v -36.548035 1.5598145 17.610962
v -40.18611 51.353363 5.1633606
v -3.677002 48.020844 -13.0859375
v -18.490356 39.11615 -9.07373
v -6.210205 63.65155 -36.321655
v -16.516134 80.65271 -2.005127
v -39.14023 -23.935646 3.5322266
v 51.82094 53.787453 -21.55616
v -18.631592 33.53653 23.854736
v 26.558899 -28.741821 27.249695
v -29.263794 57.937943 21.02356
v 24.058088 51.178654 22.586555
v 54.073242 51.83466 -13.876825
v -59.65332 67.79541 -15.808594
v -41.789215 -18.333984 3.775055
v -3.0996337 47.011192 35.73562
v 26.851196 -32.248585 27.49765
v 19.795822 -15.361915 19.541893
v 13.934967 -22.372131 10.815247
v -59.88531 56.297558 -23.054897
v 18.341286 -50.73356 9.695374
v 11.890286 -6.8398585 13.8356
v 0.32911682 -5.5433655 40.41501
v 19.864014 -21.566847 4.296978
v -36.410065 -23.459442 22.406555
v -27.663597 48.52356 17.59552
v 44.89686 50.57715 -17.636108
v 4.38253 18.185663 -2.5557404
v -11.50235 86.40471 -5.558197
v 9.683805 3.899654 21.925983
v -1.6840515 89.64476 -2.5054321
v -3.692871 2.0941467 29.282959
v -61.429523 69.855415 -36.756317
v -15.167124 74.768745 -14.19243
v 13.520336 -36.22794 17.81034
v 37.656616 45.783947 2.471501
v 51.732826 50.35557 -11.497879
v 27.556519 -49.09287 23.650452
v -20.55847 36.73509 -2.0367908
v 12.0448 77.084076 -21.609802
v 60.69357 70.22113 -37.003693
v 9.87623 79.26762 -22.898657
v -42.49208 67.879135 -15.06958
v -51.97451 -52.08491 -5.3801804
v -26.903473 -37.74881 8.125305
v -18.89106 -6.7026005 9.096191
v 2.2440796 2.8903904 29.434326
v 57.14647 71.01868 -36.83484
v 17.582977 21.777374 4.453766
v 1.3275547 48.82789 -12.339912
v -60.843544 72.511154 -37.426605
v -35.93875 -50.979828 -1.3369064
v -60.532455 73.34247 -36.884705
v -58.483063 67.83203 -14.683838
v -21.912262 67.39961 -10.570374
v -7.7639003 20.199623 -2.4954433
v 52.61361 50.83693 -12.175829
v 57.173496 74.71807 -37.273144
v 61.920307 74.16652 -36.870728
v 17.313782 7.230835 24.87259
v -60.334366 74.3389 -37.157013
v -20.327026 1.0924683 -0.41516113
v -52.359062 51.001526 -23.408325
v -11.071777 74.60846 33.614746
v 20.418823 -13.577072 19.783756
v 33.00126 -25.696106 11.31023
v 9.762821 1.6154785 3.4584656
v -50.23768 74.92354 -36.773407
v 30.839233 -36.73961 22.906555
v 58.49676 75.70889 -37.432667
v -59.34945 76.6989 -37.675293
v -50.603134 75.884705 -37.05542
v 38.460564 45.585823 -4.650543
v 17.213213 -31.677435 9.56111
v 11.99556 64.20276 -22.48706
v 33.763454 -51.397087 7.7286224
v -16.76413 -5.2765694 17.96553
v -20.831543 -27.0961 11.739288
v -36.5374 46.60154 -5.0504456
v 27.823303 -48.440063 4.7306366
v -50.54696 76.458725 -36.734207
v 2.97476 3.658638 29.83078
v -9.875355 80.589005 -22.970375
v 8.439697 23.90979 30.350586
v -0.557312 47.411903 35.192577
v 17.81041 -31.63039 27.71695
v 13.553335 -47.712578 28.891891
v -37.952602 57.573654 -17.898132
v 15.888111 -52.110188 31.836485
v 16.607773 80.59586 16.18106
v 15.923332 -14.907945 10.711885
v 19.277376 -43.71939 13.987183
v -27.441162 14.438293 21.771606
v -54.683228 60.6865 -10.883064
v -16.488342 95.23456 -23.24231
v -1.8075696 86.057014 -14.30127
v 27.615417 -3.0030518 20.828552
v -17.942682 41.411194 -11.417652
v 25.232948 57.6448 22.667336
v -56.45572 78.737976 -36.972595
v 48.984253 70.51245 -6.760498
v 6.540165 83.4812 -20.16333
v 56.39142 73.172 -11.047852
v -55.068848 79.50244 -37.290863
v 25.32862 16.714691 9.019295
v 58.960693 79.32666 -37.62256
v -28.450542 -20.070034 1.2293873
v 31.824974 -7.82843 13.953674
v -26.370487 71.39388 -1.259943
v 1.2477722 9.383471 0.21793365
v 54.504356 79.417786 -36.16916
v 14.092636 -38.715973 18.637321
v 19.839602 -31.694744 8.579849
v 61.705643 68.909966 -24.8406
v 60.316406 59.82007 -7.7719727
v 58.330566 81.41232 -37.687256
v 15.165966 -38.908005 16.891998
v 38.83484 57.120575 8.84314
v -10.933041 88.84717 -18.872803
v 11.988661 76.40265 -20.76414
v -44.813644 48.00482 -8.908836
v 9.726233 8.484726 0.4254532
v 29.105911 -1.3017578 -1.3855743
v 20.275366 -46.734665 5.721801
v 21.335018 -37.79894 30.726986
v -3.151001 86.33799 -9.373032
v 32.35565 -25.117981 8.445068
v -31.062347 65.93145 1.6040039
v -19.463074 71.6192 -6.979492
v -39.97357 64.51807 -12.928871
v 21.498951 -12.739315 19.925453
v 53.510674 86.07043 -25.430847
v -11.690895 85.64172 2.9071045
v 3.6253662 83.24472 -19.439087
v -29.484718 60.758034 17.524643
v -7.230591 15.264526 29.394836
v -8.524414 47.907715 37.374268
v 60.03501 57.82192 -8.544384
v -45.862072 49.892986 -16.703299
v 13.336468 82.55611 -1.3210754
v -35.053963 11.5777855 16.205017
v 11.378677 57.02989 36.457695
v -1.4746742 54.303734 -37.211304
v -0.8911247 53.92993 -36.307495
v 43.984543 50.518066 -16.300201
v -5.799915 4.874984 29.53626
v -29.02346 -40.41118 8.116295
v -15.533447 82.53929 6.0771484
v -20.08551 17.659912 24.294678
v 1.7135601 54.34089 -36.704742
v -38.178078 -13.700836 -1.7593384
v 39.43803 63.80918 -13.925112
v 19.605835 -22.812561 25.40078
v 56.376083 81.82385 -21.643677
v -19.85614 55.117798 -11.631958
v 35.093887 -5.9783497 9.125427
v 32.332886 -25.440306 13.388857
v -5.440483 7.0429993 30.70874
v -50.152283 -52.657288 9.568298
v -39.119408 -22.005327 1.365118
v 20.729454 -11.259087 19.584305
v 25.599163 -32.18048 8.010574
v -27.478428 -40.50385 22.122927
v 32.986107 -19.173824 3.00811
v 4.2937927 56.00962 -35.8114
v -37.82715 -15.597626 0.1940918
v -29.432983 -12.414608 16.32475
v 1.2269592 7.4889946 3.0931587
v 6.729332 57.599483 -36.212906
v 0.84539795 49.40799 -12.915466
v 2.605644 24.330673 31.554161
v -22.29734 -32.19988 9.638763
v -7.1150627 58.56916 -35.85533
v -16.29397 82.95128 -21.438618
v 0.9055958 83.52719 -21.421143
v -58.531834 58.87043 -36.2993
v -56.28627 58.849182 -37.29016
v 23.161285 68.93739 23.279663
v 50.39516 50.785393 -8.32193
v -11.252056 65.87518 -18.925781
v 31.359314 -32.201294 22.641846
v -6.004137 89.47116 -6.984558
v -40.44551 -30.19728 6.6523056
v 16.450058 -2.5554428 -0.69373703
v 55.328247 73.830444 -11.365234
v 25.603575 -40.92558 14.496621
v -40.327347 -27.76767 5.3454895
v 24.249939 47.71457 16.865204
v -28.671707 46.2125 2.3200684
v -62.011116 60.491745 -36.59102
v -24.729172 72.508575 -2.8188553
v 21.422684 -3.3002384 -2.453084
v 28.636982 -36.73666 26.07487
v 30.026764 -30.24089 9.141785
v -61.721436 63.638855 -17.44043
v -11.414673 93.60022 -24.131592
v -40.207764 54.12129 -19.846588
v 11.578308 76.599846 -22.42633
v 15.64483 78.57588 -1.675028
v 0.9512062 5.885208 19.385084
v -22.207565 -29.505524 16.60022
v 18.332533 -33.17253 9.4963455
v -0.5563202 41.588394 34.476147
v 16.920975 30.708862 9.445663
v -1.3214531 69.32924 37.958546
v 20.12249 74.324295 -1.01828
v 2.8796997 8.613647 30.333618
v -5.524907 -11.942062 56.087097
v 20.911255 -17.919434 3.5770264
v 33.346436 -24.330544 11.840851
v 26.192963 14.137238 6.6969604
v 18.533142 70.02307 29.705963
v -34.747986 -3.6287918 -2.2791634
v -42.787415 58.956024 2.7061157
v -42.16519 -52.26146 -1.1183472
v -2.2511063 86.20993 -12.033264
v -5.273926 8.767116 30.035522
v 36.693993 63.139553 3.4108124
v 16.140656 -38.58808 27.938507
v -6.6401844 -9.339264 55.118332
v -2.980713 89.85841 0.94970703
v -38.610588 64.673386 -18.84935
v 2.9508972 89.37901 5.386902
v 13.592062 -45.30931 23.234669
v 3.1888733 65.45314 -35.99138
v 22.594559 -10.683472 19.709328
v -26.879898 -16.31665 17.10437
v 1.8462219 66.13198 -35.987152
v -30.775986 13.997299 6.8629456
v 48.203262 64.17993 -2.8781738
v -32.324837 -31.435146 23.184212
v 25.75061 -38.78366 28.431152
v 20.681694 -44.795918 9.116333
v -60.645317 69.60626 -23.851807
v 24.382996 8.579819 0.8207855
v -13.389488 84.02467 -6.5240936
v 58.301823 70.073074 -36.96254
v -50.48085 50.966064 -23.065598
v 59.383667 69.83403 -36.986115
v 24.108425 -16.657722 21.98293
v -30.730286 15.711487 9.341187
v 25.970451 58.505043 18.583351
v -47.214478 -47.139954 -0.6275635
v 13.540436 8.550415 25.75026
v 18.179543 75.542404 -0.8703003
v 52.803345 74.46307 -10.887085
v -50.839966 70.41699 -36.836426
v -61.40325 71.53382 -35.897186
v 23.063261 11.246994 1.5074463
v 33.445137 -1.0050964 3.2589722
v -13.921597 71.40566 -21.694136
v -24.808372 0.79378533 -2.182631
v -21.999996 3.38562 25.313587
v 23.860596 -47.097168 27.938538
v 59.73828 67.86011 -6.6325684
v -27.633545 69.963066 0.7698364
v 47.00332 49.805977 -16.813705
v -3.785675 6.6900253 0.071014404
v -41.779755 -6.9878635 -0.39711
v -23.694336 -51.172234 23.83664
v 56.464638 74.44042 -36.920265
v 22.871857 40.391144 13.534912
v -33.697643 -17.661547 -0.51048964
v 52.889767 55.2257 -21.784348
v -42.3042 67.043396 -25.334412
v -12.359197 78.683716 -22.289644
v -20.350494 36.338608 17.60904
v 52.579792 56.343674 -24.07161
v -20.769287 71.95355 26.042358
v 15.569027 71.640816 -7.59655
v 20.580078 67.75403 28.243896
v 57.80455 75.621796 -36.828094
v 19.821722 -3.023062 22.794994
v -20.25476 71.98236 -5.7355957
v -35.34021 -33.699432 22.311829
v -4.474309 6.0423803 7.647684
v 6.161339 57.17976 -14.092648
v -30.27472 14.951172 7.258911
v 24.462547 -37.43304 12.485237
v 29.080822 -38.852104 16.279327
v 13.015137 84.93823 8.4626465
v 45.659103 56.165794 2.089058
v 56.324066 76.500496 -36.869595
v -28.988739 61.540924 -8.904907
v -32.094254 -51.03294 4.2003174
v 2.041626 11.471924 30.267334
v 19.926285 -23.430546 5.1218185
v 39.813232 -53.533173 8.276855
v -38.28858 5.476982 9.441105
v 0.9440918 60.847664 39.31629
v 38.913837 64.387726 -11.321877
v -13.343979 95.338806 -24.781372
v 13.321808 -50.243103 21.363403
v 5.4590454 83.83046 -12.791687
v -5.240776 32.581467 33.500423
v -4.7342224 73.28906 36.359375
v -31.3125 -53.460228 24.229614
v 10.099243 5.745575 1.9699097
v -51.712524 77.400406 -36.31224
v 59.131958 78.390396 -36.828247
v 19.618526 48.41858 29.497948
v -5.040798 37.406578 33.04859
v -29.288269 -49.57596 25.71849
v -57.82975 78.38235 -36.277695
v 24.715485 -10.576757 19.335915
v -40.604874 -34.312675 14.399536
v 19.08046 -21.165825 5.3635254
v 22.763474 71.25289 -0.1966095
v -41.44584 69.00081 -20.782433
v 24.759377 70.733315 16.433258
v 25.64647 15.516861 7.3065186
v 18.773827 8.020119 25.220982
v -54.69384 78.613464 -36.45337
v 56.75952 62.857464 -26.679504
v -35.70343 -34.985733 6.5236034
v 27.612549 -28.962921 6.169777
v -39.39148 4.189931 5.439575
v 29.28064 -48.019653 21.71399
v 51.809425 75.98616 -15.439697
v 20.870028 91.43194 -22.42448
v -43.233612 52.308594 -22.623535
v 15.094463 -19.875992 11.357239
v -25.44275 -50.088745 25.604563
v -27.935547 -53.64895 15.335449
v -42.171844 52.048218 -16.070587
v 47.209595 51.553955 -19.642395
v 33.709686 60.140686 -7.3546143
v -55.85697 73.69187 -26.125755
v 0.850397 16.688017 -4.368943
v 12.815416 68.979614 -21.193787
v -27.466793 15.550034 7.1325073
v -26.00276 -28.380861 3.5243025
v 8.697338 62.80808 -24.506653
v 55.503143 81.79181 -20.486816
v -23.21817 -19.899826 4.5051575
v -34.54693 -35.406628 6.151165
v -25.149559 20.792637 12.60321
v 50.895813 69.15137 -5.713379
v -42.321335 48.58289 -2.5979614
v -32.854767 -50.058258 2.698639
v 7.782364 87.16864 -4.1053467
v -42.71821 -18.769426 11.371017
v -16.963135 27.899841 5.008423
v -28.534958 66.266075 2.15094
v -22.193787 -19.621918 7.008545
v 16.564056 -0.5437927 23.704811
v 50.23285 86.63855 -35.375122
v 49.94653 87.75067 -36.67713
v 10.392433 2.097107 2.7318115
v 23.222996 -51.721848 0.34172058
v 50.480194 88.372955 -37.02594
v 9.765549 57.2174 36.62896
v -13.449402 72.887985 -22.13623
v -10.08734 8.383524 24.599272
v -1.7577249 54.28826 -36.382042
v 4.2593994 89.60199 6.273834
v 51.685318 50.459545 -12.779815
v -31.598259 15.323311 11.513229
v -60.879116 68.65065 -25.07344
v 53.31374 83.19798 -20.503738
v -27.481018 57.119682 24.312561
v 7.5006104 80.92871 -24.489746
v 19.395752 88.00588 -20.687057
v -4.526497 75.20941 35.574463
v -5.191162 55.36913 -36.225464
v -39.112 -16.306793 17.556213
v 32.641075 -17.709227 10.679764
v -42.618454 51.307823 -18.322237
v -3.6584473 55.691025 -36.286194
v -2.98674 55.5739 -36.57779
v 31.237793 -50.80191 0.1329956
v 30.178833 -23.965637 5.007141
v -8.72935 87.61521 -4.4064903
v 6.1873074 56.3564 -36.52337
v 43.89044 53.561356 -20.485596
v -11.828684 -0.8144407 16.34491
v 30.55072 -35.42462 23.420288
v -1.1305237 -2.470581 51.45508
v -6.0517673 58.011787 -36.478302
v 17.512085 13.5720825 1.4934082
v -17.969574 81.634415 14.344574
v -24.176434 75.2932 13.94899
v -21.032959 8.526169 25.716225
v 17.124027 -52.133427 32.054527
v 7.70617 58.370922 -36.16662
v -20.384827 67.86005 -11.630615
v 21.767971 -45.003998 6.9435883
v -57.55461 58.739315 -36.593826
v -55.90905 58.72789 -35.84378
v 18.187407 -30.75492 7.927962
v 11.537537 78.01453 -10.052124
v -5.162262 85.806274 -9.5997925
v -29.721558 61.489273 16.18631
v -55.094696 59.106895 -36.13214
v -55.908485 -52.537277 2.754654
v -48.126144 -50.506878 4.1776733
v 17.106873 -51.65966 31.882645
v -60.382072 59.48674 -36.872437
v 27.162231 47.895447 -4.4559784
v 24.289444 -23.67395 26.537445
v 32.29487 -17.502548 12.017883
v -61.584263 59.842545 -36.924286
v 31.438675 45.76529 -4.529541
v -52.77359 61.156097 -36.26245
v 32.195374 -22.345276 6.5305786
v -25.869629 67.622406 21.526733
v -21.31529 -10.330063 13.973494
v 7.804077 61.730377 -36.582275
v 13.547546 0.39881897 22.491776
v -21.915588 57.772766 -12.270721
v 26.329046 68.33693 9.333054
v -58.81312 71.4469 -19.169067
v -1.837337 85.859436 -13.060885
v -12.757656 84.126595 -4.2925873
v -16.196472 68.744995 -17.262451
v 26.782349 -49.4364 24.193237
v 60.15155 70.16635 -19.486938
v -4.004944 86.37091 -8.906776
v 0.757884 47.362175 35.23519
v 1.197998 12.359863 30.35791
v 12.565577 40.00959 -12.201645
v -12.309082 72.51654 -23.975098
v -11.871399 2.6692505 7.1346436
v -3.09193 64.234436 -35.91579
v 60.607758 73.75549 -21.71991
v -38.30237 -29.741272 20.81897
v 14.630676 4.4646454 24.082481
v 25.818176 -7.8832703 19.88562
v -44.426575 55.594025 1.8460693
v -39.48752 -37.023254 18.721802
v -18.888882 -6.209358 17.7957
v -40.641285 -5.3468657 5.408478
v -27.539398 13.491119 3.212326
v 23.110346 16.495016 7.310225
v -28.422974 9.613159 23.940735
v -52.54062 53.621094 -12.710327
v 19.046253 -8.434302 20.149895
v 35.146267 -3.1293488 5.5981903
v -62.509136 65.72109 -35.80742
v -21.53211 93.115074 -27.309486
v 33.828575 64.3799 5.225067
v -22.812408 19.006287 4.890442
v -17.67006 40.159885 26.793732
v 60.84127 67.00937 -22.311256
v -20.566895 71.21364 -6.7558594
v 31.607994 -29.737415 14.517964
v 58.01509 69.70508 -36.120483
v -27.373665 -43.95841 22.672173
v 59.18448 69.3634 -36.017487
v -45.432877 65.391174 -8.659668
v 15.648193 68.65918 -14.570679
v -23.519327 74.64988 -1.8805561
v -11.358639 85.841095 -26.103683
v 31.245605 -52.47046 0.795166
v 0.24596214 11.623875 -3.180643
v 61.68736 70.70662 -36.806087
v 23.700134 -46.38336 4.279236
v 17.795563 -8.099609 19.541534
v -35.197754 -24.502289 1.5697479
v -18.769777 86.48975 -23.292763
v 29.126038 -50.661926 2.4492188
v -25.045166 16.74435 6.7238464
v 56.345146 72.37785 -36.497803
v 3.5495758 56.400276 -20.214424
v 62.523132 72.67105 -36.18866
v 10.0013275 80.128815 -24.126587
v -1.446373 47.544098 -11.752216
v -41.067642 -14.11849 11.359222
v 27.984253 45.06082 -0.14422607
v -4.376007 14.640503 29.730637
v 26.287231 64.2959 -2.5733643
v -60.259647 74.51057 -35.95191
v -42.223656 -14.580452 8.508514
v 20.37796 43.772522 -6.896118
v -24.22644 -49.500916 16.41858
v 23.529194 -25.293793 3.9747925
v -27.283813 -7.954071 19.387375
v -23.465744 -37.421074 18.25074
v 37.63385 51.048584 9.787598
v 56.077354 74.419785 -36.440247
v 18.833649 14.961128 2.7870483
v 35.641464 -48.982437 15.15361
v 55.413055 75.52884 -36.300262
v -12.275197 85.576355 1.964471
v -39.997707 -37.912148 16.440094
v 30.82727 -46.497223 4.701416
v 24.670578 44.20874 2.9415894
v 57.093384 75.52524 -36.887375
v -6.55233 54.834007 -14.079445
v 61.195194 75.47347 -36.328674
v -39.05693 52.49543 7.909233
v 58.959564 76.06529 -36.373016
v -15.092213 72.11662 -16.909561
v 60.016953 75.95632 -36.729553
v 16.1632 -36.553406 13.305119
v -17.887688 71.361496 -9.760437
v 16.36464 69.71228 -12.352727
v -36.118073 49.29184 -12.639832
v 26.34388 -30.346092 5.96611
v 45.020973 55.2444 -21.763004
v 3.616529 84.791565 -8.616177
v -24.574188 -17.309677 5.1977844
v 57.82498 76.24169 -36.56142
v 32.681446 -30.04273 16.125229
v -59.462234 76.04645 -36.48401
v 23.6523 16.620111 7.5240936
v -10.944578 16.78085 -0.8187461
v -45.29756 48.19522 -7.398346
v -51.2312 -51.00641 3.5937042
v 58.186737 76.97433 -36.74176
v -18.67186 64.490234 33.442627
v 6.584464 87.329056 16.332699
v 32.001495 45.39528 -3.1105957
v 29.351677 -29.988266 7.7566986
v -1.2810211 2.402298 27.519028
v -53.25223 71.48157 -18.276123
v 7.5881615 5.9309998 2.3606567
v -55.9397 78.40903 -36.421997
v -29.11895 62.6407 16.916473
v -8.724633 8.407689 23.463873
v -19.590015 7.6743965 0.042251587
v -24.24878 17.598999 6.595215
v 49.705627 69.15552 -5.80896
v 18.057312 64.41968 -11.971008
v 31.337862 -30.683968 13.050459
v 21.315338 95.58243 -24.216797
v 10.494324 17.659119 26.3107
v 20.375397 10.265533 24.13385
v -29.598614 68.699394 5.5670967
v 22.624813 17.046095 7.220544
v 48.531433 57.97345 -25.486694
v 54.819466 81.04153 -36.40769
v -24.79535 -7.3467255 19.584442
v -35.03244 64.1916 -11.462097
v 44.358475 49.384422 -14.796829
v -61.310497 58.66131 -24.673569
v -13.747437 31.7631 28.327637
v -31.081146 -35.17813 23.062317
v 20.92752 20.38578 8.830994
v -6.473633 20.952457 -4.784073
v -21.752388 7.979353 -0.6784973
v 33.481873 -20.686369 9.510281
v 47.0103 63.136024 -21.155533
v -1.4830856 66.293304 38.692764
v 8.731445 34.361847 32.553833
v 17.499233 46.78772 30.525238
v 31.464233 -1.9204025 17.37439
v -12.013062 16.674507 27.482605
v -23.036926 -6.966049 19.795502
v -25.606125 -37.684246 9.183426
v -20.58363 90.82102 -25.3569
v -15.155945 24.80925 1.713562
v -33.8275 46.043575 3.579193
v 53.208374 87.44049 -37.03064
v 12.747253 -3.8457184 3.5658722
v 11.706055 90.923706 -20.18872
v 16.900452 -10.785645 4.616577
v 24.17853 -28.099281 5.363636
v -2.6614914 53.50583 -14.779846
v -22.339272 24.800175 16.701447
v -39.58008 -48.577576 -4.0754395
v -38.044556 58.146423 8.757874
v 0.33841324 54.305374 -35.451538
v 1.4255219 54.047432 -35.798706
v -29.115082 60.532734 -9.093018
v 2.182742 54.241413 -35.999023
v 17.20514 76.57273 3.956726
v 40.972813 64.2371 -13.70887
v 28.215254 -51.088528 -6.133232
v 20.140503 69.27415 -1.4799805
v 15.014922 -11.236271 11.314285
v -24.13324 20.48529 7.9819336
v -34.147762 -47.094658 23.34295
v -3.9885712 55.31192 -35.53882
v -40.874138 -0.80916214 6.087181
v 13.27063 34.153076 -6.8427124
v 2.2654572 55.448864 -35.213364
v -20.935272 -0.096847534 -0.73513794
v 15.808994 75.81189 -5.122574
v -42.9842 57.801033 2.851931
v -5.784149 -4.7111263 47.41887
v -10.793396 23.5411 30.575378
v 30.221882 -8.425944 -0.462954
v 5.664187 56.37259 -35.69122
v -5.4051514 56.931824 -35.990417
v -61.848026 66.46313 -26.822838
v 10.432648 76.450775 32.073822
v -7.6876383 88.90768 -2.2543945
v 18.82022 16.96806 3.0186768
v 29.96991 5.961548 2.3305664
v -20.828817 -11.056434 11.026085
v -24.772837 -43.16784 18.358547
v -28.253357 -18.565903 1.8843536
v -35.133545 5.23172 0.72769165
v 47.019516 58.118713 -21.412605
v 14.450558 -10.375946 15.402948
v 0.58723 9.212884 -0.537491
v -19.34742 80.96079 15.5868225
v -56.190765 53.174877 -23.531784
v -12.624939 75.54407 -22.811768
v 29.922329 -44.79884 9.323059
v 16.420929 81.12111 11.274689
v -53.32402 59.8441 -35.735077
v -5.9512024 22.69329 -4.844701
v 60.17505 63.934814 -6.4541016
v 1.2583466 89.33417 -7.48053
v 37.984467 63.023857 3.0759277
v 59.008125 59.395985 -22.035507
v -26.999146 71.48506 6.15683
v 33.84851 -0.5797119 12.697693
v 11.136887 78.12537 -11.3098755
v -61.623352 61.53786 -35.741028
v -38.29887 47.19242 -4.4671326
v -19.372797 -9.544539 10.927919
v -9.223306 8.6468525 25.993534
v -40.642925 -41.844395 13.745121
v 34.863293 0.7042234 9.387669
v -62.336456 62.79732 -36.33716
v -7.764221 62.528748 -36.666138
v 7.498354 62.321815 -35.51692
v 35.75638 -52.50119 14.848511
v 29.447083 47.431763 -5.6129913
v 9.259689 20.421377 -1.1313858
v -34.513996 -13.958569 17.453926
v -19.83191 34.89915 5.776188
v -18.574547 40.63954 27.329391
v 3.1334636 12.107641 -0.39626503
v 38.098022 56.33539 10.043579
v -27.94806 1.6010132 23.666641
v 56.83824 81.40454 -22.947449
v 26.579918 -6.577434 19.841806
v -1.0841522 14.971591 29.835941
v -19.032116 -9.424969 11.372431
v -30.118713 15.971893 18.025177
v 13.799408 65.48712 -10.343597
v -62.06076 64.226 -35.466125
v 23.092407 -2.2583618 23.153793
v -32.41709 15.489487 15.216248
v 16.088928 81.59537 11.624268
v -45.52307 56.387207 -25.375
v 18.38034 69.90604 -3.2554626
v -2.057251 65.6696 -36.07071
v 21.014175 71.28613 25.050476
v -17.054932 16.69989 25.84549
v 18.01709 40.81714 27.687988
v 23.060852 -51.835938 27.56726
v -16.558548 4.2159424 24.890488
v 50.251743 63.30827 -27.005245
v -8.240906 84.10493 -14.295715
v -0.18313599 66.213524 -36.400925
v 24.096329 -38.376392 12.836115
v 14.656494 67.75775 -14.792969
v 33.39666 45.775192 -3.8156433
v -35.534058 -52.907753 22.23108
v 60.357788 69.08743 -12.579834
v 24.548878 -47.55767 3.086602
v -61.643967 67.2442 -35.39203
v -22.0442 75.098465 -3.875735
v -24.577942 -8.999908 18.136078
v -61.547176 68.44131 -35.659714
v -28.636135 -21.675064 1.3867245
v -50.076385 68.4841 -34.852966
v 54.045574 70.071045 -6.723816
v 20.615067 19.804476 6.690399
v -54.300156 51.861057 -20.870945
v -3.3397217 69.87991 37.684113
v -29.231903 46.304424 6.4076843
v -44.17395 56.96956 -23.420227
v 61.045498 69.93691 -35.97606
v 26.751831 -5.6843643 19.918137
v -24.403206 -45.377174 15.676758
v -24.992767 56.72873 25.819626
v -38.675537 -1.9889679 0.43579102
v -47.42169 50.481888 -23.589844
v -27.506414 10.348403 24.42502
v 34.394627 -13.971176 2.962494
v 42.69667 50.03078 -14.905407
v -55.71971 53.38406 -17.012142
v -8.609467 30.869385 -6.9973755
v 62.316696 71.534996 -36.36209
v 15.70636 -24.874208 23.851288
v -4.631388 5.718985 15.288673
v -15.940445 96.63534 -26.727646
v 20.385742 -52.491364 30.859741
v -60.473907 73.168365 -35.825195
v -31.585327 64.915985 5.3016357
v -10.967911 32.540085 -4.9343567
v -47.821342 50.05698 -5.572006
v 16.612381 -18.187004 10.279327
v -43.276398 61.56256 -24.23053
v 32.350616 5.043007 5.161194
v 60.318546 61.928547 -21.974539
v 56.15101 73.940956 -35.286774
v -0.5485077 15.757538 29.976707
v -21.01104 -6.201065 19.832916
v 11.850818 -26.318853 15.432533
v -21.935303 71.08504 24.728912
v 28.499756 48.717316 -5.215912
v -18.863403 67.14427 -14.241089
v -50.94394 75.661 -36.1994
v -23.719513 -47.077057 17.477081
v 21.844036 45.95791 -4.401451
v -33.191406 -27.910954 23.332674
v 22.649567 68.71066 1.0132751
v 18.127329 -50.821987 31.851107
v 50.603455 75.763245 -26.189331
v 13.760888 -53.271683 25.685669
v -24.61566 -40.6984 12.091884
v 16.860962 76.77048 -1.5558167
v -16.428747 -6.669599 11.075341
v -25.835243 4.1966043 -2.0972111
v 6.5149536 8.8396 26.017822
v 60.195923 75.99179 -35.83728
v 25.882202 45.8125 -0.9291992
v -26.229502 -31.008728 21.707718
v 9.831299 71.64212 -24.811035
v -2.0223162 6.129921 0.40683746
v 17.794752 75.874886 2.052246
v 55.152283 77.08229 -36.203003
v -46.6798 -53.226086 5.9352493
v -18.253849 35.859848 -3.5955162
v 54.54516 56.651085 -23.394485
v -53.309723 77.77725 -36.248413
v -1.7885895 49.43551 38.76646
v -18.39801 16.734985 25.246765
v -15.097417 80.98231 -21.356678
v -29.49886 -22.935871 21.826223
v 24.065262 -2.4200134 22.734146
v -33.155823 -11.360039 16.370453
v -43.99852 -51.54965 -0.5213928
v 54.762325 78.17314 -36.101982
v -31.516464 -46.81308 24.65953
v 47.771805 69.81915 -6.1046753
v 59.137756 72.15015 -14.449341
v -36.155697 49.922653 8.4628105
v -57.448334 78.31123 -35.818268
v -24.930422 52.713547 -9.201141
v -41.31642 -27.096786 13.094696
v -41.0752 -15.779675 2.940878
v -60.78118 56.85918 -19.213707
v 33.813065 -53.228424 8.831268
v 54.737923 80.42034 -35.918682
v 12.008331 3.063095 22.491959
v 16.07977 81.45324 17.379822
v -33.091675 -45.16232 23.421738
v 17.621159 7.700491 -0.6981549
v -43.370087 65.492615 -24.29718
v 52.650085 84.02936 -21.870361
v 52.704834 83.24414 -35.364258
v -0.039024353 62.53949 38.878265
v -40.39257 67.65264 -22.091625
v 10.155869 73.36749 -23.84784
v 34.518433 -6.3602295 11.054291
v 1.031394 -5.03722 41.574516
v 15.151428 -52.459244 18.133362
v -9.470545 62.34368 -17.539555
v -3.568859 -6.06793 48.65245
v 7.762158 60.341187 -24.996796
v -34.47576 -15.664958 -0.27118096
v -20.163902 35.88736 -1.6511383
v 45.765076 52.45125 -19.790771
v 9.8489685 75.32486 32.348618
v -25.392914 55.906006 25.067688
v 52.11149 75.985275 -16.778564
v 23.09552 4.3935738 24.635178
v -7.1200104 84.65625 26.052673
v -24.485611 12.851724 24.226633
v -22.654968 -1.524353 23.570435
v 1.3117065 16.444504 30.419655
v -16.294739 91.9079 -21.38446
v -50.42276 -48.62936 8.720978
v -44.682182 71.40608 -27.309011
v 0.3874054 26.29065 32.33908
v 0.71939087 83.82596 -20.276886
v 5.063843 77.17444 -27.648193
v 15.758175 -9.281149 17.819935
v -9.110809 7.443596 22.457085
v 2.3243828 54.55821 -35.79666
v -15.015007 -5.373871 11.346001
v -27.19593 -35.411346 6.3885527
v -14.858398 82.27588 4.277588
v -61.29519 67.41517 -26.732983
v -22.789663 -52.03976 23.156158
v -4.499773 55.342346 -35.515648
v -13.864868 56.47319 37.326393
v -0.5370598 26.300842 32.390472
v 17.487854 1.061367 -1.2140045
v -20.143328 31.587053 8.821671
v -11.542511 7.0122986 24.01471
v 18.977951 -8.21006 0.032325745
v -10.382507 92.13522 -26.643799
v 9.685303 50.4834 -13.713867
v 33.117157 -23.83667 18.995544
v 5.3522797 55.989567 -35.88392
v -25.265179 -6.8533125 -0.48056602
v 5.2819214 56.697113 -35.26819
v -16.22937 75.45422 -8.109375
v 6.786685 2.5047085 16.37019
v -26.791016 9.788712 25.096924
v 18.958923 22.742065 7.705078
v 4.5052185 24.054443 31.516663
v 6.170334 57.791946 -35.489685
v -6.3594055 57.198326 -34.80936
v -4.132324 16.66101 30.356049
v -16.989399 80.40764 3.0281372
v -7.710205 86.148346 -27.17279
v 20.754395 40.52182 24.390137
v 7.653244 58.05964 -35.11693
v -21.07315 23.031101 7.3082275
v 6.9985256 84.00284 -15.67865
v -57.688595 58.591354 -35.316772
v 60.859364 67.461006 -23.854395
v -17.019394 -1.9147949 21.943573
v 11.393631 53.0343 36.3244
v -48.341206 60.27952 -3.061405
v -19.178295 -5.238159 20.30059
v 29.592651 60.131348 14.007202
v -7.8803864 59.1924 -36.422394
v -16.341606 80.28196 1.3137817
v -15.466614 74.26619 29.784912
v -24.850754 70.69995 -2.2194138
v -16.896729 43.121613 32.66797
v 31.494934 -51.62204 -0.20501709
v -39.246582 -4.2460938 11.885254
v 33.92273 48.85218 12.067347
v -4.497864 78.34595 -27.060608
v -60.874146 60.36393 -35.626446
v -57.216354 55.6425 -13.977669
v 24.392426 -0.05505371 23.31842
v 26.413847 -32.533524 7.8910294
v -22.477448 64.01349 -12.300293
v -40.550354 -48.66027 -3.7832642
v -30.80267 -50.442043 6.453389
v -42.817867 -20.612415 8.170628
v 34.115417 -4.5980225 11.926819
v 28.330906 -50.531788 2.9989471
v 12.016113 82.85684 21.373901
v -8.33876 60.718296 -36.052124
v 50.215073 54.06215 -22.610733
v 11.971816 -29.091568 16.391954
v 11.137543 66.58301 36.176697
v 14.227531 -22.685074 19.872711
v -47.4263 55.566864 -1.2023773
v -51.160126 63.374344 -34.943848
v 42.210144 70.115265 -13.319405
v 6.0963135 63.03424 -35.618652
v 17.102478 23.764389 7.213257
v -62.10492 62.92187 -35.319
v 53.98857 79.04422 -18.242294
v -43.69998 48.121582 -8.367033
v 16.409424 23.40622 5.7559814
v 4.200531 64.106445 -35.19629
v 11.490921 1.6243744 1.3956146
v 20.778896 0.029021025 -2.3964863
v -20.248444 24.024567 7.616699
v 62.133423 63.90863 -8.917725
v 2.4127502 -0.6486206 39.773926
v 45.631603 58.861053 2.9671326
v -18.821304 2.29319 -0.2852478
v 14.799126 72.93704 -10.014816
v 26.3909 -33.50705 28.330688
v 1.1946216 39.575348 -11.232452
v -2.7025452 64.8833 -35.64624
v 29.301546 12.833252 15.503906
v 14.14733 80.58775 2.3944855
v -39.106354 -20.367485 1.7753906
v 6.6041718 70.53705 35.945465
v -50.746002 66.93921 -35.768005
v 16.339165 -16.750479 11.753075
v -22.821808 9.268436 -0.2251625
v 34.478317 -3.3237457 11.423157
v 19.07011 -37.778717 12.573639
v 19.501064 -36.548496 11.924728
v -37.93685 -6.386734 -2.4216156
v -1.214674 67.401 -35.58618
v -0.25684357 66.66852 -35.950348
v 15.132324 -43.404404 25.601822
v -36.718277 46.380516 -4.128845
v 2.4848328 66.45184 -35.586212
v 24.996254 53.80549 18.446663
v 14.400078 -3.6260986 1.1825562
v -45.235138 56.56659 0.1798706
v 32.9514 -45.76318 12.805485
v -11.880127 84.65369 -7.6145935
v 48.390244 58.786682 -25.77031
v -11.64817 61.833527 36.9901
v 61.13904 68.7339 -19.453028
v -45.849377 72.4461 -23.921951
v 22.184507 -5.8217087 21.287058
v -28.91925 -12.069254 1.0130005
v 31.134521 -22.360367 23.154724
v 45.05659 50.519657 3.95253
v 10.448747 40.743496 -13.306244
v -16.494385 -3.6035156 19.176987
v 17.92157 24.687363 11.284576
v 18.86612 34.86798 5.381958
v -18.919937 38.059525 22.898895
v 18.61549 25.243011 15.184204
v 38.470947 -50.5661 10.404297
v 27.838135 -52.26187 22.580322
v 25.839417 2.0897522 23.460754
v 57.196655 70.29225 -35.88974
v -34.602623 -41.802177 8.444427
v -33.019268 -28.422802 3.681078
v 14.269917 -36.861282 17.03122
v -61.04426 70.14892 -35.004898
v -1.7514801 -7.4801693 52.94426
v 16.784723 -0.560001 -0.896306
v 41.199333 59.666748 5.3514404
v -22.358667 9.42009 25.426445
v -28.105068 63.036438 -7.1953125
v -19.546423 25.14299 7.2823906
v 61.89703 70.64223 -35.73346
v -16.118742 39.656628 28.115541
v -27.008694 47.184414 16.848198
v -5.9907227 16.15448 29.71167
v -46.956238 51.921783 -26.269043
v -23.28424 -24.101898 3.534729
v 6.792389 31.541489 31.642948
v -19.633137 34.19867 2.6428528
v -22.061035 71.779755 -3.732483
v -11.373245 87.4738 12.594482
v -49.496788 50.252754 -15.753326
v -60.010345 74.246 -35.074585
v 34.02851 -51.328747 8.121384
v 62.426563 73.70117 -35.777863
v 17.68359 -44.179066 29.04946
v 50.59493 63.707123 -1.4412155
v -34.581978 47.049683 -8.191528
v -5.16413 7.549178 0.23883343
v 27.617401 8.028809 2.0865173
v -14.113312 66.56378 -21.316498
v 27.40905 -44.586357 8.450714
v 45.77133 59.831223 -19.40387
v 60.76451 75.95885 -35.163223
v -37.27661 66.09429 -8.090515
v -18.842356 -8.855685 12.929586
v 14.519905 79.55581 -0.24197388
v -40.03479 -52.161102 -6.9992676
v -40.31953 67.892975 -18.385353
v -42.452316 -16.856564 3.9235077
v -11.023252 13.194782 27.931787
v -51.592957 75.88597 -35.029083
v 18.068617 -34.01103 10.552048
v -23.303207 -1.9819183 -1.1481018
v -33.409725 13.610516 9.685242
v 15.1876335 -19.982819 18.776337
v -2.9733918 27.322075 -6.89955
v -58.356903 76.90045 -35.40497
v -44.40277 -44.335297 9.02066
v -29.869173 56.738064 16.678604
v -13.402161 9.84436 25.984314
v 5.9702053 40.766937 -14.031374
v 54.33914 78.30704 -35.37439
v 26.755371 56.715088 -6.390625
v -39.342438 56.96591 -21.33133
v -32.687744 -50.16594 24.540161
v -56.38502 77.93118 -35.54405
v 39.274864 54.65267 -12.872971
v -15.096542 66.67279 -18.259003
v -21.5709 4.26437 -1.4132557
v -8.003723 35.00418 -9.773132
v 55.148 81.26094 -35.57139
v -52.858948 61.128044 -9.936157
v 57.753113 82.04361 -36.1214
v 22.465736 50.43123 25.251476
v 57.185303 82.04639 -35.461304
v -59.850433 71.244385 -21.556692
v 26.978027 3.9297485 -0.40066528
v -42.060814 -19.558647 3.581482
v 34.48535 -0.94768524 11.11908
v -1.0216522 90.113945 2.0935059
v 28.69934 -2.699646 19.697876
v 43.81481 49.19954 -0.17228699
v -20.858463 38.80882 -4.6621857
v 25.22821 -34.648804 28.922852
v -34.249756 -1.8255615 19.49292
v -21.442078 61.765076 -13.647812
v -44.52791 60.018005 -0.048431396
v 54.18628 86.033936 -36.630127
v -23.323578 2.3883896 -1.8753815
v -48.328606 70.712006 -14.984009
v -22.990427 -37.09945 16.688202
v 54.76172 86.14258 -35.453125
v -58.58026 65.96759 -12.773193
v -4.6517105 -5.5183334 41.988075
v 44.422363 49.43074 -13.435974
v -36.21368 -31.175768 4.97934
v 56.228645 74.896095 -15.061829
v -46.99615 52.002533 -2.4597168
v 5.75737 85.72394 22.857666
v -22.10315 19.851318 21.539673
v 12.6094055 -52.41584 26.302555
v 52.181137 88.21391 -36.54947
v -31.24244 45.856663 -1.325592
v 52.9375 87.3916 -34.06543
v -1.395333 53.38376 -35.518673
v -30.423637 -13.387688 16.433537
v -0.966514 53.320526 -35.141388
v 11.232648 -1.961136 19.053728
v -1.6850071 53.37668 -35.051468
v 55.917847 53.949062 -10.448135
v 26.592724 -17.514282 22.187729
v 20.43103 71.59924 26.064209
v -33.877014 -25.450535 1.565525
v 2.0886507 53.598198 -35.15233
v 16.053017 -47.769398 31.362484
v -27.236847 -26.696552 21.960451
v -7.4300327 6.676201 20.897167
v -17.32434 89.306274 -24.821045
v 45.706604 72.79199 -19.460144
v 33.993256 -50.627197 8.499664
v -4.5399323 55.071083 -34.620186
v 8.958499 71.1337 -26.186043
v -2.81147 55.252884 -35.147232
v -37.734253 -38.228798 8.5473175
v -49.74955 74.03409 -24.61731
v -32.525993 8.765288 1.33911
v -4.802944 56.14315 -35.207336
v 2.9763641 55.856163 -35.389725
v 3.715683 55.85249 -34.812305
v 19.302856 -52.480576 31.739746
v 49.14357 78.01288 -20.66394
v 13.575493 -32.247795 22.565834
v 10.263058 86.62958 5.8740234
v -39.680145 0.37054443 11.530029
v 9.523615 85.39821 -5.1300697
v 28.174576 -24.809343 3.2322178
v -40.03772 1.313055 9.703049
v 5.7458487 88.7189 3.7587585
v 15.574726 34.154285 -0.045764923
v 6.607112 25.455595 -2.6936226
v 28.467499 46.70868 -4.5178223
v -24.460104 40.487232 6.045603
v 6.123188 25.819454 -4.6869144
v -26.569214 13.408447 23.151306
v 10.86071 84.7114 -4.273773
v -35.973267 -32.639282 5.1545105
v 29.016876 -40.884468 22.508423
v -21.145418 91.830574 -26.121468
v -42.0699 60.097137 -22.348328
v -6.889702 22.32956 -4.271406
v 30.237915 -10.534065 14.389465
v 8.63138 59.268456 -34.453903
v 6.388214 30.702942 31.537636
v -53.73753 59.21086 -35.15177
v 15.416496 -22.176163 21.545715
v -59.863804 59.772728 -34.640938
v -59.403976 59.616417 -35.37668
v -36.718353 66.35447 -3.7866821
v -2.4506912 0.10147095 47.32318
v -53.705837 53.08075 -14.046051
v -16.799683 22.217163 24.823486
v 25.198547 55.410225 17.991226
v -58.00406 72.08678 -22.72261
v 35.274292 62.121216 9.243164
v -18.659454 -7.0947533 9.651672
v -31.578827 46.862183 5.3760986
v 8.857235 31.954865 -4.981375
v -61.369907 61.98509 -34.80948
v 18.076385 -20.600725 6.1806946
v 28.32431 -36.95412 14.184586
v -60.083496 64.827576 -14.637939
v 14.294823 1.8750782 -0.3986702
v 2.7750092 19.495682 30.879768
v 11.02758 17.725079 -0.4866066
v -18.537764 27.954529 7.3660865
v -47.05423 63.10971 -4.522461
v 7.2161865 63.244232 -34.39673
v -41.475594 -8.422012 4.0358276
v -33.32727 -0.7316284 20.192505
v 42.981537 65.54437 -15.427673
v 36.363888 -51.959198 -2.7770996
v 23.46439 72.22073 18.747444
v -40.054558 -37.624664 15.178223
v 12.321019 -49.826714 25.147423
v 27.420776 -45.879547 24.244995
v -50.487976 65.64789 -35.032898
v 10.470808 38.54315 30.644714
v 3.725647 65.17439 -35.465332
v -39.673332 2.9575806 11.171509
v 0.26257324 36.58933 -9.899502
v 31.239471 -24.939606 6.0940704
v 34.214405 3.4451637 9.630524
v 26.368164 66.91368 12.799225
v -29.479546 61.166817 13.887207
v -24.86905 -17.220055 4.257782
v 8.70697 32.070686 31.204956
v -4.9230957 46.82605 37.91391
v -43.318565 51.543884 -19.412369
v -12.003662 0.7734871 20.05238
v -49.543106 50.395515 -20.162193
v 5.0295944 2.5673401 13.503832
v -33.138184 5.4570923 21.499817
v 15.585754 -44.066376 27.299744
v 3.5708008 66.642395 -35.06888
v 10.888916 79.93286 -21.59092
v -21.040924 8.752487 -0.4972458
v 34.369625 -14.139309 3.9911194
v -6.88933 8.455765 2.0948563
v -19.714851 27.494427 7.2390246
v 21.154078 -29.755379 6.8311424
v 2.5553284 67.27252 -35.34665
v 19.484787 56.444702 -8.237991
v 19.45935 43.999023 27.057434
v -44.00215 -52.731445 1.1408691
v -15.072647 81.43819 -6.776764
v 0.65190125 67.82568 -35.46219
v -48.76063 55.45379 -1.7272644
v 1.5286255 17.988983 30.092323
v 15.527557 28.513214 6.428711
v -21.92102 75.83588 -0.5999756
v 58.14396 67.811615 -34.659973
v 17.915428 -35.807175 28.582954
v -5.1773014 41.131554 -13.788044
v 8.872791 62.733685 -27.748741
v 32.096798 -45.087593 13.6214905
v -40.230083 -36.11223 16.781342
v -51.57489 69.5271 -13.7873535
v 31.983124 -21.476486 6.0433044
v 40.260708 69.03227 -14.087377
v -24.808846 12.849884 1.4569397
v -18.52236 28.587917 7.16064
v 13.888306 82.08389 5.7435303
v 46.663696 52.867767 -20.74939
v -4.8115425 -7.0842285 57.082336
v 48.116608 56.97763 -1.4949646
v -1.6644461 12.639737 -3.7490325
v 13.428711 65.90918 35.22632
v -23.856247 -40.556488 18.102036
v 21.405668 43.79981 24.332817
v -7.2163343 84.0712 -12.382954
v 18.602554 69.63096 -2.425476
v 10.969177 42.454803 33.14592
v -37.41626 4.5429993 1.8192139
v 56.24475 71.87928 -35.52057
v -42.889717 55.835083 -22.670181
v 15.252594 9.175476 24.91304
v -60.38086 72.49094 -34.60327
v -50.089607 73.69538 -35.4468
v -32.37892 11.538666 4.4136047
v 62.220047 73.97363 -34.530014
v -42.160637 52.291935 -19.688171
v 18.249146 -43.85379 15.03009
v -39.818718 48.1962 -9.474122
v 45.491707 53.58494 4.8900757
v -50.440845 74.40834 -34.85592
v 7.900696 28.350977 -4.471054
v 31.640188 -28.804323 14.423971
v 42.333374 69.99878 -16.981812
v 61.98516 74.8025 -35.349472
v -18.11245 29.064869 7.016918
v 24.000229 67.4095 22.106934
v 20.836998 3.5796342 -1.9006368
v 33.986 45.83014 7.307129
v -8.177603 5.996327 21.11487
v -46.347656 61.683167 -1.4423218
v 54.913086 75.51233 -35.18286
v -26.192364 72.03397 0.060344696
v 17.81015 57.492867 32.90451
v 22.218048 72.79468 21.808472
v 60.295044 76.53772 -35.161194
v 25.360855 10.186249 1.6319733
v -19.140806 30.588612 6.9486017
v 54.168045 77.37127 -35.1528
v 52.38105 51.442486 -13.887823
v -39.98615 -22.8264 3.4631271
v 9.402572 13.172137 -0.68501556
v -38.570473 -47.409195 -1.074173
v 59.785156 77.54401 -35.304688
v 26.624893 -46.967224 6.197754
v -18.916992 20.8479 24.543701
v -54.996735 77.9032 -35.17285
v -23.491858 -0.480588 -1.697044
v -28.319496 -3.6320496 -2.3631825
v -38.531525 1.5012054 15.014923
v -34.04712 -28.711464 22.948715
v -20.397552 26.016075 7.77137
v -2.9354095 -5.996872 40.140015
v -33.856255 12.996429 16.66095
v 54.67199 80.67268 -34.794254
v -59.154793 55.6782 -26.110472
v -2.6701813 -4.0173645 34.674255
v 10.533127 2.1592255 20.651657
v -37.497654 59.545334 -15.668579
v -0.09455109 27.12672 32.70982
v 13.955185 73.40019 -11.814697
v 28.541443 1.520813 21.024384
v -18.276817 45.06785 30.649384
v 31.557613 -46.95047 7.5434303
v -38.382954 6.5357094 10.7855835
v -23.887283 -36.136143 18.578857
v -5.1375427 -3.4472656 54.497925
v 45.661682 65.62529 -19.119446
v 58.55539 72.10727 -18.908081
v -50.8644 49.984795 -17.937855
v 55.138184 84.44849 -35.2771
v -14.963379 52.31665 36.483643
v -32.167053 65.82147 -4.81958
v 29.069733 -45.724224 21.933807
v 13.158096 17.186686 -0.19878387
v -17.0848 64.95264 -14.852112
v 53.941895 86.94409 -33.164307
v 20.521538 72.441635 -2.0886765
v 1.61026 52.681976 -34.340195
v -2.8080826 6.602556 11.5476
v -0.96660686 52.566917 -33.859737
v -0.24480629 53.648987 -33.99861
v -10.943909 3.2015076 20.428986
v 51.13244 76.34851 -17.566643
v 18.154072 79.373314 12.41124
v -18.25538 30.196033 6.8197308
v 23.22559 -37.360252 12.848694
v -16.373184 74.500244 28.428345
v 6.5257015 3.0227761 19.601128
v -2.1432295 55.114544 -35.17384
v 22.138245 50.585617 -6.488716
v -38.74762 -0.9546852 14.144562
v -22.896149 70.089355 -5.0629883
v 35.198357 44.949566 0.8898163
v -48.46495 -49.298706 4.8391266
v 2.0339744 55.00541 -35.00788
v -41.49021 -13.566513 8.323742
v 11.470134 -3.9299479 16.919697
v 0.98659897 53.503082 -14.917847
v -33.007263 -51.21407 24.587463
v -57.91577 66.969604 -12.883057
v 60.067596 70.56527 -17.999054
v 2.4824982 55.548485 -34.706055
v -4.7974663 56.41703 -34.346985
v 3.9078388 55.991726 -34.428654
v -5.0963025 56.818142 -34.871937
v 31.042343 -45.073914 12.353882
v -47.315323 53.170143 -1.9324512
v 16.566162 23.499146 21.354858
v -52.66838 57.472847 -34.873856
v 32.15127 -28.347952 12.777992
v -42.417847 -53.00676 -4.6411133
v -24.253948 -13.652355 8.843292
v -36.124332 -45.751198 1.378418
v -23.223663 10.288361 25.447952
v 7.0637207 18.8208 29.477417
v -9.449019 80.26381 -26.316914
v -7.934868 38.65477 -13.590523
v -19.766861 31.452936 7.7913437
v -49.422966 69.645386 -13.271662
v 8.413086 85.7404 22.012695
v 6.024685 57.668583 -34.731026
v -10.021963 82.12742 -23.217316
v 9.690819 64.75251 -18.10299
v -33.591187 -53.257965 23.537476
v 34.430786 47.08719 -7.775116
v -39.474457 -17.534897 0.86078644
v -52.135628 58.09137 -34.947933
v -52.485264 59.41901 -34.955807
v 31.964943 -18.63461 14.80098
v 35.542274 44.947132 -1.1058121
v -56.757935 59.013374 -34.27292
v 13.046936 75.61988 -6.050598
v -55.628323 58.87255 -34.76769
v -26.867302 -14.229633 15.219467
v 60.931274 70.56561 -22.419434
v -31.606522 -17.070051 -0.69377136
v -36.739624 65.11948 3.1711426
v -48.07099 51.877228 -2.6583252
v -28.15393 45.805134 8.965897
v -39.700317 -45.034317 18.416138
v 4.364258 40.158447 33.17035
v 14.442154 29.252554 2.8164368
v 9.818871 60.2399 37.10621
v -62.80813 66.130554 -20.103027
v 3.2845154 10.849365 29.194763
v -33.89142 -49.005043 0.6494751
v -60.458958 60.19607 -34.594612
v -42.72339 55.5439 4.006592
v 27.459366 -12.72599 -0.661314
v -34.397762 0.314383 -2.241628
v -27.942684 -40.48332 8.669357
v 30.827515 3.5923462 1.9231262
v -37.32984 8.543383 11.4640045
v 8.463043 61.336548 -35.200928
v 26.558212 -14.145512 -0.45170593
v 33.206905 -27.664986 17.94133
v 35.102173 56.993362 12.879181
v -51.702515 61.631042 -34.93744
v 32.229233 9.052554 11.174454
v 32.263733 -28.467682 15.71228
v -27.987244 -52.80255 25.681488
v -61.365257 58.35777 -23.57886
v 37.23381 60.386475 -8.34967
v 4.435932 35.613983 32.056908
v -60.46997 69.92848 -19.870117
v -30.945435 -52.45842 25.287964
v -32.03708 -14.443504 18.088974
v -7.6272736 63.27368 -34.19336
v -58.825905 71.50018 -23.314392
v -61.536377 63.571564 -34.319946
v 0.043273926 46.738342 -11.834274
v -29.207542 57.644608 17.96695
v 0.17401123 89.37183 17.542114
v 54.15544 85.62572 -24.070496
v 5.3184814 63.992004 -33.878906
v -36.339096 9.692688 11.478851
v -7.219925 5.6028566 20.121075
v -6.7109985 63.718475 -34.36145
v 17.931404 69.089966 -8.836121
v 32.73597 -18.52063 8.493172
v -30.459385 62.31031 14.851294
v -31.496796 -36.000885 5.7061005
v 9.38146 78.81262 30.585938
v -4.0075684 64.36932 -34.4541
v 33.88513 -6.9912415 3.3112793
v 50.380703 73.43591 -9.782236
v 31.154867 10.032777 12.042709
v 22.213184 -31.928665 8.999649
v -11.469097 65.71314 -15.30571
v 4.257126 65.802345 -34.64081
v 37.694733 61.962585 -2.517273
v -52.61316 74.4348 -24.803045
v 31.177874 -45.651546 9.340271
v -28.40603 66.274765 -2.830499
v -61.541702 66.369995 -34.434937
v -35.951683 10.780518 11.656982
v -2.8446655 66.144325 -34.817932
v 39.508545 54.088562 -12.293304
v 34.70302 -6.7563343 4.28656
v -36.053764 -52.10134 -0.87096405
v -21.040009 -3.360962 22.3768
v 16.919968 76.332504 3.4361877
v -5.504942 3.9587402 33.68347
v 3.850418 87.90025 -3.7323303
v 53.28486 51.78493 -10.084396
v 31.222803 64.92726 2.5194702
v -23.843994 -22.058914 18.399734
v 16.174088 6.4441833 25.10727
v 18.275795 35.396957 6.587036
v -26.248285 -38.86609 21.849224
v -44.578644 -53.08542 1.6878662
v 2.7196655 68.08359 -34.320374
v 38.51219 63.095123 -11.218933
v -34.50818 12.359642 10.923508
v 17.812513 32.1061 10.486427
v 25.434021 56.301796 20.169876
v -61.82289 67.95398 -33.99008
v -49.377625 59.88214 -6.79834
v -8.543213 19.803024 30.350418
v 30.81908 -29.917027 24.191502
v 0.5505676 68.47925 -34.63513
v 5.226964 18.602356 -2.0097413
v 24.200851 68.564316 21.22409
v 61.07936 69.02659 -34.96794
v 28.9234 -34.44928 12.442322
v 25.312054 66.932976 17.229496
v -10.605652 80.43359 29.495117
v -44.7511 -46.900665 14.052246
v 29.420197 -32.181824 9.915283
v -24.908596 -44.341953 17.653687
v 29.503784 57.950806 15.025879
v -15.582397 73.474846 30.949158
v -7.607028 88.41434 -24.68042
v 22.218369 56.942436 -7.7301025
v 9.987924 64.73314 -16.353241
v 56.52762 69.42554 -34.90341
v 18.381084 -4.616536 -0.85233
v -51.969013 73.15167 -20.425354
v 24.824371 63.348297 20.191803
v 16.66684 71.01611 -8.399536
v -43.416718 65.734085 -9.51828
v -54.378693 53.357384 -15.162566
v 43.556404 47.19349 2.3218613
v 29.080502 13.157261 10.965218
v 55.5903 71.1665 -34.414246
v -13.719666 74.07745 -21.327148
v 62.652214 69.32471 -33.489357
v 1.4113083 54.73396 -17.305145
v -50.061356 72.64102 -35.71826
v -22.558105 76.414795 8.338867
v 19.645172 -42.29541 29.390625
v 32.99001 -46.560196 16.07254
v -27.684845 8.439758 -0.94052124
v 53.71288 76.580475 -17.075943
v 62.615448 72.440346 -34.898315
v -52.300262 51.04033 -18.06073
v 30.359995 44.611156 1.6865788
v -34.1277 64.91302 4.321359
v -34.553223 45.719597 -2.5285034
v -42.514027 -44.272232 4.792839
v -42.309143 -53.444794 2.2869873
v 12.318787 64.13406 -10.787109
v 32.603676 -25.961166 9.649414
v -29.413345 -10.437378 16.448822
v 11.811835 -27.50662 13.938878
v -33.11917 -48.890106 2.5202026
v 33.19777 4.9722652 7.0471497
v 35.809998 56.049774 12.012238
v -39.90799 -4.7116375 1.6592369
v 42.37113 56.21982 -18.672073
v 4.680664 31.719604 33.12149
v -41.404854 -27.923409 9.15818
v -10.067444 74.01255 -25.978577
v 20.61944 89.77684 -22.204853
v 34.7023 -50.578228 16.805923
v 17.36444 68.69437 30.958252
v 27.535318 14.923656 11.764725
v -25.842735 -16.643204 3.816452
v -55.94892 52.953762 -19.431225
v -3.5568542 37.752014 -9.674927
v 47.471466 58.47763 -24.157959
v -9.089233 26.815247 31.562958
v -11.515472 9.397827 25.397156
v 19.44075 6.562958 25.245466
v -28.78841 69.431435 4.4416046
v -58.980347 76.05029 -34.846436
v -27.739288 -11.586418 15.60714
v 24.767235 63.741234 22.476196
v 53.939743 76.82643 -34.222656
v 30.732216 -44.88185 13.060913
v 29.114075 -27.269104 25.930695
v -57.18989 77.373505 -34.98224
v -11.394142 10.2621765 26.075424
v 50.31239 51.774475 -19.600586
v -9.236023 79.34087 -26.13737
v 29.647339 -47.60028 3.7094727
v -29.514004 59.258842 17.777824
v -38.805176 -6.0410767 12.505005
v -11.24205 37.636505 -12.788544
v 25.783417 16.686623 10.968292
v 14.149086 -32.63656 24.469967
v -15.554575 80.70955 1.732338
v -53.63713 76.97778 -34.513977
v -43.865593 -53.40342 -8.466572
v 0.14099121 81.37793 31.460938
v 3.456787 89.03331 -4.413574
v 30.10048 46.05986 -4.1138306
v -6.02124 -8.429565 56.950897
v 49.39026 78.52258 -25.473999
v -49.30542 -49.853455 0.82910156
v -36.04236 -44.582153 4.687744
v 2.342041 87.95355 -8.173737
v 59.729767 79.87884 -33.70923
v 4.8862915 56.02832 -26.63208
v 56.279297 82.55609 -22.532654
v 19.410439 -33.8983 9.870399
v -9.637703 82.23502 -8.299515
v 56.224304 81.54645 -34.75464
v -33.73243 -33.820908 5.7519493
v -27.742096 12.350342 23.796448
v 0.42611694 28.205704 32.602905
v -37.999237 61.27747 -17.389729
v -38.737976 -48.94159 -4.0252686
v 54.388885 82.680374 -34.914658
v -40.711456 -24.445015 4.8913574
v -11.368355 4.2944794 22.035126
v 55.23967 82.823944 -34.49408
v -46.527615 48.97702 -7.0341263
v 45.423737 55.91655 4.953186
v 24.557625 2.021286 -2.3359776
v 51.1239 84.75922 -34.698364
v -9.994925 79.27258 -23.998684
v -38.055607 -12.194542 -2.58358
v -19.001709 61.305756 -12.2478485
v 8.6553 86.763916 -4.8461895
v 22.150253 -45.00673 5.6835175
v 50.780518 78.22394 -26.700073
v -20.276833 76.018974 4.40921
v 10.076378 79.58035 -22.177979
v -1.7821045 83.91333 -20.302124
v -13.059692 45.057953 34.775177
v -59.953968 70.27249 -24.683113
v 55.5213 68.25293 -3.968872
v -1.3931203 52.762054 -34.526825
v 10.207758 67.49478 -13.553997
v -17.366222 7.3894043 26.116142
v 6.4609985 56.528145 -13.758675
v 1.5361328 87.35205 22.518677
v -23.25577 -38.65886 16.776894
v 1.074707 52.53955 -33.463318
v -24.558517 21.262321 10.041199
v 50.917053 52.80517 -20.387802
v 40.38672 56.878967 7.954895
v -52.359406 50.39513 -20.274899
v 33.15978 -20.458153 15.670429
v -33.68933 4.323578 21.344238
v -2.3258877 53.311157 -33.261047
v 16.544525 86.21417 -18.84732
v -24.248535 -32.12813 6.255081
v 2.3561425 54.779198 -34.05565
v -26.938316 71.902466 1.2354126
v -26.867413 17.972717 11.217697
v 0.93195343 84.66248 -18.152771
v -60.322826 56.998325 -22.070595
v -31.607918 -49.868797 5.565918
v -9.378147 38.35446 -13.523895
v 18.199707 71.18515 28.227295
v 9.060947 3.1012907 3.0300598
v 39.327698 56.90455 -17.011017
v -52.78839 56.795074 -34.44055
v -21.025269 44.99402 28.56018
v -40.58379 -37.041473 13.485172
v -51.732483 56.91062 -34.476105
v 57.90285 65.32475 -27.581429
v 32.40175 -27.061493 9.803131
v -10.39323 86.49373 -2.576355
v -28.098007 68.40062 2.5418854
v 61.713737 66.3066 -18.817047
v -20.109564 -3.949025 21.561808
v -46.207275 -53.542114 12.182129
v -40.272324 -9.8640585 -2.5528488
v -5.254691 56.93572 -34.283752
v 4.7002735 56.610817 -34.155342
v 28.564697 7.234955 20.331055
v -25.782898 10.278381 25.452301
v 33.922825 3.6033783 8.615387
v -41.867012 -13.567905 1.038681
v 56.030006 54.2359 -17.322868
v -40.654854 -5.9634933 7.1954117
v 22.573864 18.109207 11.868774
v -14.5399475 39.78232 29.67965
v -53.907654 57.156998 -34.277863
v -52.945457 58.798798 -34.980103
v -9.66322 80.3865 -23.787773
v -6.4781523 57.8437 -33.984062
v 29.290503 7.76757 18.979872
v 7.805725 83.61928 -14.44104
v -43.42859 -53.006668 15.718079
v 28.770771 -51.62343 -3.8588612
v 23.320892 -44.71797 6.1033325
v -7.0352974 58.69223 -34.28656
v 33.21344 -10.130661 4.594452
v -43.1867 65.571594 -3.8361206
v -55.918556 58.946323 -34.275646
v 34.258423 -15.70816 2.9482422
v 9.045202 38.265434 30.997307
v -35.5683 2.3411865 -0.4111328
v 62.645935 62.66784 -15.974548
v 14.495239 33.37671 27.147583
v 18.149902 63.011475 31.981934
v -7.0772905 58.751427 -33.16829
v 50.389175 62.692192 -1.2685661
v -32.35219 -16.555016 -0.6667557
v -52.435364 60.15482 -35.01947
v 27.99353 -32.11383 26.554993
v -2.2486424 11.326916 -3.3719673
v 8.77743 60.29825 -34.831924
v 22.095825 18.632006 11.828018
v -33.266724 10.956856 20.215546
v 28.864624 9.057175 19.632263
v -21.118576 -3.3546066 0.20359802
v 3.2054837 17.298424 -3.0995283
v 7.8494234 0.72227764 15.316308
v 22.241499 -51.100864 2.426042
v 23.231812 -21.75638 2.8732605
v 26.256256 2.4992828 -1.8231506
v 12.789461 82.294106 -2.8382568
v 24.162075 66.8526 20.660843
v 18.843887 -49.80419 7.347229
v 49.056335 71.23016 -22.786865
v -20.166218 29.303345 8.276886
v -2.2162323 8.130249 33.546265
v 6.808324 2.708256 17.757126
v -39.41546 55.37195 -19.64392
v -2.6248693 8.222078 -1.441577
v 11.142929 2.794016 1.6194
v -6.83284 80.82146 -25.556808
v 50.304268 55.704384 -3.0603275
v 51.0968 72.4718 -8.538086
v 21.247948 21.221611 11.137085
v 4.989685 12.394897 27.44638
v -3.9553223 65.029236 -33.407898
v 11.7083435 66.770966 -11.332306
v -41.698326 69.201004 -22.519094
v -39.344543 -38.810387 10.450958
v -42.810455 66.420204 -8.3133545
v 33.754395 57.822784 -7.572754
v 21.857864 40.94944 6.3343506
v -47.489258 -52.95282 13.278564
v -3.8755226 -6.545349 47.299507
v 28.029175 -50.76602 23.125793
v 18.625402 -32.201424 9.044895
v 5.7855835 25.515167 31.740578
v 30.900604 7.0891266 17.75
v 33.44034 -4.6526756 13.653931
v -39.139217 -47.881157 -1.5191956
v -48.899902 67.16377 -33.582245
v -50.914467 52.27408 -27.219025
v -0.14889383 89.661865 7.934143
v 3.5872192 67.542175 -34.092834
v -3.3112736 68.20155 -34.208992
v -2.3527374 67.53699 -34.591232
v 28.083832 10.677353 19.640167
v 23.19754 42.025314 7.4890137
v 21.536804 16.29103 5.596817
v -1.3002625 68.28613 -34.710876
v 22.351433 14.026825 3.1202393
v 26.403107 11.5449295 19.69342
v -15.15491 81.05851 -2.6627197
v -15.29459 33.049377 -2.153862
v 58.84545 67.404236 -33.78676
v -28.119812 47.60904 -4.228882
v -23.775635 42.376923 24.199707
v -5.260708 27.21127 -6.4327297
v -58.586292 55.455914 -21.223825
v -26.361458 42.695625 7.6889954
v -25.898727 69.07347 -4.029297
v -4.880432 40.38495 33.822342
v -28.572685 65.76122 4.918561
v -36.863316 -26.917114 2.6426392
v 13.093863 -32.126945 14.360748
v 19.03151 74.97467 1.8237305
v 9.384178 89.22882 -20.828003
v 14.406158 -7.7472286 17.896034
v -12.788086 82.149414 25.623047
v 17.467503 83.543205 -19.847317
v 0.075805664 7.9727783 33.262512
v 15.438865 79.04259 -2.318695
v -49.64749 70.25634 -33.839417
v -32.148407 14.430796 10.064056
v 21.717009 42.40889 1.5875587
v -26.06517 -14.393305 13.569519
v -4.7123413 69.92798 -34.56488
v 22.40091 2.6065674 24.632095
v -1.1932983 69.67297 -33.948975
v -13.60194 75.22989 -17.229527
v 37.18992 45.218697 1.5553894
v 16.43457 27.533142 22.506104
v 20.393654 -30.68341 8.265068
v 56.75474 73.92297 -13.27832
v -32.876587 -48.13266 3.6463623
v -41.445618 -22.94281 5.2232056
v 16.649113 -40.94291 16.968506
v -55.487053 52.6784 -24.276506
v 6.8712997 87.97837 4.999069
v -12.680786 94.39746 -23.496704
v 51.36029 69.87244 -6.6019287
v -40.637817 -33.28618 14.968613
v -22.009716 -24.227142 14.917643
v -22.069641 24.226948 13.662109
v -42.53955 -50.906693 -0.19499683
v 40.32394 64.24063 -6.3031006
v -13.884737 4.371353 3.4369507
v 31.308846 -20.549294 4.4839478
v 17.539024 33.247757 6.697235
v -5.7033844 70.63208 -34.5717
v -5.431044 71.20633 -34.35663
v -32.22873 13.364159 19.088959
v 11.137451 25.921295 29.76648
v 19.866394 -12.5011215 1.2970276
v -40.503525 54.00724 -21.521667
v 31.057678 55.424004 14.9158325
v 2.9375663 0.54104614 32.124603
v 25.950275 44.625317 7.73674
v -22.997944 6.790209 -1.5582018
v 30.26886 58.203835 -5.862213
v -49.522522 73.493256 -34.081947
v -40.410187 -34.03476 17.534576
v -8.733276 15.927734 28.566528
v -34.646667 3.3377533 -1.1947021
v -26.76355 11.169556 24.536224
v 21.723267 67.6456 -4.5769043
v 2.1862888 8.520416 2.513733
v 51.27289 78.68771 -18.894775
v -27.76643 45.097576 7.360695
v 20.753418 47.565536 27.610474
v 7.3804855 29.001749 31.757584
v 13.008894 -32.31007 20.663399
v -0.8652499 -6.414629 46.389744
v -34.570515 46.870743 5.394348
v -59.934006 73.8697 -33.817444
v 27.041752 45.04648 6.957947
v 43.116684 50.022232 4.8609085
v 54.01953 75.08862 -33.909058
v 26.226318 -48.2601 -0.34594727
v 10.726532 83.68646 -24.65152
v 18.733269 51.31613 30.510262
v -30.969326 3.1219482 -2.060379
v -54.70508 72.650055 -21.047852
v -59.10028 75.33215 -34.36548
v 45.48935 54.811066 -22.003021
v -6.144075 85.19125 -14.014958
v -27.44194 -18.393692 2.1390915
v -41.383293 -29.707264 15.436165
v -52.84191 77.13664 -35.305603
v 55.275715 53.693367 -16.297104
v 60.621212 76.17256 -34.68315
v -48.62671 61.721558 -6.9492188
v 15.678345 20.588379 23.910767
v 10.930481 68.87402 34.81366
v 32.531494 -53.69336 17.963867
v -2.4585419 18.357265 30.317299
v -31.800903 -1.632843 20.85553
v -57.081657 76.801605 -33.828064
v -37.11322 -3.5618744 -0.8786316
v -37.38788 64.70978 4.0045166
v 22.183777 13.406982 20.17395
v -19.701782 89.20593 -25.207947
v 60.92566 77.37311 -34.28662
v -11.206726 70.5571 34.478134
v 60.24591 78.57814 -34.34906
v -31.724426 14.069069 19.349548
v 15.589111 22.476624 22.680908
v 37.85022 60.87918 -7.6760254
v 31.962708 44.662743 6.4315796
v -53.6893 -49.28501 5.0861206
v 54.258827 80.70049 -34.294792
v 32.992798 45.553833 8.057983
v -26.798859 46.158478 16.287292
v -20.9198 10.58136 25.641205
v -11.384491 -1.3732986 12.258957
v -30.613548 14.630711 20.069773
v 59.089127 80.63133 -33.269966
v 54.764923 81.06884 -34.193848
v -3.6663322 86.36441 -11.899109
v 56.2601 81.008354 -33.80139
v 18.346802 28.236832 11.334396
v -17.586517 34.170685 1.269989
v 44.00621 51.577087 -18.028442
v 15.999863 37.87182 -7.131378
v 43.72277 47.702614 0.9668274
v 4.5709076 78.09418 -26.105164
v 16.76654 67.898476 -13.322266
v -24.158066 70.6488 -2.9983826
v 7.799309 4.0888214 22.464676
v -45.058624 51.118774 -21.69104
v 24.545654 71.07373 5.713379
v 52.636383 81.97583 -33.62628
v -42.055946 -21.404896 12.818325
v -38.532715 55.338158 8.859375
v -36.6261 8.708588 14.414612
v -49.109512 -52.74836 -5.0820923
v -21.231812 92.94287 -27.606812
v -38.174423 62.053413 -15.5414715
v 20.549116 -21.758698 25.527504
v 25.690117 66.20678 18.339275
v 55.793945 84.7666 -34.20874
v 20.70372 69.20438 25.74527
v -5.1657715 21.1546 -5.3419456
v 41.45903 56.778336 6.5286713
v 55.55391 85.90627 -33.009796
v 4.807743 57.016014 -21.80053
v -19.879726 29.417885 10.300713
v 20.939095 -45.77481 5.1576233
v 25.301598 69.76074 9.264099
v -6.79438 56.268074 -14.9253235
v 51.553802 86.57367 -33.50302
v 37.369385 58.631317 -9.549698
v 28.675972 -28.014832 5.7126007
v -32.19467 9.713623 2.3844604
v 15.566532 79.088875 -0.6097107
v -11.601913 59.461517 36.82987
v 44.810272 58.200165 -18.624512
v -1.6541595 51.800934 -13.433014
v 7.0877647 86.8812 -2.801422
v -31.501701 -30.594349 2.9509888
v 11.98191 -6.670999 13.260981
v 30.866196 -4.0447464 -0.6103363
v -41.3562 -16.64814 3.007141
v 57.063404 55.29344 -17.34076
v 0.27694702 53.685867 -33.922882
v 12.2208605 -7.876877 13.904015
v -20.736832 -27.963455 9.659866
v -27.263794 61.13501 -8.569702
v 2.1578262 54.302383 -34.63195
v -14.708019 82.723694 -2.3727112
v -4.000168 54.172546 -34.190002
v 17.811089 -52.967106 12.871246
v 12.555176 85.21872 14.693359
v -8.118683 83.69031 -13.282471
v -28.504274 16.0811 19.172363
v 6.6052856 82.92041 -8.407349
v 3.731104 55.488785 -34.115524
v -27.857407 70.91333 5.925049
v 20.40857 77.118286 11.478027
v -51.444164 55.79919 -34.013454
v 37.048615 63.058685 0.21051025
v -59.735233 56.57245 -19.577606
v -45.681637 -45.82464 12.307663
v 18.188705 32.27321 11.807343
v 18.647888 93.7531 -26.906158
v 25.071926 68.020905 18.823761
v -50.70659 56.21225 -34.099716
v -20.937195 -26.920708 8.476776
v -55.326614 56.74938 -33.709763
v 35.60189 46.15074 7.2431946
v 18.923218 96.322266 -24.182129
v -10.253021 0.6001816 13.149796
v 29.3815 -36.552944 25.335419
v 0.9196243 31.278198 31.723572
v -27.319153 45.07956 15.180908
v 18.069012 4.825058 25.312855
v -4.7000637 57.04834 -33.49511
v -0.3084116 23.038557 -5.780981
v 37.084488 -53.286354 -2.6014404
v -6.7842484 8.836586 26.59433
v 14.442993 24.546204 4.2749023
v -37.12091 56.62561 9.227905
v -34.251404 -44.15271 6.5473633
v 6.8652744 57.85441 -33.880928
v -55.23665 58.598053 -34.30271
v -43.997704 50.29274 -12.584487
v -7.3349 76.01315 33.80847
v -35.42449 -2.7914047 -2.2543583
v 39.89976 45.57657 0.22763062
v -1.2667542 -3.666504 33.889404
v -34.238182 -12.346008 -1.2770996
v -32.935913 3.6272278 21.712769
v -26.35933 -15.7208395 4.121826
v 48.75383 76.99701 -21.105225
v 22.647583 54.119995 25.52221
v -41.231018 -46.79599 1.9682312
v -22.034363 -7.281845 4.2422485
v -15.212313 -5.158059 16.248835
v -16.116308 76.15557 -6.860202
v -17.937408 75.73535 27.3302
v 23.026031 8.661942 23.791
v -24.820744 41.829956 14.761963
v 34.909004 -52.178368 3.2058563
v -60.92108 61.101967 -34.288925
v -59.56973 60.28214 -33.080215
v -2.121338 -6.324127 43.46106
v 20.527252 43.7854 25.753174
v -43.337875 -51.959995 -5.686184
v -19.46289 96.463745 -26.458008
v -39.28836 0.04636383 1.7742615
v 4.92984 37.225483 31.598007
v -33.68363 66.279396 -0.8672333
v -49.19091 55.66089 -2.8785553
v 14.091307 -9.017484 14.916096
v -24.009502 45.771713 -5.43779
v -5.607044 4.184349 29.603485
v -50.22757 62.231567 -34.200317
v 8.095825 63.172943 -33.039062
v -41.31787 -25.808655 17.333252
v 29.223297 9.700745 5.0425415
v -18.548054 86.40276 -23.656406
v 36.555252 46.952972 7.398041
v 33.45565 -19.684225 9.33671
v -30.477083 -3.8482578 -2.13974
v 33.48468 53.963806 13.9661255
v 19.119751 20.186401 20.15039
v 42.027557 46.218185 0.5768738
v 31.231781 -26.192772 23.659363
v 15.903809 -30.93077 26.06607
v -9.5086975 88.76813 -19.060974
v -61.358154 65.190384 -33.191467
v -32.91954 10.094635 3.9395142
v 4.5934143 64.50025 -34.3468
v -30.35675 46.684357 5.616577
v 29.968506 65.022156 3.7484741
v 26.125584 62.51704 17.92785
v -30.184082 -44.94587 7.9694214
v 18.710022 50.91031 -10.738403
v 47.7341 62.85141 -2.1511078
v 30.521095 -36.2312 17.984497
v -1.4273376 5.118408 36.42285
v 2.8876953 47.755737 -13.262146
v -3.6801682 66.12314 -33.80516
v 4.489212 66.65392 -33.438446
v -61.253998 66.50011 -33.492126
v -49.78889 49.853474 -18.506907
v 34.401886 46.762695 8.444824
v 37.621647 45.45218 -1.0875549
v 36.43068 -53.0955 -3.174244
v -11.653809 28.474152 30.227295
v -3.431427 81.03012 -23.62439
v -41.578068 -50.424515 -1.0169392
v 18.49002 -41.92318 29.077404
v -3.4531403 66.78905 -34.210136
v -22.617907 -37.46589 14.737923
v -4.750536 68.779236 -34.453262
v 32.026817 -18.538525 17.122849
v 13.614975 4.063594 0.13562012
v 26.553648 -52.489895 -3.1454563
v -38.275734 -24.013504 2.557953
v 62.29094 69.13214 -25.969116
v 21.954979 59.55832 -9.381714
v 29.296661 11.605347 6.729553
v -16.276077 1.0407295 1.9814987
v 16.316956 79.57837 24.01001
v -25.413147 -13.521791 13.868367
v 26.30008 -43.235 13.580139
v 49.560318 49.816483 -10.170074
v 31.307877 -33.94662 17.71994
v -28.999203 63.020218 17.778212
v 38.372242 -49.203987 9.193607
v -36.25731 -29.231155 3.9473228
v -61.570854 69.1963 -33.865707
v -36.446747 4.0949707 0.5154419
v -44.187523 71.42439 -22.797333
v -37.726818 66.010956 -7.076421
v 4.48349 10.045227 1.1759644
v -2.6937714 40.171936 34.189636
v -44.8584 -49.00885 15.024658
v -35.050415 49.79387 -12.531128
v 28.469482 -48.712646 22.562012
v -3.712471 90.62335 10.124512
v 7.242836 3.9157715 5.835907
v 0.953125 69.36511 -33.89087
v 56.16693 68.12012 -32.158447
v -41.0168 -3.812497 7.8155465
v -39.066467 55.09143 -18.44522
v -26.667282 15.925339 6.430481
v 18.300144 -39.29358 14.240395
v -10.374603 60.664513 38.01294
v 30.711296 45.064896 -1.5770874
v -30.317978 -8.901703 17.940018
v -49.754074 53.41783 -9.239166
v -6.8938293 70.99205 -34.013824
v 31.828796 59.409737 -7.0372925
v -4.5156555 70.790375 -34.287445
v -9.588379 57.378403 38.393982
v 9.875488 74.67886 33.275024
v -29.899998 13.378311 5.5750885
v 35.974792 -54.22187 -2.6626358
v -42.529034 -11.550835 1.4917374
v 4.6080656 6.75039 24.211807
v -49.814705 71.3954 -33.533234
v -41.700302 60.720352 3.25989
v 35.27037 47.879837 -8.2183
v -4.360565 -4.047241 55.292603
v -38.490234 -28.095947 4.364929
v -6.3709717 71.6499 -34.0979
v 37.77385 48.36062 7.40921
v 38.549744 -52.995632 6.173813
v -46.180977 -44.745922 8.370285
v 44.324913 49.016754 2.381012
v -19.39537 -8.077568 15.468758
v -14.976074 96.15521 -24.689575
v 32.80034 50.3793 13.099796
v 39.451767 48.874275 6.8088036
v 34.873383 -7.160721 5.38797
v 22.742916 6.647077 -1.241916
v -5.5334625 72.15051 -33.63513
v 29.774353 -35.35617 24.649658
v -51.142426 51.22513 -24.553192
v 62.74254 73.49084 -33.493713
v -25.014286 -7.22212 0.01745987
v 6.0342712 78.397736 -24.724724
v -30.436829 -43.27761 9.079178
v -39.489807 49.82544 -14.652344
v 44.438213 51.474518 5.167328
v 10.896084 84.020584 3.1863098
v -7.5602837 60.33115 -24.77771
v 12.974403 -33.144634 16.768795
v 3.574524 31.146454 33.265198
v -40.53543 -44.51007 3.9084167
v -46.21869 -49.122894 14.180115
v -36.487877 -24.677399 1.908165
v 58.13672 63.993896 -4.494629
v 29.418854 -23.378052 25.207336
v -21.043198 26.256424 17.718323
v 60.784893 75.482605 -34.129204
v -11.558838 66.18671 -17.416016
v -36.940918 -7.022522 14.652832
v -50.235107 57.126415 -7.600647
v -57.59546 75.67786 -33.101685
v -52.128838 75.712395 -32.83336
v -40.372448 66.234375 -8.40773
v -1.7501831 71.93262 37.231445
v -38.125816 -32.05468 6.166031
v 35.914948 -53.285583 1.6459961
v -20.381287 25.69403 20.213745
v -16.21584 66.54955 -16.768017
v 27.69461 -32.617393 8.343384
v -18.233452 78.298325 -2.820427
v -55.794052 76.79797 -33.854736
v -26.082153 73.699554 13.078186
v -9.204766 1.3487549 13.753616
v -21.999601 -35.2245 14.270868
v -5.92424 74.518555 34.997437
v 52.518112 53.882812 -20.758896
v 45.486053 58.612656 -19.722916
v -27.81237 46.39379 13.930092
v 10.509213 81.584946 -22.499481
v 52.448967 68.90936 -6.3546143
v 53.906853 79.82239 -34.017654
v 16.727783 77.48242 25.870117
v -35.057495 6.993164 18.80127
v 19.230957 10.9440155 23.323395
v 54.23887 81.41841 -34.134563
v -38.9287 65.56667 -21.065575
v -11.055313 54.46277 37.885803
v 13.364214 -8.015603 15.887772
v 53.92781 83.924484 -21.53415
v -5.0259895 -5.634182 46.722736
v 39.00126 61.77798 -14.115963
v 23.693893 72.8658 12.717331
v 33.191605 -19.383799 10.124011
v 54.790955 81.675514 -34.22986
v -52.950405 51.06467 -21.659624
v -12.765442 32.37715 29.430054
v -32.743805 66.07523 0.99072266
v -30.106354 -8.727272 -1.1555557
v 25.173086 59.782745 20.399734
v -28.998528 51.49533 13.185776
v 21.74115 6.4706726 25.338524
v 52.25409 82.6393 -33.72101
v 0.03853607 55.113403 38.878784
v -43.43228 -50.69788 -0.35375977
v -18.408173 64.883545 -14.837151
v -41.133865 -31.425543 15.865189
v 12.422863 -5.9177647 16.684525
v 38.74115 62.507935 4.2091064
v 26.133667 -15.98278 -0.01241684
v -39.815594 57.584892 -22.001585
v -24.178818 75.95439 15.4178505
v 40.648376 56.588196 -18.201843
v 15.540924 -49.659676 31.861523
v -11.391785 80.59748 -17.782501
v 0.29336166 6.3790207 12.86499
v 16.603516 73.57031 -4.0218506
v -2.3347301 89.01499 -3.5621147
v 59.999084 77.209236 -23.36554
v -36.306854 -42.30375 8.469513
v -0.16519928 52.672913 -32.97235
v 9.457241 1.502327 4.236023
v -41.0915 -48.966064 1.1315384
v 51.215332 51.825073 -18.462952
v 18.412762 33.766205 13.954224
v -18.2859 77.94838 24.414368
v 17.609987 42.634987 -9.627169
v 2.1697783 53.14048 -34.343994
v 25.64383 64.011475 17.460693
v 57.34262 56.361313 -17.801971
v -40.21869 64.88861 -0.80114746
v 1.3435936 89.804245 -6.4552917
v 58.21704 57.940704 -5.6208496
v -38.296936 65.64601 0.7167969
v -4.210226 53.99565 -33.218887
v 2.5392761 54.034027 -32.207977
v -42.24501 60.501038 2.1920776
v -3.0144114 -7.720029 52.279327
v -16.62207 65.57056 34.59619
v 8.124809 81.89702 -25.392838
v -31.625458 -49.49408 25.299332
v -18.422821 41.351494 30.586182
v 13.491818 -35.105507 17.085945
v -9.618413 81.627304 -14.266184
v -47.4709 54.17923 -28.73352
v 15.816284 14.524139 0.5894699
v 32.710114 -30.077503 17.65599
v 4.323305 55.85028 -33.223206
v -40.185135 -41.26686 15.739868
v -31.948612 -4.29009 -2.6299891
v 28.300903 64.22235 -0.1809082
v -10.950378 75.48776 32.511475
v -9.008143 28.034445 -3.5083256
v -30.514587 9.345398 23.450317
v -53.951694 55.368683 -32.77832
v 28.86997 -42.497433 21.406296
v 10.286743 22.497013 0.54405975
v 19.167084 -53.042923 27.200378
v 32.411896 47.496277 11.38678
v 1.6113434 25.97882 31.64484
v -50.19306 56.598488 -33.704956
v 5.7924976 56.896618 -33.623413
v -24.35573 11.381714 25.096222
v 39.733337 50.12362 7.403366
v 16.221037 -17.620865 14.254383
v -8.285767 3.5627708 18.091988
v -47.696907 49.65815 -19.586922
v -50.953663 57.268562 -34.177586
v 14.226044 72.61322 -14.488556
v 0.32095337 52.38098 -27.288574
v -40.344288 47.965134 1.0140991
v 11.020922 49.469788 35.65245
v -16.07965 71.05731 32.37738
v -44.0114 70.14569 -17.897583
v -6.6096992 57.437668 -32.849686
v -54.772064 54.082954 -13.790192
v -56.485596 58.7562 -33.66487
v -35.953922 -27.554321 2.986557
v 15.250275 70.415695 -14.219482
v 39.86496 51.597916 7.595398
v -15.521252 81.23766 0.35446167
v 11.426392 91.770325 -24.403809
v -57.699387 59.35209 -33.763577
v 8.032036 4.1287155 4.15876
v 25.847721 -22.770325 26.233093
v -17.747375 23.021152 3.8496094
v -16.125854 82.89197 17.848877
v 41.42424 53.528713 6.656334
v 11.940918 28.832277 -0.31854248
v -51.155884 59.283325 -32.787476
v -22.856491 68.05994 -8.502808
v 8.812614 60.239464 -31.883213
v 42.634617 66.017456 -5.6236343
v -19.667763 42.848595 -11.148323
v -35.663025 -25.936646 2.2554932
v 21.936863 17.303894 15.6484375
v 31.91626 -31.813843 21.10962
v 10.276363 79.6772 -10.640686
v -27.117218 -14.925751 15.819885
v -43.6243 58.48034 -24.322754
v 11.062065 4.1447945 23.046692
v -49.511078 60.925385 -32.983887
v -19.883575 32.490013 20.688232
v -22.04663 17.334839 3.3809204
v 13.86377 81.641014 -1.4285736
v -13.530247 40.2343 -13.6618595
v -49.5614 63.476456 -33.38318
v -40.112076 52.984207 6.9736023
v -28.422592 66.23469 -0.22912598
v -1.5751438 -6.61857 42.722527
v -61.2182 64.159065 -33.110596
v -22.701408 -19.13636 15.02536
v 26.440063 -35.27057 28.257263
v -1.2125702 84.98343 26.414673
v 17.392395 33.663208 21.63446
v 7.040966 83.21098 -22.089355
v 33.65936 4.680829 10.030884
v -47.872803 -47.995544 -2.1619873
v -37.967087 48.520885 6.0786285
v -27.822006 59.82837 -8.869446
v -41.742313 -19.921402 13.511688
v 9.142151 84.48871 -27.47705
v -28.888123 64.99192 8.067192
v 28.533936 -21.19223 24.99588
v 43.83258 60.032578 -17.297485
v 35.172966 49.049282 10.738796
v 5.1795044 64.6149 -32.672363
v 9.387695 36.146507 30.110474
v -49.038208 65.81732 -33.295044
v -10.730261 80.4486 -16.306343
v 31.127617 -10.034943 12.542297
v -6.10901 84.45148 -12.33242
v -4.1226044 65.6405 -32.72711
v -4.528595 89.47742 -6.2869263
v 58.954666 80.95889 -26.342499
v -33.266464 66.43654 -2.220337
v -43.816696 64.77423 -2.734192
v -29.58728 60.987213 13.210449
v -19.24628 88.01794 -23.665764
v 21.336597 -38.61597 13.071789
v -6.805298 81.5708 -25.17041
v 4.869583 67.76363 -33.37224
v 25.785835 -27.582302 4.1661415
v -25.994751 -12.477066 14.585632
v -1.2285461 61.2406 39.279762
v 40.022278 53.508 8.293518
v -61.3936 58.33392 -26.028128
v -27.322365 -16.769524 18.468185
v 16.600662 38.762184 27.299942
v 25.16497 4.914337 -1.4254837
v 39.080017 49.3291 -9.757324
v 19.916668 37.233818 6.890686
v 6.352173 23.994476 31.158966
v -2.5722866 78.26071 34.246246
v -38.498344 48.038544 4.1181793
v -49.957283 52.58905 -11.599243
v -16.755981 37.043167 -8.257263
v -30.652443 -26.658566 22.911245
v 9.893829 83.905876 -6.9984665
v -47.779423 50.171207 -4.2226105
v 6.4154243 68.64667 -33.632954
v -29.927504 66.75552 10.032677
v -12.211261 53.9805 37.11864
v 25.542913 65.67136 17.591183
v 4.4466057 68.48945 -33.45091
v -15.484208 83.15039 -22.308605
v -5.768738 -7.10141 52.71982
v -31.04776 -53.372402 7.4069824
v -41.4203 66.15221 -13.595093
v -40.897095 -49.60736 -6.5429688
v 30.678005 50.467377 13.890261
v 17.95671 36.666023 20.510529
v 56.6266 54.94411 -14.412901
v -21.945557 56.743896 30.702759
v 30.328156 -22.40118 4.374181
v 35.41835 50.748474 11.195618
v -12.826424 6.1679573 2.6570206
v 56.932743 54.844334 -16.363234
v 42.845 60.123154 -16.53656
v -11.974432 78.01337 -20.40266
v -37.95511 -17.449797 0.23602295
v -27.36856 54.91514 -9.590569
v 59.06665 76.10672 -21.118652
v 2.3435059 24.064259 -6.410632
v -11.874451 9.0234375 1.9152603
v 16.425781 95.04321 -23.095703
v 2.776001 69.20978 -33.69275
v 10.517639 37.183334 28.953232
v 36.007446 60.47119 -6.4748535
v -10.096191 25.24958 30.832275
v -3.1368256 69.73486 -33.744995
v -2.7252502 69.208496 -33.88611
v -17.295776 70.79547 30.773132
v -46.84929 49.063904 -5.590454
v -50.271797 49.95929 -16.621979
v -49.720825 -52.284164 0.7705078
v -13.0546875 30.199036 29.457642
v 0.731249 -4.457386 46.02458
v -14.240662 95.6249 -27.779663
v -7.639511 4.2789 9.519409
v -40.34655 -33.353725 9.586342
v -9.892181 33.106506 -6.050537
v -60.467285 70.5459 -33.60486
v 28.0784 -44.521255 21.962463
v 19.437317 38.920647 20.314575
v 12.143885 -28.666855 14.557884
v 36.80696 -48.685013 10.525847
v 48.994835 53.240112 -21.468506
v 20.784498 75.78612 18.845764
v -36.514107 66.21729 -1.2624435
v 59.87532 59.906746 -20.987991
v 33.20036 6.0957623 9.198624
v -39.12664 -25.821259 4.0414276
v -7.622673 71.49632 -33.210663
v -38.21645 46.873566 -1.4265442
v 4.8329163 76.27353 33.927124
v -7.249817 72.033264 -33.36035
v 47.623627 64.033356 -21.592865
v -60.14444 71.54956 -32.937256
v -32.82437 -27.348175 3.064682
v -0.048614502 88.801346 -3.9153748
v 16.443459 0.80121803 -0.64395523
v -3.0634189 86.200035 -13.106232
v 19.296661 42.22289 25.599792
v -59.67685 72.24594 -32.678406
v -6.637148 72.326485 -33.36413
v 11.245331 81.684525 -15.827026
v 55.438965 73.3288 -34.14856
v 33.04535 -46.41863 14.899979
v -36.99234 6.3248596 16.679321
v -49.79412 73.81079 -33.513397
v 22.376812 39.719463 19.606718
v 25.037811 -25.317444 27.136566
v -12.738068 66.11078 -17.391846
v 21.711716 93.829735 -24.065811
v -29.801819 -50.60122 25.731415
v 9.475296 60.17952 -12.783936
v -22.248047 40.80915 20.369202
v -58.218018 74.96826 -32.698486
v -23.596497 11.996002 25.124268
v -34.505768 -46.450974 0.84103394
v 13.846161 69.06969 -16.40213
v -51.43695 74.53382 -33.230095
v 12.260439 75.719345 -8.950737
v -28.01355 70.72281 1.7990723
v -20.024185 60.066772 32.907425
v -19.078094 59.01017 34.358948
v -33.364323 45.976677 -4.226776
v -36.456562 -7.182229 -3.0784278
v 20.380188 18.57843 5.2003174
v -26.395569 -44.53341 21.970337
v -49.02645 49.954933 -18.97629
v -34.97632 61.24536 8.531006
v -54.945335 76.2383 -33.0528
v -28.802498 68.979385 9.399811
v -18.877808 28.369476 23.27539
v 19.001228 -22.647488 5.453697
v 14.5586605 -44.603554 24.208427
v -15.044526 81.06356 -21.91978
v -10.861428 86.455215 1.1841431
v -19.616503 56.007988 -11.534447
v -0.8282013 50.62314 38.84845
v -32.878906 62.028183 -12.056824
v 53.87097 78.796936 -33.49109
v -25.944193 50.907623 -8.348297
v 22.722168 70.514084 -0.2304802
v -42.39653 -18.884533 9.5200405
v -40.54773 -51.974228 17.39038
v -24.123707 73.399475 4.604004
v -8.637246 26.27739 -3.424242
v -61.6477 57.14976 -21.339264
v 34.172733 -22.348206 10.29303
v 20.630493 75.645996 21.51587
v 53.41565 80.67016 -33.68837
v 23.659275 50.62979 -6.35791
v -41.809834 65.895935 -10.707924
v -29.843899 59.816116 19.050503
v 56.169662 81.25694 -33.426113
v -39.568115 58.213806 7.4345703
v -34.877563 -41.103962 8.482598
v 57.798542 81.244125 -33.415527
v -41.896072 -53.417835 -8.647614
v -34.28705 54.575195 10.67453
v 55.55237 81.80447 -33.62845
v 59.328915 80.23004 -26.832031
v 23.055054 10.4760895 23.458145
v 33.35553 -23.045475 8.815735
v 23.929657 70.17575 1.5856781
v 57.350998 73.78016 -15.686844
v -44.139038 -50.49997 -0.69555664
v -48.38539 -51.13366 4.3922615
v 51.58277 83.88298 -33.423775
v 10.062939 61.073586 -12.290459
v 30.99437 11.196854 13.675842
v -53.993313 51.34823 -22.253502
v 28.841139 -38.49787 14.63641
v -48.21845 51.05417 -24.454956
v 14.894485 5.02884 -0.07076645
v 29.478073 -37.29757 15.802063
v 10.285225 66.135864 -18.211365
v 51.165497 86.13115 -33.755127
v 41.526215 70.486565 -15.976814
v 31.689629 -31.63327 17.151627
v -28.138123 3.8507385 24.728302
v 36.7834 56.111526 11.370616
v 14.837952 34.448357 -4.8483887
v -28.5271 64.957275 -4.67334
v -0.15863037 57.056183 38.892662
v -51.03601 -50.469543 3.543457
v -31.214783 -47.510635 6.4851074
v 41.40455 68.89512 -10.819756
v 13.526391 -8.4588585 12.190376
v -3.5503616 52.916763 -32.15959
v -0.57053375 9.886475 -1.4641113
v -15.079971 75.66106 -10.981325
v 13.544441 -21.865225 14.318371
v -30.977692 -3.2993164 20.624908
v -10.288439 83.70613 -16.14502
v 54.958923 75.64265 -17.087463
v 3.7704773 54.412464 -33.286064
v 3.009695 54.578827 -33.313995
v 52.962654 76.182945 -14.938385
v 4.2883186 54.775066 -33.188786
v -37.69577 -16.532867 0.33700562
v 4.185894 55.241455 -33.250072
v -12.922134 39.72239 30.580696
v 51.194653 83.48707 -21.793781
v 18.743454 -36.31537 29.481522
v -52.992767 55.516296 -33.045624
v 13.594971 -52.00851 29.804138
v 17.875732 39.732437 27.473083
v 7.9804688 55.838806 38.233643
v -36.758163 -30.517921 22.166565
v 20.089504 90.2873 -22.614868
v 49.630795 61.94877 -25.196175
v 23.306307 44.366196 19.484438
v 20.492271 91.03546 -21.976135
v -54.887924 55.471943 -32.545135
v 10.583618 82.019745 -26.267181
v -27.214916 46.486404 -1.7896118
v -41.21276 -30.979942 17.16568
v 20.846283 74.15167 7.5464478
v 19.848083 77.60898 20.400146
v -21.641075 14.816711 2.1116943
v 4.699032 56.422424 -33.03853
v -0.9758167 89.15004 16.249664
v -14.593567 29.24266 0.88816833
v -16.279778 55.94452 -12.000687
v 32.68045 1.6471405 3.5693665
v -51.59259 -48.710205 4.2073364
v -6.1948833 57.360535 -33.207977
v 19.32618 -29.848083 28.221054
v -33.628784 -9.372589 16.113983
v 20.605762 90.40234 -22.282757
v -39.867188 55.707382 7.6262207
v -33.654907 -48.453064 23.979614
v -42.931698 49.40402 -1.4446106
v 23.266909 8.376037 0.014918
v 14.049138 -0.480808 0.466774
v 8.196946 58.693542 -33.149506
v -24.56845 14.596985 23.334656
v 24.615479 -53.10479 7.1455994
v -13.019798 84.39316 2.8101807
v -57.664337 59.063736 -33.123474
v 14.38916 79.91081 2.988922
v -8.29332 59.630486 -33.46382
v 26.718704 -12.19183 -0.7224407
v -58.785717 59.832764 -33.12777
v -13.555738 79.8206 -21.55315
v 9.801987 85.94278 1.0195312
v 32.841553 3.4623184 14.248474
v 29.670319 0.21915054 -0.39013672
v 25.403824 51.679134 -6.110626
v -49.082367 -52.415535 6.20146
v -27.002197 48.206894 20.594055
v -25.766403 58.1062 25.565018
v -4.6453857 34.45105 -8.775085
v -19.716919 25.053223 21.683472
v -24.67216 41.00126 8.853897
v -42.33034 50.581757 1.3675766
v -8.794771 61.46566 -32.88092
v 35.89496 58.017456 11.52063
v 3.0252361 4.2042418 28.3796
v -9.311028 62.245712 -25.777435
v 22.984512 -20.373577 3.1113663
v -59.998516 61.571915 -32.569412
v -48.181915 73.84718 -26.99231
v -18.899345 6.6625443 -0.11139488
v -51.95557 -52.61972 -6.115074
v -10.654419 76.930084 -25.786377
v -18.595703 21.568848 24.466309
v -8.488724 62.752472 -33.035034
v -15.850834 75.06193 -10.413849
v -29.408432 64.58142 10.165527
v 23.608385 50.3479 20.144268
v 5.3853416 25.321198 -5.3150024
v 20.67575 66.636856 -7.979492
v 11.275627 47.781555 34.915146
v 49.66972 72.83688 -8.698059
v 19.7323 41.652695 -6.062958
v -47.523926 65.035065 -31.651306
v -17.860886 46.1951 32.590088
v -43.174393 57.996357 -22.633224
v -28.606628 69.09754 15.333725
v -3.6223755 7.5889893 33.00769
v -13.561167 65.81842 -21.668427
v 49.43071 50.150497 -8.939606
v -5.863037 64.44112 -32.91693
v 29.487122 1.1730347 -0.42959595
v 12.108154 43.07701 -13.464478
v 34.92932 59.95642 11.493286
v -42.22496 -51.67845 -1.8494492
v -25.291992 70.14966 22.035889
v 3.502121 56.05912 -24.35048
v -2.9574785 -5.832899 44.207905
v 14.232254 79.99742 -0.06591797
v 31.648193 -48.6868 18.623657
v -4.215186 66.30098 -32.64303
v -33.2229 46.88452 -6.539551
v -24.844177 52.44185 26.29866
v 14.932472 -7.4634705 3.5493393
v -5.0477867 67.29404 -33.07564
v -16.302002 56.360443 36.26416
v 1.9494476 20.706287 -5.662285
v 22.77668 -26.608276 27.475006
v 0.96517944 53.864685 -22.771973
v 14.762695 11.624268 25.452148
v 5.1787224 67.22847 -33.065094
v -23.243744 -17.465763 7.6242676
v 58.25382 67.16301 -33.25421
v -21.751053 -22.340614 5.439865
v 21.509613 -41.86358 14.356201
v 34.794067 61.17224 10.999878
v 8.62645 81.072945 -7.6548615
v 6.3917994 68.03161 -32.954536
v -49.6008 -48.897614 -0.92041016
v 5.727188 20.239212 -2.1104202
v -37.93036 60.272522 8.004395
v -51.26519 52.092834 -12.704193
v -45.47235 52.732773 -25.444519
v -5.666527 68.84645 -33.400703
v -44.78418 50.185287 -16.966644
v -1.2557876 -5.2014914 38.23358
v -61.49185 68.22287 -33.26175
v 3.4187772 56.606304 -16.948093
v -7.0374756 68.98389 -32.7735
v -49.599823 51.71393 -12.835083
v -13.2135315 78.39998 -10.554077
v 61.70687 68.55742 -32.009094
v 2.215639 84.538864 -12.483582
v 18.72284 78.19629 11.570801
v 55.99662 54.13072 -15.407135
v 17.23236 -16.781006 7.9888306
v 30.404663 -28.743042 8.642944
v 16.080566 76.62866 26.80664
v -38.634583 64.346375 -13.3914795
v -30.745281 -29.136415 2.8606253
v -14.707764 40.328186 30.907593
v -34.140133 -7.6255083 -2.025135
v -7.5179214 53.89235 -13.283295
v 5.8216248 69.86035 -33.56784
v 53.844727 58.239685 -2.5198364
v 7.624523 69.56354 -32.905895
v -13.321693 60.26974 37.230984
v -26.213558 72.37816 14.124527
v 10.439743 84.33201 1.0610962
v -6.763219 69.97157 -32.96405
v -2.1369019 70.44458 -32.912354
v 13.023325 -47.392326 26.140778
v 30.390465 -33.83822 14.166534
v 21.155586 58.62921 -9.515961
v -13.014648 29.615822 -1.9373169
v 5.82399 83.34531 -8.294891
v -50.4153 67.83118 -11.615234
v -1.638977 88.367096 -8.598297
v 7.7351685 25.76167 31.412506
v 14.917297 79.91211 23.992432
v 2.6863976 3.7865305 14.761894
v -32.588318 63.861908 -9.983765
v -40.77002 55.475372 6.409851
v -6.178142 -4.0159025 48.52592
v 6.1563263 42.464615 -14.432484
v 33.065796 61.731445 11.720093
v 17.773438 52.167114 31.914124
v -19.869873 13.138367 25.249146
v 25.92891 57.933243 19.360214
v -15.701874 1.8890991 22.984253
v -36.49476 -52.95314 -0.21231079
v -55.859947 -52.518772 3.519104
v 41.443245 45.837116 -2.0561218
v 63.51802 71.85986 -32.94136
v 12.82143 69.28862 -19.992462
v -2.4730053 54.792336 -20.620438
v -4.048126 71.79562 -33.341614
v -0.6406326 -6.1800613 43.138504
v -29.692255 58.35395 19.345005
v 20.361572 -19.743713 4.873169
v -38.878067 60.06457 -22.00201
v -1.539917 77.935074 -27.203789
v 12.408982 37.971863 28.180504
v 14.633026 47.234344 32.556732
v -39.43976 65.29934 -0.00036621094
v -4.1214905 4.8496094 35.4375
v 39.985565 -50.652542 7.526703
v -30.067204 65.56157 12.015946
v 5.575984 29.335249 31.62247
v 41.81934 64.10705 -3.6512756
v -15.401093 85.127014 14.112671
v 10.188384 66.14204 -16.954369
v 22.406418 75.191956 16.176529
v -44.28479 63.515137 -1.9260254
v 22.242577 -24.348911 3.3152804
v 18.742393 86.3658 -20.59032
v -42.40564 -46.326874 16.095703
v -38.703236 -45.37865 3.515588
v -56.083607 73.470825 -23.378662
v 53.812477 53.37224 -7.266075
v -38.88208 4.025955 3.7907715
v 17.624298 -40.09868 15.115326
v -7.707123 85.74368 -15.84375
v 41.884354 45.825634 -0.80132675
v 11.017853 63.09318 -12.378082
v 18.664856 67.57704 -10.762695
v 21.699463 69.74426 24.047241
v 60.845535 67.53648 -22.779633
v 25.95668 67.86332 3.0499878
v 52.736267 53.5141 -6.788101
v -41.903625 -53.290848 -5.0458374
v 49.790527 76.30554 -24.996094
v -15.980288 15.479177 0.3247826
v 53.411438 75.99744 -33.04297
v -24.42833 75.72777 12.773682
v -2.3848438 -6.3145723 48.70767
v 16.927654 -35.776386 12.2712
v 38.133236 60.61846 -14.561208
v 61.00746 78.46097 -33.178223
v 24.558075 68.654 17.419868
v -8.27489 28.095997 -5.205456
v 52.393677 80.77868 -33.115356
v 16.540283 83.597046 -19.156738
v 21.455353 -22.013428 25.646637
v 18.219067 38.186317 21.469131
v 13.249094 -34.948784 20.783535
v -13.1838455 43.134766 -14.73983
v 43.83522 55.293797 -21.101685
v -27.196419 70.451416 17.841553
v 12.298157 43.777424 33.276306
v 20.937866 63.56675 -9.697327
v 57.637024 81.27052 -32.45404
v 6.8101196 27.982456 -4.361145
v 2.0649815 -3.2514038 37.235912
v -31.022797 60.149006 -10.003143
v -42.107235 69.221634 -24.54087
v 51.93478 82.086945 -32.930264
v -30.06894 -36.274918 23.210175
v 18.091053 27.168858 16.425705
v -12.118103 57.69223 36.872757
v 51.720818 82.95758 -32.765625
v -20.836952 90.75628 -25.6954
v 51.59891 84.696846 -32.636242
v 22.68401 52.149033 26.92514
v 8.990936 56.661087 37.779144
v -17.341919 2.687149 0.9188843
v 13.150337 -47.187332 23.488235
v 14.88927 -43.98833 25.281487
v 51.57721 85.9367 -32.35924
v 52.115776 85.90701 -31.97934
v -3.1249619 43.25278 -13.253693
v -29.901001 -2.3109436 21.350769
v -29.58908 61.37094 19.762817
v 3.5230713 75.57733 35.387207
v -36.734253 3.2111816 17.368408
v -28.38147 62.644806 22.574951
v 49.355404 88.737015 -33.089508
v 49.462555 89.17303 -33.348045
v -6.760657 45.8438 -14.808639
v -44.064056 65.5271 -4.4344482
v 50.00232 89.79704 -32.914215
v 49.089336 89.9438 -33.031185
v 15.048523 -44.82943 19.09375
v 24.854399 62.46772 19.816881
v 35.06511 51.888527 12.478424
v -0.945369 51.97347 -32.626617
v 0.32266235 15.495995 -4.2181664
v 15.835613 -43.127125 27.358295
v 0.38023376 52.497864 -32.808807
v 42.727203 56.806366 6.1123962
v 35.061707 53.551224 12.845276
v -23.021118 53.103462 28.024475
v 2.1025825 53.265266 -32.224033
v 14.314606 74.06558 -10.271057
v 21.807846 12.791138 2.4790192
v 17.362732 69.2158 -11.7699585
v 11.985321 0.21027279 1.4521561
v -33.36386 62.515015 8.250122
v -40.962814 -7.9022217 -1.8395233
v 20.768707 42.255745 23.289032
v -4.1447268 54.834103 -31.436672
v 5.031372 87.701584 15.777954
v -8.425659 75.997925 33.39746
v -47.941254 63.9032 -7.901642
v 13.885938 -36.527233 24.52966
v 12.216202 78.03653 -21.321777
v 32.357452 8.700325 12.490295
v 11.13382 67.60318 -12.452454
v -39.54453 2.0245986 8.337113
v 44.17848 48.819466 4.0436
v -21.07312 63.300705 -13.887543
v -35.03308 -11.993015 -1.7909164
v 16.11169 77.52595 -1.8262157
v 7.657531 61.253757 -16.58456
v -4.2095823 56.061413 -32.682926
v 57.17279 61.420166 -25.684326
v -19.748932 34.603085 17.57544
v -37.45673 -45.204193 1.4649658
v 18.625376 11.190121 0.69430685
v -42.679688 -53.79457 -8.872147
v -56.573486 57.23927 -33.058502
v -10.805222 14.424622 27.556076
v 4.1619015 56.56096 -31.768787
v -41.35956 -10.475952 -1.4998169
v 14.934556 -41.068855 21.605747
v -19.187622 71.107056 -9.129883
v -29.576025 -38.207413 23.37519
v -1.272995 57.09368 39.42119
v -4.393159 56.3683 -32.456474
v -48.97838 -51.429066 5.116723
v -43.86978 56.680504 -22.880997
v -35.27301 -21.339355 22.738373
v 25.531502 64.66632 19.627258
v -14.449692 65.94211 -16.993256
v 13.05352 -49.49431 28.741852
v 21.539444 14.983154 3.5826263
v -58.329025 57.527176 -32.259735
v 18.490356 -38.86177 29.623383
v 41.011044 65.44618 -7.37323
v 5.615553 57.24328 -32.664368
v -22.074074 5.9563828 -1.1011887
v 19.553146 23.052872 9.327148
v 48.958664 50.49585 -16.60788
v -5.078726 6.5586314 20.11801
v 19.834213 -43.438843 12.710022
v 7.6264887 86.922485 -22.745705
v -39.54054 67.14258 -21.261272
v -32.392654 -17.413021 -0.8492069
v 59.355392 72.23715 -20.49513
v -6.772377 58.90769 -31.8891
v -14.958878 71.18586 -20.026398
v 25.938698 69.5164 10.88475
v -51.46173 -50.875275 -3.586975
v -59.327774 59.856575 -32.36679
v -7.544286 8.515252 25.52611
v -30.619598 -7.3890533 18.603485
v 49.208626 50.648186 -7.994232
v -9.277781 62.244156 -18.872154
v -3.2090454 -6.081909 56.40143
v -50.00119 60.329163 -33.08789
v -31.64627 4.6636047 -1.6416016
v -22.217224 25.498474 14.86235
v -29.972626 64.814804 6.5925903
v -6.774624 7.658821 3.145462
v 1.0627975 84.572914 -17.161827
v -36.457214 64.16047 -12.397156
v 7.7841797 86.11257 -24.37677
v -30.520264 63.812866 7.7646484
v 20.27362 67.40104 -6.5961304
v 29.415672 -18.926437 0.0065307617
v 15.853027 66.87311 -13.614014
v 47.91912 62.062077 -22.388393
v -31.97203 11.294586 3.285553
v 41.05426 55.065186 -18.346436
v -4.8828964 -2.2864227 53.066986
v -40.278812 64.20464 0.8770447
v -60.310173 63.785797 -31.840658
v -25.333828 47.124928 23.161156
v 25.109932 -39.62555 13.492203
v 32.928757 64.441925 7.8064575
v -7.7411747 63.610115 -33.106018
v 1.5847168 51.223732 38.25547
v -40.35855 -14.275024 -0.3725586
v -6.8271103 64.15791 -32.382904
v 20.688736 -4.6398926 22.177979
v -61.888966 59.56472 -26.989746
v 6.3577576 79.541626 -24.690094
v -54.348114 70.73193 -17.967285
v -41.313614 -28.61267 16.930237
v -23.790077 -10.955357 15.081306
v -51.46082 55.416206 -9.993537
v -49.300415 -53.34173 9.460815
v 27.506073 -33.45688 9.763123
v -34.440582 6.7753754 0.730484
v -47.99848 -48.67915 13.521111
v 25.856216 -5.4956465 20.429451
v -47.174316 -53.59948 12.800171
v -41.853104 -13.434414 6.965584
v -29.18581 65.35253 6.858673
v -1.2991009 90.54868 9.268127
v 17.409866 -1.9077301 -0.99090576
v -18.221062 82.6297 13.242676
v -21.908386 -23.992516 5.585388
v -39.278015 -39.2527 16.996826
v -60.544983 67.036865 -32.41382
v 44.964554 67.27985 -5.204071
v 23.49189 -17.948105 23.457367
v 59.540863 72.01196 -17.113647
v -13.223938 69.40765 -24.665955
v -44.84958 55.701004 -23.738525
v -9.600525 79.25293 30.592773
v 14.589233 71.27602 -14.322998
v -36.635315 7.615799 4.0382996
v -17.0546 79.45438 1.04245
v 30.984001 64.81897 7.713501
v -44.3254 -53.0225 15.097223
v 58.39802 67.11403 -31.761688
v -38.813374 49.115112 -13.03302
v -42.04195 -25.521235 14.931763
v 38.600754 47.31671 -8.696716
v 9.219437 74.68493 -25.560913
v -27.383698 68.815674 19.326172
v -23.302124 -49.24765 17.950928
v -6.9057302 67.36957 -32.564503
v 59.12222 67.18266 -31.79718
v -24.239319 -4.233757 -0.6930847
v 22.520725 73.49167 11.369469
v -3.8361702 54.825775 -22.45346
v -25.386658 74.16297 10.984924
v -5.875862 0.48309755 33.61752
v -5.6364746 82.49939 -23.69751
v 16.37916 8.704191 -0.12721252
v 53.162384 81.34656 -19.743553
v -22.203285 -27.860695 15.53891
v 5.4868164 88.772705 14.016602
v -48.89664 69.81446 -32.887344
v -16.667725 80.71973 22.907227
v 25.135605 8.234634 23.676987
v -5.8445396 58.155056 -21.228056
v 56.41162 63.93261 -2.8843994
v -60.379883 69.26407 -32.473114
v 30.22641 9.935833 16.774597
v -23.73816 55.14357 27.896118
v -14.608093 18.605011 26.545197
v 32.60144 -48.336727 17.52716
v -18.673523 71.592285 -8.523926
v 1.9964538 10.152649 -0.6191673
v -15.069857 5.440844 1.646207
v -55.846386 59.907593 -11.553925
v 2.0865936 80.26318 -23.713135
v -45.120358 -52.197594 14.687099
v 3.9353638 69.38208 -33.048096
v 29.741304 65.7534 7.5970917
v 49.04303 83.1425 -26.32125
v 28.093658 -49.857147 4.019562
v 15.771973 -40.044186 26.801208
v 33.412685 -48.972595 9.161987
v 30.036087 -53.690353 5.671509
v -22.562805 -2.7289295 -0.4497223
v 12.247091 -30.094093 17.213041
v -4.312584 -7.497909 52.313572
v -0.06591797 20.758423 31.094551
v 7.207123 70.02127 -33.349915
v -12.422577 79.75383 -7.7029724
v 32.111786 60.35501 -6.37323
v -11.792268 -0.048474967 18.08539
v -22.333801 77.72241 10.8671875
v -43.869797 -45.02763 13.22731
v -27.47976 -34.7261 22.282558
v 5.13665 20.21258 -2.6122665
v -33.17879 -26.837456 2.9768906
v 20.473236 -50.255875 3.5640411
v -44.6447 49.121445 -4.151123
v -59.82666 58.911682 -14.188843
v -3.444519 36.70616 32.693012
v 18.042206 48.928802 30.413208
v -2.8220596 70.78381 -32.83008
v 14.490135 -21.447617 10.097168
v 7.2537994 70.98596 -32.840027
v -23.908813 61.4057 -11.697937
v -15.2374115 30.182865 0.17886353
v 12.408456 -24.295708 14.926818
v 11.688293 35.959755 28.322083
v 23.745644 15.787643 5.299774
v -23.50676 -47.384537 19.118347
v -25.522263 62.88163 27.105011
v -16.765541 76.23543 -6.068947
v 18.985596 74.996826 25.58789
v 28.692421 -52.105503 -5.981751
v 47.196625 74.92524 -13.043213
v -47.354248 -51.68164 -3.9829102
v -6.448351 52.087025 -11.8285675
v -59.287 73.16434 -32.53302
v 25.029968 -32.23237 28.48378
v -7.234619 72.80835 -32.23462
v 45.444153 49.873634 -15.708649
v -33.63452 6.057724 0.18997192
v 12.80377 57.9804 -11.7015915
v -24.906097 74.746826 16.440552
v 4.490364 88.26523 -6.012207
v 40.34709 45.97644 -3.4102173
v -14.390808 85.31595 -22.83435
v 21.52948 -31.074318 8.541336
v -20.538422 78.96661 11.247681
v -42.17198 64.53543 -22.607239
v 3.3131447 13.041653 -0.48196602
v 50.146515 69.441414 -23.789001
v -49.53868 -50.612034 4.1952515
v 21.989845 3.9819746 -2.0610356
v -25.94757 -19.337875 19.107346
v 62.465633 74.154396 -32.092724
v -1.2936877 44.883472 -12.046497
v -43.34594 48.58335 -11.85524
v 26.822933 67.76426 8.506485
v 15.835609 -18.79004 18.480255
v -7.8643494 43.811096 36.42932
v -29.154043 46.421753 -1.8436127
v -46.24476 51.048744 -14.478119
v 19.226292 -27.012333 5.970983
v -19.752121 79.719864 11.455261
v -28.685968 -14.638496 16.820587
v 61.234863 75.15837 -32.57605
v -4.6063538 -11.991943 57.52057
v -39.859688 47.99608 -2.446228
v 46.041595 67.409424 -4.3151245
v 21.616707 39.563732 22.539223
v -56.066925 74.87598 -31.097656
v 18.3858 49.31845 29.969955
v 11.035576 79.24701 -15.270691
v 7.0841675 53.41048 -11.825066
v 15.789998 -8.201202 2.961856
v 60.78769 76.051476 -33.081482
v 54.925705 63.043613 -27.01622
v -54.920685 75.52637 -32.23987
v -53.76393 75.95035 -32.19458
v -9.939209 58.726357 37.604248
v 25.684143 0.5835495 22.960388
v -53.237198 76.39453 -32.78653
v 61.123146 77.57837 -32.534424
v 28.90567 -25.725311 26.102448
v -36.451214 -9.423683 -3.0757904
v -54.02942 72.17517 -19.322021
v 53.51373 79.42175 -32.968815
v -26.859451 -8.796383 0.2677307
v 59.759308 80.347206 -32.237595
v -5.3935776 -7.0283775 51.421562
v 52.154846 79.865845 -32.190186
v -20.732666 67.15808 -12.425903
v 21.90271 74.56763 19.779541
v 24.174408 15.277649 16.27063
v -46.4731 55.15656 -0.39481354
v -11.410858 79.22203 -13.062012
v -31.325089 -24.387291 1.9806824
v -28.971283 70.20205 8.603149
v -41.478554 65.705315 -11.774705
v 14.106636 -30.921638 23.543304
v 51.596725 81.15369 -32.427856
v -1.7707443 81.37601 -23.523132
v 56.658497 81.22484 -32.91024
v -24.54419 73.20091 19.67627
v -48.94985 54.562042 -3.533191
v 23.544403 41.09134 16.418335
v 17.992126 -10.28447 1.6838989
v -20.353798 52.792877 32.677986
v 10.670776 33.310303 31.095581
v -20.209534 40.23121 23.460892
v 17.336514 -10.752903 2.5772324
v 15.560242 26.091461 24.305664
v -47.633286 -48.58902 5.208496
v -23.425964 11.154015 0.0962677
v -13.011871 79.6413 -7.305481
v 33.024185 3.8050995 4.8625793
v -40.480713 56.992004 6.161133
v 27.230598 -27.499542 5.1419067
v 53.09934 85.291595 -30.35321
v 26.789185 -51.701538 23.709717
v 18.021805 -24.272781 5.8121567
v -31.686287 -1.5429373 -2.7539816
v 50.306396 73.59558 -24.839355
v -61.32911 67.29107 -25.72155
v -32.628815 -47.578953 4.8733215
v -42.6463 53.66565 -22.939941
v 52.556854 51.160946 -15.751051
v 50.303726 87.81683 -32.494476
v 50.34836 88.514206 -32.903427
v -20.606598 26.628155 8.325928
v 31.501225 -9.13703 13.308813
v 48.776394 89.98271 -32.568478
v 23.939882 44.945213 14.256139
v -28.508957 46.87581 -3.016693
v 28.21979 -51.968616 -6.277995
v 13.270218 -2.4974823 20.250885
v -29.39743 63.151276 -7.803528
v -3.2669373 52.507286 -31.706451
v -46.317734 56.368214 -0.375083
v 5.596119 36.581177 31.65355
v 23.07207 2.7284765 -2.0801778
v -6.5184937 89.65579 5.664551
v 12.305885 75.857635 -13.3806305
v -16.188477 53.88037 -13.156982
v 27.600708 -15.54167 -0.81204224
v -10.285931 0.022669315 15.124279
v -4.0175714 53.60016 -31.793364
v -7.3858747 22.255608 -3.1291275
v 22.819084 -12.249794 -0.34905148
v -29.56559 46.63948 -4.354309
v -40.584045 62.174683 4.0161133
v -51.609802 71.95154 -18.779785
v 18.667004 7.847592 -0.622276
v -10.137085 48.131622 -15.172363
v 16.49356 67.09036 -13.643799
v 10.527672 76.69032 -25.172272
v -44.149506 71.365845 -20.880676
v -40.71495 -2.7999353 8.329491
v -49.649307 -51.93397 1.1311035
v -16.81969 56.84479 -12.790421
v 36.46782 45.918278 4.1173553
v -17.086304 72.41223 29.323242
v 34.821136 -48.95227 1.036377
v 3.9827085 55.768932 -31.546425
v 50.844906 76.41747 -15.490433
v 34.31727 64.170685 1.7749023
v -23.549835 15.304596 3.8953857
v 7.9410477 86.37606 -3.0130386
v 40.821278 50.35892 6.1252136
v -6.3815536 56.430862 -32.031822
v -25.758272 72.3175 0.6454954
v -53.633453 -52.663277 4.6586304
v 27.283218 -52.82578 -5.5893097
v -19.803719 55.203587 33.060936
v 14.15684 -10.676959 14.2134905
v -25.580841 72.235794 6.9570465
v 4.655035 57.025528 -32.246414
v -34.365807 -13.433104 16.356182
v 5.103119 56.654766 -15.553864
v 23.431505 71.06931 17.688957
v 7.416077 85.31053 -18.77758
v 11.129441 78.41409 -15.042534
v 24.808838 -53.061966 25.790527
v 9.070801 86.92296 7.0004272
v 12.167908 76.17268 -6.72908
v 50.686058 84.353325 -22.251925
v 30.9729 -53.364998 20.028076
v -58.93222 58.51599 -31.823181
v -25.683289 -44.06912 13.991699
v -16.440918 1.0075302 22.711754
v 6.9007435 58.157417 -32.256023
v 23.00769 13.775116 19.06659
v -40.804016 -2.8787613 4.4017334
v -0.23413086 22.213936 31.565144
v 20.879915 91.52554 -22.821663
v 58.98764 65.138824 -25.312454
v 10.543472 30.320217 -2.3407593
v -50.679688 60.432068 -8.413452
v -25.837646 71.84778 17.62146
v -18.79187 80.96118 18.912598
v 20.963753 -9.319859 -0.6974716
v 7.194519 36.748627 31.008911
v -32.20659 -32.29577 4.5848236
v 39.753872 -52.95886 5.260528
v 46.684143 52.86954 -0.39233398
v -49.13587 59.990765 -31.731163
v 19.692947 51.181824 30.215088
v 21.450073 68.88803 -0.4494629
v 33.00772 -47.962402 9.842529
v 9.435303 35.23639 31.69751
v -59.83902 60.790905 -32.101578
v -48.887238 61.208557 -31.933105
v 47.61035 57.624756 -24.596619
v -8.739174 60.620667 -32.410492
v 44.988678 55.80356 -21.37762
v -12.488395 78.762375 -13.88529
v -18.451275 -7.7999964 14.490312
v -8.155914 84.08812 24.679993
v -49.473267 62.117126 -33.06775
v 31.662565 -34.98823 18.917366
v 43.452213 48.288788 -1.611969
v -47.35498 51.48111 -24.754333
v -1.3487625 51.815742 38.362225
v -8.693947 62.89544 -30.712402
v 18.072449 34.307175 8.479126
v 17.127474 81.196434 17.911127
v -39.74875 -44.887085 3.8450317
v -36.943954 -12.75272 -2.0935707
v 24.526442 16.377373 14.1749115
v -29.801075 -7.557588 -1.8700218
v -11.771055 79.16471 -13.925217
v 14.146523 -10.081555 10.180342
v -26.28836 2.0671387 24.85199
v -27.259745 43.427364 10.1838
v -19.968208 34.53451 2.8713074
v 21.270449 59.636612 -9.926971
v -6.104126 65.294556 -32.041138
v -23.326782 71.76227 23.805054
v -33.27835 -10.5850525 -1.323082
v -1.677063 31.605347 32.407074
v -15.31761 1.9565477 2.2213936
v 24.471191 -44.106888 26.936401
v -30.3988 63.44814 13.982193
v -60.280647 65.07516 -31.335114
v 32.34999 -28.214056 22.032104
v -6.3944397 65.99265 -31.672684
v -22.26941 -32.252983 16.128036
v 31.983154 -20.115154 5.7133636
v -6.953369 89.83508 11.969727
v -57.359283 54.88223 -17.508575
v -21.51056 52.600708 30.37207
v -5.8743286 75.8121 34.0719
v -47.901627 66.72766 -32.600037
v 5.13076 86.04169 22.8031
v 4.552561 80.47591 -22.53981
v -33.12665 46.88856 5.541496
v 5.7950225 59.315327 -17.200768
v 47.830734 58.71814 -23.033188
v -24.096008 74.677 8.165039
v -32.696007 -36.725006 23.098661
v 27.724392 -51.072983 2.9509583
v 2.7357588 89.15878 -2.0212097
v -1.886465 48.433437 36.90721
v -5.44281 81.228546 -24.927307
v -21.096756 6.3252716 26.107658
v -38.159264 58.696045 -19.158081
v 7.1036987 83.834595 -7.4440002
v 57.454742 64.43294 -26.395416
v 15.66353 78.154526 2.4635468
v 59.150444 56.151733 -10.644348
v 9.051613 77.95299 -25.945515
v 5.7079163 34.751144 33.671967
v -31.807182 -51.015045 5.31485
v -26.217213 -27.41609 21.194294
v -43.7278 -53.443275 3.102107
v 47.06433 55.689083 0.35168457
v 51.80229 56.701935 -24.77304
v -8.0557785 68.763954 -31.611694
v 34.23172 -47.25625 10.809299
v -0.5804825 84.5636 -19.455078
v 6.3872147 74.61127 34.321594
v -39.612854 64.35376 -22.601593
v 62.828804 69.73198 -31.555168
v -5.132372 -1.1528854 48.134888
v -41.83258 -44.22081 15.30426
v -17.232788 69.29773 32.47827
v 18.388653 0.855437 24.487568
v -5.8124485 10.764034 -1.6378326
v -24.091951 -12.642209 12.937414
v -10.509605 80.92206 -15.390259
v -36.463165 -53.26709 4.2246094
v -5.4915566 57.445076 -21.164211
v -36.957977 2.7336578 0.5316467
v -49.01837 70.58945 -32.575928
v 13.1753845 -52.463074 28.557495
v -8.480537 61.141876 -25.716003
v 57.928265 57.003693 -16.862656
v -30.783508 13.618103 20.681824
v -36.883514 -2.462151 -1.297063
v 23.842407 -50.94223 -1.0654297
v 56.484062 58.688004 -24.36377
v -23.214539 74.12604 5.5977783
v -45.361908 61.47168 -0.68811035
v -6.6326733 -4.7400265 51.945076
v -2.1676316 -5.112364 38.121834
v 41.367004 60.736206 -14.640869
v -1.9821777 72.12073 -30.981567
v 10.895859 55.698772 -11.264254
v 8.159058 70.833984 -32.215576
v 27.575241 5.8399963 0.4416504
v -49.45872 71.63339 -32.08908
v -4.4990997 88.27942 -7.972351
v 13.425339 -27.343674 21.671997
v 48.73033 79.24025 -22.652588
v 5.208748 71.06073 -32.759277
v 16.19873 78.46723 -0.64019775
v -38.082794 -34.154327 21.084778
v -34.02057 -51.077576 0.19256592
v -7.141281 20.769764 -4.1954727
v -25.629715 73.228195 -0.7802429
v 25.1819 66.19983 19.94046
v -29.152618 -31.465046 22.821077
v 16.525936 38.29562 25.207916
v 7.45697 72.25311 -31.270996
v -4.015348 89.48053 2.614565
v -49.697918 71.826225 -32.452686
v -36.90338 -18.594482 -0.5015259
v 5.342865 43.550354 35.46237
v -1.3056335 90.45349 12.477051
v -30.342087 -17.884466 20.358902
v 13.613307 81.1373 -3.837662
v 19.844921 5.7179465 -1.3322668
v 22.845001 7.63266 24.715271
v -21.611496 76.086426 7.3883057
v 56.18187 60.577026 -25.811829
v -13.671936 83.37217 20.406616
v 48.34407 82.963234 -25.06372
v 25.148926 5.632492 23.37323
v 0.42459106 33.061646 32.211945
v -5.3118896 72.76465 -32.539673
v -19.786015 5.9082203 -0.2700653
v -48.81804 -53.735004 11.255096
v -5.201828 85.82605 -11.695435
v 8.181227 61.047115 -26.187561
v 39.701527 64.512856 -8.158028
v -46.347763 -47.44989 6.5736084
v -6.83947 3.9801435 16.346756
v 31.33319 -23.241058 5.720703
v -21.4292 65.69995 29.894531
v 10.791025 67.841324 -14.007782
v -15.172119 84.38562 17.955078
v -30.843338 -53.56499 10.54248
v -17.284225 72.75715 -10.912659
v 61.54419 75.16162 -31.775116
v -50.648193 50.878998 -15.287903
v -56.46997 75.90466 -32.898193
v -45.84474 53.423508 -25.894257
v 20.18045 54.702522 29.805298
v 32.87258 -17.902527 5.9033813
v 3.2372012 4.4593163 29.90823
v 21.1361 6.1448174 -1.4909172
v -42.68085 -17.175304 4.5636444
v -15.869385 59.67456 36.305054
v -30.482178 -14.706085 17.768463
v 31.163168 -36.545135 21.569504
v -27.883072 -27.752361 22.432955
v -16.94315 80.30194 -4.7108765
v -2.5671997 -10.079796 55.376465
v -10.665688 51.987793 -13.772339
v -38.253506 51.426838 7.69247
v 31.08479 -44.75229 13.729408
v -38.58557 -46.289307 19.893677
v -32.888313 -20.90503 22.181942
v 5.6000214 29.305439 -7.334854
v -41.11621 67.19461 -14.872177
v 49.60964 58.391663 -2.3586044
v -20.816696 76.917305 5.687805
v -50.10727 72.315186 -19.496033
v 29.815887 45.237366 7.9002686
v 32.743988 -28.782776 16.794952
v 58.15811 81.24479 -31.665085
v 40.162918 52.87702 -12.771545
v 15.018005 13.942764 25.620789
v -25.055298 73.85571 14.08429
v 56.43628 81.70421 -32.737976
v -20.594238 78.53168 8.403442
v 18.026367 77.08984 5.921875
v -29.674936 61.890324 18.61679
v -20.095428 76.97455 0.111083984
v 8.374084 57.854446 37.688995
v 6.6923065 60.134193 -17.247576
v -17.228088 79.200455 -5.794281
v 22.312256 55.96756 28.184692
v -22.14164 77.455444 18.15747
v 39.75287 60.79895 6.045532
v 31.206009 -20.933884 4.9193115
v 51.822796 84.91993 -31.10009
v -25.49443 -38.97283 20.882095
v 2.7480774 34.618362 -9.300812
v -12.059647 56.33615 37.117664
v -15.15625 52.37256 -14.146851
v -11.742905 64.23467 -27.510803
v 11.223679 62.9458 36.873962
v 51.02211 86.75888 -31.565521
v -42.614124 -18.727715 8.546967
v 33.20854 -3.9113846 1.839508
v 48.61798 82.16583 -26.129364
v 27.64918 -25.267197 3.3320465
v -18.488228 33.098495 4.195587
v 27.168177 -52.434563 -5.95203
v -9.371674 86.7831 -4.748423
v 31.622604 63.318726 10.147949
v 13.453247 58.42691 36.200928
v -61.9161 60.64447 -27.720703
v 9.907585 55.428204 37.003075
v 49.059143 60.80957 -26.86737
v 49.678925 90.407074 -32.20041
v -1.156511 51.20197 -31.737242
v 59.494965 63.703552 -24.649109
v -53.578846 -51.60647 6.412779
v -0.04135132 51.184505 -31.641815
v -2.8790588 51.384945 -31.013428
v -1.5527973 51.92827 -32.389343
v -22.989502 56.322388 28.689453
v -3.306429 -4.615521 38.22029
v 1.25914 51.82837 -31.944763
v 20.75726 39.109356 15.918974
v 1.7553825 52.25317 -32.112724
v -3.3008385 3.8081665 26.034119
v 60.444885 75.12192 -23.365112
v -24.652527 -49.560364 15.494141
v -27.698471 -9.381317 0.35720825
v 3.6598167 53.666977 -31.690308
v -42.404854 -43.40842 10.9319
v -19.728455 78.64087 6.540039
v 4.199443 54.119904 -32.496597
v -32.76313 46.19989 -2.5438232
v 26.647476 58.557617 -5.981903
v -52.002914 54.661987 -31.863525
v -14.056274 78.10278 -7.1849136
v 14.423996 -46.156982 28.236572
v -50.592346 54.474854 -31.650269
v 29.710144 -9.766296 15.280457
v -46.392395 50.079643 -8.557739
v 32.371162 44.49762 2.6856766
v -24.645061 40.523563 7.3903737
v 22.828794 73.44908 13.449118
v -7.0539255 18.240896 -2.313408
v 10.676849 20.127611 27.77539
v 15.34729 71.13025 -12.834961
v -7.432893 23.036144 -4.25893
v -49.27954 55.554657 -31.906128
v -45.502563 60.225647 -27.53247
v -56.016113 55.671913 -31.582546
v -10.029968 86.47168 20.376953
v 4.932087 83.74837 -11.767418
v -4.6959076 55.878036 -31.974548
v -33.244324 -18.39649 -0.41463757
v -40.301727 52.144592 5.3592224
v -17.97229 70.099014 -13.091675
v -12.319114 78.86997 -10.60347
v -44.075073 59.86847 -25.07074
v -57.628246 56.929817 -32.273834
v -5.538847 89.79709 3.0170746
v 38.081783 60.07466 -13.39682
v 54.31783 65.254524 -27.534203
v -7.5055237 84.48335 -9.124023
v -50.013794 57.56201 -31.024902
v -25.676033 -44.615326 21.558838
v 4.696159 56.98418 -31.70631
v 9.804718 3.770668 2.3668823
v -47.640465 51.40726 -7.0720825
v -14.855164 81.24829 24.166748
v 6.368622 57.44542 -31.455566
v -42.570686 -16.124697 6.8425064
v 20.787384 73.84354 1.8466797
v -12.862419 2.8573456 22.25734
v 2.1004944 54.922432 -20.732239
v -7.887512 85.75632 23.487305
v 0.332241 48.73197 36.895546
v -16.372175 82.519135 -21.89173
v -25.394005 -51.819946 15.164169
v 9.517582 71.64263 -26.801819
v 24.715782 70.36412 13.687767
v -49.742554 59.335815 -31.863281
v -7.4177847 59.547356 -32.012283
v 19.351097 38.432835 -0.93252563
v -39.60327 -1.5029755 12.360535
v 13.067261 31.124176 27.465942
v -15.044451 55.73196 -11.877435
v -26.443237 -10.472687 2.216919
v 14.192932 80.77734 24.80664
v -35.51863 -18.984634 -0.381073
v 30.399628 1.5011597 0.92251587
v -30.23117 62.59726 15.57135
v -60.15309 62.74478 -31.48175
v 8.672679 63.03093 -30.984818
v -16.890427 30.563377 2.4657593
v 56.63202 68.04724 -3.8826904
v -20.445526 -26.749634 9.399986
v -14.174377 65.458466 -13.6539
v -24.003342 -45.87718 19.320751
v 9.783255 63.853516 36.714294
v -23.843689 -35.024963 8.699478
v -35.8938 5.723465 18.280884
v 58.479614 58.546585 -20.720566
v 1.2417097 54.693962 -18.139832
v 8.415703 14.728584 26.946854
v -29.234632 67.84172 8.88471
v -26.438133 71.37299 -0.446725
v 7.5984674 1.282311 14.593105
v 22.432022 15.15004 4.3944244
v -29.017714 17.242836 13.439045
v -26.800392 -13.322992 14.976723
v -6.602112 64.693245 -31.903809
v -42.02321 -28.428005 14.793716
v 22.187828 74.045334 17.65857
v 19.654705 -48.201424 6.392761
v 17.6958 53.866364 32.441315
v 13.905353 63.693745 -9.597233
v -23.622192 -50.885925 17.221436
v -11.954673 78.25405 -22.276028
v 35.062134 -48.203766 10.014526
v 15.4436035 45.1315 31.4375
v -36.26436 -0.9170842 -1.5220642
v 20.604858 14.775024 20.351562
v -13.801788 21.249268 -0.7600403
v 14.959808 81.389786 6.977844
v 2.109253 84.018295 -16.938477
v 12.240402 27.843521 1.279892
v -10.294983 16.863647 28.5542
v 29.535858 -6.5648193 17.685425
v 24.175331 -41.355522 14.153208
v 57.091415 67.51218 -32.039368
v 25.34311 -43.390068 12.609802
v 48.19876 49.64624 -15.459351
v 24.02914 41.954903 11.162964
v -47.17633 68.21985 -30.770386
v -38.15763 60.565277 -19.681763
v 25.277138 -24.543991 2.8964634
v -0.7465248 -5.566329 43.742397
v -9.967163 72.73132 -26.853271
v -23.386932 -8.240242 3.0906372
v 27.068771 -32.308723 7.7280884
v -16.979858 81.65621 6.159912
v 23.805717 -52.824036 1.9893799
v 6.6211014 67.76146 -32.006073
v 36.91687 -52.83899 12.268677
v -48.081406 68.974396 -31.944366
v 39.075535 61.838707 -7.2649384
v -8.120982 8.101515 23.104925
v -4.5690613 86.61813 -8.480392
v -27.858208 -22.49452 1.4023762
v 0.5355835 27.129288 -6.9024334
v -42.916725 70.87665 -21.487091
v -42.01245 49.559357 -13.567993
v 53.88582 55.158024 -21.33675
v 21.998177 -9.123928 -1.3428383
v 2.7697144 54.905067 -24.20713
v -46.09639 69.47739 -31.684021
v 19.714539 -46.73 9.736969
v -48.693996 50.084415 -15.2449875
v -59.93335 69.7845 -31.322632
v -47.08531 69.954384 -32.001602
v -26.309448 59.201538 -9.347565
v 13.186989 75.11801 -14.9557495
v 22.266907 -49.822357 2.444336
v -11.330353 5.9749146 3.7387695
v 61.718643 68.1552 -26.024963
v 25.41904 -47.745537 3.6165314
v 8.611938 70.81676 -31.408783
v 54.85132 70.725586 -31.768066
v -38.25589 60.338478 -18.445839
v 5.1407104 7.1934566 24.677849
v -23.542 -25.444393 18.845276
v -23.713394 -12.086975 8.724518
v 48.836197 75.11565 -12.188263
v -39.44034 2.8160477 4.975464
v 40.190853 68.86012 -14.610127
v -11.705414 78.75869 -14.943848
v -21.819763 72.5885 24.292236
v -26.072296 -5.9957886 20.872742
v -47.65838 -49.51602 3.667656
v 45.927982 75.127655 -16.276306
v -23.166853 -48.812256 18.995945
v -39.71231 66.19048 -6.679718
v -24.624275 73.561226 9.606613
v -6.4832153 -10.499924 56.300606
v -10.568094 83.08477 -25.312004
v 26.397003 -21.615265 25.554077
v 50.347137 77.73506 -18.569824
v -35.314285 -37.619144 6.637806
v -42.56928 58.473984 -22.192417
v 6.1773844 7.664749 25.223007
v 15.014954 73.34847 30.177887
v -15.515106 83.54776 -20.777832
v 45.640213 70.44864 -7.70047
v -33.158398 -3.641409 -2.6480312
v 51.33915 64.80946 -26.843739
v 40.30436 63.43417 -5.529335
v -59.12271 72.895035 -31.040283
v -20.950562 73.36445 25.592773
v 14.269196 89.4657 -26.010605
v 2.6031914 7.25177 31.601791
v 34.449203 50.39862 12.266724
v 6.339279 71.926025 -32.006104
v 28.03575 -16.520597 18.895283
v -50.64346 72.69666 -31.744125
v -47.933136 61.727997 -2.3671875
v -28.39392 11.094177 24.054169
v -37.71527 -2.1539154 -0.3400879
v 29.502457 -22.436295 3.5091858
v 1.9451599 32.46678 -9.458965
v -38.97636 65.70497 -17.39085
v -4.5140076 85.25571 -19.35785
v 47.00685 60.882996 -21.822906
v -9.605968 87.035 -6.010208
v -22.5904 37.56759 5.6753426
v -17.5928 79.723236 4.191345
v 15.625275 2.8085785 24.325775
v -58.480156 73.97092 -32.08374
v -32.800236 49.35542 10.005043
v -54.91131 74.23745 -26.299988
v -22.19283 38.479965 14.155855
v 9.712615 77.19824 31.785536
v -11.87634 13.999289 0.30437756
v 35.725403 45.075577 -3.765686
v -40.016865 -33.88284 9.101631
v -21.654667 -22.862938 14.239761
v 9.865814 65.49951 -19.983276
v -36.26822 -13.784042 16.610077
v -53.03811 75.75874 -32.168144
v 17.758152 -50.125465 12.26886
v -25.54501 -35.301796 20.847416
v 8.442368 12.375872 26.941128
v 19.951622 -46.501442 30.473297
v 7.12558 88.433624 5.9837646
v -43.33283 69.250946 -16.13623
v -54.120647 74.62747 -31.295624
v -41.22274 52.04384 -15.749298
v 36.977276 -49.45026 11.447403
v 48.64261 65.87956 -23.279297
v -4.244108 -3.4949093 38.28434
v -47.607674 -49.337063 4.255253
v 8.255143 -0.14859603 15.739639
v -26.128372 -29.53231 3.726883
v -5.965908 -2.9902344 52.7323
v 53.297714 78.06146 -32.28534
v 61.017204 78.25905 -32.076782
v -9.919566 0.5312443 14.239944
v 21.4991 18.450336 6.9729004
v 26.987984 -26.223495 4.3105774
v -35.99939 -53.308807 20.655762
v 59.895084 79.84358 -31.503464
v -18.710701 52.130722 34.091614
v 18.32013 6.0664825 24.94696
v -50.121407 -49.576645 11.050659
v 30.039322 -31.220398 10.09082
v 9.692247 86.29212 4.553959
v 9.468758 86.03476 -1.8252258
v 49.894745 74.837006 -11.842468
v 4.414734 84.37035 -8.653412
v 51.116745 82.67044 -31.518303
v -58.15146 55.22735 -18.389389
v 9.732788 52.65796 -12.790039
v 57.977753 82.13464 -31.358765
v -16.322388 83.69675 7.8598633
v 56.914963 83.20795 -31.655212
v -41.200256 -27.064451 17.095434
v 51.396843 84.523865 -31.6538
v -9.590637 86.69766 -6.9763184
v 24.19507 68.6582 19.125732
v 15.395966 78.21921 -5.3381424
v -49.908848 -47.882996 10.380318
v -17.801445 -7.1108155 15.30312
v 28.86026 -23.490417 3.7523499
v -42.668915 63.105865 0.12524414
v -42.15233 -19.640203 4.9297485
v 11.76355 67.25586 -17.436523
v 5.7187195 41.497498 32.979187
v 20.435452 -26.530342 5.956423
v 40.092163 59.694885 6.7738037
v -27.314718 44.394936 8.748093
v -37.4402 8.009472 13.747131
v 22.391975 55.55031 -7.3409157
v 6.1921234 59.383553 -19.217865
v 18.658943 34.245567 5.304962
v 48.9341 90.18117 -32.001442
v -23.58902 22.515717 14.26944
v 61.367493 64.007645 -21.07019
v 62.13569 61.870346 -16.456207
v 40.086407 68.40046 -13.64355
v 26.211922 59.549026 17.993057
v 20.167942 -20.33012 24.477333
v -21.313232 2.3322906 25.314354
v -31.791748 48.854675 -9.954834
v -28.982183 -44.068565 23.170834
v -0.47088623 59.36377 38.450706
v 33.01835 -29.364475 18.710617
v 15.875 -53.048676 17.666504
v 32.14274 -17.001026 13.147034
v -22.59464 67.628494 -9.35916
v 2.2574463 52.151733 -31.355019
v 8.035309 53.79947 -11.755588
v -43.200047 -51.5407 -8.0849
v -27.59082 -53.54866 14.365723
v -13.604923 55.513355 -12.058806
v -4.1383286 53.06198 -31.247055
v -32.650555 -22.42012 1.2452165
v 2.4312859 53.402737 -31.62841
v -53.436554 54.057327 -31.196106
v 60.114037 59.162445 -15.292252
v 1.3178864 77.87178 -26.955414
v -62.942566 65.03595 -24.9021
v 4.2995844 53.958183 -30.73261
v 14.798279 80.12532 -5.142212
v -29.947388 -4.019806 21.071014
v -49.570312 54.953857 -31.806763
v 21.95945 18.94087 9.965912
v -54.621582 54.294144 -30.627197
v 30.855003 11.600773 11.994812
v 12.236822 -5.964869 12.40555
v -4.582746 55.10217 -31.255156
v -37.891388 57.77547 -16.70875
v -59.803905 70.39649 -28.12909
v 12.626465 14.914551 26.080872
v -39.056213 58.532948 -21.877665
v -49.262985 56.077118 -31.678543
v -14.65918 73.5533 31.937256
v -5.666321 55.302887 -31.23993
v -35.1382 -19.772858 22.267105
v -24.696915 74.84889 14.666901
v -24.13097 -12.368961 12.163546
v -34.346878 10.48101 5.282715
v -27.097313 -45.3248 23.946625
v -32.390747 6.5184784 22.426147
v 12.211441 -26.511526 17.919662
v -58.62466 57.441498 -30.864914
v -5.338312 4.162693 28.446045
v 5.4245987 56.467316 -30.318787
v 33.264957 -52.197033 6.916965
v 21.414928 39.939827 3.0938644
v -34.001064 13.627933 12.225897
v 6.738415 58.098938 -31.243591
v 14.519158 79.600296 -19.638977
v 11.238403 61.72531 -11.61644
v -50.28882 54.866333 -8.362793
v 37.96814 54.990158 10.025024
v -6.117985 -1.8759575 38.737526
v 2.1868362 52.98123 -14.135483
v -6.341201 57.831303 -30.957333
v 10.261841 83.41498 24.213745
v -59.907806 59.028847 -31.490692
v -25.782288 -45.84714 12.464233
v -60.503418 69.296906 -27.148682
v -31.536568 -32.827065 4.467594
v 32.385925 -46.09371 11.599487
v -6.3627014 85.420746 -23.83136
v 7.3114624 58.663788 -31.426361
v -20.200539 50.414734 32.015106
v -60.56064 59.814255 -31.048096
v 33.913734 -46.10516 12.081314
v -35.16455 -8.967148 15.406433
v 8.4572525 59.49582 -30.96402
v 10.567078 86.710175 7.9803467
v 19.502472 40.09036 -2.5535278
v 10.493694 78.90938 -12.74646
v 9.827953 64.92522 -15.383369
v -41.671707 -21.629547 15.646606
v 23.836807 64.30371 -4.164673
v -48.169983 60.351593 -31.07448
v -7.562832 60.00231 -31.197983
v -36.236492 -48.895737 -1.3347244
v 33.211826 -26.482998 17.999743
v 22.18692 67.3208 24.214722
v -38.182907 -32.747593 20.986462
v -28.00507 48.423965 14.931702
v 21.258545 -42.156708 29.2695
v 17.193634 39.15344 -7.1723785
v 3.848053 84.73074 -10.84079
v -8.176254 60.933685 -31.003296
v 1.6022949 46.416473 -13.207092
v 16.593506 77.508835 -3.8412628
v -40.476807 -28.00763 18.843994
v 14.117259 81.24671 0.23832893
v 35.561035 60.11151 -7.345581
v -3.4546585 41.187943 -12.823471
v 15.452148 50.019897 33.046204
v 40.07304 65.03027 -9.093811
v -15.793152 34.657944 28.38916
v -57.584316 54.513535 -18.998138
v -7.113556 64.00322 -31.431732
v -40.225353 0.5264635 7.7847958
v -38.83264 -24.521812 20.533813
v -27.436256 -29.483597 3.4554873
v 40.24495 61.827454 3.5704346
v -13.776215 83.23154 2.564148
v -29.647066 -45.626827 24.600956
v 5.7758484 81.38513 -22.285889
v -34.344727 -37.69449 22.778137
v 18.813808 35.812473 5.030518
v 5.6376953 66.58618 38.040894
v 5.72937 65.40526 -31.530823
v 1.2777405 89.59575 -4.4518433
v -20.85906 36.35315 13.519325
v -6.708618 67.5813 37.750244
v 51.782593 60.712677 -1.4919891
v 62.55964 69.70096 -26.902313
v -3.2405624 89.95688 -6.8672485
v 5.3807526 66.33975 -31.68216
v 17.010742 62.58789 33.26172
v -40.40319 64.97208 -13.320068
v -23.006653 -25.027344 4.220337
v -39.611023 0.08723259 3.0424805
v 17.7538 69.77379 -8.187927
v 7.623707 67.29393 -31.21918
v -47.788048 50.147305 -15.884553
v -10.490051 27.258266 -2.251648
v 32.611267 64.942566 6.0691223
v 13.8155365 73.579155 -13.385132
v 16.26765 31.450222 5.9565125
v 15.578857 52.713654 33.41858
v 8.973938 48.128784 -14.380692
v 19.267303 -47.798588 9.992737
v -9.648621 88.13082 8.009277
v 15.230904 -39.90645 17.781845
v 26.351227 -52.214706 -4.0999756
v 8.759949 76.82544 31.901611
v 27.769829 -49.668125 -2.4605408
v 59.95043 78.54469 -26.58197
v 22.948242 58.822144 27.124756
v 10.637787 80.40192 -27.303345
v -22.885437 -24.280212 17.475342
v 7.8018723 69.336 -31.637291
v 15.071808 80.637985 -18.897217
v 61.298885 67.91877 -31.237534
v -35.157837 -30.355614 4.552122
v -18.156225 86.37758 -22.676584
v 44.48002 59.37207 4.1468506
v -37.068604 0.34676743 17.395264
v -34.923798 -43.765182 6.5446167
v -25.922775 -13.584991 14.049034
v 34.2256 -53.74887 15.975586
v -9.75705 67.50781 37.117035
v 60.344162 66.61259 -27.051256
v -20.562744 20.176147 22.67871
v -29.644894 -21.980383 1.3281231
v -45.54853 69.87142 -31.727468
v 21.587599 44.281746 22.987648
v -10.349808 80.31647 -25.66236
v -45.979557 71.81501 -19.450714
v -11.826454 -2.3758795 14.200357
v -36.035248 -7.883999 -3.025772
v 63.32784 71.118126 -31.57486
v -59.635376 71.013885 -31.712158
v -45.696777 70.6124 -31.476974
v -33.857376 45.86114 0.13067627
v -44.347755 70.127495 -30.6025
v -7.6071167 70.46635 -32.02722
v 3.3482666 70.28674 -31.969116
v -27.187988 -44.426483 11.592529
v -9.266541 88.062256 6.1101074
v -4.9139404 47.843384 38.134033
v -23.195007 58.855347 -11.719788
v 20.019829 75.1748 6.4677124
v 14.953873 -27.99031 8.958664
v 19.93634 73.33089 0.5693817
v 33.747375 -53.806755 0.7130127
v 33.096657 -25.065342 16.080368
v -8.396317 70.74689 -30.249573
v -5.254691 -12.381384 57.054516
v -10.747704 -0.006969452 15.958569
v 56.92192 71.6886 -8.21582
v 32.91865 -10.476271 7.6430664
v 54.368042 72.14331 -31.056152
v -9.003357 71.9888 -29.994019
v -24.623817 -28.001202 4.0970917
v 12.003487 -27.95224 16.32196
v -25.497095 43.133713 4.618637
v -52.649982 51.09544 -15.569962
v 7.776123 88.41279 7.328125
v 15.667114 17.938293 24.515778
v 13.637573 -49.55188 20.178406
v 19.187943 73.87447 0.87934
v -8.052856 72.390045 -31.947021
v -1.7917175 84.62088 -19.157776
v -8.926453 89.02132 7.668457
v -40.68268 -43.335846 8.883179
v -43.805176 58.995956 1.8848267
v -35.049835 -10.252853 -2.0371857
v 31.064117 -8.468201 15.057739
v 20.12558 76.77255 17.268444
v -38.30343 66.035484 -2.0844269
v 18.580475 3.3287048 25.217106
v -31.871094 -51.08361 24.951721
v -4.759674 73.04611 -30.89148
v 33.08272 55.373 -8.227432
v 33.371277 55.32131 13.881439
v 32.73001 53.065746 -8.293945
v -30.293457 63.44171 -8.539246
v 39.342392 65.39067 -13.282275
v 19.728416 -44.684875 11.67865
v -58.459045 73.37811 -30.718872
v 15.728775 1.9714997 -0.66648483
v -57.417645 73.823685 -30.878748
v 39.309616 64.41289 -11.058594
v -52.2029 73.78064 -31.528042
v 16.54004 66.42688 32.80078
v 43.8823 72.76715 -15.20433
v -43.107395 -43.8297 11.608675
v -8.4694805 29.06308 -6.5318375
v -52.819336 74.32614 -31.470345
v 34.40442 -4.9803696 10.155579
v -22.774551 -4.246826 22.235596
v -31.751375 -3.061356 -2.466282
v 19.62416 -25.417725 26.442291
v 8.081543 85.54968 -17.292603
v 35.916656 -52.739227 1.729786
v -37.344696 65.650116 1.2403564
v -30.184023 65.44103 3.661109
v -12.251862 80.84674 -18.895447
v 18.105534 -18.88948 21.76947
v -23.107819 46.775345 -8.800232
v 62.061306 76.8173 -31.232803
v 52.767456 75.48779 -29.536133
v 6.5287743 3.3261452 7.2439117
v -37.581055 -48.15088 20.654053
v 16.060791 70.54185 30.810913
v -21.136717 92.21723 -26.535664
v 10.994431 66.8277 -17.562256
v 1.9744991 4.560375 17.649635
v -5.5661926 86.18921 23.068848
v 51.318344 79.18204 -31.015686
v -53.85382 70.04468 -16.089844
v 27.795332 -53.08051 -5.412045
v 51.657043 80.54706 -31.807861
v -6.4813232 37.373215 32.849
v 3.3872461 5.5226774 26.933388
v 32.542755 64.43031 2.0040894
v 53.812183 52.143307 -9.375378
v 56.945007 78.79187 -19.550293
v 20.09497 74.61646 7.9163475
v -52.57747 58.669395 -9.804672
v 36.677734 -51.43228 6.8081055
v -29.332836 64.0896 15.850952
v -14.94455 65.5571 -15.616455
v -29.516907 1.2244873 23.375092
v 17.099697 34.562958 4.2404785
v 55.556385 85.15623 -29.723358
v 45.230335 52.015247 3.6512337
v 45.43651 74.469635 -18.334015
v -10.828552 75.69779 -26.115417
v 36.75081 56.5195 -9.288162
v -4.506378 89.442825 -5.3515015
v 7.944336 76.33835 -27.330017
v 19.997864 15.585419 4.0441895
v 6.545105 58.20392 -15.640137
v -24.462494 49.772156 26.157486
v 21.978302 94.0932 -24.603668
v -20.710041 79.33174 12.503403
v 61.28943 62.187393 -19.616272
v 48.5935 89.35826 -32.63393
v 47.8573 58.747803 -25.200256
v 32.339233 -9.497864 2.0825195
v 42.78308 67.48596 -15.514282
v -5.8597717 -11.727625 57.226944
v 51.034424 89.55505 -31.676025
v 7.8305054 22.670612 -1.4761162
v 16.166473 69.06665 -13.079224
v 15.536066 33.139908 1.6323471
v -40.25982 -30.856869 12.125046
v 21.534859 9.217957 -0.444458
v 48.80098 56.459156 -2.2686615
v -44.06778 -45.71933 3.8431396
v -19.53922 94.86765 -31.284847
v -27.58374 -45.45868 10.338623
v 47.945587 60.357967 -1.401067
v 19.121704 -47.86676 30.923523
v 10.375279 83.20982 -25.637253
v -22.050455 93.59346 -27.831072
v -20.454832 95.33843 -31.429596
v 2.6751022 -1.6013031 38.868988
v -4.784912 45.094055 -14.277206
v 16.399902 71.31392 29.956482
v 24.382383 53.8086 22.257181
v 49.715454 84.743256 -23.981926
v -20.790451 95.93402 -31.347336
v -6.3179083 3.7896843 14.578325
v -57.30771 69.627716 -17.02356
v 0.020710945 12.577404 -3.5755405
v -1.2902184 51.041286 -31.175354
v 12.3974 82.93538 4.0504456
v 26.323853 -44.738174 25.007507
v -28.969604 -28.580418 22.55392
v 33.14395 -15.641785 0.13861084
v -32.228302 47.389587 6.0908813
v 1.3051491 51.26557 -31.06352
v 2.513916 51.776215 -30.985954
v 19.454048 65.95508 30.026123
v -41.82936 -20.939203 5.2055206
v 49.032364 76.10343 -16.569336
v 1.4637909 90.17602 8.149536
v -35.946594 -22.792511 0.91812134
v 26.056274 -49.268677 -2.9780273
v 24.788155 -18.7984 23.795273
v -33.024246 -50.768475 1.3656616
v 49.999252 62.984676 -27.541992
v -4.6748714 52.55244 -30.55373
v -11.184982 81.11238 -7.7679825
v 23.371979 -43.038055 11.856415
v -51.50307 73.52483 -22.458893
v -34.24603 50.043858 9.227009
v -18.31688 72.137634 29.719421
v -55.276672 68.68504 -15.452026
v 14.828461 82.02222 20.977173
v -7.430603 34.881264 -7.8081207
v -51.760193 54.087585 -30.599731
v 14.71936 54.710938 -11.601074
v -17.848866 63.599457 -13.75885
v -36.435474 9.558182 12.926666
v -31.784994 45.58381 -0.6581421
v -5.274599 54.572205 -30.740978
v 12.216794 55.18424 -11.488878
v 14.120914 80.868164 -4.5158157
v 19.20044 65.21362 -11.473389
v 20.038198 88.9248 -21.465132
v -59.166462 71.35826 -25.790384
v -9.678101 88.05073 2.7091064
v -30.09146 -30.283863 3.231325
v 4.1526003 55.775566 -30.555458
v -37.88551 -44.758198 20.175913
v 15.767944 57.12207 -9.987762
v -5.962219 47.61715 -14.375336
v 31.119415 -17.303925 15.059296
v 16.698547 -50.181458 14.94873
v -6.0528226 55.569977 -30.989815
v -20.557278 30.37017 13.913048
v -42.14569 -50.131714 0.53131104
v 13.852417 18.767822 25.355225
v 17.239746 17.769226 23.266113
v -33.50453 65.62651 -5.779236
v 1.129845 89.93081 6.266286
v -16.819275 71.68384 30.281372
v -20.604446 -24.587286 7.885208
v -57.433357 55.732666 -30.540833
v -26.949615 -41.893112 11.16806
v -41.792595 68.864296 -16.873688
v -6.1293144 18.013607 -3.4677067
v -22.783812 66.88512 -9.478308
v 5.872223 56.609585 -29.664633
v 13.109474 8.241598 0.93319845
v -49.007935 -52.0643 3.0454102
v 13.843612 -9.944561 14.498558
v -28.96642 0.16111296 -2.6154456
v 60.615356 76.33295 -24.798584
v -27.305946 -44.431503 22.977203
v 23.279724 67.973274 1.5507355
v -50.019104 58.223206 -31.275757
v -9.005302 57.410286 -14.389091
v -59.96189 58.29315 -30.452332
v -48.984837 58.620934 -30.796608
v -46.846 63.691788 -3.657767
v 0.6502075 76.74487 34.456635
v 11.041419 -6.032873 13.708453
v -36.48131 -18.000145 -0.93169403
v -16.35985 72.64014 29.76456
v -37.498985 -19.87023 0.589474
v -43.147125 57.124275 -22.538694
v 36.566036 -49.70317 13.820862
v -41.276672 48.407684 -12.264709
v -38.32949 60.089073 -21.157013
v -51.548462 -53.553497 -3.793457
v -9.057092 61.337395 -17.706789
v 7.223879 86.922295 -3.422895
v -11.560669 84.01283 23.918213
v -0.9034424 31.95813 32.0502
v -21.084816 12.507843 1.0131073
v -12.2726555 12.884312 0.5212612
v 26.363121 -48.55875 3.597744
v -42.684708 51.358612 -15.220886
v -41.37075 -20.786346 3.1904297
v 43.307434 68.198166 -7.443573
v 9.18216 63.989708 -18.464737
v -33.8269 -46.436436 2.862449
v 59.16977 71.11185 -18.928497
v 6.843872 77.0177 -26.847168
v -60.73001 61.105347 -30.532104
v -42.606216 64.487 -22.944427
v -46.79956 61.74704 -29.972656
v 18.108898 28.086172 14.665184
v 5.9289727 58.32244 -19.12194
v 23.138992 55.852608 25.687752
v 16.816147 80.62836 12.97583
v 29.686724 -39.940964 18.310776
v -61.44467 61.992455 -30.085693
v 52.447845 85.43494 -22.67398
v 14.4776535 33.350224 -2.7013245
v 26.391819 -52.416622 2.0614014
v 12.306641 18.7229 25.491638
v 3.1174774 89.246956 -6.7122803
v 17.837616 57.469727 -8.46283
v 8.116151 27.432238 31.312616
v -39.593956 65.52827 -22.692656
v 25.878708 47.09355 -3.528534
v -51.781673 53.87824 -11.752929
v -31.436798 12.633362 20.23236
v -39.980553 -31.730057 8.551758
v -32.36499 -53.757607 6.192993
v 13.140472 84.13927 16.17958
v -23.421326 71.01101 -3.072052
v 18.87262 45.5056 -9.906738
v 7.4262085 64.02526 -31.252441
v 1.2702179 56.984283 39.35618
v 25.99916 -52.801094 3.8074646
v -32.065918 -8.305252 17.910706
v 5.6183815 84.70337 23.856873
v 31.123642 -30.926376 12.143005
v -14.719879 36.436073 28.006866
v 7.168213 64.53674 -30.925964
v 19.0336 78.50212 16.86139
v -60.32509 64.90642 -30.766815
v 7.234894 66.00598 -30.401543
v -29.707596 -11.496296 16.161394
v -60.103157 66.70108 -30.980194
v -45.406265 49.05542 -5.2855225
v 8.025002 63.16213 -21.017977
v -17.768354 -8.476618 11.715535
v -46.950684 66.266045 -30.92273
v 20.832886 -24.599167 26.66645
v -25.270523 -43.580544 19.45111
v -27.479935 -2.5805054 22.644165
v -31.664932 -53.15655 5.8510437
v -37.709503 61.693203 -18.604439
v 56.05449 66.892456 -30.534912
v 22.294426 -32.482178 9.510162
v -25.023193 -1.4318848 23.380249
v -59.431503 71.348206 -19.697388
v -7.632675 66.97208 -30.918274
v 8.27783 67.58302 -30.682743
v -3.6088562 35.158417 33.015663
v 12.056834 76.07821 -16.226059
v 12.1362705 40.37345 31.828148
v -37.62953 -31.00875 5.6236496
v 55.421265 68.625244 -31.64795
v -54.131683 67.78601 -11.935425
v -10.384277 90.7666 -20.550293
v -13.981079 66.05357 -18.147583
v 44.456497 73.22473 -18.582123
v -8.809807 88.31513 -5.936966
v 27.822266 46.218475 -3.0367432
v -46.81134 68.86621 -30.74353
v -10.042513 8.158638 2.406662
v -44.760742 69.13968 -30.3927
v 7.4388123 24.237328 -1.7901382
v 15.307066 -41.643402 20.422682
v 17.13256 -14.8884735 17.008759
v 3.0151057 -0.87551117 36.178772
v 8.5471115 70.11074 -30.370224
v -1.8627146 42.115814 -11.671259
v -36.76355 64.42839 -11.403442
v -59.36896 69.62265 -30.091003
v 24.70059 -36.151966 10.88916
v -44.65869 70.82712 -30.353027
v -45.347824 55.072773 0.23934937
v 45.69892 56.25595 4.17041
v -58.877514 71.02502 -30.144426
v 33.45331 -23.550158 16.206894
v -49.61029 70.431366 -14.357056
v 18.571625 -49.14673 9.749207
v -22.888153 73.90112 22.421143
v -17.403284 72.71826 -9.509766
v 50.41866 52.222324 -5.901144
v 18.50575 37.103622 1.272163
v 28.614136 -30.481415 26.266602
v 31.347076 -53.51003 7.994873
v -33.27545 64.40468 -8.836975
v -11.29863 79.67122 -17.37082
v 19.804369 58.605362 -9.235825
v -4.796133 56.06875 -22.457977
v -16.533585 33.789845 -0.9269409
v 8.767487 71.53937 -30.368164
v -40.144917 -36.54325 12.255772
v 17.56022 -5.437805 21.524109
v 16.890137 59.11786 -10.45166
v 62.037476 74.056 -26.269043
v 2.2246704 79.17955 -26.62674
v 16.342232 -10.839897 17.38948
v -3.1628358 -6.4236307 42.09371
v 13.566437 6.667862 24.783012
v 0.79140854 29.506123 -8.95776
v -14.99762 33.33879 28.914734
v -30.124516 -25.354584 22.790493
v -38.926125 48.824818 5.3166313
v 63.06012 72.641525 -30.904999
v -43.42615 -52.334328 -9.12821
v 48.239628 50.41494 -9.132423
v 18.629631 37.053993 18.809824
v -47.380707 -53.45666 10.300119
v -19.48985 35.003784 -0.604187
v 19.888027 16.00922 20.842556
v 11.295975 55.47737 37.064804
v 23.661472 -36.286472 11.874096
v 14.198334 82.39996 19.38742
v -4.100849 54.12554 -14.48288
v -39.804 56.27153 -22.197083
v -49.310463 72.593445 -30.684938
v -11.874466 64.59738 -21.914856
v 18.032288 56.744568 -8.266777
v -3.1512833 72.52023 -30.916779
v 4.84375 72.187744 -30.9458
v 5.880188 73.2428 -29.075684
v -34.383087 9.3151245 3.7637787
v -5.5326247 6.092556 26.205956
v 28.61621 -34.97177 26.031494
v -10.689747 65.77839 -18.11998
v -50.574184 72.76613 -31.21846
v 29.283356 -21.005188 3.2042694
v -7.6741953 2.6200733 13.160156
v -42.22577 59.34651 3.64563
v -16.941385 -6.1746936 15.348883
v -51.973248 74.18064 -25.947983
v 12.684433 -24.933258 17.066345
v -3.6711578 88.572655 -3.3013687
v -4.9652405 39.599915 -12.974213
v 49.165894 67.47998 -4.813843
v 36.794373 54.52899 -9.651993
v 55.899693 62.973568 -27.019463
v 18.828169 -36.186768 11.717937
v 55.4292 83.67261 -23.179688
v 2.455042 3.478471 28.742907
v -40.478508 67.316826 -23.619156
v 22.020527 -7.081894 21.124569
v 32.035297 55.38453 14.321649
v -42.357563 -42.913246 12.575167
v 47.79392 74.41896 -20.476364
v -8.340148 23.394716 -2.8178368
v 22.266708 -36.498596 11.907219
v 26.546463 -40.39145 14.579956
v 31.921555 -53.19185 7.760742
v 14.687958 94.333115 -25.894531
v 30.574656 8.714838 16.382483
v -48.82864 51.17639 -25.411009
v 50.946274 51.077133 -7.3383636
v -15.13855 77.190025 -6.9145355
v -41.009155 -53.315517 -5.2966995
v -27.167648 -32.205147 22.11734
v -32.38924 -15.54619 -0.1389389
v 28.36882 -3.2346053 -2.384369
v -9.814636 35.47888 -11.112549
v 19.556723 -48.05115 5.159913
v -24.710596 -39.724655 19.849968
v -22.21975 -22.803223 16.283173
v -43.425415 48.449013 -9.776794
v 1.5515137 89.520294 14.9800415
v 0.28135502 14.094614 -3.3030136
v 20.058899 72.279175 -2.4482956
v 48.526047 75.6007 -18.671051
v 51.330647 81.97472 -30.91829
v -42.891632 -51.559887 -2.971405
v 8.445892 36.97513 30.848694
v 58.15504 82.17082 -29.785034
v 16.953396 -30.041275 8.458908
v 48.62987 81.49895 -24.898926
v 13.745334 -35.98143 23.255852
v -2.4778547 -6.7107553 46.095074
v -24.632553 -15.271938 10.8619995
v -24.498432 -38.613914 19.894089
v -22.859856 -49.718727 21.207375
v -13.84584 40.196068 30.728378
v -21.015137 44.00789 27.542969
v -22.084036 -11.376326 13.405785
v 51.560703 84.017456 -30.340668
v -0.7757263 -6.3004074 47.481598
v -13.361763 95.46337 -26.01065
v -46.6181 -53.278484 7.446413
v 18.82941 23.381042 16.663208
v -29.500511 46.125885 1.4875946
v -17.036835 69.299774 -14.345215
v 5.0847664 57.135284 -18.946281
v -55.527702 54.872986 -13.956665
v -42.24832 -9.071793 -0.19204712
v 10.275875 85.86897 2.5956116
v 62.74022 71.16209 -26.470165
v -14.111816 43.425964 34.26172
v 34.990753 -52.441498 16.129333
v 23.319761 -35.47757 11.563705
v 19.6569 6.953455 -0.69541657
v -41.342712 -24.06282 16.927002
v -17.26379 30.000845 5.319927
v 55.58396 56.492092 -22.518211
v 31.246109 -7.027855 -0.6205902
v -16.604988 62.281525 -11.9032345
v -5.7070866 5.987713 28.968674
v 18.609512 -52.07783 32.02795
v -36.128357 65.86682 2.331665
v 13.349609 44.72296 32.725952
v 30.554848 -34.069477 15.930252
v -37.86772 47.45598 -5.772629
v -36.842834 47.498306 -9.467163
v 33.024788 -10.724943 3.8513336
v 31.385437 6.240547 4.35083
v -23.909485 -34.43121 19.165802
v -19.946703 34.409317 7.0578814
v -29.276758 -31.45597 3.7798233
v 17.90503 -6.419281 20.916061
v -16.559635 92.16096 -30.972504
v 24.829773 59.024414 -5.810791
v 25.34557 -34.75229 10.244232
v -43.246365 -52.882965 1.7180786
v 23.939117 -47.08667 3.9835205
v -31.066116 11.86821 21.706665
v -17.466133 92.925186 -30.914337
v -18.505714 94.72546 -31.231972
v 6.2729263 59.451694 -16.742401
v -40.5039 49.603157 -14.528152
v 17.194885 66.02484 -12.8350525
v 18.090454 13.915283 23.532349
v 10.169104 -2.5227032 12.66264
v -32.640625 -53.176796 11.162109
v 24.03363 9.788155 1.0410919
v 18.865456 -10.138893 0.4634781
v -24.806648 -36.82623 19.82582
v 18.874733 36.423477 5.555374
v 26.897469 -22.83844 26.301895
v 15.331585 -11.850159 8.854889
v 25.687006 12.922802 4.153136
v -18.073341 85.59894 -22.620552
v -14.788635 81.76715 2.638916
v -21.725586 95.379265 -30.891113
v 5.49522 57.554886 -18.344711
v -33.274986 -40.814903 8.279732
v -16.516998 80.72029 0.14196777
v -24.369583 56.85544 -10.279129
v 40.929455 67.01186 -8.645666
v -6.0966797 69.041245 36.41214
v 30.93013 6.089966 3.3784485
v 13.91156 79.35843 -18.371765
v -7.3123474 86.846466 -26.147339
v -21.652618 95.92581 -31.184296
v 38.638428 -53.529423 9.61499
v -21.77792 96.41669 -30.604553
v 21.585068 -7.4024277 -1.375473
v 18.981262 -34.39148 28.990463
v -19.885864 96.69684 -30.27356
v -9.855438 83.95386 25.315063
v 16.447525 -53.43241 30.12497
v 15.356747 -34.662205 12.652176
v -37.173954 -30.324505 4.295887
v -22.914093 71.81802 -3.1113052
v -2.5107422 51.555023 -30.280945
v -40.185574 66.36549 -23.071297
v 0.61724854 51.678406 -29.028198
v 31.981491 0.47320557 1.9634705
v -4.0092926 51.895935 -30.382004
v -28.440212 55.399067 20.21077
v 12.569412 71.98747 -19.468079
v -39.969498 -20.375244 2.54953
v -22.77522 -17.217373 9.388252
v 4.019247 53.299294 -30.67173
v 28.005005 -13.149605 17.927612
v -30.013313 0.73238564 -2.584775
v -19.588562 62.202393 -13.595581
v -49.54046 53.571533 -30.18573
v -30.550804 -23.372581 1.4378777
v -29.92963 -35.00509 4.898037
v 4.7757263 53.59222 -29.68769
v 27.13556 -10.65918 18.162354
v -14.694972 -4.871298 14.168055
v 16.77943 32.77147 6.9223633
v 50.66867 51.443985 -6.486206
v 46.641724 59.481033 -20.74054
v 27.879944 -47.36235 24.02649
v 3.5496826 83.866104 -16.677368
v -29.992321 -37.468918 6.3064804
v -40.747215 -6.3613853 3.5827103
v 18.647873 -11.092499 18.656372
v -56.202515 54.317146 -29.870346
v -21.950523 74.88875 -3.0359497
v 35.354805 63.416573 0.7675171
v 18.62273 5.0594606 -1.5514696
v -19.58194 13.402473 0.9503746
v -43.032166 60.10302 -23.768433
v 54.938843 74.54663 -13.019287
v 20.718872 -12.538482 0.2839012
v -10.77124 71.94025 35.011475
v 15.200169 -33.502865 12.240513
v -44.61048 65.45122 -8.190186
v 6.2791595 43.46492 35.629025
v -24.352161 -35.20915 19.895306
v -4.787033 6.358755 16.957779
v 15.906891 5.1232615 -0.54125214
v 14.583687 -46.937256 29.991776
v -21.47142 -31.57184 11.306229
v -29.154404 55.142075 16.903679
v 11.028651 80.97354 -27.504168
v -31.25055 -45.030594 7.300537
v 50.367218 67.19461 -25.266235
v -22.0784 -19.676083 12.720047
v 60.861687 73.96682 -23.26709
v 6.734192 22.385628 30.968521
v 7.2110367 78.91795 -24.720535
v 4.3447266 35.72177 -8.772491
v 35.80099 -53.99188 -3.0361786
v 25.15808 -33.804047 9.419014
v -39.012077 -33.50609 19.971355
v 24.218025 -40.282623 13.620789
v -19.444275 56.919174 32.850555
v -49.145325 57.67163 -29.770142
v -17.77246 19.135986 25.65747
v 1.030716 9.688942 -0.5940666
v 15.488373 -45.315125 29.09137
v 8.940308 44.330933 34.216232
v -0.016756058 21.165379 -6.17379
v 15.517679 85.66882 -21.493546
v -48.48419 59.01239 -30.394775
v -4.129381 -6.323948 46.24029
v 16.930115 57.741104 -9.399536
v -11.0009 77.44684 31.971191
v 15.751968 70.518906 -11.803894
v 19.955338 -11.329685 0.60025024
v 8.152206 26.120785 -1.0697632
v 61.953796 72.83539 -24.975464
v -4.94165 56.174934 -18.941023
v 60.848473 67.51681 -21.792389
v -7.3493137 60.90164 -30.208008
v 61.87932 63.244568 -18.116333
v -12.438293 78.3913 -16.510284
v 40.927612 69.495155 -14.54569
v -29.144066 -41.71015 9.294613
v 4.166664 29.58631 -8.218632
v 15.938843 72.64085 29.297241
v 0.5630264 39.26532 -10.8750305
v 4.469406 86.078674 23.974304
v -41.670265 -49.593166 -4.071987
v 8.88259 62.002533 -30.576988
v 32.047703 -33.00132 20.311768
v -30.275375 -17.868011 0.90792847
v -23.778778 58.091927 -10.756958
v -37.25296 -14.839966 17.4552
v -41.165596 -27.258286 6.0294495
v -16.506577 41.394066 31.992203
v -13.736221 80.741486 -20.860168
v -0.7909088 86.15413 -11.918274
v 45.6864 73.17388 -11.55304
v -35.883667 46.91783 4.1937256
v 53.70706 52.003193 -11.910454
v -7.042771 52.108658 -11.62024
v -11.163381 19.872036 -1.1060036
v 30.325455 -31.892822 11.377319
v 56.269012 54.934677 -18.194061
v 19.497505 -48.54679 4.810089
v -39.13147 47.38839 -2.0535126
v -25.263292 -32.2112 20.683388
v -7.8809814 64.487305 -30.441772
v -9.738345 81.55361 -23.833231
v 9.822927 80.57483 -22.986853
v -21.099684 76.39047 -3.1997604
v 11.847839 18.983337 25.692932
v 18.357162 54.07498 31.073853
v 8.929886 24.785095 -0.26281738
v -46.059204 66.14285 -29.774506
v 16.483723 -17.020767 15.972277
v 14.154007 8.403018 0.6681328
v 18.272156 38.739746 22.539978
v 30.118622 -24.001175 24.753693
v 13.912804 -31.031471 12.127106
v 20.3311 -7.6332664 -0.64185333
v -60.869102 56.848663 -17.458313
v -7.9838867 66.12036 -30.5719
v 36.506165 -49.178352 12.28341
v -34.24391 62.195747 -13.242889
v -13.86948 5.232887 2.4159698
v -4.5071297 -8.646851 57.542694
v 59.182724 66.62793 -30.661865
v 32.91748 -12.301846 0.15710449
v 39.597168 -53.000275 8.860596
v -20.606358 32.97534 17.110277
v 55.623386 79.37182 -18.834856
v 16.918377 76.14976 2.6325226
v 32.45049 -31.026958 20.06076
v 47.85359 58.488415 -22.343609
v -23.34259 -3.6251373 -0.69296265
v -23.919113 -0.6494446 23.775711
v 21.978355 75.31651 12.570614
v 54.81848 67.72998 -30.195557
v -31.98246 -38.45627 23.191223
v 62.742493 63.766953 -10.559143
v -63.090088 60.728363 -23.371399
v -2.3650513 21.332348 -5.9276276
v -26.868896 58.9328 25.355103
v 60.121178 67.06217 -30.394562
v -5.7520924 85.959946 -8.938087
v 50.62532 57.586784 -2.7912483
v -2.7152786 89.50406 -2.3285522
v -36.211624 64.49066 5.1396484
v 20.4292 -20.61293 4.6358337
v 61.7733 68.27202 -30.12385
v -1.282074 89.44745 -7.7181396
v -8.349014 68.02646 -30.174927
v 8.664772 68.78843 -30.526031
v -46.24646 68.85101 -30.17456
v 14.286819 -26.715538 22.639954
v -4.4773617 -12.223284 57.08549
v 30.117981 -22.819092 24.381958
v 11.060692 83.23263 -27.267761
v 58.050724 59.079353 -22.415081
v -8.587326 69.639404 -29.79654
v 16.089302 81.15659 -20.255093
v 10.131592 74.89637 -24.21167
v 19.696228 -52.95479 31.06375
v 5.391307 58.37727 -20.39193
v -17.426025 19.800537 25.785767
v 19.65992 1.1418762 24.631207
v -38.531464 62.647217 5.7471924
v -41.202404 -14.210556 2.3572998
v 25.18653 -20.655151 25.275558
v 27.407654 2.6559448 -0.93927
v 13.882111 20.31363 1.6817932
v -28.350077 68.01286 4.661827
v -49.089912 50.268127 -14.602844
v 63.47549 70.069214 -30.413467
v -47.018036 72.221695 -30.398163
v -46.41156 71.43274 -30.563477
v 32.134853 -47.476807 9.95636
v -38.994995 -30.801407 20.286377
v -46.500023 72.45441 -21.982422
v 58.634537 65.662674 -26.778534
v 16.743713 25.211342 21.600586
v 8.357605 71.833984 -31.114502
v 0.220122 8.463175 -0.623268
v -23.396866 66.37018 -9.800903
v -35.77005 5.63443 1.4963379
v 4.0164185 22.540512 31.538864
v -38.52887 65.75018 -3.4956665
v -1.0234375 72.1396 -30.559692
v 59.788097 75.2901 -21.061293
v 28.326721 8.524078 20.778687
v 1.0798264 51.264923 -13.421371
v -18.733154 32.599243 23.473877
v 32.54129 -30.224976 20.711761
v 53.567688 72.63501 -30.214844
v 15.273528 82.05257 17.728249
v 49.90219 49.76956 -15.149719
v -36.09476 10.633574 14.609802
v -8.68689 72.87317 -29.583008
v 8.921268 2.853241 20.574463
v -1.6004028 72.70638 -30.469177
v -47.955566 72.23242 -20.20575
v 11.382744 58.814575 37.00963
v -40.57966 48.014374 -10.713165
v 9.951294 19.141144 27.91748
v -42.590958 66.33815 -11.611176
v 48.823944 51.444283 -6.1356277
v -61.69403 66.97417 -24.047821
v 59.950245 66.11096 -24.789896
v 14.860676 -19.407425 12.69191
v 10.581909 60.423485 -11.994736
v 23.925106 -24.404215 3.3891973
v -2.5582867 73.048775 -30.616753
v 24.78543 -46.111145 5.2194214
v -0.459093 73.25334 -30.472467
v -48.49695 68.60974 -12.217102
v 3.4263306 82.3042 29.686523
v -5.6369476 53.653442 -14.070602
v 0.3044963 -5.03792 44.71221
v -2.3323517 82.84619 29.841797
v -21.896301 -27.250206 14.938263
v 13.2821045 87.07202 -17.601318
v -50.219574 50.31555 -21.764114
v -14.672512 67.00719 -19.680405
v 55.886322 54.167946 -7.4907684
v -36.036728 51.27816 9.082752
v 12.8302765 -25.323524 11.274506
v 13.136956 -34.232372 16.983742
v -23.826416 64.203186 -11.427368
v 1.8997192 73.62109 -30.387451
v 1.1717987 75.65973 35.65796
v -48.386063 51.6849 -4.60614
v 27.42662 12.7673645 17.67102
v -53.978065 73.993744 -30.622602
v -20.816496 28.597359 14.3974
v -3.3675766 47.14969 37.378532
v -52.949486 73.703476 -30.813667
v -19.472275 -2.242568 0.46250916
v -51.721336 73.57533 -30.4375
v -4.046997 74.41554 -30.537994
v -36.300774 -33.659763 6.3359337
v -44.400013 48.53238 -10.040115
v -8.638489 79.89258 31.186768
v 21.663712 -51.400745 3.0842552
v 19.158083 30.471554 13.104187
v 62.21967 74.04255 -30.861908
v 32.964443 -27.212177 11.38689
v -33.566734 64.5564 5.7160645
v -56.010967 73.64259 -29.916595
v -55.07495 -52.133057 4.422119
v -12.745331 83.85552 21.481781
v -2.3911438 74.13368 -30.68285
v -46.080162 70.671936 -16.002563
v -15.471252 20.368362 1.0778198
v -34.790928 66.023346 2.550232
v -40.228592 64.62704 -12.182007
v 19.135132 -52.261265 6.8305054
v -3.2525024 75.13489 -30.35785
v -37.56437 -27.93179 3.8041077
v 32.45639 -29.229095 20.846313
v -8.55599 82.921135 -11.479809
v -20.764143 -25.494236 11.936142
v 24.164007 42.985535 9.138943
v 6.694504 57.73419 -26.761902
v -19.800842 50.620026 -13.3289795
v -28.999237 47.712494 -6.157575
v 26.444946 -41.426033 15.21817
v 14.374924 -23.187893 21.062729
v -40.78743 -26.623718 5.0553894
v 40.64856 -52.516937 6.659729
v 49.571762 81.962036 -21.665161
v -23.9217 8.129887 -0.9705467
v 2.140871 39.809784 -12.661499
v 3.1781206 1.0737915 35.04474
v -37.73201 -46.51288 -0.297818
v -1.8413086 34.01837 32.451157
v 60.83531 78.94309 -30.775116
v -31.27167 47.567444 -7.8998413
v -9.40834 85.67049 -7.8301773
v 51.055244 58.34375 -25.665619
v 30.158997 -19.244522 22.136139
v 58.448856 80.610344 -30.606451
v -13.1539 40.391853 32.31836
v -30.624447 16.78091 15.449799
v -17.162472 78.9873 -3.4765167
v -38.930695 62.95684 -21.41092
v 15.695679 -22.47585 8.33667
v 57.59127 83.68173 -30.12674
v 60.29621 60.897354 -21.422638
v -36.051163 -39.72003 8.312683
v 56.436142 84.5612 -30.741669
v -39.397034 60.124664 6.7141113
v -6.5372868 -4.2727356 52.903656
v -38.3064 61.99198 -16.65454
v 0.9404602 89.55683 -2.2575073
v 54.641815 85.16722 -29.484161
v -38.783447 -28.11145 20.85147
v -5.142563 -11.515968 57.76191
v 55.563965 80.59332 -19.329102
v 6.345871 78.01352 -24.91092
v -23.980381 48.163578 -7.8418274
v -38.27533 56.568775 -16.705061
v 17.610672 -41.982285 29.014639
v 51.29541 85.53818 -30.383438
v -42.4867 -21.609787 7.6925354
v 54.58528 83.58667 -21.297485
v 31.743195 3.4196014 2.755127
v -35.25305 3.6589966 -0.35839844
v 24.684448 -51.177002 26.457458
v -22.524437 65.72702 -11.355286
v -10.889458 86.23451 -30.335052
v -45.454437 64.7964 -7.069229
v 13.35302 -28.948872 21.432404
v -40.551285 0.30198574 8.943066
v -11.670441 87.51665 -30.62516
v -0.5100937 19.545841 -5.815634
v -37.786133 -53.3667 18.800537
v 51.823494 86.08766 -30.399933
v -6.8267975 5.199239 18.581116
v 19.448463 -40.620926 29.386986
v -17.321182 -0.46380615 22.83081
v -15.948034 82.06177 -21.377605
v -20.749023 71.5697 26.408691
v 55.804443 74.34863 -13.126465
v -0.9920654 10.155029 32.060303
v -32.58723 -1.012382 -2.4622145
v -40.729843 -48.98123 -5.3303833
v 19.179245 2.295166 24.685097
v -12.295902 87.251305 -30.651922
v 22.263367 -10.844238 -0.39786148
v 9.883991 72.58104 -25.569046
v -11.414369 88.29471 -30.306055
v -48.00057 -52.838913 6.498108
v 24.621979 53.75257 -6.5473213
v -13.50293 76.285645 30.824219
v 24.28492 16.574228 7.887024
v -27.302877 2.7393894 -2.3690095
v -41.720806 -10.314056 5.713562
v 45.632465 53.393944 3.9514618
v 9.049164 83.54001 25.033875
v 29.365768 -9.858192 -0.7490387
v -14.793787 89.8524 -30.709665
v -41.50574 -26.552261 8.612701
v -14.001343 89.84851 -30.794456
v -14.29071 54.978455 -12.179962
v 33.085686 -52.246597 7.6720123
v 19.038837 27.767467 12.387996
v -44.025787 66.33197 -6.812462
v -26.049273 12.840698 2.5396118
v -28.231354 61.457 -8.494522
v -24.343801 -45.52709 18.43196
v -38.9393 -22.922089 1.5911407
v -25.790695 72.15624 -2.1543503
v -0.43029052 48.26985 35.19168
v -10.634567 81.15109 -11.371033
v -17.075947 92.40773 -30.42395
v -25.327454 14.842453 3.6740265
v 12.76848 -33.970444 19.881289
v 16.414658 -42.619797 28.348034
v 32.698074 -22.848274 12.648132
v -9.120422 36.992188 -12.565552
v -41.490322 -22.96096 11.478149
v -47.08792 63.096252 -2.5274048
v -19.10794 94.145325 -30.801865
v -21.061943 -25.220947 12.602234
v 18.5327 -51.60913 8.618164
v 33.519653 60.436157 12.19873
v 30.396881 52.67917 -7.4405975
v -26.684555 -53.796432 15.918915
v 18.519897 68.454895 -9.792358
v 13.742874 75.046326 -5.960144
v -55.229534 -52.555172 2.0517025
v -12.720459 54.317993 -12.343933
v 45.407486 57.212727 -19.640686
v 30.608139 -2.8274555 -1.0582428
v -58.437103 64.49756 -12.139099
v 33.749016 -51.43879 7.125557
v -5.254691 -12.100784 57.48334
v 25.133179 -52.108826 -1.8637695
v -25.621841 59.865936 27.243256
v 18.036621 -38.349854 13.32843
v -37.831604 -12.581739 13.851624
v 28.01706 45.74716 -1.4570312
v 20.947388 7.5788574 24.939636
v -39.071262 4.331562 8.720467
v 18.599072 -23.068573 25.401222
v -25.32288 -27.050861 2.8716812
v -18.548645 26.87056 23.36853
v -38.83425 64.57496 -17.407654
v -39.89101 -27.002142 4.662813
v 58.22313 56.99627 -18.587036
v -7.4147644 85.0487 -8.747208
v 43.797836 64.867424 -16.970032
v -25.473927 -0.5231209 -1.9831142
v 2.8272552 51.67316 -30.201591
v 21.51471 -33.37787 10.020874
v 3.6621513 52.275837 -30.22176
v -5.0516205 53.01529 -29.820557
v -22.240316 -35.779503 14.784597
v -22.11023 -5.953888 20.210266
v 36.373993 -48.265907 9.994064
v -52.864487 53.648026 -29.922821
v -39.448547 -53.720642 -0.53344727
v -12.88044 76.30269 -17.882652
v -38.657234 -25.781322 20.393898
v -19.08299 78.16022 -1.4303293
v 37.779972 -48.69976 9.202332
v 13.720261 -21.953022 12.138123
v -24.786068 -26.989393 20.27148
v -48.655334 54.49768 -30.745056
v -28.198456 54.215828 21.932983
v -36.403183 -4.2580795 -1.2991104
v -48.32315 55.125122 -30.58847
v 13.418701 73.41618 -15.177002
v 33.83882 -2.584175 3.1760254
v -57.486546 54.69527 -29.326115
v 6.1490345 59.32566 -18.305977
v -48.345566 56.311775 -28.641907
v 50.379025 68.24255 -4.9198
v -13.11824 34.657898 -8.899902
v 3.670044 44.259857 -14.234299
v -29.337938 64.43735 17.036926
v 20.189617 -18.304405 22.50496
v -18.147385 4.0613785 0.19785309
v -44.185593 69.739944 -15.657984
v -10.488167 64.58505 -21.96283
v -20.059021 28.409706 20.49768
v 13.39366 7.686194 0.91642666
v 11.997528 77.24483 -18.851074
v 32.77777 0.07312012 15.962891
v -4.885559 70.425766 37.14511
v 56.406143 55.949993 -18.9693
v 31.84197 -33.586643 19.061462
v -24.929695 -16.26027 14.504059
v 22.519043 73.65576 8.241211
v -6.729761 56.579636 -29.561516
v -33.441406 -31.696342 22.992622
v -13.311768 77.93035 -11.586792
v 3.392922 6.0683985 23.05597
v -35.815456 47.471436 -8.737915
v -40.18158 -2.7724113 3.1434326
v -4.794632 -1.1416626 50.051636
v -22.396927 -21.371017 15.664749
v 33.146095 -50.735653 7.7957535
v -58.53076 69.03601 -16.260742
v -53.840225 59.49416 -10.126854
v 5.931866 58.65711 -30.073402
v 58.110886 81.432495 -24.841309
v 13.169106 77.04855 -6.0441914
v 0.23772001 -5.495438 46.34741
v 31.12616 57.887573 14.722565
v -40.35254 -41.79264 12.776199
v 8.892498 83.00617 -26.695059
v 6.5996094 59.058685 -30.616821
v -39.756012 48.309113 -11.47699
v -60.66281 59.356384 -29.992798
v 58.778473 57.81163 -19.065918
v 32.56606 -32.170578 19.312347
v 7.717163 59.70587 -29.990234
v 33.179005 -19.85143 11.759735
v -47.45984 60.56079 -30.23877
v -23.194992 73.486465 3.8264542
v -36.233063 46.355183 0.41271973
v 12.370855 64.99564 -22.658588
v 8.537601 62.485268 -18.912048
v -49.22215 50.07356 -22.167679
v -21.380669 -27.63506 13.638519
v 8.550797 60.68567 -29.753906
v -54.068718 51.36799 -18.14264
v -8.756903 62.014442 -30.12497
v -4.266365 37.718857 -11.028732
v 11.130539 76.78325 -23.39798
v -35.173096 -36.508156 22.412674
v 18.832184 54.170914 30.64392
v -47.239777 64.159424 -31.329285
v -8.931103 62.44798 -29.733475
v -3.4736023 88.03204 -8.652649
v 22.417358 -40.400604 29.036255
v 9.190453 -0.022567749 17.35701
v -7.868742 59.648067 -17.937977
v 23.43959 -30.295929 28.738594
v 22.22613 -44.06494 9.776322
v -60.402527 63.718323 -30.808044
v -29.122826 56.62895 19.909645
v -27.983986 -9.823677 17.724342
v 17.419298 35.974747 -1.8076401
v 38.246513 45.986298 3.4272156
v -50.32204 74.340126 -25.68343
v 12.607178 5.6636963 24.287842
v -28.319214 57.891594 23.24292
v -51.59606 70.030396 -15.19635
v -41.98119 -27.891346 14.18765
v 5.08313 28.459885 -6.8888245
v -35.938538 7.7278137 17.302734
v 16.211504 -18.735382 11.387421
v 23.553452 16.788239 15.449402
v -28.57785 -4.5942383 21.2471
v 13.451904 21.852478 24.583252
v 10.713745 63.401993 -25.199402
v -25.827904 -11.349655 15.578308
v 33.80545 -50.079475 5.2152405
v 13.441589 69.32424 -17.30606
v -9.806618 26.560291 -2.6900482
v 12.462418 -24.347803 16.349693
v 17.926819 76.27936 -3.7239075
v -27.338898 -39.25702 22.390213
v 34.320236 63.930756 6.7824707
v 62.850327 62.28791 -12.248398
v -22.766008 -38.114414 13.821747
v -51.466244 -52.688976 -6.3925476
v -41.724377 -17.167915 11.897293
v -28.443726 0.51782227 23.33905
v 15.555725 23.149261 22.631805
v 57.916855 80.08484 -22.25647
v 19.954758 -53.14052 5.416443
v 56.99996 66.42261 -30.052368
v -29.12711 65.366486 14.5555725
v -60.11699 66.88031 -30.150635
v -13.356842 32.96007 -3.5908737
v -34.403885 52.62468 10.299858
v -8.844238 63.393677 38.2157
v 19.238392 37.92274 1.4682727
v 17.146606 18.49131 2.1311646
v 2.4890747 36.697365 32.21132
v -49.875427 -48.913574 -3.11911
v -51.434067 71.12146 -16.620361
v 26.633863 -43.619564 12.96801
v -39.123215 -6.8984222 -2.4636536
v -23.964165 4.179351 -1.4657965
v -37.398582 -47.805206 -1.1628418
v -46.218567 68.46948 -29.457031
v -59.553146 69.117584 -29.744232
v 1.770813 33.42108 32.052414
v 14.494217 2.188507 24.032791
v -20.678057 36.369987 15.41679
v -11.699089 80.03126 -11.625458
v -43.965973 69.44702 -30.021606
v 25.742432 -52.972534 25.057495
v -33.5 -22.558075 22.612572
v 28.217827 13.562546 15.226318
v -41.55693 -15.974415 11.379639
v -39.516006 51.819515 6.771225
v -33.819885 65.68283 2.9970703
v -35.471878 -48.61328 -1.2631378
v 14.0668335 81.52122 5.430908
v -52.55774 -50.43116 7.7043457
v -7.5792847 88.27338 -4.1553802
v -22.627457 -23.388466 17.222961
v 54.468018 55.58847 -22.058167
v 32.699905 -22.459045 20.99231
v -30.160522 -50.12236 7.5253906
v -36.68515 65.78328 -6.5970764
v 9.056946 71.54905 -28.61792
v 45.819916 56.247772 -22.907776
v -44.848003 71.42844 -28.9841
v -23.623047 64.81616 28.368652
v 19.10147 -4.8013916 22.256805
v -23.47293 -52.97512 22.863586
v 28.065826 9.606171 3.568634
v 2.7015572 27.441845 -6.7006454
v -4.982032 8.324825 -0.5204458
v -7.1466675 84.57698 24.602997
v 8.2417145 86.88901 -2.027771
v -40.382256 67.82209 -20.495144
v 3.7874756 72.17688 -29.927307
v 15.669799 9.271034 0.44866586
v -36.41101 -8.530197 14.540649
v -41.638054 -23.5932 12.961151
v 43.58907 73.30335 -16.715416
v -47.4433 72.68402 -29.949463
v 3.6487122 46.575607 -13.989685
v 33.28564 46.610443 9.519775
v 0.11254883 72.68514 -30.264084
v 58.337837 82.72828 -26.927505
v -50.07611 -49.305573 4.357666
v 48.692993 55.415466 -2.571228
v -26.76764 -12.193272 2.8225098
v 41.55066 65.44537 -14.196106
v -37.62378 1.690155 0.28448486
v -57.614204 72.6791 -29.461914
v 27.688917 -50.340282 3.031975
v -50.020935 73.69524 -29.986023
v 14.476868 52.934845 34.4133
v -17.607758 75.409645 -5.997261
v 33.64653 -9.638149 6.795227
v -39.029232 64.97352 -18.199406
v -22.100342 -1.2574997 -1.0445557
v -13.10376 71.18494 33.286133
v 26.89029 -4.5205383 20.942245
v 30.325684 8.659908 5.049011
v -9.099184 39.621593 33.184193
v -30.596863 -13.687893 0.10043335
v -5.989258 73.404175 -30.108765
v -2.709258 5.254572 5.5661163
v -4.3849487 73.34192 -30.403595
v 52.014076 76.6544 -17.69262
v -34.187622 4.8283386 0.090026855
v -40.759796 -13.949707 12.4001465
v -3.1831055 54.3985 -16.24115
v -56.21614 66.70082 -11.474564
v -15.434478 -5.5219574 15.290696
v -4.234123 35.06369 33.84819
v -7.6242676 89.183914 14.786377
v -22.109467 1.0260468 -1.4424591
v -52.192673 73.82718 -29.84729
v -19.469566 37.555313 -3.8017273
v 22.742935 -48.202454 2.8250122
v -43.03029 -53.218018 -6.511841
v 15.076843 24.02362 24.408142
v -20.929356 31.895943 14.701904
v 19.640022 1.7070843 -1.8374963
v -0.54634094 62.02052 38.979008
v 32.27855 -20.130127 19.968628
v -11.640823 78.58718 -22.788544
v 0.1885376 75.312195 -29.774963
v -26.297224 -23.670155 20.66053
v 28.905571 -44.00769 15.527252
v -34.981873 -27.791481 22.56009
v 12.285189 -3.6401386 4.3911324
v 26.471558 -15.636017 19.188812
v -4.9628906 75.31293 -30.121216
v -10.440857 86.63771 -0.4177246
v -25.027311 73.265884 8.97728
v 22.348324 72.37218 0.72836304
v -51.459595 -51.033047 -5.153141
v 39.098083 -49.994446 6.758362
v 30.640993 45.661667 -2.6167603
v 26.233398 -53.44793 23.60791
v 24.125732 -48.448242 0.07080078
v -13.025269 27.744736 -0.38327026
v 62.10151 76.05508 -30.096802
v 25.447876 0.5898266 -2.4728432
v 13.386627 -23.813066 19.135208
v -23.580288 -40.595146 14.470526
v -38.960037 -15.006897 -0.3631897
v -26.270966 -20.803947 19.595917
v -47.617676 -52.887596 3.9853516
v 19.103683 -17.860786 21.232498
v 35.17759 -3.2654114 9.717224
v 21.680023 -52.844055 29.74707
v -32.80771 0.9495163 -2.2062736
v -43.349762 -48.042847 15.594788
v -14.754898 85.15796 16.939209
v -32.4 -37.178955 6.1012573
v 36.813217 52.859215 -9.783791
v -26.047897 -18.912842 2.326355
v 33.873047 -50.377502 -1.4530029
v 59.100525 80.38505 -29.039452
v -21.5607 45.938873 -10.704071
v -51.56705 -53.391956 -6.272971
v 13.054321 32.757614 28.697144
v 15.395447 -38.387444 27.323883
v -34.050404 -30.500614 4.698635
v 39.779785 67.18212 -14.001819
v 1.6818752 88.72431 -3.2048903
v 1.7617416 19.348312 -5.408161
v 53.107384 52.10198 -17.669136
v -51.58522 50.861206 -22.461884
v 60.06009 72.643456 -21.358643
v 51.709633 84.712555 -30.300587
v 41.027985 67.849846 -10.271011
v 33.409065 45.038868 5.530884
v 38.70215 -49.23207 8.091553
v -37.033466 47.116463 -6.9318085
v -12.177948 4.222885 5.2382812
v -38.27369 -45.104496 2.59461
v 19.65976 3.9791565 25.047745
v 38.35522 60.15998 7.811976
v 27.841173 -14.217984 -0.964295
v 26.482132 5.1565475 -0.31236267
v -30.638489 63.324585 8.953003
v 26.074814 -11.131336 -1.4093847
v 33.305885 -24.028538 17.546448
v 49.196045 87.4082 -31.20166
v -5.3789062 51.03174 38.52191
v -53.298668 51.35812 -17.215576
v 27.248962 11.073273 3.6289368
v -31.474106 -41.194225 8.454044
v -10.449325 87.285034 -29.889763
v -21.186357 36.587692 2.64563
v -49.021408 53.08306 -3.5300946
v -20.553574 -10.708272 11.596422
v 52.105713 87.99634 -30.536133
v 50.866894 52.510696 -5.800214
v 14.326559 -9.779663 12.460762
v 30.351593 -34.981537 16.922546
v -10.373718 88.81753 -29.94168
v 7.9019766 3.8027725 5.293808
v -48.41103 -51.67624 4.769213
v 6.303406 34.139496 -7.4662476
v -1.071677 4.143478 37.498356
v -41.529724 62.053406 2.7983398
v 5.6523895 88.23736 -1.5865784
v -19.949646 33.378143 20.223999
v 1.9559937 54.255737 -23.375153
v -35.82663 48.259705 7.111908
v 49.58554 86.527954 -26.270752
v -1.3161635 5.4304085 2.0599442
v -24.780724 14.162262 3.028656
v -12.451904 91.33246 -30.164612
v -1.5052052 -7.277405 51.114937
v -38.864735 63.53076 3.9798584
v 49.801727 90.0058 -30.505615
v 31.931936 -48.994328 7.6408224
v 39.009056 47.87213 5.849045
v 8.97583 87.42505 -25.717896
v -36.822083 48.579956 6.7366943
v -15.245079 90.40572 -30.205833
v -11.843018 75.357666 -24.415283
v -40.969913 -42.408726 13.475448
v 23.044014 62.879333 26.279144
v -34.057877 -52.616215 16.848938
v 18.817383 24.507774 13.177322
v 20.960789 72.57247 0.58096313
v -15.331238 91.01935 -29.45221
v 31.630127 -10.702515 11.2578125
v 20.843323 -18.655277 23.316582
v 24.18451 61.612305 -5.2004395
v -17.13935 92.73086 -29.433075
v 25.979141 -33.468567 9.110138
v -20.002842 -9.941187 11.6991
v 45.71553 73.546875 -13.127441
v -28.675552 -30.272371 3.191043
v -48.426468 -53.549835 9.53833
v 32.230774 -8.378174 12.921631
v 46.841125 49.046654 -12.14032
v -34.635742 -52.79271 14.858276
v -14.040379 19.004795 -0.24232101
v -17.112915 95.43945 -30.528076
v 21.327637 -40.65338 29.24176
v -22.136154 94.16383 -28.44925
v -36.618187 -30.628998 4.8157883
v 8.899689 80.635345 -26.296814
v 46.20348 62.388954 -1.435851
v 14.303345 81.86909 6.8165283
v -22.4913 95.38863 -30.258575
v 52.644043 54.155945 -5.814331
v 9.584076 66.03323 -26.930664
v -1.3626099 36.832268 32.789413
v -22.474064 96.035645 -30.2219
v -2.533371 39.421432 -10.669525
v 25.197456 45.026215 0.64312744
v 32.185482 1.737733 2.559488
v -32.849472 14.362747 15.124329
v 33.811638 -8.721664 8.364746
v -23.647116 -11.784435 12.246923
v 20.639282 -51.15126 30.821167
v 3.428955 79.77161 -25.639282
v -10.673187 80.9123 -10.154755
v -0.574646 -0.68865967 47.009888
v -20.920994 97.01987 -28.8712
v -26.228287 72.5146 1.9543457
v 19.848726 -46.97061 7.789795
v -18.324707 38.26149 -6.7478027
v -0.63256836 51.573547 -28.94165
v -46.087082 64.93222 -4.2441406
v 8.804565 85.76709 -16.857544
v -21.167175 95.41196 -27.04065
v -30.78744 -16.773428 0.395144
v -43.489395 68.65856 -14.829132
v -49.02339 -47.322433 8.152573
v -4.679617 53.017853 -29.472687
v 5.4870453 87.063156 -7.656639
v 21.404375 -44.18429 10.235291
v -20.210693 22.743896 6.0074463
v 11.8153305 7.092243 1.086277
v 19.448761 12.708649 1.1740952
v -57.58007 73.194374 -25.89373
v -49.262085 65.19336 -9.099548
v -23.90792 -29.060472 4.8039246
v -36.876785 -21.104172 0.23086548
v 17.080185 35.036865 2.6401367
v -1.868866 84.72598 -17.63144
v -18.230133 -2.1226807 22.24347
v 28.271484 46.47815 10.15271
v -54.01896 53.783188 -29.291779
v -47.921875 53.668793 -28.94104
v -4.400696 57.534683 39.33071
v -5.673132 53.981785 -29.92702
v -23.358917 -36.21997 17.34732
v -8.532928 69.33673 36.166473
v 16.859047 -19.335129 20.918335
v 24.749207 -52.118774 25.78601
v -25.603611 1.9743695 -2.070216
v 23.489792 12.771454 21.036438
v -48.455444 -51.42871 12.9157715
v 16.0018 77.38942 -4.5204773
v 0.18916321 89.2715 14.497986
v 14.376556 -49.289482 30.977943
v 31.50946 -28.415485 23.075317
v -2.0139046 49.0897 -11.683194
v 4.9486465 54.641594 -29.653381
v -24.531485 9.108216 -0.9139796
v 26.064148 67.703926 14.431229
v -39.506496 -23.01429 2.1418762
v 5.43461 55.608612 -29.420227
v -58.28807 55.723953 -29.195374
v -45.043983 72.16967 -26.361237
v 32.284058 -26.395218 12.850952
v 34.21321 -3.4180298 12.976746
v 37.085205 -50.189697 7.095459
v -59.544895 56.87818 -29.17044
v -21.73291 69.33765 28.158691
v -14.8376465 69.88628 -21.070312
v -30.895468 1.2013197 -2.3017952
v 33.76568 -17.132097 1.8780823
v -10.051203 80.77955 -13.967524
v 6.1387343 57.691555 -29.725992
v -27.464409 47.33026 -3.5699463
v 48.04071 67.88074 -4.638672
v 15.799927 25.365723 6.516968
v -37.645844 46.711266 0.7834778
v -15.840942 78.9834 24.99414
v 25.379993 -36.3974 10.979416
v -40.61772 65.39755 -11.596649
v 20.332825 -49.428223 30.94226
v -19.717712 88.87465 -24.781464
v -33.189423 2.484497 -2.0290833
v -26.688232 -51.319313 26.036236
v 53.268723 51.69322 -14.786064
v -60.859837 58.743427 -29.199852
v 33.20218 -7.4678955 13.06665
v -46.672974 59.24463 -28.702087
v -7.0976763 58.651104 -30.43165
v -20.815956 27.905502 16.084778
v -7.454672 60.70189 -22.092209
v 21.356567 68.031006 26.565918
v 23.45497 -6.590197 -2.0947595
v 7.3323517 59.942474 -29.685669
v 48.55904 65.74341 -3.3630066
v -46.405853 60.691742 -29.405945
v 58.950104 77.71277 -22.154053
v 8.297134 62.097332 -15.638787
v 61.79328 64.493744 -18.297058
v -61.405396 64.944824 -16.703857
v 50.74075 53.457794 -21.681936
v -8.46817 82.04727 -26.581818
v -20.75296 28.313986 11.830322
v -29.750984 64.559906 13.094041
v -10.425295 81.37855 -26.28814
v -34.627117 -36.62056 6.8820744
v -14.8689575 95.710754 -23.779785
v -16.766407 -7.1492796 11.883139
v 34.060658 -47.21676 15.087135
v 15.345978 -9.51651 6.055664
v -47.54837 55.54602 -26.896729
v -20.686136 91.07268 -26.175642
v 30.429993 -21.476532 23.751953
v 19.354126 69.85947 28.810791
v 34.477276 1.212279 8.082442
v -61.43637 63.249336 -29.46228
v 24.299065 -14.374893 -0.099565506
v -8.821503 63.5627 -30.062286
v -61.57486 64.57141 -29.513123
v 19.728394 95.46106 -23.269775
v 25.802246 54.062565 -6.5299683
v -43.69644 -53.48095 -9.021088
v 19.587929 -32.792114 9.238678
v 23.866936 65.63576 21.590973
v 6.7192993 16.522064 28.631561
v -37.504883 -52.772247 20.297852
v 29.726528 -18.154694 20.704071
v 23.597733 51.174553 24.16211
v 48.40637 61.805824 -1.461523
v -7.823242 45.135498 36.910156
v 60.985752 68.98947 -15.405762
v -45.702698 65.299805 -28.971802
v -47.65822 -46.25633 7.688562
v -3.7712402 -6.9761963 50.00403
v 20.219238 -48.24475 30.622375
v -5.080797 -12.337358 56.519524
v -13.502899 80.27528 -22.144966
v 54.97693 65.871994 -29.350647
v -25.813349 60.054047 26.173773
v 21.045258 45.740204 -6.5516357
v -20.523071 5.124031 -0.904274
v -8.030582 29.790773 -7.407322
v 59.28605 66.015686 -29.809937
v 19.104614 69.15701 -2.2433243
v -46.557335 -46.08227 7.5172844
v 28.732178 58.83362 15.19458
v 24.774124 -3.5425415 21.870148
v 48.61415 72.690094 -9.127258
v -0.7866516 5.848118 20.137192
v -13.636536 -4.309795 11.745172
v -10.762985 67.99432 35.75949
v -13.216118 -3.5536232 11.47139
v 59.2043 58.53354 -18.45758
v -16.608398 26.110626 26.03479
v 11.213552 -4.444828 11.722172
v 0.650021 -5.263708 42.515736
v -38.182003 -17.985971 0.453779
v 53.789062 67.26898 -28.657227
v -29.882935 -46.32065 8.24231
v -35.248642 7.1386414 1.7527771
v -8.98291 67.48157 -29.67456
v 14.999672 -43.911797 22.430786
v -30.309298 63.798477 14.511368
v 39.968346 47.947144 4.3201294
v -55.210945 55.77739 -12.704926
v -2.6358948 3.5103455 37.887146
v 61.90695 60.819 -10.01416
v -1.9919165 14.3003435 -3.5793638
v 24.95344 48.476685 16.257889
v 24.10112 64.328094 23.69757
v -33.909424 -34.43032 22.821655
v 17.564213 35.85875 0.5333576
v -61.852055 57.3592 -20.040344
v 28.065948 -50.84157 1.6043701
v -43.6593 69.89452 -29.595184
v -26.96109 -53.81586 22.139389
v 33.960938 -52.607056 -2.098877
v 2.9592896 60.27481 39.32823
v 13.583038 68.07254 -15.53241
v 49.172985 50.816666 -18.38742
v -39.799805 -2.9226756 11.814819
v -37.977837 -45.087578 1.884201
v 28.814026 -24.986599 3.8346558
v -35.15117 -17.5083 20.690918
v -24.006683 42.044853 -1.5702438
v -40.9877 65.499146 -23.296387
v 17.670105 90.45204 -19.981903
v 55.311455 53.214622 -11.964088
v -27.320593 -52.08004 26.041197
v 16.13478 75.047485 28.203125
v 61.378387 68.1916 -18.464478
v 57.42041 70.49634 -6.3183594
v 27.883484 62.8916 -2.605713
v -25.617912 -3.49514 -1.5231438
v -21.183685 -29.8302 9.046204
v 22.138332 41.343697 4.948456
v -58.200417 72.20787 -29.591125
v 36.27368 62.04724 8.689331
v -22.593933 53.082848 -10.568253
v -9.71674 2.3284283 18.37081
v -40.775105 -2.1018333 5.887863
v 63.349503 72.91728 -29.614424
v 13.756703 -22.090189 15.975655
v 41.46671 63.86106 -2.644288
v 19.038055 29.843918 14.427246
v -55.47916 -51.913727 2.151646
v -35.08658 -53.228333 22.097216
v 3.4082642 72.62812 -29.776543
v 4.5946045 72.76868 -29.604431
v 18.8772 -31.123146 7.9893417
v -17.738525 44.32768 31.131287
v 25.313797 15.343811 16.192749
v 21.31725 -45.69123 7.510399
v -14.924622 10.520676 0.9653988
v -18.688232 52.239746 -13.29248
v 14.374725 74.42862 -5.439514
v 35.13257 -53.475143 8.7146
v 0.47684 59.09585 38.45073
v 20.08725 58.87607 30.667892
v 4.177307 73.30542 -29.581177
v 23.31053 -52.179657 0.91192627
v 21.26146 93.19382 -24.266632
v 52.940094 73.833984 -29.618774
v 33.301876 -22.661564 17.241837
v -24.314636 47.53418 -6.540039
v 58.656708 75.179756 -20.017334
v -2.6947708 37.82978 -9.664467
v 44.714508 51.384773 1.1868916
v -0.8089876 90.08304 4.1140747
v 58.310192 71.30878 -7.6381226
v -26.982178 61.917236 25.244354
v 7.784157 13.655162 26.727007
v -54.023502 73.797325 -29.815422
v -53.10105 73.69992 -29.616455
v -22.349373 66.93181 -9.7291565
v 34.332825 -2.2301178 11.852966
v 10.208221 79.84914 -7.33374
v -4.295746 84.9604 25.808685
v -61.27945 64.26308 -15.87677
v -18.49437 9.122972 0.60186577
v -5.7620316 8.309683 28.975052
v -5.2818604 73.98518 -29.863708
v 5.1848145 74.47113 -29.288086
v 14.187103 79.55489 -6.013199
v 28.648785 -29.13772 26.192904
v 19.12545 75.429306 6.8385315
v 3.1918945 74.17642 -30.2182
v 32.406284 -48.330894 8.924686
v 19.08902 91.88501 -23.782715
v -47.79039 67.98114 -11.000732
v 18.637451 78.82852 12.786499
v -53.7249 65.58649 -11.020065
v -38.455746 66.36835 -6.1131897
v -32.26159 15.296669 16.644135
v 6.780792 42.033936 34.334106
v -22.86493 72.62634 23.607178
v -26.253403 -4.7226143 -1.6453094
v 8.835934 63.440228 -16.008211
v -8.902493 2.0352616 17.083601
v -22.250366 70.88464 -5.3620605
v 25.899462 -1.8880424 -2.7425995
v -40.079075 -1.225577 11.626024
v -37.570427 57.806953 -16.099602
v -3.4990234 76.5061 -29.083984
v -46.00769 -45.22214 7.567232
v -8.4371805 87.925644 4.3658934
v -38.9046 64.252014 -15.712241
v -7.9499283 12.995287 -0.7139311
v 8.408081 68.31879 36.00824
v -15.258339 72.115 -18.547485
v 33.85849 -4.095688 3.4110107
v 22.423958 53.712547 26.404373
v 28.43419 -17.18026 20.265907
v -42.008057 63.82837 -0.57373047
v 29.598886 -44.30777 16.062073
v 49.6267 61.012672 -27.54705
v 38.52818 46.16585 2.013916
v -47.541702 68.88193 -12.5802
v -12.061768 15.531067 27.380783
v -24.420471 69.69202 -5.1347656
v -41.15103 -32.10782 14.982956
v -41.400932 63.241516 0.875
v 17.368519 -45.521317 30.219604
v 21.281881 39.709007 8.589752
v 61.236267 77.71094 -28.440918
v 32.113373 -29.405165 13.408615
v 23.813732 -15.966688 20.265072
v 47.82699 59.92518 -22.341377
v 6.1064796 88.26213 -4.948574
v 8.97229 85.13013 -16.192566
v -9.260681 63.591003 -22.419312
v 1.354187 85.49722 -9.124084
v -26.793457 64.05127 -6.96875
v -21.100342 22.351776 21.211182
v 11.306722 -2.926831 16.985256
v 26.099812 -16.681316 20.982288
v -9.901245 32.50584 31.035614
v -7.2402945 15.781759 -2.166708
v 23.009842 40.37298 19.287872
v 24.551018 -13.145007 -0.3184935
v 31.78466 -46.659496 4.7575073
v -0.6163788 86.53582 -8.787102
v 16.757736 70.78563 -7.537964
v 20.995726 -15.878061 20.252228
v -55.363625 52.463814 -17.543354
v 27.756378 -50.496338 -5.656204
v -10.19619 86.09747 -4.0275803
v -19.768974 41.00843 29.010952
v -11.070984 85.495636 -29.722382
v 49.154114 83.88147 -22.96399
v 61.533615 67.581055 -14.6866455
v -46.70288 -49.1864 -2.6364746
v -7.093933 41.17041 33.723602
v 50.921238 63.84246 -27.48652
v 53.23713 85.16801 -29.671522
v 29.334377 -25.639038 5.394287
v -10.342686 78.35832 -24.998726
v -4.64312 -9.12941 53.49669
v -29.44928 -43.66337 9.665588
v -1.3299055 90.00998 14.756836
v -11.785904 86.33089 -29.141483
v -26.150787 46.071533 -2.213745
v 32.77363 -22.573807 14.654572
v -27.638931 70.87543 0.6399231
v 28.303848 -25.53711 3.7944336
v 1.8160129 9.55287 1.3890991
v -3.4096603 89.12372 -8.030334
v -2.998993 54.200745 -22.677917
v 27.002686 4.80484 22.509155
v -9.954575 80.260124 -26.22181
v 28.930298 10.940247 5.6295776
v 58.31668 68.50183 -5.065674
v 47.105537 75.56498 -16.744125
v -4.832428 19.905426 30.98523
v -40.449356 48.194904 -1.5060425
v -12.739899 87.37013 -29.968208
v -28.641975 67.413956 5.1423492
v 52.402863 88.34537 -29.083862
v -22.64621 0.13562012 24.574142
v 34.63629 -51.938354 -2.5176392
v -5.9324193 -1.8102264 43.251526
v -24.657776 64.355095 -10.492065
v 12.75412 72.95819 -18.766968
v 31.8082 9.064247 9.791
v 28.937012 -52.58277 21.42566
v 50.799316 89.95076 -30.83374
v -6.8856845 19.425966 -3.9870472
v -20.009634 35.141693 4.3342285
v 19.698944 37.289597 2.1427345
v 9.7590275 47.765076 35.028107
v -21.569885 48.4274 -11.705048
v 26.43352 -45.34418 7.931562
v 3.159195 15.710695 -3.2029362
v -39.00926 64.901474 -19.679619
v 39.181854 63.382984 -9.995583
v 21.142555 -14.9932785 19.980707
v 25.15335 -29.893808 28.090105
v -5.5474854 0.6623459 39.05951
v 17.20337 52.051453 -11.468323
v 31.396812 -30.258522 10.206131
v 8.618408 63.869785 -20.231102
v 21.526314 -38.635574 30.607895
v 28.911102 -16.10059 17.680984
v -12.629395 78.70279 -8.290161
v 1.0211792 43.634583 34.59102
v 2.6914673 77.79283 -26.450577
v -28.678993 68.56965 4.5811005
v 8.8136425 62.326073 -17.399712
v -19.71045 93.57556 -28.426758
v -39.368366 4.1526012 10.229252
v 27.982368 -44.99324 7.777008
v -14.373604 37.99286 -11.809448
v 25.423584 -42.52298 26.948608
v -22.686882 95.06993 -29.004227
v -2.1274261 60.64682 39.35102
v -17.54663 96.33716 -30.03595
v -22.335075 96.02892 -29.321348
v 29.702942 -45.487427 7.944702
v -34.4115 48.467102 -10.623779
v 6.862467 1.754116 13.037655
v 26.918293 46.899445 11.439697
v 46.264244 74.9084 -18.996887
v -24.798676 -20.274197 2.713745
v -62.407448 61.12941 -26.10846
v 2.2072754 73.711914 36.41919
v -3.7301025 89.29196 4.2812805
v -5.0649986 2.3308868 37.268036
v 2.2810059 52.396484 -28.739868
v -34.636963 -52.895603 22.871094
v 51.920235 55.220417 -22.767878
v 29.222656 -49.732666 21.43689
v -9.167849 1.7981567 11.841583
v -12.577454 77.30249 -18.063965
v 3.102417 52.220947 -29.373047
v 53.7229 72.32617 -9.258789
v 32.22885 3.2959752 15.993347
v 47.08438 58.716507 -0.6562042
v -32.842102 -12.995695 16.305721
v 23.872726 -15.4384 20.035149
v 55.60035 74.714714 -16.791718
v -50.70024 53.2601 -29.412598
v -45.43068 -44.765495 7.7918854
v 20.305468 77.423386 18.799515
v 17.582027 31.506542 10.180889
v -6.9752045 52.75375 -12.176727
v 35.24939 -50.97467 2.4208984
v -39.55226 66.18599 -16.161163
v 6.1267204 87.73103 17.964172
v 6.5502625 87.65897 17.181946
v 58.923126 57.69615 -15.205063
v 23.513062 -44.312195 8.749268
v 4.4703274 2.8030992 10.852207
v 5.0574646 54.23462 -28.968964
v -40.040924 54.186592 7.535736
v 8.23484 4.6880608 3.476654
v 22.503937 -38.51544 30.325851
v -26.937746 44.256382 6.2104263
v 61.377903 67.383316 -25.5887
v -48.263767 60.2948 -2.2233887
v 20.130005 60.141968 -10.160461
v -41.77636 -26.779696 14.649506
v 25.778488 11.088928 21.275513
v 16.438257 81.243904 -19.6988
v -1.3097534 8.19873 33.65454
v -20.530376 -24.350586 9.047989
v 3.1016312 55.05905 -21.606415
v 19.376953 -38.783176 30.279053
v -16.774414 96.11426 -24.411377
v -37.00769 47.92862 5.194214
v -60.17521 57.852684 -29.865204
v 33.789368 2.9619522 13.000122
v -8.166626 59.8562 -28.383987
v 2.9299316 49.494278 -12.10854
v -47.921448 58.376465 -29.384033
v 7.871826 77.006226 -26.79773
v -31.115082 7.800812 -0.0892334
v 22.180725 -21.78571 3.2078629
v -48.744404 55.89898 -4.9203796
v -30.604355 -52.75972 7.092499
v -28.17421 16.39824 8.680725
v -33.20734 59.911373 -11.831675
v -61.135517 59.770454 -28.764465
v -3.293579 -0.2755127 48.54724
v -24.371033 17.647095 21.888855
v -8.436867 61.45469 -28.002075
v -43.402832 60.119324 1.4124756
v -34.8956 -29.425196 22.83748
v 57.42234 82.015015 -24.70581
v 7.8692474 72.08862 35.648926
v -45.80249 62.842773 -28.864502
v -7.59416 61.468086 -29.086964
v 43.64926 53.121918 -19.416962
v -7.7651577 61.80342 -29.498676
v 8.649457 62.268383 -28.507385
v 23.540749 71.45049 17.253235
v -24.462036 69.009705 23.278564
v 18.822765 24.30156 14.807983
v -22.273651 -27.000141 5.9327774
v -25.885574 -43.693604 21.060394
v -27.921936 -47.01201 10.186584
v 7.949478 63.983658 -30.18576
v -33.14196 -29.350899 3.8504333
v 23.121014 -12.157974 20.056719
v -7.994232 41.181763 34.382385
v 4.8639107 87.67285 17.520477
v -4.4284973 -0.7709656 33.69571
v 8.717224 64.65988 -28.080688
v 33.50061 1.6302522 4.4107666
v -10.069824 65.46179 -29.012207
v 3.5428162 55.801254 -18.741074
v -61.306366 66.649536 -28.980347
v -6.0446587 57.174026 -22.63028
v -29.369751 15.328491 7.052246
v 55.643562 65.69144 -29.367584
v 19.706726 67.88138 -8.70929
v 56.950577 65.66635 -28.404053
v -6.0152283 51.203167 -11.569687
v 20.765625 -53.59133 28.74759
v -10.874908 87.801575 5.7541504
v -53.12378 68.95178 -13.9921875
v -6.7466965 3.8605576 11.941284
v -18.05664 43.102783 31.704102
v 17.450321 -13.16617 17.413128
v 25.873344 -9.986359 -1.4719124
v 28.204285 -21.948181 25.350464
v -15.696022 1.5941868 3.348297
v 38.83075 -53.527008 6.5859375
v 9.782898 81.154785 28.338867
v -46.08557 67.57846 -29.126282
v -9.157837 66.1676 -29.41565
v 34.77518 -52.701622 8.184084
v 8.300686 66.57595 -28.980562
v -20.21892 28.788769 9.08551
v 23.37928 -4.125122 22.4292
v -54.387817 -52.53209 4.805664
v 57.57617 58.97927 -23.459122
v -35.75592 62.801636 6.9590454
v -22.983185 2.062561 25.023468
v -43.7323 68.68561 -28.643799
v 32.754517 0.42147827 3.447815
v -0.5172119 85.38245 -16.78479
v -15.413223 3.3606358 1.4139633
v -17.156433 4.646702 0.44545746
v -32.62401 -32.751637 22.963627
v -44.224106 52.308105 0.8289795
v 7.6986694 30.739067 -6.2869873
v -18.452576 81.21062 8.199829
v -9.4522705 69.49272 -28.970825
v 8.9246025 68.488785 -29.593582
v -2.0498066 5.791645 9.020462
v 8.713592 70.44677 -28.84491
v 42.248863 51.909912 6.0202484
v -29.377625 56.44699 15.02961
v -43.927124 70.76726 -29.275291
v 51.144653 69.017 -25.630981
v 53.621094 69.79245 -29.063477
v 63.165028 70.73786 -28.749237
v -58.811485 70.6447 -29.372696
v 21.117836 13.8196945 2.6745987
v -28.577454 54.6534 18.003204
v -50.529556 71.997986 -17.615967
v -1.1979294 86.289215 -9.450287
v -36.383636 -40.452118 8.991028
v -26.236267 69.18634 20.265198
v -40.61326 -53.51091 0.21835327
v -58.103516 72.12121 -28.976532
v -37.79535 -8.310135 12.894836
v 5.9540334 58.301285 -21.709782
v -0.766655 84.83154 -18.456919
v -2.8818817 -7.9490585 52.82103
v -39.21936 -43.559845 17.878418
v 16.704468 77.665405 1.0689697
v 31.941284 59.99243 13.053955
v 57.21016 57.227554 -20.781143
v -23.418732 44.02791 23.434814
v 28.962738 12.068146 16.962402
v -57.29206 72.81897 -28.703674
v -48.324646 72.97189 -29.331543
v 8.9543 5.8814087 24.593521
v 57.333652 73.301125 -17.31974
v 42.02904 50.25443 5.768201
v 33.721817 45.11844 -2.8085938
v -18.980515 76.628174 -5.750046
v -34.807045 -26.722225 2.7607727
v -14.485214 33.5564 -5.1072693
v -7.7941284 73.47121 -29.248047
v 7.329731 55.204575 -13.477627
v -15.655182 43.509247 -14.095749
v -59.338146 55.8104 -23.810493
v 40.998955 51.36409 -12.73999
v -10.599762 11.352966 27.65683
v 21.854431 -9.449493 20.358246
v -55.89704 73.51533 -29.390816
v 15.617218 79.30449 3.788025
v 18.228676 26.284409 14.8750305
v -20.756279 -9.355484 9.743729
v 21.792053 95.39888 -26.829742
v -38.45053 4.9175987 3.693695
v 34.08197 49.116203 -7.507416
v 26.243591 -3.598236 21.439117
v -6.3760986 73.971245 -29.505432
v -48.505043 -48.467957 5.6413574
v -3.3209934 -10.621475 55.677666
v -6.187256 75.04294 -29.763123
v 21.356476 12.404938 21.60257
v 0.38806152 2.5411377 39.637695
v 4.903105 57.719883 -17.220112
v -12.666306 65.475235 -20.836243
v -21.137405 76.16156 6.725403
v 23.108948 -9.470215 19.992096
v -1.0649567 -0.7017822 29.82965
v -18.320251 54.137024 34.84955
v -43.21475 70.64436 -23.23919
v -37.77664 2.9225602 1.5804443
v -52.944504 52.01822 -14.33017
v -40.66428 -29.334763 9.9301605
v 2.8610992 75.13202 -29.904388
v 3.3967285 75.81738 -28.886963
v 24.851372 -23.36739 2.7835925
v -2.568283 -9.931229 56.204735
v -14.633301 61.82727 36.564575
v -5.1698 77.34314 -28.52832
v 39.743702 -51.501865 8.441588
v 28.950754 -52.09897 -5.413442
v 57.52231 80.42313 -21.291138
v 20.861813 94.264465 -25.50061
v -28.240158 -7.9717045 -1.1438828
v -28.538754 -53.531723 24.781494
v -57.08424 53.62635 -25.008717
v 36.647217 -53.378387 -0.38049316
v -16.345276 64.76993 -14.506714
v 62.624638 75.66499 -28.510529
v 25.068039 12.198456 3.2957764
v 19.677818 76.0697 9.039673
v -3.3440094 -6.280527 43.05874
v 34.328003 -49.690063 3.9160156
v 28.2836 10.931564 4.464966
v 18.592056 40.368362 -5.6474915
v 61.808456 76.827515 -28.808105
v -9.712021 87.518265 16.046509
v 53.891724 64.85388 -1.81073
v -11.384487 18.294846 -1.0395448
v -29.676376 57.965424 14.117676
v -7.9160614 23.66138 -3.5775478
v 33.46496 -25.26819 18.131165
v 16.149704 -9.394379 4.8393173
v -0.5634036 6.6292725 0.408432
v 50.957577 80.982864 -29.305878
v -26.562424 -0.6352539 23.751022
v -40.518265 66.43696 -23.707869
v -50.48889 -47.908905 5.624817
v -43.287502 48.309948 -11.149765
v -37.916477 -43.328415 7.115204
v -18.623264 -7.420826 16.216988
v 25.74309 69.694534 7.8363495
v 15.963379 19.957672 2.2034302
v 15.030656 82.766785 16.170837
v -39.115463 65.2537 -22.120422
v -10.14859 6.8832703 3.741516
v 51.06189 83.40317 -29.026215
v 57.425728 83.48378 -28.46039
v 10.885376 83.72412 -29.142067
v -51.90903 -53.73453 -4.875824
v -42.46286 -52.380047 -2.4697266
v 57.0857 84.26346 -29.06903
v -26.027695 -19.662582 1.4823532
v 29.413475 -45.262115 20.401443
v -16.918854 68.22749 -15.63327
v -20.064735 33.383675 14.469727
v -23.81784 40.937645 15.200836
v 16.104723 4.057814 -0.963065
v 28.410452 -52.047348 21.836046
v -30.985443 10.5021515 1.8686371
v 50.603577 84.43591 -29.14038
v 33.2558 3.9799042 13.332275
v 45.177002 69.86377 -18.172974
v -17.644691 0.36886215 0.7688675
v -38.552517 66.047165 -8.885706
v -44.793 55.105194 -23.735703
v 29.16512 59.88456 -5.747288
v -29.907623 8.639465 0.26519775
v 18.038666 -7.322792 20.588387
v -37.44452 -44.84987 3.7277832
v -24.286991 -45.246983 17.698656
v -26.04779 -53.4218 15.803528
v 9.668869 10.742523 26.799019
v -39.901825 67.07732 -19.365616
v -45.526527 50.411625 -18.407806
v 12.675435 85.92469 -29.157736
v -41.771088 -19.874893 11.651764
v 5.298584 48.251587 37.016296
v -25.117065 11.113869 0.61457825
v 53.273987 85.439514 -28.879456
v -10.492594 1.4879441 18.502293
v 14.5177 28.878487 25.934448
v -20.718906 -22.967102 8.625961
v 2.3317647 13.421257 -2.1204057
v -45.299667 65.48779 -4.5116577
v -26.268091 72.2933 -1.4780121
v 53.21118 86.039055 -28.473633
v -38.95105 -1.0135956 1.2442017
v 12.138851 -6.110365 9.686314
v 58.27365 63.54895 -25.346619
v 32.68936 -24.650604 20.688843
v -43.953827 -46.398895 2.3095093
v 61.46524 66.29767 -21.357056
v -41.615097 -49.437088 -5.6410522
v -24.33963 -8.910629 3.025299
v -33.064575 -53.567993 3.5063477
v 13.481691 87.33816 -29.07963
v 33.834763 -9.292121 4.840927
v -5.145447 88.40416 17.898499
v 13.129166 87.45281 -29.268478
v -44.49732 51.067913 -14.901998
v 19.35904 68.39643 -7.7977295
v 31.484316 -32.266876 13.819885
v 32.894653 -1.4555817 15.227051
v -34.054478 -20.84592 22.665215
v -19.829103 -9.853459 14.597572
v -28.270248 1.5269761 -2.367375
v -9.085083 87.972046 -28.795898
v 12.772675 87.73848 -29.242653
v -33.470577 63.069054 -11.475005
v -14.088052 -2.6677437 18.735573
v -13.158437 65.896454 -19.276611
v 13.768665 88.31055 -29.45461
v -27.26978 71.68174 15.295265
v -26.327652 -9.279709 17.79634
v 59.81736 79.797295 -24.996033
v -29.677856 -1.4327393 22.039429
v 28.076614 -10.925432 -0.7232666
v -12.269241 80.38217 -7.1608467
v -23.550858 -6.7196655 20.347382
v -28.10083 8.017288 24.867462
v -33.355484 13.516988 11.159304
v 14.522289 89.03176 -29.143923
v 23.339714 71.57878 0.765213
v 50.157665 86.277466 -25.296936
v 21.608988 -45.286613 6.196673
v 28.01694 13.914137 11.191971
v 13.839554 89.346085 -29.229053
v -33.835705 63.84613 -10.503906
v 29.553562 13.285579 12.662958
v -5.4911804 31.063675 -8.724518
v 12.759979 81.83118 -6.0334625
v 46.102325 74.05349 -19.717209
v -9.001404 78.56488 -26.403595
v 14.599941 79.0154 2.9415436
v 50.88379 89.477295 -29.608398
v -31.723587 14.849831 17.740356
v 15.689011 91.08047 -29.214748
v -32.974022 -52.150887 1.6114349
v 14.550158 89.40757 -29.306858
v -32.23592 14.307716 11.485092
v 23.079224 -24.30719 26.76593
v -0.20756531 4.358032 37.03302
v -1.4487305 85.901306 25.508057
v -11.606476 83.801765 -7.905014
v 12.831299 71.230286 33.61548
v 20.46034 4.251327 25.238579
v 15.757395 90.69095 -29.148207
v -25.590607 69.67389 -2.2348022
v -9.727325 28.543962 -3.307434
v -21.561523 -8.707333 6.9779663
v -26.361816 -6.9285583 19.967834
v 15.6502075 91.78668 -29.03302
v -28.105145 45.563015 4.540222
v 16.186214 91.54857 -29.20667
v -30.947714 -39.738358 7.3646317
v 26.100882 16.114939 11.97393
v 53.786804 54.79608 -5.300415
v 28.21786 -50.63731 -5.559018
v 16.199886 91.86362 -29.0052
v -47.783516 61.040344 -5.3431396
v -28.163952 67.66598 3.6102142
v 3.4084787 88.692184 17.454178
v -61.9541 65.86151 -25.601807
v -37.45172 -20.275879 21.498169
v 46.245403 49.708992 -3.9675674
v 16.6087 92.70781 -29.125015
v -17.258362 82.014694 15.188431
v 21.008835 -44.925217 28.737
v 25.67743 -6.980774 20.566711
v 11.46228 33.932068 30.560059
v -39.436325 -41.877502 10.993164
v -5.893073 1.9849167 31.326424
v 41.363903 51.433136 -15.725128
v -28.596401 -7.063278 19.522049
v 28.638184 -32.189438 9.23938
v -39.778534 63.78656 3.227295
v 11.594563 74.98499 -22.007141
v 21.182121 -22.832901 4.22628
v -36.30005 -22.22255 22.253418
v 52.642212 71.23547 -7.6724854
v 18.37149 96.41587 -25.329102
v 24.508408 16.623856 11.898621
v 33.143112 -21.169748 17.021606
v -9.600342 75.920654 32.662476
v 3.9026842 84.33811 -12.107796
v 23.706036 69.71781 17.6558
v -15.175293 95.299805 -29.32544
v 56.98932 76.86189 -18.789398
v -45.586075 48.299473 -8.662704
v 43.772827 66.839775 -16.60846
v 22.753357 15.287506 18.198303
v -39.203003 -52.8132 18.86322
v -39.18843 1.3696747 3.087494
v -17.82608 97.05569 -28.420166
v -3.9445038 41.466064 34.47451
v 31.04506 9.387405 15.125061
v 14.313994 -20.05007 12.401054
v -37.44081 52.685875 8.8409195
v -32.405975 11.058899 21.445068
v -10.354095 81.780014 -15.905914
v 14.860467 -29.828629 24.631073
v -29.046478 -5.687561 20.19069
v -40.874695 -21.549194 18.116577
v -51.934624 52.79471 -28.845581
v 28.396248 14.010321 12.770714
v 29.944489 -26.31282 24.523743
v 38.49739 56.179092 -11.312897
v -4.0196304 88.938705 18.04663
v 7.961914 78.528076 31.908203
v 12.925568 80.551216 -5.842247
v -53.189762 52.933334 -28.077412
v -48.67462 53.113785 -28.577972
v -53.681595 52.118965 -15.138634
v -52.177002 -51.831734 3.4993591
v -4.3705673 43.1849 -14.032841
v -27.91321 -6.025818 20.02594
v -4.788844 53.506203 -28.701542
v -56.20288 71.802 -20.280518
v 10.39798 19.853304 -0.7518463
v 4.0023956 52.7688 -29.390747
v -7.1670837 12.879761 28.3396
v 10.706184 80.128654 -6.8340874
v 50.68817 70.331055 -7.121826
v -25.394281 -12.777855 14.13439
v 57.00547 54.47075 -9.281094
v 13.409 -36.833866 20.276009
v -39.491333 64.42781 -12.442078
v 56.284515 83.53522 -26.551514
v -6.3318596 -7.3863525 53.634552
v -5.558399 54.58789 -28.686523
v -62.549706 58.708786 -22.678864
v -0.74365234 87.68335 21.707031
v -38.168564 3.434932 14.021107
v -43.005367 48.111816 -6.647339
v -12.758652 22.868057 -1.0199127
v 31.26374 9.729446 13.220276
v -16.57196 11.702728 26.218323
v -38.39276 -53.18367 3.7341309
v -34.437065 -38.95498 7.404583
v -59.47393 56.14736 -28.563438
v -58.078087 72.70569 -27.016418
v -5.984478 54.65214 -29.656502
v 8.901184 60.287766 -13.319681
v -11.07761 79.33519 -16.121704
v 57.63919 75.70773 -18.65683
v 15.949768 95.23236 -24.313904
v -48.02484 56.805206 -28.368164
v -18.566883 81.24727 11.862854
v -40.76935 -16.7016 2.223938
v 42.95459 70.74394 -12.257446
v -50.229416 -47.898735 7.6427765
v -30.421112 -4.926811 20.066986
v -60.497536 57.76001 -28.592957
v -46.203163 52.81537 -1.2580566
v -3.1801338 -10.755333 56.171963
v 20.656693 22.353388 12.300079
v 5.846801 59.56333 -17.540096
v 24.973267 70.9321 12.731262
v 26.272663 47.744797 13.7174225
v 7.261368 59.492737 -28.166199
v -5.899412 4.408249 31.103775
v 15.795387 68.0281 -14.483078
v 6.7423706 59.8275 -28.950508
v 27.592766 63.826233 14.349731
v -3.7992325 88.736725 -2.1999512
v -12.803399 -2.5692022 16.760204
v -42.824738 65.709015 -4.7420654
v 12.117065 69.20947 -23.156006
v -23.737534 -51.62108 24.901806
v 14.583321 81.684395 7.315323
v 7.40691 61.61874 -27.978497
v -61.923325 61.031265 -28.539581
v -32.29131 -39.645275 7.5429
v 17.061157 -20.153748 7.8702393
v -39.757874 -44.288513 4.611267
v -21.110819 92.30244 -27.040234
v -11.610681 87.07834 13.967468
v -17.860107 73.20453 28.144043
v -46.141296 51.88817 -25.263489
v -27.023743 -46.278503 10.81073
v -0.06192398 -2.1992455 32.615227
v 11.139893 66.18091 -19.55774
v -23.284447 -5.4885864 21.118591
v 22.072666 -48.118042 3.350235
v 1.4897779 17.665356 -4.1818376
v 25.202988 44.197334 4.955719
v 23.052908 -27.125286 5.23172
v -9.432629 24.17941 -2.4034014
v 26.307087 15.462494 15.344788
v 26.363403 67.7819 5.9714355
v -15.432205 33.99086 -2.7705803
v -11.350403 64.64533 -28.104675
v -39.98386 66.351425 -9.462906
v 15.292053 30.493378 24.034058
v 42.088333 50.89988 -15.448975
v -31.60572 16.194365 15.565613
v -32.88851 -18.182 21.06794
v 58.481384 65.39171 -28.964447
v 47.28069 61.179382 -1.6150055
v 7.826721 64.753204 -30.017883
v -22.563705 73.40036 -3.5260391
v -39.58857 -45.538956 3.3934937
v -28.247196 -19.78669 20.367363
v -38.218018 -24.531586 21.33847
v -25.075777 -13.115869 12.986603
v -45.528687 66.986725 -28.036682
v 34.45572 0.38902283 11.874878
v 11.372498 64.08737 -11.945923
v 59.717606 65.72357 -28.545956
v 19.24731 59.411125 -9.576803
v -31.974586 -19.104649 0.45592117
v 16.95491 70.167786 -10.589478
v -21.74025 40.44008 -3.9313354
v 50.131523 62.80893 -25.016584
v -25.960083 60.66504 -9.224487
v -10.7485485 54.534637 -11.930275
v 26.578125 9.979004 21.944824
v 34.9769 -49.456223 8.626862
v -11.452286 25.949474 -1.3348007
v -10.098755 68.8219 -28.189697
v 14.92601 -23.418411 8.5112915
v 62.689434 69.250275 -29.14303
v 9.741034 -3.0473003 14.123432
v -51.51897 -53.810814 -5.699127
v 50.19195 60.36448 -1.6302872
v 62.544136 68.618614 -28.17474
v 18.152283 73.22464 28.185364
v -60.420765 69.52259 -28.229156
v -10.154144 78.24947 -25.7323
v -1.8498077 1.5776672 42.7099
v 16.857056 50.540466 -11.839783
v 18.131332 25.798864 11.7163315
v -43.427063 69.864586 -28.365765
v -5.211853 10.558899 29.85138
v -29.957073 -40.23842 7.9448547
v 48.871857 60.49209 -23.689201
v -4.498047 78.76532 -26.67006
v -11.587769 54.09204 37.365784
v -10.157715 60.89022 -16.09082
v -28.084885 48.392685 13.051384
v 17.685196 9.569473 24.284012
v -39.2847 3.051361 12.473816
v 33.79121 -52.035873 8.194572
v 19.578896 37.469864 16.117596
v 3.2814484 7.9457397 29.517365
v 63.152283 72.34622 -28.201538
v -24.170929 5.296753 25.94336
v 4.8859863 77.6236 33.736206
v -52.92723 73.31784 -21.93451
v -41.61408 52.03708 -18.533724
v 8.699646 72.502075 -28.518799
v -6.2266235 87.548096 -8.632431
v -16.923584 27.609167 26.345703
v 26.200745 -30.91009 27.742403
v -32.050213 65.898254 0.100129
v 0.66031265 47.997128 35.38214
v 15.071701 -8.717964 17.235611
v 5.730935 13.990082 -0.6401005
v -9.549805 72.88049 -28.31128
v 19.594109 -13.622234 2.64122
v -32.742188 -52.354706 24.528015
v 19.88527 78.528 15.909798
v -8.933777 73.89299 -27.91394
v 5.8165283 73.61951 -28.673828
v -1.6689377 54.07892 -22.06836
v -27.09164 51.505127 -8.531952
v -32.501007 65.90953 -3.777649
v 6.7421875 17.575317 28.889221
v -52.6243 73.847206 -28.932251
v -12.669104 78.77807 -13.082817
v 15.29241 -41.376404 26.482262
v -36.63611 -10.45726 14.359985
v -30.71846 -26.161865 2.1957474
v 6.638336 52.25495 37.670715
v 62.465412 74.119286 -29.219742
v -28.253632 69.90169 1.7669067
v -44.22357 50.815887 -14.126465
v -51.60769 74.107506 -29.303741
v -13.462555 78.28088 -7.6945496
v -8.192871 74.35248 -28.325684
v -31.612793 0.3202858 -2.1687393
v 23.574375 16.628038 8.151897
v 11.222656 74.56604 31.96399
v -34.39154 -25.38733 23.012215
v 9.5927925 63.38857 -26.884964
v 8.295746 88.38718 -23.149582
v -19.353455 60.819214 33.87848
v 15.659119 80.88721 22.568604
v 62.955173 63.458263 -13.882156
v 62.685272 75.1831 -28.9729
v -40.937164 -13.039505 9.489624
v 4.446747 75.81995 -28.793701
v 22.090149 61.656197 -8.526489
v -4.2752686 11.359436 30.500366
v 18.25064 70.9639 -2.538437
v 24.860931 -9.121571 -2.0111885
v -1.6985245 3.9782104 24.690063
v 31.623917 -17.094666 -0.559021
v 30.865356 -10.641963 12.6883545
v 0.017684937 77.425766 -27.023361
v 31.39856 2.890686 17.167236
v -18.57401 -1.794918 1.319933
v -7.119629 76.443665 -28.854492
v -30.815975 -37.689903 23.262909
v 31.61639 -46.327957 10.707855
v -59.34698 55.445065 -16.62851
v 28.297974 -4.0789795 20.125122
v -38.45581 56.62961 8.540955
v -1.8499756 76.80127 -28.881836
v -25.727297 -53.779087 19.375816
v -49.108368 53.374973 -7.3512573
v 31.114922 -46.560833 6.387291
v 1.7376099 76.72217 -28.566406
v -41.287407 -25.572083 5.699982
v -32.476685 -2.662346 20.295654
v -0.6894003 5.5022664 3.1588478
v -5.0872498 56.198013 -25.178864
v 17.995544 47.82086 -11.279175
v -16.600586 44.43399 32.431763
v 8.4654255 59.991127 -14.833984
v 28.65261 2.7865295 -0.399765
v 32.278965 -52.93309 7.040863
v -25.147758 57.963707 27.054047
v 50.883648 80.18941 -30.10492
v -28.846834 70.28065 3.6376686
v 20.376373 96.65646 -24.736755
v 20.61898 -29.234596 6.6896315
v 35.006462 62.335266 -3.6623535
v 12.311216 -25.644495 16.132446
v 25.565613 -40.311462 27.09552
v 42.029774 46.937836 2.1847992
v 50.785156 81.38156 -28.868683
v 15.732306 -28.980017 25.402374
v -50.433167 50.20517 -19.179047
v 1.6124954 22.62743 -5.5950117
v -39.99878 65.79218 -3.8762817
v -15.846176 -2.7980003 19.799019
v 11.128565 82.17466 -28.573822
v -33.589752 47.990356 -9.654907
v 56.855896 80.68237 -20.296265
v 11.179443 83.16933 -29.139908
v -36.643005 -49.123043 -1.6232605
v 1.592254 38.452377 -10.610828
v 19.747646 39.45073 1.3020935
v -20.068893 32.783676 11.9149475
v 33.992393 44.462612 1.1311798
v -22.705078 -23.064697 4.4056396
v 18.195755 33.964043 12.101288
v -10.812485 83.68695 -28.140137
v -9.811661 81.390015 -26.926605
v 45.459145 54.157776 2.0350342
v -17.736572 66.40207 -15.396378
v -56.29982 53.908108 -18.30188
v -12.686652 76.83129 -18.631424
v -36.935333 -37.520386 7.9891357
v -20.206745 79.443405 15.75779
v 14.657257 -25.838066 23.298882
v -8.940249 85.33225 -28.673687
v -5.9000244 6.034912 7.295532
v -46.7734 50.60584 -9.342224
v 9.657082 58.383926 36.799355
v 23.65674 17.329094 13.944611
v 11.9131775 76.36114 -21.697159
v -17.95427 74.77078 27.887543
v 10.579033 27.77676 -0.24060822
v 12.472361 86.68064 -29.507149
v -5.9882193 -1.8017998 36.36725
v 12.254143 85.19882 -28.366379
v 49.348854 84.44115 -26.597137
v 21.204609 1.948056 24.49371
v -17.857485 77.81871 0.82105255
v 44.03706 49.932907 4.865734
v -11.518188 85.19745 -17.147156
v -11.448608 74.06892 -24.448242
v -8.488617 88.76667 3.0401611
v 5.3038025 32.93396 33.52774
v -14.091943 82.386505 2.9883194
v -34.21382 -5.997528 -1.9630871
v 8.428055 62.789238 -25.743896
v 3.9043274 32.359222 33.19098
v -47.895325 -45.784878 9.622305
v -17.90839 39.755478 -10.574902
v -12.466919 87.77016 -28.430084
v -19.973177 34.216362 15.092468
v -38.844086 -45.502712 2.6849098
v -28.26958 5.722061 -1.7291718
v 32.477486 -20.048004 17.235518
v 19.842651 46.509583 -8.986084
v 43.40576 59.410645 4.3258667
v -14.756119 -1.5325928 20.096905
v 7.7190704 83.70152 24.348816
v 53.651794 86.11548 -27.207764
v 17.691818 74.44824 27.838684
v -25.697449 48.64044 -7.055908
v -33.489006 -15.734528 19.33799
v 23.925903 7.8045807 23.968994
v 18.919853 -41.27952 15.405506
v 12.964123 67.91577 -18.345367
v -37.103516 48.107666 -10.70752
v 1.226265 86.068115 25.158447
v 13.6188965 90.10071 -28.486328
v -33.52683 -28.353394 3.52347
v -40.877075 65.584915 -2.7381592
v -26.337845 54.756252 -9.378558
v 15.927765 91.41818 -26.359802
v 28.211243 -1.1897278 20.81305
v 30.65393 -6.4108887 16.975708
v -10.9494095 8.522415 2.109871
v -25.056198 -10.631508 16.638855
v 22.27628 -13.888958 0.53336716
v -19.233479 -2.754238 1.1804123
v -19.276215 77.05319 3.137085
v 1.9193039 9.266693 31.249054
v 13.647486 -21.94346 17.996826
v 16.182673 91.0186 -28.632141
v 13.37146 67.011475 -12.533936
v 32.11566 56.85103 14.369019
v -40.944344 49.501133 2.7426682
v -36.212616 58.020325 9.929977
v -20.945312 72.52542 -4.5693665
v -37.5112 -37.018894 8.1814575
v 13.576675 72.56 -15.758514
v 16.22049 -8.558525 18.645515
v 47.271362 65.6545 -21.20581
v 15.561569 71.95015 -10.997833
v 19.952667 14.917694 3.482605
v 9.979141 2.620079 20.569641
v -18.999588 77.3164 1.8414307
v -20.982819 92.47123 -26.159533
v 33.539448 -11.148769 2.601532
v -26.339504 -40.71047 21.331709
v 29.658127 65.50426 9.392029
v -32.578598 65.08469 -7.057802
v -46.781006 51.228973 -3.085144
v 22.793379 71.21082 2.7985802
v -31.55841 -43.93395 8.42627
v -25.247728 -17.379578 16.076538
v 16.530218 91.65189 -28.665447
v -38.598938 -40.029922 10.863892
v -40.413204 -28.396925 6.440395
v 9.956421 70.32089 35.299988
v -40.96547 -45.868958 2.953247
v -38.75531 57.212494 -19.485962
v -39.61035 47.73552 -7.1003876
v 17.698587 93.043396 -29.008173
v 33.465317 51.503044 13.5056
v 9.842105 65.425125 -19.05981
v 44.793655 57.173225 -18.586304
v -4.7412415 23.838184 31.770447
v -27.277077 71.06689 13.95179
v 14.698321 -40.59133 23.323452
v -36.70146 -19.322025 0.047538757
v 50.38736 84.76535 -22.822876
v -48.402863 50.11918 -20.64698
v -24.69421 3.2758026 -1.8623886
v -6.5376472 -5.8641357 54.498596
v -2.2996979 48.696205 38.36019
v 9.149658 34.902588 -9.841309
v -59.005264 56.260227 -20.135387
v -34.92289 -1.7534513 -2.131423
v -38.793625 -45.101273 4.3282166
v -22.31781 61.77633 -12.800415
v -21.522583 16.341888 24.285583
v -26.812393 -19.122086 1.55719
v 26.471802 7.989746 1.1148376
v 6.2070007 75.648254 33.413315
v -62.374477 64.073975 -26.323364
v -26.788773 69.405365 -0.16261292
v -38.678192 48.506714 -10.596924
v -40.451935 -15.077194 1.7937012
v -47.279076 62.114258 -1.8878784
v -6.9179993 79.680664 -25.803848
v 16.369926 -29.67437 26.502605
v 1.8756742 42.68971 -13.554037
v -21.386414 96.48741 -28.181519
v -25.386032 -44.44876 20.582642
v 3.1423645 5.5782166 5.397644
v 28.140427 -43.92645 21.863464
v -22.441956 3.1294608 -1.4877644
v 24.883844 -0.9060807 -2.4570475
v -22.16526 -18.059555 9.12203
v -40.971893 -21.848522 4.1447144
v -18.882019 78.21121 -4.2922363
v -5.5877686 48.705994 37.664703
v 26.9742 -3.8068562 -2.7343597
v -51.36035 62.994812 -9.224609
v -23.440046 -9.241962 17.870995
v -41.942272 -28.872833 14.022057
v 30.685492 65.00609 6.468994
v -49.69861 52.78607 -27.901733
v 30.619385 4.747757 2.4588776
v -34.1958 1.2802429 20.37793
v 8.390446 59.409233 -13.679993
v 9.50119 64.053955 -21.908691
v -38.111816 -39.136528 18.783325
v 23.254105 73.15486 14.20517
v -37.759033 -0.24377441 15.984985
v -3.5983276 52.738953 -28.695435
v -20.158295 64.47583 31.956055
v 21.925812 -52.867188 3.617447
v 17.694267 79.634315 13.433487
v -19.106659 78.04427 3.8166504
v -55.135742 53.807144 -28.883545
v -4.406967 55.159515 -15.075104
v -41.56964 61.83232 -21.876377
v -63.312088 62.82367 -20.701416
v 31.811035 1.4281006 17.11914
v -38.389893 -34.002014 7.8743286
v 24.272839 44.00437 12.250919
v 56.394135 58.003418 -23.03463
v -42.016075 -20.36222 3.6822357
v -56.537872 54.05546 -28.006372
v -40.924484 -29.812805 13.508209
v 47.335743 72.266235 -8.983154
v 44.760483 49.854156 -12.410339
v 13.078735 48.86606 34.285034
v -58.335903 55.256557 -28.159966
v -32.973076 -5.621414 -2.510975
v 27.82202 14.925958 12.899033
v -14.114563 89.65405 -27.52478
v -59.14393 55.5075 -27.75166
v -38.885376 -53.185135 18.670288
v 29.203423 -18.677643 22.74739
v 39.23438 45.579987 -2.384735
v 40.77897 51.70117 6.472809
v -21.98201 -29.478653 15.533035
v 33.140125 -10.527368 5.315299
v -34.17708 -32.632355 23.022812
v -24.9716 -34.821686 7.7895813
v -37.8143 47.08048 3.469101
v -8.847122 58.791054 -16.296875
v -10.600342 41.564026 34.35742
v 20.762512 16.538391 5.1931458
v 26.390991 15.519524 8.170166
v -46.704926 57.96057 -28.359802
v 28.849392 -43.707664 17.805817
v 22.893555 -53.27588 3.8239746
v -5.281624 -4.692091 41.353443
v 17.494965 95.517334 -26.973145
v -7.921112 59.282898 -27.96228
v -29.772583 6.4367676 24.187927
v -22.544453 5.174614 25.855125
v 46.839783 55.702057 -23.460297
v -53.05493 -49.04071 3.6479492
v -46.563416 71.01901 -17.52182
v 10.531232 10.46528 -0.10477543
v -4.606903 84.44556 -21.29004
v 31.986725 -19.268661 1.6190186
v 25.750515 -25.816761 3.8655434
v 61.82083 66.48959 -17.222443
v 8.698334 40.50447 32.95285
v -41.857773 66.32968 -5.6976013
v 20.57563 -6.2674904 -1.6068077
v -29.27399 46.58069 7.9938354
v 19.381187 75.317566 7.757133
v 35.91185 -53.492306 0.87934
v 48.376984 83.410736 -23.911377
v 27.91681 48.208344 12.782654
v 20.491121 -45.049526 10.07279
v 12.317673 -29.990103 14.806419
v -24.009216 -32.93664 7.49527
v 10.596249 84.46979 2.3045654
v -8.525215 61.990963 -28.629166
v 9.108192 78.73784 -25.949417
v -0.90726936 86.10685 -14.50058
v 36.921604 47.24469 -8.392913
v 27.727417 -52.573334 -2.425537
v 8.696354 63.129883 -28.46524
v 31.55026 -46.121986 9.64201
v -9.685242 62.45172 -28.535217
v -39.908173 -52.80332 -5.917053
v -35.327393 46.162434 -3.328221
v 13.23291 29.360558 27.852661
v -22.074707 62.974762 -12.704712
v -61.83719 64.58249 -28.328308
v 24.27655 10.930298 22.709106
v -27.624306 11.051346 0.7059021
v -39.49298 -31.811104 7.967865
v 53.818054 73.741394 -10.828857
v 10.770591 61.82298 -11.980467
v -28.480469 -45.156647 9.392212
v 16.518925 -24.672777 24.741362
v -26.347687 63.655518 25.28479
v -2.4467392 16.956608 30.570913
v 38.05594 60.35615 -9.412297
v 23.3415 -22.34262 26.076096
v 58.72052 65.378975 -28.103168
v -15.9432335 74.70364 -9.399178
v 55.37371 65.28349 -27.9581
v 20.49358 -16.83004 21.185411
v 19.058762 -44.60501 13.04303
v -15.427654 71.54314 -17.395676
v 26.777405 2.8530502 22.580566
v 39.31735 63.55307 -8.576599
v -8.940355 83.01747 -14.08905
v 15.410842 -18.280272 16.993958
v 39.83393 65.94443 -10.934738
v -30.097542 -33.021397 23.23471
v -20.310278 37.947292 -2.9758224
v -21.41328 -31.032696 9.597904
v 57.45749 55.653107 -15.503502
v 31.122393 47.963074 11.909729
v -60.69568 67.88263 -28.50708
v 17.743263 -0.17869568 23.856773
v 25.726257 44.720924 2.2008667
v 9.540009 60.99229 -13.1427
v -31.986694 2.9016 22.57837
v 24.155273 -53.472717 25.881104
v 35.278778 -3.263909 8.000623
v 24.221996 -28.833252 28.109215
v 61.125164 67.36946 -28.656433
v 53.817318 75.9418 -16.433197
v -45.38983 -52.460945 -1.340332
v 54.65445 57.826305 -24.156181
v -38.471436 -3.4289856 14.502808
v 28.084404 -43.006832 16.882004
v 43.07789 50.376488 -12.91497
v -31.659546 4.6815796 22.307068
v -45.209595 68.31018 -28.479736
v 22.737068 71.89178 4.043518
v 16.723633 34.64795 22.76831
v 9.719322 19.252863 -1.1608715
v -18.294312 72.79112 28.141602
v -12.475746 86.62234 16.729675
v -40.126587 -46.15088 18.433838
v 31.330444 -19.03595 20.236328
v 25.28032 -28.314728 28.020615
v 15.433018 -36.920197 14.554615
v 22.673553 -45.196228 5.3260803
v -28.912771 67.84503 13.774605
v 4.0866127 6.0711994 22.354929
v -8.920593 80.361084 30.040527
v 63.133873 70.826775 -27.650726
v -26.340172 9.810089 -0.626564
v 28.781994 50.4435 14.242245
v 44.901367 71.16326 -9.979553
v 47.987946 74.977646 -19.657455
v 57.31012 73.69347 -17.91742
v 16.310303 57.410095 34.112793
v -3.0390015 -9.953369 54.460205
v 38.301292 62.201862 -12.727524
v -27.683489 67.00328 -3.134735
v -59.143585 71.0138 -27.99768
v -45.08864 53.48111 -24.83139
v -22.283737 -24.381735 16.076874
v -25.498802 -39.16277 9.922157
v 26.183105 4.3984985 22.977478
v -16.125854 65.691284 -15.951538
v 8.910382 71.03059 -27.717865
v 57.551575 59.800644 -24.36499
v -14.328217 62.766533 -13.164398
v -58.675003 72.11328 -27.794617
v -45.58465 72.46678 -28.332703
v 6.5097656 56.70639 38.71878
v -55.280098 52.28087 -19.8949
v -27.16048 48.43787 16.325598
v 24.779829 -20.441257 2.4581828
v 41.714478 62.185303 2.7780762
v 33.979668 -53.781372 9.757263
v -12.309692 63.24366 -14.630615
v 34.702103 49.45211 11.716848
v 27.345688 66.93959 6.628418
v -5.127075 85.20941 -20.489258
v 27.903107 -34.3537 10.605652
v -57.968803 72.790665 -27.832397
v 20.9935 -53.47493 4.7635803
v 17.986046 -6.5737762 -0.31427765
v -46.10543 72.97768 -27.428719
v -39.871616 -35.50193 13.31926
v 30.634033 -32.80298 23.623535
v -6.963765 11.109987 27.679996
v -24.431671 -53.054085 17.44635
v 46.80243 63.715942 -1.9606934
v 60.855263 60.980137 -18.82833
v 14.683533 27.013657 26.146362
v -22.912125 41.256863 23.786926
v -28.870445 49.296616 12.263832
v 2.271347 83.96802 -18.256897
v -8.310852 34.156616 -7.3582916
v 44.71386 49.43722 3.749817
v 28.904846 -52.139053 -3.3654785
v -41.465702 59.839905 -22.049046
v 25.661179 -52.70581 1.4108887
v 4.1135483 55.540897 -14.0396
v 4.397583 69.99701 37.308777
v -1.2832775 8.7226715 -1.4327927
v -14.675869 56.582047 -12.616562
v 19.292274 39.141632 22.881165
v 21.827576 42.093437 21.351074
v -40.84752 -23.39154 4.143631
v 18.552864 57.4375 31.343483
v -11.67627 0.1510315 11.760681
v 1.0696869 63.57727 39.2909
v 51.455513 51.524296 -8.78006
v -17.26184 35.321564 24.408813
v -35.89209 -35.369354 22.362732
v -31.021301 61.457478 -10.650757
v -9.315369 74.51254 -27.303528
v -23.783752 68.828125 -7.182373
v 16.585793 -18.743378 10.027405
v 32.322235 -0.7944641 1.4372559
v 51.45105 76.055786 -28.124512
v -2.605709 48.81987 -11.792915
v -19.322556 64.36621 32.27826
v 5.067383 75.32507 -29.10962
v -38.759895 -4.10429 -0.08389282
v -10.231079 82.881836 26.879883
v -42.24077 -11.450836 -0.101745605
v -2.0648499 -8.921326 55.76323
v -51.393555 -52.668396 6.1832275
v 49.767 50.814056 -7.234955
v -52.96196 72.578064 -19.968994
v 5.688629 7.821228 1.8044434
v 2.949501 77.269775 -26.664307
v -29.042236 -48.69203 9.197388
v -23.936872 -52.105503 24.893152
v 31.473572 -53.458954 5.9367676
v 51.855362 63.351685 -1.315155
v -27.770489 67.145645 0.08241272
v -7.9936523 77.55957 -27.707031
v 19.312157 76.5665 8.009491
v -25.70044 42.764465 19.926514
v -31.198952 51.337406 11.52507
v 10.673563 85.23355 4.023529
v 50.027603 76.1239 -18.12498
v -35.344727 5.1521397 19.623718
v 37.312706 47.92448 8.266018
v -10.59613 29.32594 -4.0475464
v -13.731377 76.828316 -16.049606
v 27.205498 -42.28002 15.652924
v -16.293167 75.98181 27.78479
v 26.629673 -31.32056 7.3340416
v 51.07141 77.079254 -27.828003
v 42.27118 58.83133 -15.975616
v 24.015259 -45.816105 27.866364
v -23.526983 -17.741257 14.99556
v -8.555441 62.724434 -21.946945
v 35.70273 52.36371 11.753052
v -40.92333 -30.64731 7.6579056
v -17.492447 78.56505 0.39335632
v 32.070984 -26.722515 22.361877
v -12.185608 87.546295 11.37915
v -33.293304 52.684967 11.145462
v -31.541405 -11.644062 16.536701
v -39.065193 64.12198 -22.165283
v -50.167885 50.99243 -25.033356
v 4.0563126 7.26795 26.467163
v 20.545212 91.16838 -22.99089
v -9.309296 9.319855 26.714417
v -7.399151 6.201731 20.772127
v -46.88473 73.07655 -23.3655
v 59.22947 80.939255 -27.894836
v 12.044479 76.32849 -14.317627
v -36.3929 46.307156 -1.52602
v 28.934814 65.48398 3.4378662
v 39.736908 46.785645 2.7873535
v 31.069237 -31.298756 14.680485
v -1.3089371 39.19034 -10.761978
v -34.210297 -53.661377 2.1217346
v -38.15959 63.55185 -19.371628
v -37.63961 4.7872314 2.8583527
v -11.0899315 87.38541 4.760498
v 54.95643 52.74556 -15.543128
v -28.270111 -14.220882 1.5308838
v -21.816574 -9.734497 9.210922
v 38.436996 60.38384 -9.970955
v 6.6059303 60.27671 -23.478088
v 49.67392 83.47534 -27.512299
v -0.68670654 83.93793 -20.4104
v -47.04519 -45.52082 8.247047
v 38.30777 58.775146 -15.121826
v 6.448242 21.476383 -1.7695293
v -31.991272 -31.25058 3.4465942
v 17.688652 -16.244164 18.10653
v 17.880688 6.379247 -0.8328991
v 55.95938 85.05685 -28.430817
v 2.8374405 4.7523193 33.571655
v -2.614643 6.7866993 17.789307
v -29.718506 50.234863 -8.738281
v 13.200794 75.04324 -8.240654
v 49.65596 84.644226 -28.161133
v -14.182434 31.781746 -1.843689
v 54.063126 85.400444 -27.744171
v 28.15857 -12.754059 -0.9242096
v -22.507715 -5.388298 0.54673386
v -39.392654 -13.420959 -1.7438354
v 17.925293 -3.2582397 22.770706
v -6.4021463 7.4310513 21.686611
v -32.854065 -31.056946 4.015686
v -18.107239 40.63145 29.122345
v 13.967773 60.64868 35.884155
v -29.871887 7.15889 -0.98680115
v -37.247192 -1.0461426 16.98645
v 26.411377 65.77051 0.20996094
v 1.4026661 -4.2703667 42.696976
v 9.066803 75.84219 -26.664001
v 27.085815 -47.10972 24.716248
v 15.502502 36.614822 24.536133
v -9.033052 82.728035 -12.465293
v 15.760971 76.09595 28.404053
v -29.570984 -52.829475 25.586502
v 13.311523 87.84711 -27.862183
v -41.9717 -23.15451 14.30748
v -24.033022 -24.255781 19.021042
v 48.775864 49.989197 -9.182526
v -34.830338 47.600464 6.130188
v -21.68222 74.3833 22.779053
v 14.64357 79.68096 -20.290363
v -2.837542 -7.208615 50.247982
v -0.44117737 79.66202 -26.291565
v 6.7310486 84.23649 24.260223
v -28.562458 59.121048 -9.021397
v -9.291382 77.289856 32.26117
v -30.713745 49.118332 -9.428345
v -34.07796 46.045773 -3.731785
v -14.8076935 80.54183 -7.1338043
v -15.897747 55.396233 -11.99971
v 51.163086 87.68945 -26.55664
v -9.938416 89.61647 -29.107117
v 34.843094 47.699196 9.839027
v -40.19339 -32.346954 13.57016
v 26.381104 -46.15158 26.05188
v 14.673813 40.433308 30.4404
v 41.17206 68.60866 -15.302734
v 41.45865 69.404976 -12.696472
v 2.4826784 11.631638 -1.5283146
v 43.76001 70.458755 -9.696838
v -9.867889 77.97211 -26.290833
v -21.145447 42.286106 -8.923523
v -32.59497 55.907608 11.655968
v -28.149105 -36.530396 6.3125496
v 10.402847 -0.55989456 5.7318306
v 28.154846 -31.200104 8.082336
v 16.612953 -16.622208 9.436279
v 33.35147 56.725235 14.029053
v -37.348663 49.496017 -12.631897
v -27.755432 45.713165 2.246338
v -23.453232 69.32767 24.24997
v 60.224323 70.77131 -15.225113
v 46.179302 57.55326 -20.24582
v -41.300148 -17.233536 13.588165
v 14.359467 56.660095 -10.590561
v 4.9958496 79.9895 31.918701
v -51.32641 50.168533 -20.790909
v 31.51538 -48.17627 1.6955566
v 17.587822 92.76983 -28.324356
v -34.498047 6.4937744 19.975464
v -17.77118 93.056885 -28.834839
v -23.854385 0.47821045 24.38263
v -40.28904 -5.65744 2.4408264
v -27.475744 -37.529873 22.41417
v -35.309914 11.653526 9.645512
v -5.9585886 6.1812806 19.673431
v 36.13939 -53.000496 0.59939575
v -45.082726 52.879547 -0.63357544
v -5.2027807 51.240013 -11.33358
v 19.649292 39.72776 25.526062
v -12.591827 94.08223 -28.184448
v -24.861668 -52.73947 24.97168
v -11.008545 18.166344 28.39087
v 16.4329 -9.335049 3.378601
v 18.80085 93.81957 -28.270111
v 16.213392 -17.829002 15.364578
v -8.16787 89.761505 -23.567688
v -35.65822 7.3555584 3.0628052
v 34.190292 44.908047 3.6245804
v 42.45562 63.918777 -2.7888184
v -19.29248 43.810028 29.645264
v 42.418716 59.50598 5.010254
v 18.988346 94.22188 -28.73749
v 54.621628 67.76477 -3.9106445
v -19.873283 58.479652 32.9814
v 34.760452 58.686756 -8.267189
v 20.504513 94.992 -28.060085
v 31.34143 -9.143753 14.041565
v 10.496927 67.329605 -15.794769
v -17.76764 58.77333 -12.702408
v -41.58911 64.632935 -1.1140137
v -45.677612 68.09802 -11.863037
v -31.45288 57.99649 12.203613
v 1.1403503 82.04158 -23.239761
v 18.28075 35.595417 17.657677
v 5.607811 88.18118 -6.262085
v 22.243156 74.05378 12.940903
v 22.046082 -53.146164 28.910278
v -17.874641 28.038597 6.8237762
v 2.6202888 5.9238086 21.03304
v 13.9001465 81.8064 -17.374023
v 30.34439 -53.20148 16.670685
v 35.891724 62.618958 -1.6618652
v 22.666061 43.03723 18.230286
v -15.779358 84.42026 15.963257
v 6.2011337 83.57201 -14.197998
v 60.471222 74.833755 -21.762299
v -25.641548 -29.894726 21.020256
v 13.919144 -24.547985 9.252991
v -52.14971 52.397186 -26.573944
v -28.65347 55.886368 18.145699
v -13.273254 23.628784 0.048217773
v -47.793457 52.349854 -27.578186
v -25.39993 -12.154953 14.852554
v -7.6372375 79.04083 -26.156738
v -15.3508835 69.50958 -19.914055
v -46.424072 52.79712 -26.99585
v -1.7940826 53.04297 -26.84082
v 1.4181976 52.640198 -27.542847
v -17.917236 69.23407 -13.699341
v 30.094229 -14.259149 -1.7794833
v -12.267334 66.348145 36.27899
v 15.032788 10.572943 0.52601427
v 22.129883 -30.366852 8.023041
v -13.24707 85.84747 15.165375
v 30.946365 46.539856 -5.7785034
v -22.20017 23.724388 12.919067
v 21.804443 18.130653 13.560669
v -15.6085205 78.46973 26.735596
v -18.159119 57.308945 34.428345
v 40.202015 46.195755 -4.993042
v -61.759888 59.94716 -18.212158
v 12.414368 50.23401 34.831543
v 16.432312 13.482773 24.553955
v 54.02657 52.5392 -16.210516
v 32.776245 -53.250072 18.190247
v -16.799316 37.21103 25.63733
v -39.319008 -47.75111 -0.5413132
v -54.902527 58.8024 -11.196045
v 12.366483 -7.955194 13.293884
v -34.76481 -6.4384804 -1.9963493
v 10.548975 78.28005 -25.217001
v 18.455757 -1.9109459 -1.6096687
v -54.256596 52.362663 -16.195702
v -38.498383 -44.58966 5.0697327
v 10.152954 69.26828 34.87549
v -39.208374 -1.9508667 13.790405
v -50.38803 51.547455 -26.349121
v -60.56707 57.07527 -27.509342
v -13.929565 82.82254 -19.136475
v -47.397278 55.949677 -26.733643
v -12.146072 78.457825 -21.683823
v 6.705002 53.90634 -12.678619
v 20.539982 -36.8322 12.621521
v 3.261237 4.243461 31.833817
v -13.2939005 76.04399 -19.08418
v 23.017649 43.74459 20.672512
v -25.137169 70.263596 -1.7174339
v 14.894716 -18.803677 14.847919
v -40.86409 67.254295 -24.50647
v -5.2280655 36.042145 33.808426
v -1.7830963 59.058098 38.88076
v 6.5900345 57.422707 -28.491127
v -42.87961 70.016754 -18.196472
v -13.6475525 66.08075 -14.933716
v -45.904877 58.16577 -27.078186
v -21.119202 21.899414 5.385315
v 58.2373 56.297226 -6.722369
v 29.538086 -25.387943 25.192322
v -61.05246 58.862152 -27.704834
v -41.145447 -14.737335 3.2874756
v -30.818604 -51.420536 6.659668
v 4.5144577 28.036196 31.444605
v -48.092705 69.83295 -13.382874
v -28.66589 -1.4459486 -2.1462374
v 23.92575 -33.21048 9.690689
v 12.89502 56.780426 35.737427
v -27.316254 50.26306 21.552795
v 31.9854 -48.095802 7.352931
v 14.893311 79.065674 26.407959
v -61.98326 62.03254 -27.145569
v 8.51001 42.150513 34.209015
v 0.8180609 7.8968973 0.27160072
v 50.043686 52.816696 -20.886642
v -61.876923 62.529373 -28.160645
v 20.867132 -25.827988 5.4349556
v -34.669067 -43.85285 21.49524
v 46.658455 49.73555 -14.655609
v 27.745056 9.727103 21.119202
v -30.178894 60.47705 12.254883
v -7.282196 85.020935 -14.626343
v 27.685963 -50.518936 2.52748
v -30.46463 13.0182495 21.95102
v 8.578799 62.3215 -27.479862
v -53.22815 51.049297 -19.078995
v -27.694946 -0.5673766 -2.2353454
v 27.358047 -22.427174 2.3085012
v -3.6781433 8.755545 -1.3867345
v -22.329407 74.19795 -3.7509766
v -37.709442 4.0674133 15.933594
v -17.038147 25.577517 4.2318115
v -19.231709 77.36328 -2.501831
v -7.502621 7.6124005 21.88763
v 50.521996 62.811897 -27.950035
v -4.805481 76.38631 34.331055
v 27.165955 10.68251 20.938446
v 10.573728 -1.2965603 18.635525
v 21.331741 -32.701782 29.156464
v -49.778076 -52.97226 -0.4609375
v -36.484497 -36.393173 21.594727
v -62.263214 63.598343 -27.625305
v 22.501572 -44.54828 8.31842
v 25.112045 13.900177 4.9454346
v 48.015 50.49688 -7.186388
v 24.280434 7.215332 -0.53582764
v -44.918457 65.074585 -27.843262
v -57.5925 69.091644 -15.495972
v 21.242157 3.3318176 24.778313
v -29.58899 -19.091019 0.63690186
v 9.501617 6.1714478 2.056427
v -13.433026 20.51389 -1.0140314
v 35.077667 -5.8013506 5.172699
v 20.14573 -45.276634 10.669907
v 57.928894 72.278625 -10.527832
v 27.537415 -28.555298 26.939362
v -61.48163 66.53729 -27.780762
v -63.243675 63.471283 -25.435822
v 48.673683 79.76843 -24.476318
v 23.115356 41.196026 9.621887
v 54.27597 65.84119 -28.028748
v -7.62265 11.71936 27.758545
v -19.52565 0.1203537 0.3764038
v -33.481125 -0.29796124 -2.529898
v 18.227097 1.9578094 24.549744
v -10.04895 84.493095 23.349365
v 11.06588 6.901062 25.36493
v -61.021034 67.398705 -27.468287
v 19.819263 87.84956 -21.171497
v -40.88861 -29.08544 8.313911
v -37.92328 0.29408264 0.118774414
v 8.7749 68.0101 -27.77417
v -25.268433 -13.377556 5.4796143
v -32.50126 12.031762 20.1394
v 38.988953 46.659958 -7.6389465
v -33.63861 65.09747 -8.336365
v 1.9716115 5.274643 23.443619
v 11.4988365 83.98564 -1.5743713
v 20.550423 71.07926 -1.022749
v -46.07141 -53.39395 13.995972
v -16.360914 80.04892 -3.3116455
v 1.6826172 49.84616 38.569748
v -21.153137 59.980713 -13.0078125
v -23.997385 46.02664 23.9505
v 22.140074 -25.349554 4.560048
v 28.828125 62.96521 13.520508
v 1.8717346 32.38153 31.755127
v 25.739792 12.373413 19.776245
v -43.369476 69.19301 -28.584045
v -6.3153977 10.224035 0.55132675
v 52.920807 67.13411 -27.668274
v -30.956102 -18.438305 0.55815506
v 27.39029 -41.73037 16.170837
v -25.180435 45.69802 22.711487
v -7.398786 52.526134 -11.709692
v -6.8176346 34.513718 -7.549736
v -11.041138 69.28845 -27.237549
v -43.714558 70.642746 -27.722519
v 13.10636 -53.01288 25.358795
v -29.80357 -32.596336 3.96492
v -60.02417 62.232178 -14.413574
v -35.92597 10.180668 9.021324
v 30.229126 61.8562 12.86792
v -26.442139 -17.221657 2.9275513
v -49.25969 72.03333 -17.806244
v -37.96971 4.823227 14.41687
v -28.534683 14.445618 4.8516235
v 27.567017 66.98676 9.402649
v -29.595863 -2.7787035 -2.420971
v -9.374512 71.19232 -28.446472
v 18.355625 -37.448723 12.429871
v 61.482574 60.102448 -13.7221985
v -28.63727 -33.949566 5.0346966
v 11.9362335 76.54559 -10.801605
v 30.086193 -44.77041 10.183365
v -40.932144 -16.629425 15.082489
v -7.9453206 52.976105 -11.485762
v -55.139774 -52.978977 2.6484528
v -22.381647 23.449549 14.639495
v 33.012085 -52.431427 17.658936
v -29.033459 65.7913 6.79615
v -41.22693 -8.107422 5.876709
v -22.697481 -39.245445 16.13198
v 16.613785 38.59722 25.928566
v -19.691896 33.387985 5.3428802
v -3.2019196 6.1783676 20.394218
v -22.375076 37.917667 12.481548
v -50.609314 69.72241 -14.007935
v 39.931152 55.23175 -17.255127
v 15.7022705 82.809265 11.031982
v 14.775055 40.806877 -10.865784
v 17.162003 38.818542 25.205582
v 7.111328 74.04414 -27.64795
v 62.546616 74.08896 -27.510925
v -55.49431 74.12726 -28.023163
v -53.55311 74.377235 -28.473236
v 28.113037 -14.413574 17.864014
v 34.261333 -21.684448 9.808016
v 2.8352966 36.188324 -9.015869
v 23.57975 70.6749 0.73620605
v 29.07866 -39.23121 25.185608
v 9.294373 73.960526 -25.413452
v 7.9601746 86.718765 -6.688141
v -6.939514 82.15959 -25.185608
v -19.072712 -2.3054428 2.6637573
v -52.059204 -48.260056 5.5346527
v 26.089577 68.884766 11.908447
v 49.147976 61.44024 -26.058266
v 12.819622 82.5033 22.840698
v -31.435608 54.990234 12.24469
v -23.890999 10.0107765 -0.19187927
v 11.106689 71.75592 34.515137
v 41.658752 64.520935 -5.640167
v 18.156473 -29.228647 7.6293488
v -8.512085 75.646194 -28.54132
v -53.631134 -52.50397 3.3124542
v 12.974121 82.698975 2.329773
v -11.7262945 0.20118833 17.435408
v 3.4910889 56.82524 39.274612
v 27.385895 -39.527313 14.907288
v 6.085301 76.62207 -27.958088
v 17.265747 64.313965 -11.645264
v 5.312561 19.283142 30.456177
v -36.44055 -52.7868 15.77887
v 43.06224 71.83676 -14.288918
v 5.366564 23.379623 -4.4504585
v -16.052582 71.266205 -16.695557
v -7.934471 33.461388 -6.927231
v -31.860075 16.046326 13.0019
v -12.38295 22.171125 -1.2990036
v -5.3213744 -0.25784302 42.951538
v -39.694496 59.054714 -22.236837
v -42.507275 -53.309513 -9.4445305
v 30.04699 -38.08815 18.279907
v -38.100357 59.71112 -20.171326
v 25.814026 67.68378 16.253326
v 43.921688 48.207756 2.954524
v -26.995163 72.74786 12.00206
v -34.47277 -0.9682617 -2.4551392
v -2.9218445 77.751816 -27.077347
v 30.121206 -45.159924 18.330355
v -26.750824 1.1942139 24.115082
v 1.359314 77.34253 -27.45288
v -41.46369 -17.777605 12.480247
v 18.544573 35.138733 15.201128
v -25.478622 -14.232567 12.747101
v 20.38881 -35.821518 10.642761
v 49.951218 78.66565 -19.592712
v 51.040386 79.367676 -27.709198
v 51.785603 52.98513 -6.4073906
v 10.621719 81.72595 -28.35028
v -0.0560894 24.537086 31.272253
v -25.568096 -13.802555 13.196247
v 28.665771 -10.6605835 16.59375
v 9.917267 80.6987 -27.16629
v 11.036292 80.80359 -26.942177
v 49.293518 81.69509 -27.425354
v 10.563963 82.6398 -28.752888
v 51.39621 74.35547 -10.52124
v 32.60125 -18.193 13.466904
v -38.076477 -36.60746 20.700867
v 13.884499 14.925274 0.18978691
v 17.75567 -28.453499 7.240894
v -23.64377 39.297188 9.233444
v -42.04894 52.32569 -16.613142
v 53.22654 70.853516 -7.573242
v -51.301674 50.38848 -18.746567
v -4.428549 14.165994 -3.2264109
v -10.03212 59.281242 -14.430763
v -14.415924 28.381351 1.0601807
v -7.610962 21.3143 30.698639
v -41.09674 -27.563667 7.48645
v 32.0708 -6.6695647 15.201233
v 29.117249 53.86434 15.443588
v 11.386251 82.42131 -28.231026
v 56.898087 83.79774 -27.780684
v 57.57926 83.405 -26.656372
v -13.782513 -3.2844188 14.944724
v 30.464598 11.187576 9.268738
v -22.278656 68.68042 -9.298706
v 19.728249 -22.119957 4.3734894
v -25.984802 66.49194 -6.29834
v 55.74884 84.12805 -27.15393
v 35.738617 63.607193 6.2266235
v -37.126022 -35.346035 6.517498
v -36.992287 -38.568726 8.344452
v 8.708984 -1.1382221 14.905546
v 19.43074 39.220215 25.033936
v 11.514801 85.30731 -26.73468
v 2.344452 1.197876 38.11841
v -29.763369 63.364952 11.788773
v 54.710114 85.259605 -28.17218
v 14.926338 7.6933613 24.566652
v -17.5288 -5.827853 9.956921
v -41.81762 -25.96323 11.756561
v -38.30742 -6.303726 13.82959
v 47.91876 50.382046 -8.32615
v 7.7265015 36.094604 -11.22583
v -45.131836 69.805786 -14.798523
v -24.586182 -51.70575 16.01184
v -20.214996 17.356918 2.154602
v -31.240967 -12.134305 -0.017456055
v 17.67196 -52.558113 31.928507
v -35.525024 9.321121 18.106812
v 17.430971 -2.0261536 23.00251
v 6.188904 20.896675 30.29898
v -38.645966 -8.329216 -2.9661713
v -43.30041 -53.75205 -8.485321
v 41.384613 53.20758 -17.866333
v 23.922838 -12.001585 -0.9530548
v -32.033768 -42.54734 8.569691
v -8.439941 88.26099 -27.52246
v 9.643463 85.404175 -27.831604
v 29.827759 6.579773 18.864014
v 19.789835 -35.382576 10.201912
v -26.995087 54.052696 24.281586
v 14.123337 -34.12551 24.078415
v 32.60109 -30.496546 16.516693
v 17.99273 35.86287 1.1768036
f 9320 11637 8779 
f 2780 2066 5965 
f 1023 8990 2286 
f 10117 8586 11222 
f 10117 7582 8586 
f 10117 11373 7582 
f 11373 8973 7582 
f 5489 11326 11176 
f 614 1159 7382 
f 9819 1229 10424 
f 8859 3732 5619 
f 10940 7026 3330 
f 11879 4328 12083 
f 4464 3419 6426 
f 5922 9346 6706 
f 8665 6783 1211 
f 9794 8191 439 
f 1652 67 6926 
f 5740 9573 11035 
f 6029 1121 4470 
f 9929 7929 6584 
f 8398 10772 3 
f 2992 7735 9744 
f 6018 8134 1156 
f 4093 6305 6225 
f 2123 6 6556 
f 8810 2506 4322 
f 1293 10933 5940 
f 6990 7797 8359 
f 6069 11697 7055 
f 2494 10037 11033 
f 8280 10538 7667 
f 11793 8662 9066 
f 881 1443 3703 
f 4607 4859 10419 
f 6425 6659 6433 
f 2974 8110 7184 
f 7867 12460 9231 
f 6626 11438 8624 
f 10252 5049 5046 
f 1123 4004 8956 
f 2639 5989 3794 
f 10856 12005 11839 
f 10319 10252 5046 
f 8352 4349 252 
f 10376 5046 5049 
f 10579 5654 1420 
f 2733 2848 6858 
f 3493 4673 4899 
f 7574 10018 6387 
f 10784 415 12263 
f 4053 10693 10516 
f 11437 10677 11424 
f 5629 8258 10296 
f 10553 12491 6686 
f 8790 6619 5531 
f 2277 4052 3546 
f 2692 483 4052 
f 6387 10018 7519 
f 3440 3030 3448 
f 9450 7791 2613 
f 9419 8385 5412 
f 2281 10731 10209 
f 9537 8374 9237 
f 928 5613 3496 
f 405 406 12231 
f 10535 10179 10193 
f 10193 11270 11263 
f 11466 2071 8076 
f 9935 8452 9062 
f 11473 5530 2671 
f 1917 1923 1873 
f 7933 648 2011 
f 2630 5239 6429 
f 10193 10179 8933 
f 2828 3447 3455 
f 10616 7190 10346 
f 1123 11528 12425 
f 12219 7717 1128 
f 8336 8334 9199 
f 9199 4694 8336 
f 7607 10399 226 
f 5884 10758 4432 
f 8077 4694 8342 
f 5321 5364 1864 
f 8077 7527 6130 
f 2416 2420 2573 
f 945 635 499 
f 4694 8343 8342 
f 8343 9199 8926 
f 3368 8904 7945 
f 5351 2258 2677 
f 10535 8648 8926 
f 3628 9973 4502 
f 8648 10535 10925 
f 8648 8343 8926 
f 953 3111 1810 
f 1357 11093 5745 
f 8343 4694 9199 
f 8663 8116 8590 
f 5771 5097 12051 
f 8657 10558 8933 
f 5333 7803 6204 
f 8933 10558 10193 
f 1197 2802 696 
f 1197 740 2802 
f 8658 10558 8657 
f 3738 5731 23 
f 9454 10833 4364 
f 5740 11035 452 
f 11509 4171 9336 
f 9905 5944 48 
f 262 2339 4428 
f 5014 9289 1881 
f 7747 11767 9986 
f 8596 10253 10032 
f 2078 2610 7915 
f 1809 6575 9194 
f 3799 9598 6265 
f 9101 8004 7155 
f 8073 2598 9771 
f 10925 10535 11263 
f 6761 2170 12323 
f 8926 9199 9801 
f 7688 1064 8429 
f 2120 2119 2125 
f 7245 12383 10899 
f 8749 10308 1041 
f 4485 4130 8292 
f 1771 9649 11546 
f 11109 10412 12329 
f 7481 8312 7479 
f 11343 11729 11722 
f 8933 10179 11244 
f 4581 1977 135 
f 4684 8906 7248 
f 6287 7823 12498 
f 2318 11417 2447 
f 8067 6179 9581 
f 3235 6600 7141 
f 11977 1050 235 
f 9433 7998 6847 
f 8228 7466 7298 
f 9952 1189 4628 
f 9581 6179 9112 
f 9112 8688 9581 
f 8688 9112 7220 
f 11794 11898 4091 
f 12064 6053 1021 
f 7559 4122 7138 
f 6276 2042 11876 
f 2688 8581 8085 
f 1099 2688 10450 
f 1541 10990 1204 
f 2527 7385 11159 
f 3913 8349 4266 
f 2324 1895 2006 
f 11172 9173 7004 
f 8666 6067 879 
f 2688 7004 6179 
f 3608 1843 6074 
f 8642 9173 11172 
f 8579 11267 1338 
f 7016 7200 3167 
f 6179 7004 9173 
f 3141 8642 11172 
f 659 9173 8642 
f 8843 5212 10146 
f 5590 10960 4914 
f 8085 10450 2688 
f 1099 11172 7004 
f 9173 659 9112 
f 3234 3026 2823 
f 5777 12070 8456 
f 8642 3141 659 
f 5094 10409 5028 
f 896 2093 9570 
f 2317 6797 546 
f 2688 1099 7004 
f 5963 9744 7735 
f 12315 642 3122 
f 9379 10927 7242 
f 6476 6919 8004 
f 3388 6625 8842 
f 4187 2874 8317 
f 11041 1668 1653 
f 12233 10653 8401 
f 7362 5985 5857 
f 8320 252 5744 
f 10844 11553 11562 
f 12379 8928 6865 
f 4314 3039 7604 
f 2423 8263 904 
f 3209 7000 754 
f 7859 7041 7853 
f 8883 8605 8612 
f 11119 9668 10029 
f 997 7421 7648 
f 3236 7286 10917 
f 4026 1870 9654 
f 4780 9736 1356 
f 12285 2370 12477 
f 9567 7799 5064 
f 11311 11296 11292 
f 5069 6794 5040 
f 2749 2068 2748 
f 9567 7648 7421 
f 7648 9567 5064 
f 7482 7428 9635 
f 12422 4331 11219 
f 7648 8188 997 
f 7648 1520 8188 
f 4314 11234 9788 
f 9372 5101 2583 
f 7301 1684 8102 
f 9002 5688 2397 
f 11149 4488 7505 
f 8730 9996 9087 
f 3028 12151 611 
f 8568 9414 11156 
f 9920 12059 9909 
f 11530 11917 11127 
f 1344 5895 9355 
f 10840 5886 4837 
f 10319 5046 1420 
f 9112 6179 9173 
f 6823 2070 890 
f 8561 6787 3419 
f 9600 4595 9068 
f 7955 7901 12018 
f 10777 12352 10383 
f 5390 8842 10508 
f 12352 9220 7318 
f 8237 8552 8536 
f 12327 3066 2266 
f 8069 11890 3088 
f 6293 5457 6083 
f 12307 7877 10364 
f 6210 9149 3474 
f 11971 9236 9019 
f 7228 6964 7496 
f 7404 4680 2552 
f 1035 902 905 
f 10073 7511 1461 
f 316 4842 5599 
f 9180 6447 766 
f 1291 1162 808 
f 5263 5322 11289 
f 8622 4885 3701 
f 1291 1526 1525 
f 12146 327 12130 
f 808 1162 804 
f 306 523 377 
f 523 525 377 
f 11771 6442 5246 
f 10593 9836 2825 
f 6652 7841 3885 
f 525 520 377 
f 495 6553 409 
f 6581 7343 1204 
f 10435 454 7960 
f 8291 5557 11669 
f 10541 11669 5557 
f 6202 3380 11540 
f 157 8729 1849 
f 5557 8291 11745 
f 7319 1516 11354 
f 10466 8102 2752 
f 12082 5453 129 
f 1729 7322 6711 
f 11228 38 12029 
f 9193 922 9320 
f 10408 8868 7570 
f 411 11309 233 
f 11309 3969 233 
f 2962 233 3969 
f 11309 7524 3969 
f 7729 8468 1712 
f 11855 9774 8393 
f 35 3969 7524 
f 2131 5907 35 
f 6406 3405 5150 
f 2131 3631 5907 
f 3969 35 2962 
f 2131 35 4020 
f 2962 5907 3631 
f 11309 411 6170 
f 3138 8538 4074 
f 7524 11309 7246 
f 9249 7831 9240 
f 35 5907 2962 
f 2962 148 233 
f 8298 2975 11864 
f 271 5018 10975 
f 5031 7873 10069 
f 10524 7870 12113 
f 9108 1646 6904 
f 9221 1646 4275 
f 1646 9221 6904 
f 12197 3139 6186 
f 4644 7468 8377 
f 1646 2650 4275 
f 10529 3684 3966 
f 10529 3966 4275 
f 3966 3684 2935 
f 3684 10529 4640 
f 4480 11841 8866 
f 3159 3142 3354 
f 11311 11306 11296 
f 1087 887 653 
f 1693 4166 8430 
f 5884 1682 7349 
f 12285 4076 1693 
f 4166 1693 4076 
f 10466 8589 11816 
f 12401 11989 6558 
f 10212 10659 731 
f 12285 12477 4076 
f 4166 4076 9725 
f 11408 7662 11489 
f 2118 8818 275 
f 12433 9371 7402 
f 275 11408 2118 
f 275 5750 11408 
f 11408 5750 12185 
f 4912 3687 9190 
f 4651 7393 6339 
f 12185 161 10375 
f 7662 12433 11489 
f 8048 5308 2873 
f 12426 11489 12433 
f 8549 2500 6329 
f 4238 11440 4389 
f 951 1299 1642 
f 12185 5750 2063 
f 12433 7662 9371 
f 161 11693 10375 
f 6520 413 360 
f 3541 12051 11138 
f 12185 2063 161 
f 8780 2520 9289 
f 3185 2705 3494 
f 8823 9385 8509 
f 4738 3509 3900 
f 105 12157 7357 
f 3558 3900 7698 
f 3401 2809 2797 
f 6792 12274 6560 
f 802 3377 6807 
f 10952 3211 4989 
f 12274 9080 6560 
f 902 1035 1100 
f 7719 6578 160 
f 981 1145 3720 
f 981 3720 4876 
f 4876 3720 10229 
f 981 11741 1145 
f 4876 10229 4852 
f 8737 9586 5783 
f 981 3297 11741 
f 1145 8792 3720 
f 3357 3945 11752 
f 11531 158 175 
f 6347 6346 5933 
f 5875 2813 2591 
f 9588 5358 713 
f 3534 9940 10893 
f 4077 10043 3741 
f 11671 5298 11367 
f 1473 8707 11008 
f 11684 11327 78 
f 10969 873 4712 
f 9576 2207 12235 
f 12104 10447 7643 
f 5158 5345 9935 
f 6532 7779 5699 
f 6166 3240 2302 
f 2988 3685 5892 
f 10782 10361 2504 
f 750 10858 8530 
f 9881 7846 10630 
f 6700 12188 8216 
f 2772 3438 6140 
f 11768 4619 8752 
f 8268 10377 4361 
f 2896 1075 7257 
f 8228 5291 356 
f 3570 587 2064 
f 7544 4813 5371 
f 9256 6739 7787 
f 12075 205 8942 
f 11423 1828 1091 
f 10908 1418 4204 
f 10716 1210 6119 
f 3675 7366 2051 
f 724 11525 7761 
f 127 2314 848 
f 9868 9516 9510 
f 8258 6736 911 
f 996 3466 3478 
f 11645 7053 1707 
f 11291 12492 6589 
f 12364 8852 12372 
f 9646 5763 929 
f 796 1091 1828 
f 9312 10380 1731 
f 5385 6646 6425 
f 6829 6177 6386 
f 2265 7261 2242 
f 4541 5651 3125 
f 769 2972 6833 
f 234 5930 1052 
f 7579 656 660 
f 4725 3142 3335 
f 5184 10149 9686 
f 8911 933 4535 
f 4976 6661 5862 
f 736 9370 714 
f 2952 2763 2431 
f 714 9370 3719 
f 6255 6468 6707 
f 5342 7365 3022 
f 22 626 5406 
f 3079 5233 9719 
f 10380 6987 1731 
f 9644 5643 7688 
f 926 2320 3018 
f 8432 10002 3793 
f 4384 603 11223 
f 9020 14 10452 
f 7083 11346 5285 
f 3764 11014 1797 
f 9427 1066 7621 
f 2454 2615 5500 
f 10788 6073 5505 
f 3011 7310 530 
f 6170 530 7310 
f 5765 10904 1857 
f 2148 3931 2074 
f 12478 4508 5552 
f 4284 9726 12166 
f 11146 10108 1447 
f 9083 1193 6731 
f 2972 1932 680 
f 7883 8748 7613 
f 11989 11187 11188 
f 411 412 6170 
f 9668 9651 9345 
f 7391 7726 583 
f 446 4116 364 
f 4431 9194 5293 
f 1302 12169 5346 
f 759 11651 218 
f 4445 2680 4293 
f 8005 6900 4448 
f 496 1970 4226 
f 1442 11919 3501 
f 9359 11299 2211 
f 10823 412 411 
f 612 10841 3783 
f 4681 8739 5348 
f 10988 3378 10981 
f 3142 4725 4169 
f 1424 4788 11581 
f 4282 4842 8512 
f 594 1416 4025 
f 9046 8709 11065 
f 12018 2758 4270 
f 1014 1155 4014 
f 9760 6534 9880 
f 6521 11031 2292 
f 96 3384 1487 
f 9566 10110 1273 
f 5619 11679 5467 
f 9925 140 8654 
f 7129 534 2486 
f 7809 12239 85 
f 10988 261 2168 
f 8411 8104 6897 
f 5462 5003 4369 
f 2831 3119 3069 
f 4457 12055 2719 
f 12160 7255 2303 
f 11493 11871 11482 
f 8747 6549 10437 
f 4703 5591 10287 
f 9853 1110 11095 
f 10755 136 8875 
f 8518 4263 4860 
f 1397 10762 3552 
f 6085 1011 7388 
f 6614 5071 10104 
f 6121 7757 7417 
f 948 350 10970 
f 6206 1397 4787 
f 221 5550 3653 
f 10769 8086 140 
f 9988 9048 8260 
f 3423 7750 9747 
f 9316 5174 9753 
f 5797 6768 7010 
f 3237 3883 6670 
f 10346 7190 6745 
f 9804 10599 2202 
f 7483 7018 2590 
f 7521 6767 6337 
f 8086 10769 1760 
f 2791 11881 9435 
f 8267 9723 9383 
f 11864 9275 10086 
f 20 875 11914 
f 4204 2214 10908 
f 19 4748 10636 
f 1324 7619 7090 
f 8679 8590 3463 
f 4870 6973 12250 
f 11664 2266 5182 
f 5624 1507 5745 
f 5784 9369 5301 
f 646 266 344 
f 12123 8481 840 
f 11411 1856 2850 
f 11999 516 8086 
f 12174 5445 11612 
f 9675 10717 2002 
f 11077 11484 10613 
f 5112 11097 7706 
f 5876 2215 3317 
f 3863 7512 1624 
f 9096 610 7334 
f 7780 8084 8401 
f 5242 1295 8934 
f 7232 9662 4677 
f 8215 9634 6219 
f 8203 6027 6921 
f 10461 10264 6005 
f 10520 4281 9755 
f 11502 3286 10676 
f 8980 6387 6825 
f 29 4104 12369 
f 344 266 1580 
f 5838 2893 10185 
f 5281 9475 8407 
f 10315 9828 11683 
f 10928 2730 4537 
f 4742 4732 3986 
f 3529 9311 7081 
f 948 8230 2369 
f 2745 8797 6097 
f 11479 6460 5315 
f 7285 7173 5849 
f 9293 6827 7868 
f 2297 2291 2120 
f 673 5796 356 
f 1719 1504 1615 
f 5862 10539 2149 
f 540 10235 5993 
f 10076 10090 10064 
f 12243 6616 10426 
f 9187 10970 9978 
f 832 6760 6854 
f 5383 4816 6137 
f 8496 6258 1016 
f 7924 3732 5353 
f 8374 9537 9551 
f 6928 11753 332 
f 6539 3857 7099 
f 8852 12364 1710 
f 1463 9457 4339 
f 9738 8550 8270 
f 3946 6385 1252 
f 5461 9995 7391 
f 4417 6569 6969 
f 4677 12044 6005 
f 2471 2638 3047 
f 2676 6520 360 
f 11991 7137 8484 
f 8098 4901 4106 
f 899 1431 757 
f 1149 123 7499 
f 9335 10656 3156 
f 9724 1685 1270 
f 2094 1314 899 
f 3475 5875 2591 
f 1404 7945 1307 
f 2033 7408 10057 
f 6573 8730 4383 
f 11746 8553 5071 
f 11324 9272 3651 
f 6721 7531 3100 
f 6348 12096 8328 
f 6286 6055 6271 
f 2258 1050 2677 
f 5073 10489 3406 
f 11606 9768 12001 
f 8497 9667 8807 
f 5513 5042 4605 
f 5482 735 3400 
f 4201 4015 3803 
f 178 4926 2670 
f 2057 4046 8465 
f 3609 9960 4140 
f 3942 6174 6394 
f 3939 2713 9050 
f 11272 8088 9251 
f 6322 9248 766 
f 8203 724 12205 
f 12411 10951 8813 
f 4901 8098 3778 
f 6 4548 2085 
f 10267 8996 373 
f 1032 5501 10083 
f 4148 91 6071 
f 9404 10070 8307 
f 9377 9385 9387 
f 9243 7054 1032 
f 2412 2571 2923 
f 7288 11834 10709 
f 10635 10300 12479 
f 646 1866 2248 
f 9171 11708 2790 
f 1312 1756 1100 
f 8820 9848 4588 
f 5342 3022 10697 
f 3498 11287 10305 
f 11049 7944 9661 
f 737 5584 5900 
f 3180 2767 3302 
f 7075 5443 2734 
f 8862 916 10259 
f 4749 5915 2329 
f 3789 978 1096 
f 10827 11097 4148 
f 8531 9704 1916 
f 10194 12137 7087 
f 5650 5842 5649 
f 9236 11971 4007 
f 4209 5995 1463 
f 10138 2502 2704 
f 4252 2679 9997 
f 6825 6387 6323 
f 8433 7878 8735 
f 8065 7410 478 
f 1823 11764 6637 
f 157 1306 8729 
f 9221 4275 1336 
f 629 11910 137 
f 5615 4899 3303 
f 3763 10500 8426 
f 10115 10088 10470 
f 3046 12091 4483 
f 6643 6053 7150 
f 10282 7667 3286 
f 4651 2659 11430 
f 588 525 523 
f 3706 9473 11101 
f 3765 36 8671 
f 1437 9098 11028 
f 2575 9166 9410 
f 8588 1819 11880 
f 59 1245 10668 
f 9415 8809 12053 
f 9571 4025 7369 
f 4025 1416 7369 
f 8321 4070 5269 
f 8846 9934 5677 
f 12172 7268 4530 
f 11354 8638 10526 
f 1100 1756 1301 
f 2978 609 10335 
f 9410 9166 6139 
f 10415 2047 6647 
f 5317 7457 10349 
f 4380 9416 8671 
f 9460 1204 6998 
f 9139 7230 12264 
f 4507 6296 11152 
f 4650 5033 12355 
f 5736 4926 11240 
f 7260 8957 8955 
f 7021 11135 2183 
f 10421 8949 2588 
f 11277 7604 3039 
f 8395 989 6725 
f 3410 3626 3196 
f 2218 6657 10403 
f 193 264 152 
f 7129 371 381 
f 3267 3492 3920 
f 6808 8713 9294 
f 901 2877 1593 
f 2343 8555 1045 
f 12142 6574 12103 
f 2150 9621 1475 
f 9927 2096 667 
f 2128 4417 6969 
f 7234 7771 7762 
f 7714 7926 5535 
f 4558 8690 2283 
f 353 1205 1097 
f 5560 8428 3890 
f 8838 10058 9100 
f 11240 7598 2670 
f 10392 10714 10773 
f 6892 5683 2674 
f 10174 6117 2377 
f 7573 7292 7013 
f 1132 7971 6979 
f 7751 5661 10274 
f 6054 10586 920 
f 12370 11454 2861 
f 9783 10663 5285 
f 6728 8532 2572 
f 10012 6551 10949 
f 1090 5735 672 
f 386 1944 2707 
f 1172 5339 6735 
f 5827 8165 3508 
f 2695 9765 8677 
f 4152 4142 12026 
f 9246 10372 5713 
f 6907 1205 10610 
f 8257 8833 2424 
f 9078 9067 8782 
f 9443 515 7111 
f 7125 11632 7560 
f 768 10851 7576 
f 7727 7231 6969 
f 872 9113 250 
f 11883 5432 1974 
f 8602 8711 408 
f 11117 9074 2152 
f 2328 1452 2806 
f 9516 9504 9510 
f 9945 5548 8191 
f 6975 9851 526 
f 8421 6046 5078 
f 11835 7316 2390 
f 8683 1800 2767 
f 9229 6538 7548 
f 6518 10101 4906 
f 9042 10159 1903 
f 8181 5652 2819 
f 5543 5737 5090 
f 6788 11154 7871 
f 11166 1137 1104 
f 11620 3370 11687 
f 10178 2716 10234 
f 7698 5001 3558 
f 5025 1979 1771 
f 9168 8600 10124 
f 1503 1915 7740 
f 11082 10701 1269 
f 7634 11602 11515 
f 3442 3112 4136 
f 4877 4649 4089 
f 11865 1760 10769 
f 8416 2452 1512 
f 7361 7677 5821 
f 12005 10856 6350 
f 2022 1466 2009 
f 2219 8831 7160 
f 7699 8855 8840 
f 6977 1789 11708 
f 7083 5285 8122 
f 5546 5065 5077 
f 9293 8136 6827 
f 7311 7305 7321 
f 7337 1787 942 
f 11242 4325 4846 
f 8319 910 6807 
f 3356 6738 8967 
f 1532 2330 2269 
f 4731 12383 2820 
f 5318 4763 5274 
f 4234 9032 6624 
f 9483 4034 369 
f 9883 10637 10273 
f 1347 1228 1339 
f 1327 628 4033 
f 9391 3282 11089 
f 6704 11485 3434 
f 11013 7985 9421 
f 8102 10466 10158 
f 269 5177 5718 
f 2622 2581 10894 
f 2176 11083 6024 
f 3614 3615 4217 
f 5415 9279 2095 
f 10725 6867 6400 
f 7347 8793 2777 
f 4008 8627 3565 
f 10758 389 3628 
f 3095 3783 10841 
f 2058 3117 3746 
f 3534 10893 6710 
f 9427 7621 2098 
f 4267 486 4805 
f 2163 4824 2948 
f 11799 4804 2155 
f 843 691 541 
f 9968 6149 5603 
f 5979 6075 7416 
f 12265 95 11455 
f 3202 1527 1468 
f 4709 282 4503 
f 11880 9991 12147 
f 11737 9515 10920 
f 8405 11363 638 
f 1971 6312 662 
f 662 6312 195 
f 12359 1857 4893 
f 6964 6746 6525 
f 385 306 382 
f 6105 10370 5193 
f 5661 10655 6766 
f 1813 1262 5983 
f 11164 8141 2710 
f 9851 9796 526 
f 4703 2218 5591 
f 1724 6295 4821 
f 7395 9604 5688 
f 9592 8347 3964 
f 195 12361 2741 
f 8890 5535 8582 
f 8314 8046 7829 
f 9603 8697 6124 
f 2233 2213 5140 
f 7255 8879 8381 
f 2383 2537 1820 
f 1865 2431 1964 
f 2723 9976 3630 
f 10455 11163 10124 
f 12097 10118 11916 
f 3755 3761 4943 
f 10546 2352 8441 
f 4396 10197 9971 
f 7651 10274 1375 
f 6469 8441 8436 
f 7690 7704 7426 
f 5216 7682 4509 
f 7936 3483 10107 
f 2421 1741 1798 
f 10498 3446 1258 
f 7448 8319 6807 
f 6580 1364 7595 
f 9519 6238 7326 
f 2444 3665 5876 
f 8779 1552 9193 
f 10865 9917 8857 
f 11203 12284 9855 
f 10411 1671 8625 
f 4505 2987 487 
f 10043 4791 5022 
f 11577 8324 370 
f 5382 5145 5153 
f 11073 10966 11009 
f 7327 7868 6827 
f 6141 562 2130 
f 1689 2166 2768 
f 580 2874 11870 
f 11419 9056 12183 
f 8932 205 12075 
f 10225 7896 12096 
f 2835 11865 10769 
f 10869 9517 8876 
f 7859 7853 8140 
f 3355 3617 10353 
f 10591 1096 7907 
f 5032 10639 11843 
f 10333 2740 10009 
f 8924 7785 354 
f 7581 7043 6829 
f 5572 3143 11287 
f 8185 8148 433 
f 12386 1611 7486 
f 3437 1603 1359 
f 11361 8685 11647 
f 8429 9644 7688 
f 3900 3558 9467 
f 7094 8184 7352 
f 10432 9712 480 
f 7955 2154 1914 
f 7826 11802 9127 
f 4245 8055 10167 
f 2788 4245 10167 
f 11120 240 1883 
f 2479 8250 1799 
f 7520 8363 12153 
f 10750 11672 3621 
f 8646 8055 4245 
f 5344 8055 8646 
f 881 285 8266 
f 8464 9472 1698 
f 8363 7520 4434 
f 739 520 663 
f 10500 1362 1735 
f 11159 6965 2814 
f 8773 9025 10358 
f 3301 12458 342 
f 11228 8420 7763 
f 9005 9396 7392 
f 645 6952 12209 
f 6666 9286 11589 
f 6047 3827 7753 
f 5441 4585 11834 
f 6054 5995 9528 
f 7114 7216 774 
f 7884 11024 8256 
f 9294 8713 4098 
f 11122 7864 11151 
f 11151 7864 8698 
f 3365 6193 3298 
f 383 3025 4524 
f 1606 1716 1614 
f 11380 9770 785 
f 1535 2635 502 
f 10359 12182 9884 
f 8745 1644 11554 
f 9424 4312 7076 
f 4989 10060 9578 
f 10394 11155 2640 
f 7620 3185 4330 
f 2785 11326 10566 
f 9914 10463 7480 
f 11122 2368 7864 
f 11194 2826 7309 
f 3606 7001 1508 
f 3681 10786 11594 
f 2612 6965 821 
f 889 886 829 
f 7313 7913 2856 
f 5146 11258 5438 
f 11414 10637 11401 
f 8111 943 9536 
f 8075 2232 47 
f 4057 2662 3206 
f 12014 4478 7663 
f 3278 6620 90 
f 1291 1627 1288 
f 3517 9071 7183 
f 10513 1537 9451 
f 10900 10097 322 
f 8002 7704 7993 
f 8422 2519 6978 
f 3366 7840 7712 
f 2192 8470 7290 
f 4197 1491 1838 
f 7895 10582 3507 
f 222 5920 10550 
f 695 9742 8958 
f 2396 2398 4757 
f 7185 438 1224 
f 4643 5081 3673 
f 8820 5408 9848 
f 8662 624 5167 
f 6745 7190 9545 
f 8461 1084 9463 
f 985 8298 11864 
f 9462 12017 11608 
f 6360 5546 6803 
f 10945 6122 3694 
f 8540 8577 7160 
f 4330 7826 9444 
f 3447 3652 4253 
f 9197 8914 7517 
f 11573 10016 10383 
f 7518 10724 10702 
f 7630 2858 9525 
f 9308 7500 459 
f 2884 10123 8371 
f 10495 12377 1048 
f 305 323 382 
f 5685 10369 12484 
f 4558 7618 1563 
f 3055 9884 1715 
f 3725 3849 1317 
f 2945 799 6650 
f 9490 5121 11958 
f 1279 8442 7442 
f 2046 1919 3321 
f 3858 2071 11466 
f 5134 10639 5091 
f 6210 3075 2737 
f 8059 10395 12027 
f 10537 709 6938 
f 7566 6938 709 
f 9215 10292 9620 
f 9349 7845 10289 
f 10368 8903 6931 
f 8950 7797 8362 
f 10694 6106 2818 
f 264 259 404 
f 11344 1575 260 
f 8908 7452 649 
f 1955 914 8208 
f 12232 6085 9466 
f 8015 7460 7451 
f 12444 4926 178 
f 299 9411 12205 
f 153 156 145 
f 6589 11642 11291 
f 10366 10401 572 
f 7226 4440 12495 
f 8853 9135 9740 
f 10894 7928 7358 
f 3283 8934 3929 
f 1945 2075 1753 
f 10155 8806 419 
f 12423 11584 9242 
f 6060 2161 11968 
f 5881 12113 7870 
f 11912 556 1593 
f 2638 2478 2668 
f 1239 1064 7688 
f 7358 4185 7374 
f 383 869 4123 
f 11133 207 12466 
f 8444 6435 8684 
f 6209 4475 10172 
f 1217 1206 1208 
f 5558 11818 5210 
f 6817 8975 4444 
f 3530 41 9088 
f 5572 2389 7365 
f 3509 3437 4788 
f 1859 4455 9126 
f 332 4415 1816 
f 7132 5414 4154 
f 8216 12188 8886 
f 2244 8882 8169 
f 10059 12254 5741 
f 6859 28 5475 
f 7330 1430 1447 
f 6548 856 12289 
f 7425 3764 9898 
f 6741 6519 7202 
f 11119 11121 2317 
f 11121 11933 2317 
f 3779 6749 8337 
f 1005 6211 68 
f 5960 6172 6171 
f 1532 359 2723 
f 8224 10974 8990 
f 3862 10527 2970 
f 2625 3408 5229 
f 10749 2546 612 
f 6120 2335 7261 
f 4291 7611 2987 
f 12224 5105 11157 
f 3443 12421 10885 
f 12439 1121 6029 
f 10204 10919 10946 
f 2864 5480 7473 
f 8975 12444 8155 
f 931 8547 1928 
f 3878 1566 6800 
f 7684 4435 6245 
f 11325 4187 5102 
f 9898 1797 9350 
f 9818 215 5716 
f 7825 4514 2236 
f 5004 3839 6818 
f 5195 3048 8963 
f 8313 7136 6093 
f 9109 775 8760 
f 2929 7663 1046 
f 8419 7892 8710 
f 4621 4832 4244 
f 12484 7760 1423 
f 895 2336 2755 
f 9691 9837 10689 
f 5525 389 8563 
f 6246 5648 5831 
f 5162 8575 4233 
f 4931 9123 9103 
f 4928 2270 4974 
f 4765 3180 10825 
f 6940 3560 8832 
f 6695 3497 4696 
f 8380 7069 11420 
f 6947 6884 6961 
f 11285 8442 11085 
f 4234 2141 7470 
f 2024 12342 1995 
f 11192 11587 2644 
f 12255 5791 7262 
f 10797 2986 7268 
f 2416 1953 1960 
f 7856 7922 3709 
f 1641 8381 8879 
f 11747 6508 5932 
f 8796 11406 10847 
f 6634 10686 6630 
f 1725 7551 3067 
f 11769 10703 443 
f 5558 5 5994 
f 6906 6850 6884 
f 6592 1559 10640 
f 5752 7930 10095 
f 9665 2897 10012 
f 3469 3131 961 
f 974 995 6374 
f 1128 4040 12181 
f 5196 5410 11761 
f 7864 4434 7520 
f 6583 5832 6634 
f 7767 906 9945 
f 4432 10758 4455 
f 4850 3944 11627 
f 108 11298 6442 
f 11317 2249 12112 
f 7236 6992 1082 
f 11277 9963 6615 
f 8769 9605 9669 
f 4931 7505 3894 
f 10931 11667 10946 
f 8378 4194 3862 
f 8143 12490 10547 
f 3949 3547 3538 
f 1234 8066 10922 
f 11616 1827 12437 
f 10076 10064 8836 
f 2334 2776 2539 
f 5988 7741 6449 
f 1812 1804 2179 
f 5379 11580 9087 
f 2355 8328 2195 
f 5566 11620 5373 
f 4093 6245 6305 
f 9723 8267 8584 
f 6305 6355 6225 
f 10913 6053 705 
f 2530 6791 835 
f 5643 6512 12028 
f 2195 8328 12096 
f 58 8489 8524 
f 3769 1994 1013 
f 3539 3982 5509 
f 9180 3982 4633 
f 7731 6388 5529 
f 2501 8797 11273 
f 1434 6313 9180 
f 1660 1672 6206 
f 5957 3120 317 
f 5620 11341 2137 
f 4186 8726 3110 
f 4023 6069 2894 
f 4584 7329 1558 
f 6225 12238 1175 
f 10341 11738 10098 
f 10325 2012 3248 
f 6114 4435 7684 
f 8912 12205 9411 
f 11559 10121 8883 
f 3632 674 9743 
f 668 1201 9820 
f 9428 686 10243 
f 10052 11937 10430 
f 439 7602 9070 
f 3572 2160 1799 
f 8112 3432 12228 
f 2087 10805 1970 
f 5399 4930 4496 
f 9434 10455 10124 
f 2244 2299 1361 
f 1186 6200 3237 
f 10163 11235 11231 
f 5 4437 5994 
f 9928 6208 1871 
f 8460 9930 7720 
f 4148 2841 11943 
f 10886 4257 8945 
f 11334 791 5829 
f 1833 2054 9443 
f 7806 10307 10266 
f 8844 8552 8237 
f 10268 3108 6855 
f 8349 589 3095 
f 6354 8761 9854 
f 3817 6711 3148 
f 5904 6291 1631 
f 5539 9837 9691 
f 6161 3275 10625 
f 6443 6440 7127 
f 1604 3398 10460 
f 5722 5761 1529 
f 8406 8357 2367 
f 1473 11556 10257 
f 9316 8344 9688 
f 10172 5074 9313 
f 7048 6773 7017 
f 10941 11207 5611 
f 2607 3116 11610 
f 3311 2209 6719 
f 9053 9825 1601 
f 11001 4846 4325 
f 11891 11902 7588 
f 477 4998 10421 
f 3657 10716 6119 
f 4965 151 10689 
f 1322 1773 1564 
f 11067 2301 6681 
f 574 508 808 
f 11469 6112 1197 
f 7925 8107 12107 
f 10222 11516 7497 
f 3850 7949 3678 
f 6416 1137 9656 
f 6894 4593 2428 
f 3451 864 6841 
f 1625 2338 5651 
f 8670 3994 7240 
f 3760 4323 4717 
f 116 6679 7119 
f 849 4107 4540 
f 7714 1233 12286 
f 5227 6066 5671 
f 3525 5034 11825 
f 1708 5417 4146 
f 666 6125 621 
f 4237 3935 2506 
f 11963 12408 53 
f 8836 9738 10076 
f 689 1113 694 
f 12158 3712 12146 
f 5656 1150 2327 
f 4872 3936 4811 
f 5224 10797 1775 
f 12213 1560 9361 
f 2910 915 5115 
f 5692 3751 1789 
f 8240 12193 11191 
f 12476 5152 5124 
f 9625 4749 5630 
f 9543 1927 5002 
f 8133 4597 2822 
f 1923 5410 5196 
f 4778 3822 4131 
f 2915 3538 3547 
f 978 4335 1096 
f 12059 9920 3838 
f 4875 10168 11740 
f 12 10713 2441 
f 4225 4221 3624 
f 5172 6206 10540 
f 9582 7610 3921 
f 1297 2782 65 
f 9862 9967 885 
f 9219 1692 5016 
f 4297 535 4861 
f 4825 5809 2466 
f 8498 8225 10003 
f 12263 10456 8790 
f 4978 972 3710 
f 2649 1686 10635 
f 4131 5752 4299 
f 2524 4452 11629 
f 3112 8259 8209 
f 8013 8069 10086 
f 8050 8616 8620 
f 11962 8438 9058 
f 9579 12234 11023 
f 3904 2423 4625 
f 5395 2825 9214 
f 4355 1983 5372 
f 8038 4619 6507 
f 10980 6072 10260 
f 4317 5110 4660 
f 2763 2420 2431 
f 8472 7899 12361 
f 3580 9896 3457 
f 11055 3261 11847 
f 77 7227 4273 
f 11406 11394 1635 
f 4333 4376 7832 
f 7843 5547 8028 
f 10893 6790 4559 
f 6379 2747 5055 
f 2691 5359 6311 
f 11010 11922 8095 
f 7687 6296 4507 
f 6046 8987 3021 
f 7296 3007 7893 
f 8786 9859 10292 
f 1481 10010 4272 
f 9900 6717 9145 
f 8048 540 5308 
f 8934 2833 3929 
f 8080 2145 2662 
f 5715 9073 7746 
f 2103 5961 7133 
f 2609 3215 3196 
f 9478 6779 10171 
f 925 767 809 
f 6109 3705 727 
f 1383 1281 1502 
f 8715 11737 10920 
f 880 6318 6460 
f 5822 11883 467 
f 3766 6295 11019 
f 1817 3010 5511 
f 9600 8274 4595 
f 7980 9522 6860 
f 2569 2530 835 
f 10080 8978 567 
f 6898 9753 7027 
f 9760 12231 406 
f 6358 4610 3006 
f 7478 1396 10692 
f 7980 6983 4315 
f 6422 9622 6385 
f 7927 933 11160 
f 9794 439 9070 
f 4702 2473 10342 
f 6358 10811 4509 
f 6221 4674 4538 
f 5859 6708 11527 
f 1137 3083 6493 
f 5774 2830 6800 
f 10843 10109 10124 
f 10811 615 4509 
f 8905 5237 6910 
f 1490 1978 7168 
f 7792 3194 5240 
f 2145 8080 2608 
f 4676 4670 6402 
f 615 5216 4509 
f 10762 10760 6562 
f 11361 5350 2261 
f 3670 7320 999 
f 9952 5168 4924 
f 176 499 357 
f 3161 4538 4445 
f 2885 3521 4673 
f 642 1072 3122 
f 3619 12474 5829 
f 2661 11993 3111 
f 4081 9885 3532 
f 994 5288 9304 
f 12379 6865 4850 
f 2433 1019 6117 
f 9040 3331 7333 
f 3201 4630 6359 
f 9503 4116 2776 
f 6080 12085 4312 
f 11376 8044 2800 
f 7410 6772 10199 
f 8713 3087 3038 
f 3669 8078 12108 
f 5359 3123 6311 
f 1595 174 11208 
f 3434 11485 12270 
f 6455 11607 290 
f 5504 5264 5042 
f 5818 7819 6688 
f 6187 7324 6386 
f 10940 9379 10715 
f 6555 12338 10430 
f 1397 11976 7491 
f 11855 8264 4143 
f 5598 10973 10883 
f 5928 5810 8569 
f 10227 1340 5943 
f 3110 7865 11649 
f 1062 6253 3881 
f 7781 1950 6513 
f 4178 7208 6607 
f 3083 10762 6493 
f 8743 10345 8157 
f 7754 4056 6717 
f 7745 5526 6743 
f 4029 3977 8475 
f 6266 6502 6066 
f 10720 3879 1629 
f 2976 4388 2946 
f 7479 6953 7481 
f 4097 9748 3484 
f 4625 7193 6735 
f 1881 3431 2132 
f 8508 296 1837 
f 7576 11955 8428 
f 3774 12362 10213 
f 10636 5420 19 
f 2411 3373 3482 
f 6233 5381 10187 
f 376 5231 10511 
f 4559 1465 5109 
f 7949 8228 7954 
f 10213 8471 3774 
f 5162 4233 4274 
f 5936 150 10261 
f 10203 12305 10042 
f 11898 11794 6505 
f 5353 5532 11487 
f 3916 4069 10399 
f 3545 1919 7879 
f 11285 903 8442 
f 9403 3695 3646 
f 10958 6408 4661 
f 111 223 64 
f 360 3207 10809 
f 425 10962 10981 
f 12313 14 3676 
f 11643 5375 2274 
f 12313 3676 7022 
f 4639 6660 2007 
f 5050 1708 6100 
f 4781 946 12079 
f 6477 6415 4023 
f 4528 895 7164 
f 373 2018 10154 
f 10613 11569 11077 
f 2952 2431 2771 
f 5381 5151 10187 
f 12313 7022 3543 
f 2576 2937 2573 
f 2346 11894 10356 
f 5993 3403 540 
f 8538 7691 4074 
f 5709 276 2438 
f 5070 1040 170 
f 2765 1309 9004 
f 8224 8990 3723 
f 3263 4557 3816 
f 825 1100 820 
f 9822 5941 10851 
f 7985 11013 8049 
f 1189 9708 8501 
f 5673 1763 3146 
f 10307 7806 7540 
f 4983 606 5514 
f 441 11996 7148 
f 2958 7604 9234 
f 1214 2111 8689 
f 6607 10791 1879 
f 7467 7734 6718 
f 2363 3729 9946 
f 9951 469 5471 
f 12477 2370 9725 
f 6088 3580 39 
f 5793 11911 10967 
f 8556 1469 5453 
f 3598 3162 3597 
f 2602 6398 12033 
f 5947 429 8777 
f 10542 665 9423 
f 9717 6962 3915 
f 1237 3283 9004 
f 988 3533 7850 
f 202 8638 6328 
f 271 4706 435 
f 1657 9729 7622 
f 3403 5993 5849 
f 11712 5773 1202 
f 7330 10066 7294 
f 7667 10538 3286 
f 2415 3011 3052 
f 7376 6891 6658 
f 3570 3819 587 
f 8348 1313 12010 
f 8888 2020 429 
f 3312 8205 5662 
f 12373 12080 8494 
f 754 1676 6485 
f 8039 11293 8255 
f 10819 11548 9740 
f 9555 7184 6146 
f 10964 11257 4125 
f 6368 6162 5090 
f 5406 9061 11691 
f 1766 1402 2309 
f 2043 2033 3510 
f 11171 11564 11174 
f 1687 7994 9171 
f 9706 11428 7906 
f 11081 10729 11859 
f 12120 6281 4907 
f 1206 1217 1220 
f 9233 239 2971 
f 2857 3260 4874 
f 4082 2543 1191 
f 2127 2563 504 
f 8823 8840 10051 
f 5242 2683 1295 
f 8032 10263 11537 
f 2037 9217 9491 
f 5085 9836 10593 
f 3162 3150 3593 
f 3228 4236 9524 
f 6128 2956 3962 
f 2113 1483 8024 
f 2892 2382 2803 
f 11331 11699 11323 
f 2476 5744 7276 
f 459 7500 3043 
f 5898 3314 3177 
f 8189 8633 2924 
f 5544 8221 8708 
f 5354 6769 209 
f 506 8309 3248 
f 7736 5152 12476 
f 2704 11793 9066 
f 6800 10363 3878 
f 9309 5201 2197 
f 10791 9017 10872 
f 12141 8107 12468 
f 462 5041 5455 
f 8207 2744 8476 
f 1574 6116 11663 
f 3481 2666 3673 
f 4933 6034 6136 
f 9633 6497 10617 
f 3550 4520 6320 
f 8297 8266 285 
f 6866 8877 2725 
f 10056 8725 957 
f 3708 12166 2104 
f 2684 7933 2011 
f 2505 1095 8650 
f 7504 3659 9639 
f 2538 6866 2725 
f 8902 11481 2405 
f 6894 557 7052 
f 8650 447 760 
f 10236 7209 7276 
f 2445 2401 8112 
f 894 9292 8129 
f 12260 4547 10066 
f 11690 803 6971 
f 4812 2620 2435 
f 2505 760 2414 
f 5882 3040 2150 
f 2779 1959 5198 
f 6964 7487 7494 
f 3639 5355 11619 
f 6789 6349 6561 
f 7008 5179 3430 
f 2369 5612 2538 
f 3899 6457 8751 
f 9969 11598 10144 
f 760 4205 2414 
f 1318 8417 12137 
f 8949 1196 2588 
f 1294 3138 166 
f 3892 8190 9088 
f 3018 346 5720 
f 12452 2454 9969 
f 2698 172 1572 
f 2724 913 455 
f 543 4233 3835 
f 7832 1599 11762 
f 8264 11855 7110 
f 10944 2566 7129 
f 6995 6906 6947 
f 6350 1733 8916 
f 3366 7712 10580 
f 2812 3306 4653 
f 1449 2109 8474 
f 9682 11109 10406 
f 444 6234 11446 
f 3745 8867 3973 
f 2190 6375 7140 
f 10601 6770 6318 
f 6112 10963 8360 
f 1688 8380 11420 
f 4812 496 11068 
f 8203 1589 6027 
f 1562 1831 6920 
f 5791 7753 7262 
f 2044 2156 11724 
f 3078 10932 10684 
f 3107 10509 3089 
f 5409 5816 6031 
f 653 249 243 
f 7038 7037 7303 
f 6043 3468 3927 
f 11220 9760 9880 
f 1951 1957 6297 
f 2383 3303 2537 
f 7529 1957 6099 
f 122 1897 9480 
f 8280 6682 11193 
f 10549 11244 12065 
f 1339 1444 1330 
f 7584 7475 8828 
f 3255 7752 7583 
f 5624 3326 5587 
f 1183 1975 11611 
f 9359 5131 8061 
f 11691 2353 4133 
f 9998 9044 11100 
f 8230 5977 6297 
f 9680 9089 9682 
f 4996 6339 2372 
f 245 3716 2739 
f 9546 9240 8968 
f 1975 1943 12195 
f 4797 309 2643 
f 4908 10069 10009 
f 9052 11502 8530 
f 2411 11703 3233 
f 9500 284 182 
f 7245 6124 3371 
f 9018 1223 11857 
f 7533 4207 7901 
f 732 12296 8613 
f 10050 11530 11127 
f 5966 1862 2044 
f 3463 8590 6778 
f 9706 7791 1935 
f 8111 1181 4728 
f 2044 245 5966 
f 1194 9677 4102 
f 9385 9093 8509 
f 2461 11842 10650 
f 4223 5003 4575 
f 6052 11648 9131 
f 6999 6784 7267 
f 5602 5575 9876 
f 5654 10858 750 
f 9321 10728 9983 
f 12382 4240 723 
f 2739 5966 245 
f 3255 8376 5009 
f 4759 5449 4551 
f 10326 747 11701 
f 10356 2402 190 
f 8660 10600 5891 
f 5946 6231 11069 
f 11501 12277 11032 
f 1590 5966 2739 
f 10510 8456 12070 
f 5284 6736 4377 
f 5130 5175 5231 
f 8171 2445 5496 
f 4752 4551 5449 
f 9672 2739 1056 
f 9451 1537 10657 
f 2985 3186 2997 
f 7546 4111 1545 
f 1626 1818 4466 
f 479 2993 7554 
f 12394 6173 9791 
f 950 3748 11857 
f 1961 1598 7269 
f 7742 2739 9672 
f 11805 6965 1328 
f 4814 5278 4608 
f 8862 7778 2388 
f 11366 11340 7210 
f 1362 3671 1735 
f 2324 2177 2668 
f 1626 6282 12016 
f 12302 8428 11955 
f 9937 11044 11431 
f 7201 1551 5561 
f 8994 1116 7123 
f 5928 880 11479 
f 971 7816 6145 
f 3046 9699 12091 
f 2726 8447 3527 
f 833 841 11674 
f 1590 7742 1478 
f 1922 1073 1031 
f 1286 4347 6745 
f 4688 1143 8087 
f 3985 11367 7265 
f 8565 3073 3630 
f 9267 9574 10672 
f 1006 7332 4154 
f 6562 6493 10762 
f 2267 8969 11563 
f 1926 7229 6119 
f 115 10161 4595 
f 5128 8546 2822 
f 11450 6159 5088 
f 2394 11459 4384 
f 9009 3848 981 
f 9157 4747 2888 
f 8398 3 11735 
f 5873 6527 8755 
f 3386 12148 3231 
f 2531 11200 744 
f 5691 330 5442 
f 5364 5321 3170 
f 3462 10933 5644 
f 2756 3864 337 
f 12373 12382 4864 
f 1411 12465 1247 
f 7750 8675 9179 
f 5197 2837 8180 
f 7301 8102 9798 
f 3568 11586 10113 
f 5249 623 8367 
f 3896 7845 9349 
f 5986 2882 3804 
f 12465 1108 1247 
f 9095 5249 9349 
f 6828 4548 8282 
f 990 9601 1538 
f 12342 12136 5761 
f 6214 361 309 
f 11664 817 2266 
f 8235 1249 8768 
f 921 9977 3307 
f 10345 11847 10351 
f 5423 4281 9426 
f 7092 2909 9903 
f 2172 12155 3148 
f 9056 10129 12183 
f 2268 3604 1754 
f 10220 12101 9019 
f 12189 7846 3433 
f 12060 12472 12463 
f 7698 9103 5001 
f 1507 10513 10298 
f 3340 3088 11890 
f 1130 10822 8623 
f 5288 6936 5961 
f 1445 4196 8982 
f 3951 8793 7917 
f 10716 3657 10519 
f 11727 6739 675 
f 10716 1034 9121 
f 1074 11665 5420 
f 6418 11700 225 
f 12459 4011 2049 
f 6685 6919 5831 
f 7839 749 7024 
f 10066 7330 12260 
f 552 2479 1799 
f 8001 9384 9130 
f 7143 9867 12492 
f 891 964 10519 
f 7071 11198 12143 
f 12400 1031 8072 
f 1346 2533 2509 
f 1257 7956 1260 
f 7517 6767 7521 
f 5519 5995 10724 
f 5754 2745 5280 
f 6793 2738 1396 
f 10122 5554 7020 
f 980 1135 616 
f 6845 3668 8072 
f 1503 2860 7356 
f 8523 3752 3800 
f 1034 1091 9121 
f 10093 605 391 
f 6098 6119 1210 
f 186 3132 7552 
f 9121 1091 4442 
f 6521 12475 398 
f 10216 11301 2231 
f 5608 4571 11275 
f 730 3058 5479 
f 3322 5172 5219 
f 9327 1107 9264 
f 3643 12407 2393 
f 8169 9700 11872 
f 753 4119 2833 
f 9079 7484 228 
f 6496 6945 6718 
f 5774 3477 2830 
f 7189 10915 6461 
f 7170 4116 446 
f 9705 8255 11312 
f 1018 11166 1104 
f 9810 7697 2953 
f 6271 6055 6044 
f 7369 8473 10663 
f 6982 9570 2093 
f 521 839 660 
f 416 10390 5667 
f 3444 9809 6611 
f 369 4034 9752 
f 7579 660 839 
f 6175 8872 1166 
f 808 1079 1291 
f 1036 4620 9503 
f 5232 7192 1300 
f 11971 9019 8124 
f 715 7310 3011 
f 7364 785 51 
f 10223 9916 1230 
f 2088 2104 2067 
f 8496 9114 5746 
f 1865 1314 2094 
f 9925 7633 10769 
f 6042 4010 8372 
f 5840 2746 9975 
f 4590 625 9102 
f 10404 11763 6764 
f 3217 11333 7829 
f 521 9925 194 
f 7158 8221 5544 
f 7500 232 1151 
f 1383 1717 1378 
f 364 4116 2592 
f 2023 11939 6448 
f 10728 11079 11100 
f 2384 867 5877 
f 364 2592 136 
f 5493 9139 9840 
f 12223 6049 9051 
f 7243 5412 8757 
f 9340 999 7320 
f 7070 2541 4310 
f 2631 10965 2791 
f 3608 6074 4968 
f 8875 136 2592 
f 9090 10628 1714 
f 9863 8412 1808 
f 6313 1434 6217 
f 3275 2000 10625 
f 8350 9491 8351 
f 9589 9290 9282 
f 5802 12180 475 
f 10777 10383 4871 
f 314 5313 5778 
f 3806 4033 7997 
f 5925 6135 8944 
f 5902 2580 8296 
f 6979 7642 1132 
f 12123 6438 10741 
f 1890 10404 5760 
f 8438 11962 7273 
f 2288 10803 4210 
f 10003 8225 10020 
f 1792 10980 6864 
f 2578 1118 3094 
f 2638 2471 2478 
f 2519 10534 3963 
f 7379 12321 5789 
f 6296 10502 7217 
f 9544 90 3076 
f 4630 11742 5552 
f 101 4644 8377 
f 12198 4893 7420 
f 7764 2485 5920 
f 2168 729 3378 
f 11596 4870 4262 
f 7511 9549 9213 
f 715 425 10089 
f 492 10102 1557 
f 1763 1656 3146 
f 11484 11102 12312 
f 10381 5946 7120 
f 10022 4171 8905 
f 10283 5802 1557 
f 1277 798 636 
f 247 5435 10473 
f 12345 1844 822 
f 10176 365 9452 
f 11873 10748 11084 
f 11363 8405 11348 
f 5166 921 10908 
f 4748 11221 10636 
f 2600 4010 6042 
f 7067 1659 12119 
f 8936 8527 12052 
f 6702 4548 6828 
f 3291 2406 10760 
f 11172 11221 4748 
f 5692 3134 3762 
f 11370 11065 8709 
f 4550 807 9329 
f 8463 2063 5750 
f 8875 659 3141 
f 7240 1823 8670 
f 11153 10459 11704 
f 9329 807 5357 
f 4222 6387 8980 
f 9731 9691 6062 
f 4047 2356 6176 
f 11592 453 6345 
f 9259 8699 8127 
f 12184 11774 11396 
f 1804 1581 1790 
f 7603 6914 3779 
f 5929 3035 11445 
f 4996 2372 1515 
f 1461 5685 5924 
f 513 2032 8032 
f 1022 7345 12269 
f 10426 6616 516 
f 2813 5484 5569 
f 6273 5842 5650 
f 8333 227 6568 
f 1938 1948 240 
f 505 510 223 
f 3179 10676 10501 
f 4443 7886 4479 
f 10755 8875 19 
f 4360 6088 11073 
f 11031 7615 8492 
f 1842 3149 11831 
f 10252 1069 5049 
f 11525 5843 6095 
f 255 316 5599 
f 2499 1529 9263 
f 1058 937 858 
f 1670 5255 5072 
f 957 5754 11086 
f 11578 2819 5652 
f 1530 9129 8874 
f 11689 327 7561 
f 10740 6872 9392 
f 10187 3458 3268 
f 9270 10221 11606 
f 1196 8949 10125 
f 1791 11867 4424 
f 8753 8168 8157 
f 9458 4915 11460 
f 10789 444 6435 
f 7872 1798 5277 
f 11528 1123 8956 
f 4830 2078 2774 
f 4586 9270 11606 
f 9698 4845 9353 
f 5942 2588 1196 
f 3836 4851 8956 
f 6458 4035 6582 
f 10615 9870 9868 
f 7706 11101 9473 
f 2412 1642 1748 
f 4008 6392 7554 
f 5667 10390 10132 
f 7231 2074 6969 
f 8240 6669 12193 
f 7541 6347 7260 
f 4561 12414 7636 
f 7587 6542 5217 
f 7716 7569 1398 
f 10899 12383 12167 
f 11504 12350 11118 
f 11994 4046 4458 
f 4046 1196 4458 
f 7156 4823 5191 
f 8411 6897 421 
f 11386 396 339 
f 5440 5855 5431 
f 1719 2221 2053 
f 2602 12033 11161 
f 425 3378 6954 
f 5024 1080 7436 
f 91 4212 6071 
f 7103 6973 261 
f 3877 6118 3962 
f 6117 5276 2433 
f 9922 2473 4177 
f 6974 1792 3221 
f 7341 11103 4682 
f 573 6381 351 
f 1712 8468 10661 
f 3551 8138 1248 
f 6880 2918 8379 
f 547 9444 8651 
f 11097 5112 4148 
f 7254 6990 8952 
f 1248 476 4835 
f 1565 8731 9789 
f 7852 4658 9809 
f 2202 10208 9804 
f 4109 2597 9804 
f 3490 5188 9575 
f 2075 1945 2068 
f 5217 5934 8385 
f 10108 3074 811 
f 7398 2309 2675 
f 4628 1189 8269 
f 1443 881 8266 
f 4814 4808 5043 
f 6503 9804 10208 
f 11023 9895 10667 
f 3976 12430 4834 
f 8397 5777 3421 
f 577 10722 8335 
f 12001 9768 8531 
f 8531 1916 5070 
f 5070 1916 3551 
f 8237 7937 7941 
f 7675 134 10517 
f 7679 947 10563 
f 3923 758 9799 
f 11820 4333 4289 
f 7263 7922 7520 
f 10241 5804 9698 
f 9987 4963 8978 
f 8738 9052 8530 
f 9858 9504 10239 
f 4148 5112 91 
f 8618 8312 7223 
f 2155 883 4145 
f 8813 436 12411 
f 6056 12071 10432 
f 3233 3200 12114 
f 5957 9010 10197 
f 12360 5521 12207 
f 6092 7354 2867 
f 6603 5038 6997 
f 4670 4676 4288 
f 725 223 798 
f 12407 2091 702 
f 5696 2325 8829 
f 4082 1191 4178 
f 8272 12182 10359 
f 12448 4824 2859 
f 3368 7945 1404 
f 158 8762 4517 
f 4857 3374 894 
f 4778 4299 6549 
f 11823 3796 9769 
f 10757 3263 2845 
f 10757 11104 3263 
f 1638 4728 4932 
f 1497 3258 8729 
f 2508 5401 9255 
f 12087 9817 3287 
f 12113 9452 10524 
f 7383 4855 5407 
f 9070 7449 9794 
f 11213 2294 5563 
f 79 5102 8317 
f 9195 9197 10163 
f 8155 4444 8975 
f 4284 7981 8318 
f 5542 5309 4574 
f 10133 10127 10115 
f 9354 11089 4142 
f 9391 11089 9354 
f 5326 10828 6073 
f 6311 6095 2691 
f 9796 9780 526 
f 8188 5998 997 
f 3087 8713 2700 
f 9757 12495 12427 
f 10531 11469 5143 
f 5699 7241 5268 
f 4930 3949 4496 
f 3161 4293 12293 
f 6405 12197 7217 
f 1891 2003 2672 
f 8271 9070 7602 
f 7082 6734 9923 
f 34 109 82 
f 5327 3174 5967 
f 4123 12460 8399 
f 2096 598 667 
f 311 3928 4417 
f 402 5059 11357 
f 5860 6214 456 
f 923 11575 2961 
f 7447 12244 4654 
f 637 11161 4421 
f 4676 5788 5366 
f 6228 10870 4392 
f 10643 4130 6111 
f 7098 10271 4440 
f 6635 7629 7085 
f 7094 7352 6646 
f 9425 10468 10470 
f 5041 5319 5316 
f 12020 741 801 
f 8710 1689 6593 
f 1110 7732 11095 
f 9856 9367 2754 
f 6907 1097 1205 
f 11501 12260 12277 
f 9002 12200 2282 
f 9738 8869 9425 
f 6099 4638 6282 
f 10610 10420 6907 
f 10420 9057 2710 
f 9666 6195 4921 
f 5487 5471 9812 
f 7063 1995 6974 
f 7727 6969 6 
f 4302 4658 1698 
f 6598 4964 260 
f 8873 11444 11455 
f 9576 1987 6723 
f 4488 4602 387 
f 10355 5599 4842 
f 5084 8873 6541 
f 10193 11263 10535 
f 5979 12148 3399 
f 4701 11647 5903 
f 10834 3452 10548 
f 4299 5752 10095 
f 11777 6060 8708 
f 6829 6386 7038 
f 8542 9163 4352 
f 4588 1940 2597 
f 3956 7858 11570 
f 12005 6350 8916 
f 11170 10757 2845 
f 9122 8179 6824 
f 8943 12241 8459 
f 5421 3960 8197 
f 1656 1763 4988 
f 11005 11364 12446 
f 2698 10976 172 
f 10524 9452 10961 
f 9674 5002 10475 
f 11083 11050 6114 
f 4016 2105 395 
f 7796 11223 3048 
f 8327 3948 4090 
f 12176 11908 3285 
f 8906 4684 11179 
f 2219 7160 4896 
f 9471 9394 10856 
f 9765 8046 11214 
f 7172 1608 2975 
f 8024 8966 12099 
f 4730 147 4681 
f 9926 12331 2854 
f 681 10985 2617 
f 8303 12430 2687 
f 7064 6403 7614 
f 2967 6838 3698 
f 6057 5912 6228 
f 246 962 1169 
f 7531 8845 3100 
f 1743 8118 11904 
f 7289 2648 5337 
f 10871 11769 5975 
f 10704 11447 10329 
f 4173 8045 3556 
f 8922 3591 8887 
f 2260 2263 2081 
f 12462 3595 7387 
f 9309 1937 5201 
f 1547 7373 1447 
f 11222 9782 10117 
f 11975 2619 3591 
f 8304 9774 10278 
f 7447 6828 8282 
f 10655 9918 6975 
f 4320 7050 9560 
f 3446 10498 8705 
f 11515 1485 5047 
f 4802 5306 10054 
f 1656 11678 4977 
f 5343 9898 9350 
f 10077 2635 1459 
f 8355 8354 8351 
f 1891 2672 1989 
f 11979 2134 5792 
f 7581 7314 7043 
f 8402 8388 8986 
f 9763 8814 10585 
f 712 7251 909 
f 6856 5781 3012 
f 2547 2061 2053 
f 8685 12213 10347 
f 256 11849 4393 
f 1035 905 1312 
f 1685 8393 10732 
f 8367 1021 6053 
f 8061 12036 7911 
f 9192 8630 9465 
f 1238 6149 9968 
f 958 12352 2072 
f 9954 10699 11061 
f 6594 7041 7859 
f 1074 2653 892 
f 4459 11670 12076 
f 2938 4494 9085 
f 10251 6768 6846 
f 7073 4422 9315 
f 3984 6224 12464 
f 6696 6452 6239 
f 1751 8472 12361 
f 5187 11020 551 
f 5337 746 6596 
f 11773 7631 12039 
f 2900 9872 1303 
f 3483 5080 10107 
f 4650 717 5061 
f 1484 11003 2503 
f 11898 1578 4091 
f 5337 6596 10649 
f 6268 6213 6901 
f 10443 2292 4453 
f 8009 732 4966 
f 3694 3140 5474 
f 3118 6366 9820 
f 12073 11072 1349 
f 9999 4773 1350 
f 8683 252 1800 
f 6299 572 8681 
f 8717 9282 8427 
f 7629 7100 7640 
f 6086 8012 2818 
f 3035 11356 11445 
f 6401 5607 5142 
f 4519 8371 410 
f 3751 2105 7340 
f 7439 30 94 
f 7299 4082 4178 
f 10184 6429 5346 
f 12241 11052 10696 
f 12030 7717 12219 
f 5093 2822 4597 
f 9536 10886 8945 
f 10740 4100 37 
f 5664 9539 5173 
f 10288 10285 9257 
f 4419 7507 10310 
f 10955 3926 4325 
f 1978 4519 410 
f 9564 4021 1160 
f 10538 8280 2285 
f 11107 10024 3741 
f 9378 6749 6914 
f 4077 10577 10043 
f 5363 12464 354 
f 5158 2254 4777 
f 212 12079 946 
f 11091 9747 11002 
f 6052 6480 10198 
f 2001 10181 9758 
f 10043 5022 3741 
f 9165 10745 4881 
f 3786 2477 634 
f 5627 3436 7153 
f 9803 6466 7710 
f 1169 9132 246 
f 6017 6142 216 
f 11497 3934 141 
f 7873 5031 5964 
f 723 4240 10206 
f 3910 10353 10605 
f 1956 5668 9915 
f 3671 1362 7894 
f 2993 4008 7554 
f 11639 11705 1108 
f 4245 2788 4097 
f 1939 1389 3967 
f 640 10882 295 
f 6865 544 4006 
f 11305 11324 7400 
f 3406 10927 8166 
f 964 844 11423 
f 1486 7084 4749 
f 7520 12153 6692 
f 4488 3894 7505 
f 2179 2342 2511 
f 7263 7520 6692 
f 2130 11324 6141 
f 8646 185 42 
f 5592 4446 9599 
f 8837 4431 5751 
f 7329 1423 440 
f 10196 6596 4553 
f 7187 2129 5210 
f 6910 11007 1546 
f 4783 5870 8408 
f 2784 7378 12328 
f 1894 12074 6409 
f 984 4830 6334 
f 6764 10479 6035 
f 11130 9923 3383 
f 3967 4155 17 
f 11390 12240 7201 
f 8773 7627 7887 
f 6038 5272 10840 
f 7723 4671 3578 
f 4993 9832 6408 
f 822 2417 9697 
f 8261 7490 2302 
f 3892 9088 41 
f 3798 3507 10417 
f 4940 599 4327 
f 10705 6013 1729 
f 12131 7760 12010 
f 7796 3704 6686 
f 2511 2525 2201 
f 11179 4684 4896 
f 11612 3689 1294 
f 4013 10417 7884 
f 10427 7672 3505 
f 9405 7990 9399 
f 10135 5031 10069 
f 2829 892 6554 
f 6740 7009 9424 
f 11631 8207 8476 
f 5062 6498 12179 
f 1463 4140 9457 
f 2187 3906 4668 
f 11783 10431 4338 
f 10120 7497 11014 
f 4982 2207 6723 
f 6902 11090 1664 
f 12084 3849 3725 
f 5029 12270 11485 
f 8782 9067 9657 
f 8698 7840 3366 
f 2840 7705 7712 
f 1280 9184 11182 
f 3507 3798 9722 
f 7931 11039 7895 
f 11289 2643 5263 
f 8739 7904 5348 
f 8698 3366 11151 
f 3675 2712 5064 
f 3507 9722 7895 
f 11419 5247 12410 
f 4520 1464 907 
f 5344 8646 8256 
f 5545 5632 240 
f 7341 6961 8659 
f 9525 6841 7630 
f 8564 3981 10922 
f 4163 10580 2283 
f 6386 6177 5762 
f 8063 2873 5308 
f 6026 7894 10400 
f 255 3905 12021 
f 10571 11039 12090 
f 6044 6066 6271 
f 11018 11019 2178 
f 5856 2419 12202 
f 5150 12056 9497 
f 3022 10600 10697 
f 1190 11555 8529 
f 7762 8050 7508 
f 1684 7301 5653 
f 6159 976 12398 
f 1786 1995 5687 
f 12020 10309 11721 
f 7598 2703 2682 
f 4099 142 10031 
f 8109 6209 4904 
f 2686 5283 9378 
f 3748 11959 11265 
f 7774 10418 5911 
f 5036 5909 6201 
f 10514 5262 2680 
f 9525 12090 7450 
f 8785 9525 7450 
f 12484 211 5685 
f 1054 5652 8181 
f 570 6428 362 
f 1171 6981 9184 
f 1206 1209 1323 
f 3890 2327 3422 
f 5935 5127 7768 
f 9409 4576 11185 
f 8321 8744 6283 
f 9420 12453 11691 
f 9561 2363 9946 
f 10080 7025 11552 
f 9477 10647 1242 
f 9430 2191 3608 
f 1701 10707 7959 
f 7566 709 1563 
f 6344 7233 1983 
f 829 1762 889 
f 9331 1861 1050 
f 3223 2033 10057 
f 7990 9414 7993 
f 6610 6832 6831 
f 11067 5265 9805 
f 4392 11704 6057 
f 8804 9838 7171 
f 8622 3701 2764 
f 62 7135 11948 
f 9114 9797 5746 
f 4379 4554 9235 
f 9394 5106 10856 
f 6629 5776 4898 
f 6206 5172 1660 
f 7368 12219 12181 
f 4003 4574 5309 
f 3068 384 6389 
f 9519 11267 4807 
f 7293 7031 7838 
f 2286 8990 10974 
f 6597 12204 10458 
f 2778 5062 8803 
f 3802 4193 4985 
f 9408 2593 7386 
f 11601 7725 1718 
f 2789 2609 3196 
f 2837 5248 8495 
f 12403 1134 6848 
f 11458 5299 3115 
f 5626 190 12279 
f 1483 8679 3463 
f 2066 3175 5468 
f 2593 6817 4444 
f 7938 20 3588 
f 12118 6472 6652 
f 5068 6878 8341 
f 6008 6863 5374 
f 11090 6902 10366 
f 2477 10806 7928 
f 1368 11958 5121 
f 3035 5815 11356 
f 3369 2941 8232 
f 7878 8433 7613 
f 5666 9350 5200 
f 11976 6206 1672 
f 8880 2681 3272 
f 914 8418 5875 
f 1510 3466 11869 
f 11201 9475 9030 
f 10309 3387 6010 
f 8359 8952 6990 
f 1982 1571 1966 
f 1120 4102 9677 
f 652 2936 9079 
f 10114 9745 9436 
f 7669 8514 7979 
f 843 541 196 
f 9467 596 8889 
f 2022 2009 2887 
f 4755 8167 2735 
f 8003 12172 4530 
f 7001 3606 12218 
f 1444 1339 1354 
f 12365 6571 4993 
f 9495 10253 10173 
f 10786 3871 3868 
f 1484 9706 1935 
f 2415 6716 3011 
f 7464 7783 8117 
f 9050 12480 6258 
f 3649 1588 2436 
f 7467 6945 7479 
f 5275 11153 2256 
f 1761 8948 8725 
f 727 6544 6109 
f 5181 1233 9816 
f 4049 3627 4224 
f 1778 11691 9061 
f 3490 10929 5188 
f 5200 9350 4593 
f 12310 12452 2156 
f 7734 8605 8595 
f 244 5901 10543 
f 4925 12032 2974 
f 6826 965 11583 
f 3281 6764 11763 
f 2327 827 5656 
f 11154 6788 8544 
f 7717 6021 5846 
f 841 904 5492 
f 7651 3520 10384 
f 6126 12170 215 
f 12272 12170 6126 
f 6085 9669 8548 
f 2374 1996 5669 
f 9928 12178 6208 
f 1234 10922 1366 
f 6696 7165 7157 
f 5591 7475 10287 
f 12166 7948 2133 
f 4735 1621 10783 
f 3986 3171 3802 
f 5846 10533 8071 
f 445 11460 7513 
f 11351 6164 351 
f 7831 7302 8105 
f 3548 5616 2530 
f 2867 9084 6092 
f 783 331 348 
f 2442 10640 1559 
f 4349 5744 252 
f 3012 11200 2531 
f 6107 793 9848 
f 6492 8386 6028 
f 182 9636 113 
f 2778 8803 6791 
f 6329 9053 4841 
f 9937 9587 9590 
f 12238 6225 4022 
f 1753 2075 2081 
f 2626 9440 8314 
f 6679 3336 5686 
f 7138 8541 7559 
f 2282 5038 9947 
f 260 5151 11344 
f 3123 4005 6311 
f 8429 11358 339 
f 10696 10331 11040 
f 8026 6447 9180 
f 3313 1848 9554 
f 681 7686 8609 
f 8414 1890 3696 
f 11996 7459 8615 
f 8574 8266 11808 
f 4081 3532 4472 
f 8274 115 4595 
f 3587 11019 3409 
f 2754 9367 4662 
f 10483 7021 4314 
f 11776 11891 7588 
f 6094 3539 10211 
f 1068 1044 2371 
f 9466 6085 5136 
f 6850 3497 6695 
f 843 1456 1576 
f 4592 5334 7923 
f 9993 7981 11972 
f 5980 67 7431 
f 8057 6750 7228 
f 4447 921 3307 
f 2012 3111 953 
f 5123 7040 27 
f 4643 5075 5537 
f 6955 4190 291 
f 9212 1913 7445 
f 4227 10891 5742 
f 12395 11564 11982 
f 7291 12487 5089 
f 1451 3736 3895 
f 4463 2494 11033 
f 11934 2582 3316 
f 11353 3816 6211 
f 7200 4062 8900 
f 3539 2966 8557 
f 5569 4856 2813 
f 1517 7875 7044 
f 1528 970 11947 
f 5709 3278 5270 
f 6447 6322 766 
f 7093 3988 11098 
f 11529 8889 596 
f 10405 4607 9302 
f 3160 5352 6114 
f 10864 676 11320 
f 6332 10275 11303 
f 9630 9737 9561 
f 10833 11126 4364 
f 7338 1902 8850 
f 5352 7695 6012 
f 2155 4145 7927 
f 11637 6461 1552 
f 5352 6061 11083 
f 5597 1860 9011 
f 6567 6148 6357 
f 9111 2984 1331 
f 8092 10813 1 
f 9384 7995 7979 
f 1250 11344 7128 
f 4871 5898 10777 
f 9061 434 1152 
f 2792 6994 8227 
f 10941 4437 7659 
f 5906 4587 10250 
f 975 2274 5375 
f 584 917 9263 
f 2507 12 4115 
f 3523 3730 3096 
f 3825 10752 11314 
f 1752 1301 1756 
f 2374 5669 5573 
f 6888 8000 7603 
f 8550 8244 7968 
f 83 3342 11488 
f 4178 1191 7208 
f 7659 3750 10941 
f 8300 5961 3246 
f 2247 1243 7169 
f 7682 7299 4178 
f 1865 1661 1431 
f 10621 9262 974 
f 811 1602 12328 
f 4440 5502 12427 
f 11944 11935 2793 
f 8977 10908 921 
f 8235 8768 9419 
f 4561 4523 12414 
f 10662 9312 1731 
f 2370 10082 11349 
f 5534 4102 1120 
f 8825 8160 3261 
f 10064 7680 8836 
f 7253 9028 5485 
f 10261 5523 2162 
f 1237 5207 9207 
f 7381 8498 8490 
f 1255 1265 1378 
f 5280 11873 5754 
f 1665 12219 11774 
f 719 621 6125 
f 10206 6535 6499 
f 5696 10504 2325 
f 8359 8947 8952 
f 3733 11761 5410 
f 5782 6059 2274 
f 1974 487 522 
f 10611 10606 10984 
f 5641 4146 5417 
f 5712 7120 8927 
f 8225 10026 9365 
f 4527 4736 4174 
f 7394 7765 11541 
f 4165 4179 4152 
f 3047 2638 3245 
f 11472 10378 9765 
f 4824 5328 2859 
f 9518 12288 1927 
f 11229 3322 5219 
f 7256 5339 2302 
f 11731 8076 7033 
f 344 1580 10102 
f 1556 5545 11120 
f 8308 7749 6165 
f 11145 2222 758 
f 4788 4367 11581 
f 5636 10195 10605 
f 8645 7177 5218 
f 7850 3037 5120 
f 148 379 10823 
f 4084 12283 10357 
f 2835 10769 7633 
f 722 3520 7651 
f 4226 4405 496 
f 7087 12137 12034 
f 9151 2858 5425 
f 11517 12338 5663 
f 11949 11425 6111 
f 10276 7983 10282 
f 9572 9542 3400 
f 1370 3862 2970 
f 10357 12283 3165 
f 11163 12376 10843 
f 3103 7619 2803 
f 6891 7122 6886 
f 2675 257 1787 
f 1532 8898 10248 
f 4573 10720 1629 
f 1117 4872 4811 
f 11644 8973 9001 
f 5867 8252 7929 
f 6469 10123 2884 
f 8862 11680 7597 
f 7365 5342 6536 
f 11629 4452 10485 
f 4751 214 5239 
f 11699 5717 3166 
f 10563 4927 7679 
f 8516 2701 8953 
f 7555 11204 8227 
f 11305 7400 6729 
f 7821 10285 10288 
f 4927 9455 7679 
f 7897 874 1587 
f 330 10847 5442 
f 12116 4573 4927 
f 6100 4941 5050 
f 6232 6896 6230 
f 864 4690 9806 
f 11352 9165 3790 
f 2180 1072 473 
f 7462 1408 2467 
f 11363 5321 1027 
f 2241 2548 1160 
f 4872 4403 3936 
f 6275 5853 6055 
f 2241 1160 4079 
f 2177 2868 2668 
f 7764 11522 2485 
f 10540 6206 4787 
f 2741 1098 9038 
f 8971 7556 7563 
f 6407 11679 7077 
f 12274 4283 9080 
f 3152 12214 6637 
f 9433 1367 7998 
f 2057 8465 4334 
f 1595 7803 174 
f 2369 7285 948 
f 10545 3994 7926 
f 9530 10943 3189 
f 8760 11428 9109 
f 3751 7340 2790 
f 6977 1198 4279 
f 8548 9669 10151 
f 228 5678 9079 
f 7869 3250 1808 
f 3456 192 955 
f 1652 6926 524 
f 5122 1926 3294 
f 9753 6898 9316 
f 9317 1721 8277 
f 8485 7845 3896 
f 8117 7783 1078 
f 4694 8068 8336 
f 2028 8515 11380 
f 2448 3173 3598 
f 10738 6749 3432 
f 10425 5725 5108 
f 2150 1475 5027 
f 357 432 635 
f 3808 513 11537 
f 9044 9321 9983 
f 1117 4674 6221 
f 6577 7014 5948 
f 7544 7896 10225 
f 2266 2587 12327 
f 9125 5957 10197 
f 5665 3464 12343 
f 2267 11563 3832 
f 1461 3002 5685 
f 755 902 669 
f 3292 9531 10663 
f 5761 9263 1529 
f 11774 11011 11396 
f 10990 1541 191 
f 11458 5193 11984 
f 3673 2666 3049 
f 10435 7960 9083 
f 4435 2306 6245 
f 1219 10423 7117 
f 6622 5791 10711 
f 9420 3854 12159 
f 4705 10489 6049 
f 3161 4445 4293 
f 6315 6525 6746 
f 11960 2344 4960 
f 6215 7299 5216 
f 7316 2943 6862 
f 2357 3390 10042 
f 11946 8587 1501 
f 8373 9378 6914 
f 4488 6495 9123 
f 9517 10869 3423 
f 6220 6241 48 
f 6333 5828 3229 
f 6927 2453 2591 
f 12293 4293 7713 
f 8128 9445 2151 
f 7586 3987 5710 
f 11434 1143 11920 
f 7713 4293 3754 
f 5090 6162 5956 
f 7084 9758 2210 
f 8479 3045 4611 
f 162 4668 468 
f 5656 10759 4990 
f 9983 11100 9044 
f 3754 3398 1604 
f 4615 8462 11031 
f 4925 2721 9943 
f 4300 2680 5262 
f 114 6998 7343 
f 2206 2918 6880 
f 3457 1152 1005 
f 2609 2462 3215 
f 8132 6515 6356 
f 4882 3065 3479 
f 11269 335 2558 
f 9442 6654 6618 
f 9280 10311 10699 
f 3782 3888 9229 
f 9217 2037 10572 
f 4996 2659 6339 
f 8571 3729 4064 
f 1437 7657 9098 
f 6052 9110 6480 
f 9988 5317 10349 
f 9165 9507 10745 
f 84 8432 3592 
f 2666 2862 2173 
f 6310 3241 9628 
f 11445 7113 5941 
f 5017 3774 8471 
f 2735 2872 6836 
f 793 3868 10602 
f 2120 2116 2119 
f 3566 3893 11278 
f 3037 7850 12235 
f 7525 4419 8500 
f 12258 4024 1592 
f 1678 8070 6647 
f 2716 11555 10234 
f 6441 12270 9907 
f 8205 3312 192 
f 4932 4728 11520 
f 732 8613 4966 
f 3956 4651 7858 
f 2434 2771 2431 
f 11779 4550 12441 
f 11698 6730 11880 
f 8076 9459 8285 
f 158 2145 8762 
f 8903 11116 117 
f 6631 7080 6419 
f 5738 5501 5443 
f 10132 4317 10241 
f 7534 3518 934 
f 11995 9772 9899 
f 5743 940 10257 
f 11915 12171 1784 
f 2330 4007 5642 
f 11180 1921 5690 
f 3599 4394 8229 
f 7356 7151 10223 
f 9736 11178 1356 
f 8002 8869 7715 
f 1138 4659 3396 
f 1828 9860 8056 
f 2544 3032 6492 
f 4394 4718 8229 
f 9454 9462 9177 
f 5456 12120 7722 
f 4471 2694 4367 
f 1660 1673 1672 
f 4759 5460 5221 
f 9123 2097 9103 
f 6199 12081 3618 
f 9004 1309 420 
f 9470 11624 10174 
f 9128 10924 6431 
f 7816 7898 10328 
f 7696 744 4138 
f 1887 1886 1568 
f 12085 6080 11198 
f 10064 7963 7680 
f 4640 10529 2650 
f 6134 7527 6779 
f 9975 673 5160 
f 8950 8362 8955 
f 10885 4448 4795 
f 591 523 669 
f 816 9202 10854 
f 9939 6380 11970 
f 2995 8205 6128 
f 2995 5662 8205 
f 6067 6694 10225 
f 11962 5917 555 
f 751 11674 11294 
f 6308 6229 12041 
f 2799 2837 10297 
f 8219 8834 4208 
f 1957 7529 2243 
f 2478 1980 1674 
f 1280 8199 12201 
f 8777 429 3103 
f 703 11657 5133 
f 6628 397 11434 
f 10263 10764 11537 
f 3087 2575 4147 
f 9309 3582 8985 
f 10135 4908 4961 
f 11781 12077 9369 
f 2619 9988 10349 
f 10200 1054 11034 
f 6529 12059 3838 
f 3778 9912 5368 
f 6090 2957 6844 
f 2 6473 1445 
f 6348 8328 11981 
f 5416 11666 5787 
f 7958 75 2195 
f 3014 8689 3771 
f 1142 6715 4278 
f 4955 4744 5431 
f 8925 3103 6903 
f 3476 3339 5783 
f 1217 1466 1119 
f 8332 3223 3080 
f 1641 11700 8381 
f 1805 2780 5965 
f 6320 4520 4175 
f 2428 2449 7497 
f 3235 10326 277 
f 1095 2957 8033 
f 9876 9915 5602 
f 6731 1193 5012 
f 4150 496 4812 
f 10047 3622 4935 
f 5347 5319 5041 
f 10810 6992 11264 
f 8492 7615 9817 
f 6792 4324 12274 
f 2615 4267 2736 
f 4962 5500 2615 
f 6045 4004 2045 
f 899 757 1185 
f 8285 2311 7145 
f 3466 996 1116 
f 1848 3313 9845 
f 1767 8560 5275 
f 5953 10067 5415 
f 2271 766 9248 
f 6939 4019 1521 
f 6566 3823 10433 
f 10295 2729 4347 
f 11444 8873 12234 
f 7173 3403 5849 
f 4357 2189 11481 
f 6070 2275 1170 
f 6230 6896 7146 
f 2187 4726 3775 
f 1879 10791 1493 
f 8476 2620 5589 
f 2858 12090 9525 
f 5840 5820 6140 
f 2669 9222 5680 
f 854 780 847 
f 276 4821 2438 
f 9629 6389 7808 
f 8512 4842 2753 
f 5936 9445 79 
f 7529 5612 2243 
f 9287 9867 7143 
f 12160 2303 2311 
f 4616 10926 2538 
f 1661 1865 1964 
f 1722 11545 2090 
f 2454 5500 11598 
f 3043 3252 459 
f 11911 8201 11894 
f 4788 3437 6298 
f 11629 10485 11239 
f 988 7850 5120 
f 1480 8591 4981 
f 8592 9210 3605 
f 2719 8311 7768 
f 12212 10287 11662 
f 7637 8279 10776 
f 11598 9969 2454 
f 1203 2098 8364 
f 9706 1484 4614 
f 1913 7755 11524 
f 10000 8439 6317 
f 2437 9561 9737 
f 7212 4111 7857 
f 6155 9141 7951 
f 8124 9019 12101 
f 4361 836 3858 
f 7812 8366 7270 
f 12280 7972 4127 
f 4443 8271 7886 
f 4126 9862 1880 
f 827 3890 12072 
f 8647 6099 1910 
f 9290 9589 10331 
f 3412 9445 8128 
f 760 447 8592 
f 7232 10169 7514 
f 9210 3996 3605 
f 5503 5502 9815 
f 4205 8592 3605 
f 4968 9435 11881 
f 6404 5101 1755 
f 3390 4680 11654 
f 6282 1910 6099 
f 1866 5857 2248 
f 2057 4334 4641 
f 2428 11516 6678 
f 998 4175 3808 
f 11597 11584 12423 
f 9260 3170 11348 
f 10962 425 3011 
f 4582 9460 1813 
f 7149 2577 8357 
f 11724 245 2044 
f 11215 2565 9303 
f 5994 2966 6094 
f 9791 2526 12394 
f 11060 8982 10706 
f 3888 12339 4308 
f 2935 11881 5107 
f 11677 8561 7759 
f 5142 5399 4491 
f 7850 3533 9167 
f 10394 11475 2089 
f 11927 9254 4994 
f 6966 5710 1114 
f 1077 505 725 
f 1718 4984 11601 
f 2378 10221 11527 
f 2546 8559 4424 
f 8587 6194 3577 
f 2377 6632 3097 
f 1975 1183 5711 
f 7746 12117 11359 
f 23 5731 1727 
f 10218 486 5570 
f 7522 8190 3541 
f 9834 9712 4429 
f 4391 2482 1562 
f 1534 769 7986 
f 8079 12041 12498 
f 6604 7504 11332 
f 12319 312 9785 
f 7817 6740 9424 
f 1782 4144 9557 
f 11966 963 9122 
f 4376 6822 7832 
f 2751 6382 1634 
f 7756 9985 962 
f 6282 4466 1910 
f 4226 1598 1961 
f 9518 9543 1084 
f 9533 2325 10504 
f 5966 1590 1555 
f 8358 9134 7952 
f 8906 8915 8964 
f 3967 7093 11098 
f 4239 6197 711 
f 2594 3280 9224 
f 8177 11060 10350 
f 12015 6997 5038 
f 4958 4603 9206 
f 11246 9494 6933 
f 1590 2739 7742 
f 2411 8371 8029 
f 5228 700 1907 
f 12082 1455 5704 
f 9860 10553 6686 
f 6233 4073 5381 
f 10666 6250 11987 
f 9460 4582 8254 
f 12474 3083 6840 
f 4404 12192 96 
f 82 213 426 
f 10759 12366 12062 
f 12244 4548 2123 
f 607 9328 2514 
f 1435 592 9464 
f 2739 3716 1056 
f 7381 7134 8498 
f 9320 4572 11637 
f 616 694 980 
f 6462 10752 3397 
f 8959 9928 2870 
f 11808 545 1432 
f 573 9489 87 
f 11929 10423 9362 
f 872 9438 1882 
f 1938 240 1917 
f 4294 861 1499 
f 9522 7980 11762 
f 644 1630 6530 
f 6916 11579 4789 
f 4407 11150 8481 
f 4164 2560 5991 
f 8137 3439 11747 
f 11469 1197 5143 
f 8106 2358 4720 
f 11864 10086 8069 
f 1926 6098 10116 
f 10116 6098 12465 
f 4898 4895 4290 
f 1926 6119 6098 
f 3860 4408 3071 
f 2413 494 2660 
f 9393 8553 11746 
f 7912 7608 5137 
f 1012 759 11076 
f 9488 6309 8011 
f 817 11664 8801 
f 5193 10162 8551 
f 6086 7817 8012 
f 5979 3399 9803 
f 8428 12302 12033 
f 6584 10062 9929 
f 9458 6823 11713 
f 2463 2464 2618 
f 11581 5656 4990 
f 5124 146 11899 
f 6650 1822 5148 
f 2860 1503 7740 
f 7403 7652 7426 
f 9292 894 3374 
f 7092 9903 10519 
f 12055 2808 4107 
f 6273 6496 6718 
f 9749 10476 7594 
f 11356 5320 11445 
f 10691 5109 4829 
f 3982 3539 8557 
f 9903 2909 12115 
f 623 3940 12354 
f 9370 656 7579 
f 9470 10174 10007 
f 8615 8461 6299 
f 682 1039 837 
f 1808 12393 7869 
f 4091 3332 3325 
f 5235 10324 5571 
f 4944 3420 8284 
f 736 4050 656 
f 6109 6544 6908 
f 9555 6146 12309 
f 10519 9903 891 
f 6170 7310 7246 
f 11674 841 5492 
f 10935 10793 10926 
f 10408 10151 8868 
f 6243 4662 9367 
f 7797 8950 8359 
f 8299 10245 1990 
f 11613 10379 8555 
f 3419 8049 8561 
f 8270 8550 7967 
f 714 3719 11223 
f 4384 11223 12216 
f 2284 7225 6413 
f 2249 12186 12004 
f 2251 1008 7643 
f 5557 11745 1930 
f 5224 10730 1826 
f 11136 10807 11128 
f 5749 8153 12336 
f 11105 1196 10125 
f 675 9256 9600 
f 11454 12370 6422 
f 1574 11569 10374 
f 10829 8922 9360 
f 7610 9582 6379 
f 7918 8211 8204 
f 11764 4428 10871 
f 8970 5870 9921 
f 6245 2306 6305 
f 6922 6468 6031 
f 3377 802 4794 
f 1495 6792 12034 
f 3116 3555 11610 
f 2341 6329 4841 
f 8657 11244 10549 
f 2569 835 10284 
f 4973 9006 841 
f 2726 7789 7180 
f 9391 9354 9416 
f 6289 10211 3539 
f 11241 9920 9909 
f 12109 397 6628 
f 7246 11309 6170 
f 11769 9777 4879 
f 5895 1344 4474 
f 9605 8769 3856 
f 5962 4287 4727 
f 8882 4743 6279 
f 194 9925 8654 
f 7944 11049 2910 
f 9772 5962 11978 
f 9544 8755 9732 
f 11707 179 7394 
f 12250 4262 4870 
f 4822 2154 5127 
f 11347 10083 8653 
f 11648 7596 9131 
f 3534 8361 6878 
f 9142 9959 9719 
f 8654 140 8086 
f 6269 2168 261 
f 11683 449 12120 
f 983 8513 4888 
f 6954 10089 425 
f 1843 3608 7123 
f 10897 3749 6023 
f 7904 8739 1516 
f 10992 11921 9764 
f 12434 9889 4883 
f 5016 10709 9955 
f 3632 5800 6644 
f 6864 11526 1792 
f 10439 6092 4982 
f 8424 7156 6136 
f 4601 9088 8190 
f 6360 7005 6561 
f 7119 2554 8754 
f 8082 6359 3043 
f 2478 2471 1980 
f 123 1149 12489 
f 5728 9426 3635 
f 7182 11186 338 
f 5489 11176 700 
f 3328 6408 9832 
f 6614 11858 5071 
f 1781 8000 6888 
f 5166 2214 6290 
f 5389 3061 11681 
f 102 9762 7432 
f 10973 10495 5764 
f 2992 9744 7099 
f 4709 3378 729 
f 8330 7779 7508 
f 3993 4180 4750 
f 867 2384 4790 
f 12186 11317 7205 
f 6676 4377 6736 
f 10880 8424 11876 
f 9773 3832 5362 
f 177 6227 3114 
f 1572 8460 7720 
f 10539 5862 9827 
f 2685 7364 12494 
f 120 9617 6473 
f 10072 1453 9065 
f 2285 10501 10538 
f 11221 12386 11435 
f 1351 11961 7777 
f 11454 9057 2861 
f 5645 3201 4286 
f 2418 5556 11518 
f 235 1050 1597 
f 2649 2810 4072 
f 4073 6233 80 
f 11448 4401 3408 
f 10579 1420 5046 
f 7541 6346 6347 
f 12305 11888 8816 
f 2881 2474 2080 
f 11374 3762 1321 
f 11816 9970 10466 
f 3971 11001 4325 
f 11559 12374 5487 
f 8584 8267 7718 
f 7296 5218 3007 
f 10099 6715 8182 
f 2732 6688 556 
f 983 9336 4869 
f 4179 4195 8778 
f 2996 1094 1850 
f 10104 10185 6614 
f 8802 12243 3426 
f 3599 3879 4394 
f 9869 10005 4409 
f 2841 4148 9869 
f 7877 12307 4484 
f 7196 7474 7202 
f 3163 5775 3106 
f 5913 11411 5675 
f 10376 5049 1069 
f 5069 1120 9677 
f 10722 560 8335 
f 11621 1154 746 
f 10976 2698 7502 
f 10132 7339 472 
f 11143 12343 6600 
f 408 5903 10304 
f 7027 10236 7276 
f 1069 10252 4586 
f 351 6164 3190 
f 9166 7415 3488 
f 9473 8733 7706 
f 5251 5271 11723 
f 12389 9281 9021 
f 1361 5817 5508 
f 3388 11641 6464 
f 11644 4054 3358 
f 11950 4835 4386 
f 5509 6289 3539 
f 1289 1476 3656 
f 8610 5273 6684 
f 2999 7655 11851 
f 6078 311 4417 
f 10679 8424 6034 
f 10054 5510 3711 
f 9845 225 8444 
f 2062 5390 9266 
f 1535 9540 11533 
f 3204 2991 2989 
f 3270 4290 4454 
f 2723 359 12357 
f 1331 11467 9443 
f 11401 4984 11414 
f 7759 8561 7661 
f 6428 6590 8000 
f 469 9928 7045 
f 1869 1024 5544 
f 11799 2155 11901 
f 8963 593 5000 
f 9661 7944 9637 
f 4150 2087 496 
f 7745 6743 5733 
f 7253 699 12155 
f 4934 8635 10909 
f 5201 1937 10902 
f 812 5828 6333 
f 540 8048 609 
f 1718 7725 5476 
f 1088 5456 2110 
f 11235 12456 11231 
f 10643 6838 8292 
f 8471 11575 5017 
f 8954 1114 8834 
f 9929 5867 7929 
f 12183 5247 11419 
f 3943 11845 5955 
f 9179 4959 5377 
f 3068 1173 10912 
f 11103 4115 2441 
f 12032 8724 4546 
f 1396 7617 6243 
f 4386 10390 11950 
f 10874 10133 11192 
f 1332 3087 4147 
f 7189 6461 11637 
f 4342 4578 5294 
f 5561 1551 4137 
f 4942 4038 7549 
f 4588 2597 11422 
f 8725 10056 10084 
f 3928 5232 4276 
f 8096 8097 7553 
f 12434 3820 4043 
f 2693 2177 1803 
f 3048 11223 9417 
f 7270 7005 7012 
f 9832 5048 3328 
f 36 1416 4635 
f 9796 5712 8927 
f 968 811 3074 
f 5462 5854 6087 
f 12453 2353 11691 
f 8729 1306 8510 
f 311 10907 1180 
f 183 179 11707 
f 11426 10311 9565 
f 7920 9043 9371 
f 907 513 3808 
f 3304 8081 6411 
f 5723 6258 8960 
f 1248 4835 11950 
f 6599 361 6214 
f 11960 10918 4855 
f 11906 106 3405 
f 11455 11447 10704 
f 3331 1600 4231 
f 2446 10155 3906 
f 12131 12010 6877 
f 4009 2164 11144 
f 5837 1498 12288 
f 36 4769 1416 
f 594 6006 1060 
f 1312 1100 1035 
f 4929 1713 1679 
f 1290 77 4273 
f 5157 848 3860 
f 498 10427 896 
f 10301 9736 4552 
f 5322 6190 11289 
f 5329 1619 1527 
f 1578 2446 3332 
f 9293 10343 10334 
f 4380 9391 9416 
f 11810 5984 8776 
f 851 4025 9571 
f 3541 1101 912 
f 3911 8581 8150 
f 8150 8581 8403 
f 5017 11575 3774 
f 6010 7875 8594 
f 12329 10785 11517 
f 4441 11151 3366 
f 3516 4883 10973 
f 2896 11777 11427 
f 10548 6576 11215 
f 3857 11944 3486 
f 9827 5862 6396 
f 495 4915 4830 
f 7415 9166 2700 
f 193 145 189 
f 8946 8355 8661 
f 6006 851 6139 
f 2635 1535 8907 
f 9188 2700 8713 
f 8038 12322 8455 
f 2575 2700 9166 
f 5226 10372 1231 
f 11512 11128 10407 
f 6092 2207 4982 
f 11957 4304 10609 
f 5190 10586 1462 
f 3087 2700 2575 
f 7479 8312 8612 
f 9289 8637 3029 
f 7066 9228 7823 
f 8201 485 11325 
f 3904 4625 4381 
f 5951 4118 49 
f 7225 9758 5937 
f 10633 2838 4915 
f 10425 5108 11274 
f 3273 711 6197 
f 8864 1947 8389 
f 9188 8713 6808 
f 9834 4429 427 
f 2749 2748 3320 
f 7540 7954 7298 
f 2105 3751 5692 
f 7590 15 6806 
f 4753 5177 269 
f 5674 1885 7018 
f 3296 3679 2624 
f 10732 12488 7214 
f 570 2517 2005 
f 11822 3901 5596 
f 4292 11654 7404 
f 3068 10912 8251 
f 10630 7846 12189 
f 11331 11323 11321 
f 6455 290 8152 
f 9551 10654 9259 
f 2460 9147 10 
f 1319 1571 1900 
f 8548 10151 10614 
f 344 333 646 
f 11574 12374 11559 
f 6096 7213 6506 
f 321 253 249 
f 7295 6582 4766 
f 8095 4528 7164 
f 6696 7157 7134 
f 1912 1471 1241 
f 5857 9791 6173 
f 3903 8857 2654 
f 12375 12376 11163 
f 3975 3776 1358 
f 8531 9768 9704 
f 8496 9050 6258 
f 7111 7289 2409 
f 6601 7311 7321 
f 51 7306 12494 
f 10798 3473 5160 
f 4002 3866 9530 
f 9257 10285 8981 
f 3233 12164 2411 
f 11652 11259 11280 
f 3533 10300 9167 
f 7928 10894 2581 
f 11337 11027 6450 
f 12081 6199 9901 
f 3498 4198 5572 
f 9750 11553 3315 
f 12388 1181 8111 
f 10234 3534 6710 
f 7811 8676 8374 
f 8435 2507 7420 
f 10248 10220 11500 
f 2107 12408 6462 
f 11295 8010 9676 
f 3437 1359 6298 
f 8942 12248 11923 
f 1683 1456 1586 
f 571 10237 7509 
f 10451 9502 6910 
f 7144 4839 5395 
f 6822 4259 939 
f 9222 5229 5680 
f 7362 5896 10733 
f 7272 507 2194 
f 8098 6102 671 
f 6806 8843 748 
f 5233 3079 2762 
f 5713 10372 5226 
f 11862 4747 9636 
f 10900 10632 6593 
f 785 3524 1688 
f 5194 5611 12284 
f 11086 11873 11084 
f 216 5738 6017 
f 2271 5140 766 
f 8927 11715 4399 
f 3892 1101 8190 
f 2527 1655 4572 
f 2413 9588 2111 
f 10411 8625 3351 
f 213 82 109 
f 2290 2783 2106 
f 254 4482 6265 
f 6659 6425 6658 
f 1605 11958 4351 
f 2687 293 9772 
f 10575 12142 12103 
f 7484 7965 228 
f 3373 2411 12261 
f 7554 6392 479 
f 2996 6482 4568 
f 361 6599 6478 
f 122 9677 1897 
f 10864 11480 6421 
f 9260 2405 10794 
f 12082 129 11905 
f 7796 3048 11355 
f 10717 9675 7416 
f 6727 12495 5497 
f 370 1612 11577 
f 11608 12017 12429 
f 11456 12241 8943 
f 2972 680 6833 
f 2521 10526 11478 
f 1967 8526 12039 
f 6976 8448 9176 
f 1543 1301 1752 
f 9706 4614 11428 
f 12072 2842 8417 
f 191 2124 1600 
f 2558 5974 10228 
f 8197 76 8604 
f 8873 2950 367 
f 5695 7935 2820 
f 4356 7528 9482 
f 4094 3416 12140 
f 7119 7928 2554 
f 12044 10964 6005 
f 12214 991 1449 
f 1432 7644 5099 
f 3509 4738 3437 
f 4830 577 6334 
f 3887 11850 4366 
f 4725 5411 4954 
f 6072 1792 6974 
f 1751 6469 8436 
f 683 4097 2788 
f 6255 7196 6288 
f 5771 12051 912 
f 5530 3074 2047 
f 8577 8593 1613 
f 12120 449 8491 
f 6224 9348 10382 
f 383 3795 869 
f 7372 7967 7968 
f 10422 3175 9678 
f 4046 5942 1196 
f 12438 10328 7898 
f 4011 12459 5 
f 2423 6430 2004 
f 11021 3011 530 
f 9930 2805 11848 
f 8321 5269 2726 
f 10596 10557 6374 
f 8231 10800 5708 
f 11456 9624 9616 
f 9469 2687 3612 
f 7719 8617 2851 
f 1373 6475 3585 
f 10364 2737 3075 
f 3935 11969 2945 
f 1045 10379 3300 
f 11464 5185 11070 
f 7347 2777 11756 
f 8728 11297 8322 
f 4746 8931 11854 
f 12012 431 3217 
f 9515 5630 11308 
f 12042 3031 9961 
f 10085 12230 7841 
f 7990 8243 9388 
f 3483 3682 5080 
f 11167 9488 11196 
f 2590 10057 10388 
f 5726 11770 2160 
f 4791 10043 784 
f 4552 9736 4780 
f 10106 6147 7741 
f 4256 4260 4623 
f 11300 8345 5713 
f 4487 9489 573 
f 1301 820 1100 
f 5886 4549 10199 
f 1266 9652 5950 
f 7751 8776 5661 
f 12305 9423 3474 
f 6975 9918 9851 
f 2094 1765 2263 
f 7959 2919 650 
f 7936 11718 3483 
f 11688 8041 1993 
f 118 5371 10903 
f 7652 8198 8217 
f 2926 4338 10431 
f 2786 462 5100 
f 10424 6047 489 
f 323 392 601 
f 1763 12098 12063 
f 7484 7073 9315 
f 2074 7231 2148 
f 10126 4497 8880 
f 3234 3454 3227 
f 10688 9002 2397 
f 8573 9629 1645 
f 9578 7867 9231 
f 3072 12316 9705 
f 11662 1249 8235 
f 7197 2656 7174 
f 3670 10829 2360 
f 10260 1968 10980 
f 7892 971 607 
f 7629 6635 6863 
f 9621 2150 5190 
f 11553 12376 3315 
f 10556 2205 5080 
f 6498 5062 9775 
f 8646 4245 4097 
f 670 11781 7001 
f 10751 3093 8870 
f 11620 10063 5373 
f 3431 9289 2520 
f 2582 8864 8389 
f 8256 8646 42 
f 9766 5503 9815 
f 1302 214 4188 
f 8256 42 4562 
f 7860 2362 10563 
f 4079 5660 8356 
f 10656 2167 617 
f 11582 3228 9524 
f 6743 9676 5733 
f 4971 12197 3414 
f 3 4639 2007 
f 11662 8235 12212 
f 5490 5580 12279 
f 6568 4770 7939 
f 2596 6557 555 
f 329 5325 9586 
f 7192 7966 1300 
f 8123 3217 12450 
f 8244 8550 8836 
f 3 2007 1190 
f 165 3128 2360 
f 9960 3725 9124 
f 3501 1346 1442 
f 694 1113 1581 
f 8978 10080 9987 
f 8163 11148 10457 
f 3889 9251 9593 
f 6634 6630 6583 
f 11634 10712 7026 
f 7031 7293 6585 
f 7584 9054 11744 
f 4481 3729 3861 
f 9021 2616 12251 
f 10777 85 5921 
f 2673 4804 283 
f 2967 6751 4921 
f 5542 4574 10705 
f 8477 2236 4514 
f 5377 9381 3291 
f 312 11579 7793 
f 390 9157 5100 
f 7856 7840 11809 
f 1555 12023 5966 
f 2368 11122 72 
f 11103 7341 8659 
f 6596 746 1154 
f 7600 7080 6843 
f 4013 8988 10417 
f 350 10122 7020 
f 3721 5145 3717 
f 5785 3798 10417 
f 3445 597 3373 
f 5290 3594 1427 
f 1701 9584 7795 
f 12177 708 7307 
f 10483 4314 7604 
f 3940 8672 3656 
f 11537 3503 3808 
f 8433 7068 7613 
f 5515 7135 104 
f 7947 1696 11919 
f 1272 10939 2400 
f 5394 7987 6391 
f 1857 1909 6343 
f 2875 559 10301 
f 4167 7485 8908 
f 9907 2227 2563 
f 7166 12447 6979 
f 1319 1564 1571 
f 8129 5643 9644 
f 8595 8605 8883 
f 10058 9710 9100 
f 3692 3228 3384 
f 5566 9115 1503 
f 4400 7626 4132 
f 10582 7895 11039 
f 5897 11028 9098 
f 8257 906 6364 
f 7856 3709 2840 
f 4 741 12020 
f 5609 3164 7964 
f 1727 3031 12042 
f 7897 897 874 
f 3005 1907 700 
f 2767 3180 4765 
f 6209 10054 5306 
f 8963 9763 5195 
f 4404 10544 12068 
f 6835 7852 7152 
f 11843 379 9090 
f 11062 6158 977 
f 4312 12085 7076 
f 3326 12058 5587 
f 9804 9727 10599 
f 8866 8936 4480 
f 6978 7011 9614 
f 3646 3695 1852 
f 7264 7772 12128 
f 3750 7659 12459 
f 8582 8670 6937 
f 1748 1543 1752 
f 5192 4952 7030 
f 10869 8675 3423 
f 2424 8833 10168 
f 11470 7452 7434 
f 10651 9249 9240 
f 11141 11779 4514 
f 6959 11781 3672 
f 6194 12387 3577 
f 7166 831 10551 
f 8130 6103 8113 
f 8568 7993 9414 
f 8414 6324 3093 
f 8445 9145 4500 
f 10342 292 10096 
f 2718 2901 2208 
f 10230 10624 4328 
f 8425 12387 6194 
f 1543 1299 820 
f 10655 9831 9918 
f 8690 4558 1563 
f 4599 11815 128 
f 20 2126 3588 
f 4262 10911 11596 
f 12215 10915 10551 
f 3410 3411 3626 
f 12460 6228 8399 
f 9455 149 5196 
f 7375 11817 4633 
f 1187 8261 3439 
f 8790 2391 12263 
f 3914 5369 4692 
f 8231 7759 8253 
f 10680 171 7458 
f 9278 5320 11651 
f 11493 10056 11871 
f 2167 10761 617 
f 4365 4369 4201 
f 10 6817 2593 
f 10121 10812 9723 
f 1840 3241 6310 
f 5597 9011 2965 
f 7973 1180 1144 
f 9012 4151 6797 
f 7898 10581 12493 
f 12195 6885 1975 
f 1668 11491 6400 
f 9147 8975 6817 
f 12172 8316 7268 
f 4940 4026 6633 
f 4107 4104 6742 
f 5223 1867 2968 
f 3941 2472 6076 
f 828 6836 4418 
f 1644 10313 11554 
f 9477 7425 9898 
f 11201 9030 9548 
f 8681 8907 1535 
f 9887 801 741 
f 7337 7881 3897 
f 1750 5482 10198 
f 2406 9897 3957 
f 10987 10615 10984 
f 4057 4766 4035 
f 3715 3250 7869 
f 908 9262 4539 
f 764 167 2584 
f 2697 9077 4656 
f 11125 12331 9926 
f 12029 38 10161 
f 6679 116 9216 
f 1242 9216 3764 
f 9216 116 3764 
f 7425 1242 3764 
f 4771 6514 5481 
f 169 8817 4181 
f 9422 769 10063 
f 5285 10663 1085 
f 7086 9549 10073 
f 6742 1287 3133 
f 1220 1131 1124 
f 5547 6706 1132 
f 7108 11391 4540 
f 9469 3473 8293 
f 4158 5980 7431 
f 11440 7350 2540 
f 5665 8941 3464 
f 4814 4608 4598 
f 4024 6356 1592 
f 4361 10377 11682 
f 10433 3823 12000 
f 10978 10340 9612 
f 5577 557 6894 
f 9841 9842 9835 
f 4207 12018 7901 
f 4860 5214 4121 
f 12042 10837 10616 
f 4874 4863 4657 
f 7683 1261 1381 
f 8991 1445 6473 
f 3177 983 5086 
f 7255 8381 1439 
f 2161 5105 11968 
f 12272 4696 3497 
f 10690 10131 2216 
f 566 11800 8174 
f 4100 5920 2485 
f 565 8722 10811 
f 1809 5258 12126 
f 179 183 427 
f 1410 5251 11133 
f 5229 9222 10756 
f 5006 1335 2181 
f 10764 10263 4418 
f 4668 3906 468 
f 6698 2398 5809 
f 2946 2030 2976 
f 5406 626 1976 
f 1557 5458 4096 
f 825 669 902 
f 9056 12410 12292 
f 2810 12245 4072 
f 1235 1464 3550 
f 5169 2707 3825 
f 12470 6640 9511 
f 10513 5587 1537 
f 9104 2270 9362 
f 6793 445 3953 
f 1290 4273 8996 
f 10091 5356 10860 
f 9045 11772 7464 
f 5060 4828 3652 
f 9192 8334 8630 
f 6743 5526 10099 
f 10210 9947 5038 
f 8203 12205 8912 
f 5831 6020 6230 
f 12282 11859 12256 
f 10713 10110 5005 
f 7505 4484 11149 
f 8026 9180 1092 
f 63 66 132 
f 11817 8026 1092 
f 2090 863 10999 
f 8850 1902 8406 
f 3723 3351 3113 
f 12400 5222 5313 
f 12405 9438 2052 
f 6809 1548 10872 
f 4298 9780 6913 
f 9293 10334 9288 
f 5173 5091 5631 
f 9187 104 7139 
f 11817 1092 4633 
f 4565 4218 5817 
f 7352 7909 7639 
f 7684 6245 3309 
f 7375 3549 9485 
f 3606 1508 300 
f 763 4925 2974 
f 2172 11211 3813 
f 2463 3845 3215 
f 9214 2825 2281 
f 2413 2660 12449 
f 1403 1519 1639 
f 4888 3813 11211 
f 6417 1372 11320 
f 8981 9247 7563 
f 11458 3115 6844 
f 9641 7903 9648 
f 2724 9952 913 
f 12390 8059 12027 
f 1033 7910 628 
f 799 1861 10879 
f 4714 9533 10504 
f 7338 10734 1902 
f 2239 7440 1896 
f 268 616 627 
f 3641 11142 1924 
f 5865 9759 8159 
f 7684 3160 6114 
f 10821 11603 1171 
f 5628 5625 6440 
f 7938 3588 9038 
f 8357 7776 2696 
f 3173 2959 3362 
f 1719 1716 2221 
f 5865 5830 9759 
f 12347 5352 3160 
f 5583 7000 8051 
f 3894 4488 9123 
f 1839 10985 7921 
f 8629 11385 4099 
f 5375 11643 3322 
f 9961 3944 4006 
f 11574 11202 12374 
f 4832 4411 4617 
f 6544 274 11062 
f 5611 4437 10941 
f 10515 10039 4626 
f 7695 4068 6012 
f 10534 6208 3963 
f 7675 1712 4948 
f 1904 1582 241 
f 9666 2734 5797 
f 10655 6975 6261 
f 10135 8774 5031 
f 9263 5761 584 
f 1214 9821 297 
f 4777 2254 3502 
f 6725 989 481 
f 10190 10554 10186 
f 4014 4987 1014 
f 6850 6695 6884 
f 12353 3249 3864 
f 5179 6342 3430 
f 8840 10445 10051 
f 9733 6342 1933 
f 6215 5216 615 
f 7615 3714 5444 
f 7396 4950 8289 
f 3731 10820 6173 
f 3750 7616 10941 
f 7788 9261 4653 
f 5889 4564 4221 
f 974 9262 4041 
f 4814 4598 4808 
f 5722 1529 5641 
f 12009 9786 3866 
f 5310 2541 6932 
f 5141 5508 5817 
f 11141 1106 7050 
f 11181 926 4471 
f 6606 10787 9932 
f 8293 6785 10100 
f 10558 11676 11270 
f 7032 5866 5116 
f 12356 247 12125 
f 10465 7616 1996 
f 10033 7900 11095 
f 808 804 574 
f 10465 5604 7616 
f 501 2151 2162 
f 4597 8133 1650 
f 11026 5111 5171 
f 7808 1645 9629 
f 5573 7177 2374 
f 5806 3948 399 
f 11 2548 4856 
f 7736 10442 3374 
f 11167 7561 3712 
f 5665 11143 10242 
f 11430 2659 7962 
f 11255 4554 2965 
f 1914 2154 3239 
f 2941 10877 5675 
f 10034 8115 12436 
f 11344 7468 7128 
f 8165 1735 10385 
f 613 6656 12225 
f 3368 9341 4937 
f 3299 8296 2580 
f 9457 4140 9513 
f 10904 291 1909 
f 3733 1297 11761 
f 10469 1556 11120 
f 3118 9820 9493 
f 2668 2478 2324 
f 1852 3695 5721 
f 2841 3513 2634 
f 1708 4146 4920 
f 10985 1839 2617 
f 7877 5813 789 
f 1738 1484 1935 
f 11355 5230 3704 
f 7090 6150 1324 
f 7518 187 4464 
f 9097 5219 10540 
f 10169 4677 4028 
f 11060 1445 8982 
f 1462 10586 9360 
f 11019 11018 3409 
f 4136 8941 3442 
f 4481 9713 3729 
f 7360 9794 1988 
f 6474 7177 8645 
f 10109 10843 10112 
f 4141 3383 9923 
f 10832 11196 9488 
f 5970 10265 1391 
f 4146 8486 2863 
f 6708 750 6795 
f 5172 10540 5219 
f 3763 10400 1362 
f 7028 7341 6571 
f 6861 6445 7367 
f 11187 11989 10857 
f 5336 5582 5758 
f 9322 4941 3006 
f 6768 10251 10475 
f 5196 11761 4536 
f 124 3680 8284 
f 5218 3936 8645 
f 9033 4295 11813 
f 10999 7034 1722 
f 5475 28 8408 
f 1137 6493 9656 
f 9284 11887 12308 
f 11764 5975 3152 
f 6315 5257 5698 
f 3409 11018 3536 
f 2396 3064 12334 
f 11589 9286 10053 
f 1385 1277 1278 
f 1096 3844 3789 
f 11626 9302 4318 
f 4016 6794 1728 
f 11934 8830 3325 
f 9107 3006 4941 
f 11078 8645 3936 
f 5041 9711 5455 
f 5927 5724 6346 
f 8861 12059 9816 
f 11474 8587 11946 
f 7525 8500 4216 
f 5078 6046 6542 
f 12110 11267 6410 
f 11435 6554 2653 
f 7761 3531 724 
f 1023 10230 10411 
f 8914 8054 8060 
f 11160 4083 11901 
f 779 2185 1875 
f 4036 4029 3420 
f 4247 5938 585 
f 2367 7805 7940 
f 3829 4225 3624 
f 9718 3075 12473 
f 6877 11902 9265 
f 8083 4810 3393 
f 3899 7506 4124 
f 163 12378 6325 
f 11305 12136 7124 
f 12349 6958 3185 
f 1540 8373 6590 
f 12067 12472 11263 
f 8330 7508 8315 
f 573 351 3190 
f 5380 11520 1181 
f 3112 8209 3343 
f 5563 3637 11123 
f 1919 2046 7879 
f 7948 9726 4284 
f 12151 8283 1030 
f 4341 11372 5279 
f 3792 2189 6510 
f 6223 7513 4915 
f 4066 5724 5060 
f 6233 1441 2947 
f 3317 6819 5876 
f 426 635 935 
f 5771 5084 6541 
f 11632 8754 2554 
f 10596 6374 6397 
f 8616 9177 8620 
f 10544 8674 7059 
f 11720 12491 7721 
f 9139 12264 9840 
f 6168 5952 5549 
f 10159 12409 11480 
f 2396 12334 8151 
f 4998 10125 8949 
f 1321 4279 5422 
f 2981 5869 1303 
f 5363 6001 3984 
f 970 208 5424 
f 6814 5759 9626 
f 7685 3569 2296 
f 5113 4511 6961 
f 9859 8786 11177 
f 10361 3043 7500 
f 10460 9403 11811 
f 9977 921 11212 
f 10460 11811 11281 
f 4446 10330 9599 
f 10406 10030 9682 
f 3796 3555 4729 
f 1728 3308 4016 
f 5331 1326 469 
f 1263 6223 2838 
f 6505 1578 11898 
f 4539 11489 12426 
f 6737 6502 6948 
f 2524 9832 4993 
f 9985 9508 7456 
f 11851 1544 1506 
f 7296 6867 10725 
f 8519 8399 6228 
f 6479 1594 11613 
f 7775 6673 12482 
f 11005 12446 4837 
f 2749 2252 2068 
f 11370 8313 6093 
f 5575 8310 9876 
f 4415 332 11753 
f 2761 3150 2426 
f 4911 6209 10172 
f 5024 2257 6738 
f 12350 9405 9399 
f 8193 11001 3971 
f 11525 1049 5843 
f 12409 6421 11480 
f 5385 4916 5369 
f 9895 11404 10272 
f 3408 7136 7805 
f 11216 6340 10720 
f 3893 3566 11334 
f 1453 3438 5651 
f 1337 7510 11024 
f 4611 3045 3715 
f 5552 6359 4630 
f 1858 11352 1155 
f 2809 3214 2618 
f 3409 7030 3360 
f 790 10097 3828 
f 5295 5231 5175 
f 11242 6683 10955 
f 409 5878 7605 
f 1690 9328 607 
f 3950 8915 1613 
f 10444 1194 4102 
f 1264 1255 780 
f 1236 1241 1131 
f 6354 1806 862 
f 12407 702 2393 
f 10939 1272 3811 
f 6524 11527 11101 
f 4358 3334 4034 
f 10452 12048 6673 
f 6910 5237 11007 
f 8632 8325 8057 
f 6481 6405 5370 
f 3376 4183 4543 
f 6947 6906 6884 
f 2747 9716 6559 
f 1253 3976 3319 
f 7432 11701 747 
f 10984 10606 1263 
f 12227 11638 7956 
f 511 1309 8471 
f 219 1332 4147 
f 5235 5691 5442 
f 10533 7772 8071 
f 9289 3431 1881 
f 4813 10225 6694 
f 3543 3456 7589 
f 694 404 689 
f 5169 1832 6731 
f 3646 3396 5601 
f 7614 6852 9641 
f 3574 528 618 
f 119 6166 1906 
f 8864 2582 11934 
f 4623 4260 4843 
f 11105 4458 1196 
f 3608 4968 9430 
f 818 960 1185 
f 6285 3312 5662 
f 5398 6870 5662 
f 2245 4886 9514 
f 10955 4325 11242 
f 7323 7046 8421 
f 4290 3912 3717 
f 5622 11434 3364 
f 4115 11103 8659 
f 11818 6094 5888 
f 4289 11237 1406 
f 7896 7958 2195 
f 10559 3976 1253 
f 4019 6939 6560 
f 702 9807 1446 
f 9389 8525 7963 
f 7801 10120 7560 
f 11458 6844 2957 
f 6939 6792 6560 
f 8575 324 2738 
f 9724 1270 9234 
f 4663 4561 7636 
f 1237 5242 1178 
f 6654 10675 6618 
f 6844 3115 6090 
f 7441 9139 6458 
f 7002 12460 7867 
f 7137 2282 9947 
f 1278 937 1058 
f 1397 771 10762 
f 7353 6418 1608 
f 8655 303 6104 
f 5575 6727 5497 
f 6227 9953 11276 
f 254 9999 1350 
f 10637 9883 9879 
f 83 10172 4475 
f 6002 421 3247 
f 5648 4525 5418 
f 4968 11881 2935 
f 2265 6120 7261 
f 11938 8338 8919 
f 2833 719 753 
f 208 970 4132 
f 9363 9668 9345 
f 11531 175 11826 
f 5901 6411 9277 
f 3385 8356 2470 
f 8877 6188 2725 
f 6090 8033 2957 
f 856 2388 7778 
f 5700 7234 6532 
f 5466 4914 10960 
f 5586 10761 6669 
f 9176 8448 10317 
f 2647 292 11929 
f 7678 8778 2250 
f 10916 11342 6352 
f 1119 1236 1131 
f 326 10854 11394 
f 3565 3446 4008 
f 895 6632 2336 
f 12072 4283 4324 
f 11023 10139 7224 
f 10293 12222 10721 
f 6887 4712 873 
f 11406 5164 11394 
f 3187 2985 3389 
f 2076 9351 9317 
f 10053 10858 11589 
f 8880 4497 10518 
f 8434 11670 7458 
f 10575 10219 9842 
f 8131 7510 11592 
f 513 907 1464 
f 9749 3805 10476 
f 5182 3066 7231 
f 11298 5246 6442 
f 11249 8404 6920 
f 10701 316 255 
f 3252 3043 6359 
f 2076 8277 6329 
f 5612 4616 2538 
f 101 5769 8727 
f 1624 1029 11508 
f 11976 1397 6206 
f 3198 8379 5823 
f 1170 447 8650 
f 7213 7465 6506 
f 5390 10188 8842 
f 4618 2033 3223 
f 6252 10258 318 
f 884 58 8524 
f 10006 10569 5512 
f 10926 6866 2538 
f 10399 7607 7051 
f 10148 3192 6645 
f 5589 2620 4812 
f 11068 5589 4812 
f 8034 10772 6007 
f 3744 4496 3949 
f 447 2275 12257 
f 7160 8831 8788 
f 2536 6564 9074 
f 9204 456 11224 
f 34 63 109 
f 10134 4359 595 
f 3605 3996 11611 
f 3230 8132 7817 
f 10868 3908 985 
f 12257 9210 447 
f 313 2191 5935 
f 11510 9337 1437 
f 6763 6980 5504 
f 7529 4616 5612 
f 2111 713 11971 
f 10599 4046 11994 
f 4454 5336 4877 
f 9210 8592 447 
f 6713 2359 2304 
f 2191 9430 4640 
f 1951 12016 4638 
f 9958 11519 5930 
f 7596 11648 1251 
f 3001 2997 3833 
f 11914 10392 5197 
f 10926 4616 10935 
f 9739 9740 9135 
f 6441 9907 9986 
f 4428 433 262 
f 6103 1775 8113 
f 9796 9851 5712 
f 1931 2512 9497 
f 12368 6902 5267 
f 7470 3124 12217 
f 11878 10965 2936 
f 524 6873 5463 
f 11471 6341 1183 
f 5564 2616 9021 
f 5502 5539 9815 
f 7198 5507 8357 
f 9055 1726 9729 
f 12246 5719 12349 
f 5970 11724 9969 
f 4455 10758 11798 
f 7290 8470 8871 
f 1183 6341 5711 
f 12310 3661 11186 
f 5657 182 113 
f 4471 3691 9268 
f 1183 11611 3996 
f 1183 3996 5436 
f 8547 1867 1928 
f 2610 3219 7915 
f 4466 5711 6341 
f 8795 9102 625 
f 4405 4226 10645 
f 5478 491 2907 
f 2056 221 3653 
f 9373 3156 617 
f 10002 6909 3382 
f 2453 11681 3475 
f 7910 5965 2066 
f 8702 1622 9464 
f 6906 6995 6935 
f 4761 4276 8723 
f 1683 1989 1785 
f 6319 5334 7072 
f 1874 2871 6968 
f 8366 9239 8957 
f 4119 753 10386 
f 3070 6618 6536 
f 9440 2707 8314 
f 131 9306 3383 
f 6164 11351 124 
f 2014 2786 5100 
f 8848 5839 8677 
f 213 132 176 
f 1391 3716 245 
f 126 5510 4911 
f 5217 2226 5949 
f 331 11977 10788 
f 1961 10645 4226 
f 1254 7847 10687 
f 126 8462 5510 
f 11515 10969 7634 
f 5064 2712 7648 
f 11869 664 1510 
f 1926 10116 3294 
f 641 12012 8248 
f 4202 9588 4599 
f 10741 7011 12123 
f 11169 7701 3788 
f 9894 12115 2909 
f 4768 3620 4564 
f 5859 11527 10221 
f 2834 6608 7835 
f 3320 2748 2061 
f 3917 1961 7269 
f 9686 9511 4781 
f 6305 2306 6355 
f 2536 9074 11117 
f 4207 11732 1651 
f 10514 1479 6654 
f 203 8147 11006 
f 5799 10111 813 
f 2634 3938 4533 
f 3917 7269 3864 
f 3294 4632 5122 
f 6026 10400 2604 
f 7269 337 3864 
f 1127 12240 9994 
f 4409 4385 2841 
f 3748 11265 11857 
f 10116 12465 1411 
f 2826 6352 11342 
f 1778 1152 301 
f 2249 12004 11587 
f 3236 6197 2138 
f 10612 4834 12430 
f 11737 568 5630 
f 7979 6689 7669 
f 1278 636 937 
f 7104 11926 3393 
f 10530 774 9333 
f 848 1700 3860 
f 7065 10727 10910 
f 4632 6821 6771 
f 2476 7209 7882 
f 2458 2967 4921 
f 7936 10107 6471 
f 9564 5110 4413 
f 4489 2846 10592 
f 7517 6763 6767 
f 2830 5294 519 
f 10138 2704 9066 
f 1422 8107 2005 
f 11018 2178 11075 
f 107 490 937 
f 6393 549 3143 
f 6037 2165 12019 
f 11541 7765 7610 
f 7809 5898 3177 
f 9178 9453 8612 
f 2756 6563 3864 
f 8614 9419 5412 
f 9998 10771 10028 
f 8881 4379 9235 
f 8512 2753 11082 
f 3295 4206 5318 
f 8499 1633 160 
f 8703 8637 4767 
f 6897 8104 9872 
f 7326 2948 6911 
f 9450 12221 4396 
f 1059 865 1276 
f 10602 10587 12404 
f 7067 2098 7178 
f 220 9213 3221 
f 7092 10519 16 
f 3909 11682 2715 
f 4801 4049 5256 
f 1975 6885 11611 
f 10413 10658 8712 
f 11459 7728 7170 
f 6418 7353 4713 
f 6656 12427 4307 
f 1588 1258 2436 
f 12171 1262 1784 
f 9024 6302 9474 
f 998 3808 3503 
f 7351 5567 1148 
f 1779 6754 1479 
f 168 11387 5324 
f 3188 9932 9397 
f 10892 8449 5428 
f 4425 74 4177 
f 3719 12216 11223 
f 2560 4909 4537 
f 5134 2982 4084 
f 7538 3968 5405 
f 8219 3915 6962 
f 7063 7086 1995 
f 6450 5425 7630 
f 4217 3615 4771 
f 168 12356 1587 
f 7133 6936 7338 
f 1814 1716 1711 
f 10592 2846 8480 
f 10170 5814 6755 
f 3378 10988 2168 
f 12346 3221 2447 
f 2633 5376 2595 
f 1148 9 2894 
f 7310 11913 7246 
f 1526 1403 1639 
f 2572 10269 6728 
f 7420 4893 6343 
f 4693 4540 11391 
f 7310 715 4567 
f 1412 4737 8939 
f 7413 8295 11681 
f 10371 7872 5647 
f 4362 8043 1295 
f 29 12369 4792 
f 4188 214 10622 
f 11491 1668 11041 
f 6854 7473 5480 
f 9563 3516 1129 
f 5637 9670 4689 
f 12021 3905 2875 
f 7758 5894 6737 
f 5763 7020 929 
f 11698 1 10813 
f 5283 11973 3054 
f 10780 2550 7198 
f 2332 5432 2056 
f 6203 1062 5015 
f 6269 729 2168 
f 9177 10833 9454 
f 1213 9087 11580 
f 4335 10600 1096 
f 8806 10155 2446 
f 11596 10911 6269 
f 1241 1236 1912 
f 8875 2592 4620 
f 11437 10696 11040 
f 3179 2285 4191 
f 4740 4612 11413 
f 11174 12395 11587 
f 4503 6954 4709 
f 11042 10699 10311 
f 8907 12345 2635 
f 4675 5585 5142 
f 1800 252 8320 
f 2129 7154 4011 
f 9786 10992 4370 
f 11361 11647 4701 
f 9762 102 1066 
f 8252 5638 9631 
f 69 184 50 
f 11728 599 332 
f 5379 1371 11580 
f 3029 8637 8703 
f 5983 12062 1813 
f 8589 37 11816 
f 2659 4651 6339 
f 7874 2064 587 
f 1763 5673 12098 
f 4393 5498 3907 
f 412 3165 2455 
f 232 9016 1151 
f 11704 6704 3434 
f 12250 5046 11206 
f 2204 4060 11138 
f 641 5581 2017 
f 791 3552 3619 
f 9146 1015 9200 
f 7336 433 10507 
f 11192 10496 11587 
f 10039 6467 6805 
f 5772 11295 11178 
f 3459 3239 10453 
f 6320 1144 7773 
f 9256 12412 8274 
f 8403 2688 8067 
f 2170 3528 9891 
f 9225 7676 12098 
f 9970 10158 10466 
f 11499 9094 7544 
f 11699 12130 327 
f 3260 2672 2865 
f 7780 1585 2606 
f 4928 8776 5984 
f 2108 2276 2293 
f 11917 11506 11127 
f 4340 10132 472 
f 207 11133 11723 
f 7275 12243 8802 
f 9270 4586 10252 
f 2863 12045 11168 
f 8150 8403 10208 
f 6640 12470 700 
f 3835 8575 6793 
f 12366 8417 1318 
f 4212 4191 10145 
f 8986 9252 9551 
f 12318 201 4095 
f 7998 6691 451 
f 9379 3330 11513 
f 2489 6183 4966 
f 12045 2863 1282 
f 327 5717 11699 
f 4344 3385 2470 
f 1563 7618 7566 
f 9767 5969 1922 
f 3912 2196 3717 
f 5134 10357 10639 
f 4212 44 4191 
f 1508 11781 6959 
f 1451 1026 3800 
f 6865 9142 4991 
f 10022 9502 7348 
f 1077 725 1628 
f 2256 11767 5341 
f 4186 4286 1929 
f 1012 6966 759 
f 833 751 5088 
f 7711 11730 2484 
f 6009 11180 11162 
f 8733 9473 3179 
f 9953 1186 3237 
f 11478 2043 2521 
f 11994 3911 2202 
f 10229 5868 2136 
f 10351 11476 10728 
f 9569 299 1584 
f 421 2716 8411 
f 6382 2751 11199 
f 12178 10065 3963 
f 10080 461 7025 
f 271 10975 4706 
f 11452 6499 4472 
f 10922 7894 5608 
f 2292 815 12475 
f 4959 1043 9381 
f 1457 1218 1208 
f 10057 8641 10484 
f 5554 10122 5849 
f 314 12333 5313 
f 7028 6571 12365 
f 922 2527 4572 
f 5139 6646 5369 
f 4458 11105 8701 
f 583 2699 8533 
f 10440 9739 9389 
f 2011 648 10982 
f 2690 3529 7081 
f 6254 721 3476 
f 11084 10391 11086 
f 3448 3019 3654 
f 11298 108 6260 
f 8703 2836 3029 
f 436 6834 845 
f 3070 6536 1222 
f 9484 8800 1399 
f 6177 6172 5960 
f 10369 7760 12484 
f 5508 5576 1361 
f 8820 4588 11422 
f 11451 3370 11836 
f 2469 10017 11415 
f 8569 5810 6040 
f 11856 4976 12099 
f 4210 3138 4074 
f 3153 4781 8327 
f 1837 219 4184 
f 5781 1648 3012 
f 6027 1589 5206 
f 6409 10918 5023 
f 4354 6672 3263 
f 44 4212 5112 
f 12469 11652 12086 
f 9455 947 7679 
f 1083 11384 7820 
f 12469 12455 11652 
f 4938 4930 5628 
f 4212 91 5112 
f 7722 8491 9844 
f 6177 5960 4874 
f 4937 9341 5913 
f 1266 7044 9043 
f 3054 5167 12175 
f 9784 3427 11267 
f 7060 12419 2080 
f 7126 2669 7776 
f 7019 7302 7303 
f 11687 7807 21 
f 3213 11928 8886 
f 6601 6621 4887 
f 8537 1023 2286 
f 12114 3200 8059 
f 7241 8077 6130 
f 851 6006 594 
f 2812 8241 3306 
f 1308 10952 8553 
f 1615 1385 1614 
f 773 10638 4731 
f 851 594 4025 
f 757 601 460 
f 11892 4626 1491 
f 10032 11173 11439 
f 8841 5208 1033 
f 3343 8209 8158 
f 6858 3352 6268 
f 5507 7776 8357 
f 11730 7711 9134 
f 842 7904 8556 
f 4054 7932 8223 
f 9033 11813 11845 
f 2959 3158 3151 
f 11874 10914 1507 
f 2487 2256 11153 
f 4354 3263 11104 
f 6139 9166 3488 
f 601 1431 1316 
f 9287 3386 3149 
f 10876 9391 4380 
f 3700 7997 2114 
f 6748 5260 6750 
f 1090 672 989 
f 9888 9239 8962 
f 12025 2565 11274 
f 7374 9066 12300 
f 2139 4110 11703 
f 8072 1031 6845 
f 1998 9914 5639 
f 11002 1673 7976 
f 5498 11132 10902 
f 156 196 145 
f 4239 1542 2138 
f 9188 4609 7415 
f 5185 5723 1860 
f 6827 6591 6168 
f 11064 12265 11455 
f 2026 8517 1749 
f 12184 11396 10652 
f 8396 8706 8999 
f 11844 5461 8533 
f 12412 5117 963 
f 11386 339 11358 
f 8896 4350 10160 
f 10638 773 483 
f 11066 2493 8767 
f 9188 6808 353 
f 10805 2087 7543 
f 11765 9887 741 
f 7324 7866 7038 
f 9451 2944 10513 
f 8462 126 9198 
f 9366 1002 1377 
f 11211 3148 6711 
f 38 10964 12044 
f 6706 7971 1132 
f 9521 353 1097 
f 1026 1451 3895 
f 7808 384 581 
f 1341 3439 8261 
f 3293 2552 6684 
f 4533 8138 3551 
f 9521 6907 10420 
f 12045 4332 11168 
f 4091 3325 8830 
f 3525 9265 11902 
f 12493 3216 11685 
f 1186 9614 6200 
f 1586 979 1460 
f 9972 6196 5999 
f 70 66 45 
f 389 1643 9106 
f 1097 6907 9521 
f 8171 624 5670 
f 6069 4023 6203 
f 1422 2390 9671 
f 10805 7543 258 
f 6775 9375 5765 
f 6943 4583 11975 
f 5332 10022 7348 
f 6519 6087 6732 
f 11505 3679 12180 
f 3151 2763 2952 
f 8469 2845 3263 
f 10620 1637 61 
f 4721 849 4693 
f 7006 2765 6256 
f 4265 4512 10182 
f 7872 11646 12199 
f 7774 11539 7608 
f 569 3308 1728 
f 8394 8992 8410 
f 9991 1819 3885 
f 7101 5678 5445 
f 7967 7403 7692 
f 4433 4515 1446 
f 3495 11018 11075 
f 5462 4369 4750 
f 6968 10873 9253 
f 4060 10971 10340 
f 3879 8761 1629 
f 743 4418 3057 
f 10498 1258 9116 
f 7449 10094 10325 
f 3676 9105 7022 
f 12409 3651 6421 
f 11399 6898 4349 
f 8424 6136 6034 
f 2452 7204 7800 
f 1743 5106 9394 
f 3122 1072 4366 
f 8360 1197 6112 
f 3585 2717 1373 
f 4042 894 9644 
f 4896 4684 7248 
f 3166 12086 11280 
f 9943 2206 7756 
f 3194 4582 1813 
f 11230 10535 11218 
f 11002 7976 11091 
f 12152 6972 2132 
f 650 10836 7959 
f 2371 11585 2685 
f 7809 85 5898 
f 246 2878 962 
f 9962 1392 7258 
f 2036 1717 1820 
f 5571 3884 8714 
f 840 11150 8065 
f 11052 11456 9616 
f 2769 9936 12156 
f 11406 1635 5442 
f 11215 9398 10548 
f 11349 10082 1549 
f 4374 7863 2849 
f 7828 5847 11368 
f 9453 8883 8612 
f 5433 2982 9064 
f 3402 12011 2840 
f 9858 9510 9504 
f 2896 6060 11777 
f 3872 7351 3991 
f 669 825 663 
f 10367 9045 11031 
f 2369 8230 2243 
f 8028 6875 11738 
f 11733 2035 3999 
f 7195 10977 6312 
f 5358 8236 3172 
f 11474 4861 11225 
f 5562 1283 9357 
f 7923 6319 10994 
f 10947 6312 10048 
f 9906 11787 11796 
f 10691 10622 4751 
f 3075 6210 1025 
f 8596 10173 10253 
f 1967 11946 8526 
f 6365 2486 534 
f 9925 10769 140 
f 10879 4251 1822 
f 5521 12360 4498 
f 5243 6625 5338 
f 4173 8831 8045 
f 7389 1751 12361 
f 10947 12361 195 
f 10092 7215 12127 
f 9037 868 576 
f 7446 2532 6084 
f 11634 10940 10715 
f 10123 6469 10418 
f 11157 4522 857 
f 10464 8469 6453 
f 8758 11646 10371 
f 10411 8990 1023 
f 10772 8034 8341 
f 9217 10578 8946 
f 10611 10615 9868 
f 1054 8181 7342 
f 6174 7874 5691 
f 1947 3775 8606 
f 2025 10707 2211 
f 2342 2496 2490 
f 3124 7470 2708 
f 7378 2784 11032 
f 7106 1369 7124 
f 4238 4389 2421 
f 4795 8900 4062 
f 114 606 3469 
f 5238 84 1271 
f 2141 4234 6624 
f 12255 5340 2230 
f 7692 7403 7426 
f 5419 6463 6239 
f 7478 10692 984 
f 11082 11601 9708 
f 7864 2368 4434 
f 7074 7607 226 
f 4650 12355 2415 
f 5353 5295 8583 
f 11648 11462 6997 
f 1574 1158 6116 
f 11978 2687 9772 
f 10604 10575 9842 
f 10012 2897 6551 
f 7777 11961 131 
f 3596 3802 3171 
f 7088 7078 8184 
f 4889 5578 5585 
f 8320 2476 7882 
f 5363 354 7785 
f 3783 3095 10019 
f 10979 3953 445 
f 7854 7668 10134 
f 9931 12379 4850 
f 7527 6134 6131 
f 6667 2817 4995 
f 3820 8972 301 
f 535 3044 7507 
f 1896 2223 2239 
f 7987 1605 4351 
f 5006 6680 8014 
f 3927 10694 3515 
f 6452 5824 6239 
f 3361 7702 6976 
f 5607 5399 5142 
f 3339 7442 5783 
f 12261 3445 3373 
f 8047 7558 2182 
f 7514 10169 4028 
f 6007 3101 8034 
f 7644 3394 7040 
f 8327 399 3948 
f 11790 1621 12203 
f 10053 8738 10858 
f 8390 5512 2134 
f 12169 10515 4626 
f 7225 2284 2210 
f 10843 11553 10844 
f 331 3379 1707 
f 11810 8507 5984 
f 6799 207 5347 
f 7963 7122 7680 
f 7491 771 1397 
f 11156 10074 11547 
f 4721 1116 8994 
f 3007 1854 7893 
f 9273 9288 10329 
f 12153 8363 11673 
f 12359 9218 4426 
f 8646 4097 185 
f 4185 11470 7434 
f 2155 8493 883 
f 3751 2790 1789 
f 2003 1683 1586 
f 7058 42 185 
f 9831 4974 9982 
f 10736 9182 1379 
f 6830 5338 6625 
f 5459 8689 3014 
f 2452 3353 1512 
f 3269 3474 5007 
f 5515 8246 7135 
f 3120 5957 9856 
f 3578 6929 7239 
f 455 11788 7526 
f 7152 9809 6461 
f 7575 744 4192 
f 2689 72 3578 
f 5494 2689 3578 
f 2689 4434 72 
f 9280 9565 10311 
f 9690 10393 10407 
f 7852 9809 7152 
f 5872 6180 5045 
f 10801 3883 4848 
f 2180 4366 1072 
f 1806 5874 862 
f 4671 6929 3578 
f 5349 7671 4342 
f 4758 4695 9934 
f 3787 2937 3158 
f 718 2395 10335 
f 2864 8345 11300 
f 4689 10953 4701 
f 7091 8772 1195 
f 6208 12178 3963 
f 4338 2769 12156 
f 8022 4338 12156 
f 11092 7818 6605 
f 8363 4434 2689 
f 6576 11274 2565 
f 12309 2974 9555 
f 2368 72 4434 
f 1353 5749 10837 
f 7550 11879 12083 
f 4562 8988 4013 
f 6666 2775 9291 
f 1873 1923 4806 
f 3578 72 7723 
f 2193 3153 8327 
f 9017 3606 6809 
f 6449 7741 6079 
f 7905 6861 7367 
f 11511 7277 5519 
f 72 11122 7453 
f 12175 12228 5283 
f 3150 3993 3590 
f 5830 7433 4059 
f 8724 8011 6103 
f 9450 1260 1935 
f 2514 5885 7892 
f 8233 9558 7536 
f 11122 11151 7453 
f 8390 11668 5512 
f 569 1918 7590 
f 5446 6015 173 
f 9168 10124 10109 
f 5838 10845 9231 
f 8028 11618 6875 
f 11589 4953 7016 
f 6955 9938 10041 
f 9722 3798 5785 
f 4857 3553 3374 
f 9732 8755 6527 
f 1431 1314 1865 
f 3632 5730 7325 
f 3608 2191 263 
f 1168 5938 10825 
f 3366 10580 10774 
f 11799 6770 10601 
f 5384 4914 3254 
f 7842 7087 1082 
f 10088 10076 9738 
f 8815 7969 5495 
f 513 3465 2046 
f 5929 695 9268 
f 11837 10703 9871 
f 10716 9121 1210 
f 3787 2443 3181 
f 10979 445 7513 
f 7922 7864 7520 
f 1511 11904 4534 
f 5089 7243 7291 
f 6450 7630 864 
f 11965 592 3265 
f 1794 1617 3893 
f 7890 5524 78 
f 5697 8680 10567 
f 12170 6906 6935 
f 9362 2270 529 
f 6288 6087 5854 
f 3861 3729 8571 
f 3193 2257 2906 
f 9525 3451 6841 
f 6821 3294 10116 
f 7437 7699 7159 
f 9797 4980 1777 
f 6745 4347 9778 
f 10359 9884 3055 
f 12090 9974 7450 
f 7640 9339 7903 
f 748 569 7590 
f 5516 8623 11375 
f 8848 10957 5839 
f 4174 4336 4527 
f 6780 5927 6782 
f 925 1044 6971 
f 1856 7 9689 
f 3235 277 11143 
f 4529 1343 3610 
f 6781 1517 5950 
f 622 159 847 
f 12267 11290 731 
f 11393 12127 5562 
f 9274 9364 9866 
f 8896 12321 794 
f 6984 647 6849 
f 6136 7156 10584 
f 9184 6981 11182 
f 1460 1811 1586 
f 4374 2492 3258 
f 3778 8098 671 
f 7656 7989 5790 
f 3923 1709 12324 
f 6071 9869 4148 
f 12463 11412 12456 
f 8797 8725 11273 
f 2648 515 6478 
f 8350 8351 8658 
f 5154 12214 8474 
f 7446 6888 3779 
f 8013 10086 1394 
f 11169 1179 7701 
f 11023 10671 9579 
f 318 7217 10502 
f 3017 7452 11470 
f 3450 3019 2629 
f 4572 9320 922 
f 5238 10317 8448 
f 7016 4953 5033 
f 8022 8023 11571 
f 7358 10806 4185 
f 11678 1656 4988 
f 4426 9218 701 
f 11147 12375 11163 
f 1315 10796 11220 
f 7300 2233 2271 
f 9223 150 5936 
f 6066 5227 5457 
f 12369 7279 3527 
f 1083 11879 3299 
f 2334 2539 2229 
f 11192 10133 10496 
f 9408 10 2593 
f 8178 6972 10821 
f 7511 10073 9549 
f 801 5756 4708 
f 9008 8984 4497 
f 8112 2401 3432 
f 9147 6817 10 
f 4650 5061 5033 
f 10444 4102 1992 
f 6059 5559 10469 
f 7418 10891 12105 
f 1742 12061 10149 
f 8984 5266 3511 
f 5162 5116 7942 
f 1636 7030 3536 
f 2061 2547 2915 
f 3206 11531 11826 
f 9330 9852 7119 
f 6722 8058 12413 
f 8070 1678 2028 
f 8945 12388 9536 
f 9852 9330 5686 
f 8154 4418 10263 
f 5400 1608 7172 
f 1730 10651 11395 
f 7481 5889 5483 
f 10265 10144 7989 
f 3483 11718 7048 
f 544 10837 12042 
f 5194 12284 4910 
f 3355 11614 3617 
f 861 7007 10905 
f 6156 10422 9678 
f 5426 4296 1599 
f 6173 10820 7362 
f 3224 1764 3247 
f 9724 3975 1685 
f 9593 4294 3889 
f 7422 9129 12393 
f 4666 3481 3673 
f 3946 1252 2792 
f 863 677 3972 
f 4780 4746 11854 
f 12067 270 12472 
f 3360 3587 3409 
f 12064 10246 6053 
f 1242 7425 9477 
f 9439 8963 5000 
f 11020 9241 12352 
f 4461 1488 419 
f 2734 7054 4254 
f 6604 10228 5974 
f 7166 6979 831 
f 4488 2549 5567 
f 2579 6710 10893 
f 4575 5245 4395 
f 8370 6847 8135 
f 10417 8988 5785 
f 9461 3511 5266 
f 10505 9347 11503 
f 7146 6919 6685 
f 1909 291 4190 
f 9393 11746 3365 
f 9011 1860 12480 
f 11717 3504 4569 
f 150 9223 527 
f 215 6935 6995 
f 10313 3113 11554 
f 11802 7826 8759 
f 8054 8914 8632 
f 529 2270 8507 
f 1178 5242 8934 
f 6126 215 9818 
f 9327 5144 1107 
f 11877 6684 5273 
f 8109 6058 1334 
f 9845 3313 6307 
f 4611 3028 8479 
f 4696 12272 7862 
f 8973 6471 9001 
f 7648 2712 9963 
f 4814 5043 5278 
f 1025 3474 3269 
f 561 6638 6592 
f 724 3531 9846 
f 4051 10091 10860 
f 3853 3232 3226 
f 8514 9384 7979 
f 1683 2003 1891 
f 2442 12238 10640 
f 2770 6238 4807 
f 11180 6088 39 
f 12455 10034 12436 
f 4605 4819 5513 
f 8201 11325 1704 
f 9330 7119 6679 
f 4794 802 2699 
f 6967 789 11711 
f 11269 10228 2988 
f 9566 7523 5005 
f 4738 8159 9759 
f 5502 5503 4307 
f 12127 11532 5562 
f 674 7889 173 
f 6331 12144 1749 
f 9308 459 12371 
f 12278 5633 6783 
f 8515 1678 11146 
f 712 4460 7251 
f 8533 2062 9407 
f 5643 7174 7688 
f 10313 3723 3113 
f 4851 8008 2237 
f 5273 6971 2400 
f 8318 3869 7948 
f 4702 8507 11810 
f 12171 10759 5983 
f 7535 10568 10438 
f 3132 587 4499 
f 7706 10827 11101 
f 5716 7028 8938 
f 7303 7581 6829 
f 6922 8001 7451 
f 4537 2730 11924 
f 1121 7349 1682 
f 8819 11384 7906 
f 8314 1944 8046 
f 629 1129 3516 
f 6159 9401 976 
f 7218 6909 3361 
f 8982 10698 10706 
f 9686 10149 9511 
f 9347 5594 11503 
f 6073 6533 5326 
f 4482 3990 2775 
f 7776 5507 4886 
f 757 460 818 
f 8381 11700 4713 
f 8996 6915 1290 
f 8557 4633 3982 
f 5683 7609 8634 
f 10232 3309 8696 
f 8940 10917 6156 
f 507 7272 2242 
f 6447 6583 6322 
f 4524 4433 8989 
f 6710 2579 9165 
f 2494 4463 8316 
f 5647 7872 5277 
f 4499 708 3056 
f 1207 1684 1619 
f 3602 2759 10565 
f 3430 2268 1754 
f 9393 885 9967 
f 12414 1647 9623 
f 10565 3728 12379 
f 12468 11972 7981 
f 3549 7375 9041 
f 11008 3958 6781 
f 10296 911 11758 
f 3309 4157 7684 
f 4633 1092 9180 
f 9399 7990 9388 
f 5194 4437 5611 
f 1082 6992 10810 
f 12259 734 8569 
f 11463 3899 8751 
f 8431 255 5599 
f 7536 9558 3288 
f 16 3657 7229 
f 3404 3037 8686 
f 7616 3750 1996 
f 5271 5230 10327 
f 12124 1577 10249 
f 10854 10324 5235 
f 6565 9284 12308 
f 4257 2927 1063 
f 7887 7080 8450 
f 5040 395 5692 
f 7427 7715 8270 
f 2153 1900 1982 
f 10705 9754 10685 
f 10453 4822 6351 
f 9203 4922 1074 
f 2263 2260 2761 
f 4689 9670 9095 
f 5311 1153 5580 
f 7069 10954 7097 
f 10279 2503 11003 
f 2682 2703 7386 
f 917 4068 4117 
f 8476 2744 9573 
f 4117 4068 7695 
f 3904 4381 7256 
f 3684 4968 2935 
f 6380 10059 11970 
f 12406 8172 6818 
f 6561 7005 7545 
f 3434 12270 6441 
f 6986 6779 9478 
f 2102 2716 421 
f 10486 1952 6637 
f 7616 11207 10941 
f 3515 1505 3927 
f 5498 10902 1937 
f 7159 7699 7399 
f 846 3688 5485 
f 6924 917 4117 
f 289 3126 10339 
f 8691 9542 9572 
f 6449 6079 10306 
f 8159 8889 5865 
f 1441 7151 2860 
f 311 3660 3928 
f 4756 9698 5804 
f 1828 8056 11133 
f 10465 1996 2374 
f 7547 6798 7267 
f 6367 6579 6577 
f 9426 4281 9428 
f 633 11111 8438 
f 7169 11856 12099 
f 5375 3322 11229 
f 12350 12337 9071 
f 5005 7523 10713 
f 1331 2984 11467 
f 11965 11851 592 
f 365 2361 8041 
f 5501 5738 4085 
f 7569 5252 12381 
f 9830 2374 6474 
f 9130 9432 9150 
f 6149 1864 5364 
f 1702 5953 2095 
f 368 11251 3225 
f 1297 3733 5545 
f 10695 6949 8656 
f 5170 5577 6894 
f 5107 11881 1774 
f 9372 2583 7471 
f 10990 9040 1204 
f 1919 10485 9566 
f 3287 9817 5444 
f 9892 10285 10652 
f 12060 9478 12472 
f 8872 6175 7495 
f 86 7646 998 
f 5710 3987 4090 
f 646 333 9395 
f 12472 9478 10171 
f 9104 1219 12088 
f 2244 8169 8091 
f 3327 7035 4366 
f 1751 8436 8472 
f 3056 708 12177 
f 7745 11932 941 
f 4926 12444 12367 
f 5041 5316 9711 
f 8854 2122 10996 
f 10596 6397 6416 
f 10263 4017 7744 
f 5925 11645 6135 
f 7224 3892 11404 
f 2065 4065 2692 
f 7131 7680 7122 
f 3984 6001 8695 
f 6104 4929 125 
f 4666 4887 4670 
f 519 11148 8163 
f 7622 1885 1657 
f 12308 12297 6369 
f 1347 1323 1209 
f 4106 6547 8098 
f 11281 11811 7312 
f 4265 8645 4512 
f 7824 8396 8101 
f 9189 4095 3371 
f 842 8556 5609 
f 8304 11135 7021 
f 5983 1262 12171 
f 8008 8599 7981 
f 167 764 5916 
f 6958 10867 2705 
f 3871 2403 2921 
f 10107 5080 2205 
f 9452 3024 10176 
f 543 4012 4233 
f 9107 4941 6100 
f 2505 2414 3296 
f 11674 5492 1154 
f 9090 12294 11843 
f 10352 5036 6201 
f 12107 1422 9671 
f 9526 9881 10630 
f 7145 2311 9297 
f 10086 3861 1394 
f 10568 418 10438 
f 514 5860 4353 
f 6998 4931 1126 
f 10270 9527 10272 
f 3006 9107 4817 
f 1807 12393 4423 
f 2895 6430 3904 
f 10210 5038 6603 
f 4136 8453 8941 
f 606 7343 6581 
f 1565 7607 8731 
f 11924 8897 11173 
f 4065 9629 8573 
f 8721 966 5516 
f 2932 10389 2025 
f 4443 6537 10766 
f 11078 3936 4403 
f 7798 4439 12116 
f 4012 4274 4233 
f 5683 3682 2674 
f 1346 2509 5670 
f 4403 4872 631 
f 1612 9299 3476 
f 9782 11222 2570 
f 3022 12453 5891 
f 12308 6369 6565 
f 7226 6727 5985 
f 480 9834 5536 
f 2079 3780 6611 
f 3264 6358 3006 
f 5499 9461 273 
f 7208 1191 11137 
f 7864 11809 8698 
f 5987 2449 4593 
f 11966 12412 963 
f 9152 6111 1112 
f 7468 4644 8727 
f 1988 8309 7360 
f 6953 6293 6083 
f 3112 3442 8259 
f 7191 5380 9492 
f 3264 565 6358 
f 10075 789 5813 
f 6209 5306 4904 
f 565 10811 6358 
f 4495 2341 4841 
f 12248 10078 5925 
f 11962 555 3526 
f 1117 6221 3500 
f 12198 561 2335 
f 7191 9492 8742 
f 2930 3777 2574 
f 9790 10449 12036 
f 615 10811 8722 
f 6280 8369 9498 
f 4871 6639 6388 
f 11988 4338 8022 
f 4787 791 3391 
f 3161 5538 6221 
f 3161 6221 4538 
f 10697 4335 1222 
f 8225 8498 7134 
f 2445 8171 2401 
f 2664 3677 2844 
f 10817 6437 9182 
f 7001 12218 670 
f 6988 8957 7260 
f 10404 11739 5760 
f 4513 1190 3862 
f 4559 2579 10893 
f 10728 8753 10351 
f 117 3110 6931 
f 5538 3161 12293 
f 9111 11335 2984 
f 2530 5616 8895 
f 2769 2836 9936 
f 1509 6215 615 
f 182 3661 9636 
f 2401 5795 3432 
f 3893 9105 1794 
f 6656 12351 9757 
f 7968 7405 7376 
f 5955 1598 11884 
f 6831 7057 6610 
f 11065 6093 8286 
f 3897 7881 8192 
f 12049 5253 3893 
f 3408 7632 5229 
f 10929 2298 7721 
f 4350 8896 8921 
f 10454 2010 11184 
f 2452 7800 3353 
f 11884 258 9922 
f 1576 1570 1039 
f 1321 6855 11374 
f 52 775 4565 
f 7094 5788 7088 
f 4919 3414 6405 
f 3324 3547 3757 
f 11255 11594 10244 
f 9669 3931 8769 
f 4115 4511 2507 
f 12030 6021 7717 
f 11969 10995 5757 
f 9828 4415 11683 
f 2939 7121 8804 
f 10380 2639 3794 
f 10736 11806 10192 
f 10950 2706 10787 
f 7762 7487 8050 
f 6853 10213 12362 
f 4108 765 11536 
f 1788 10791 6607 
f 4121 5360 1406 
f 1304 3203 143 
f 3424 3259 8641 
f 5104 10955 6683 
f 2290 2291 2609 
f 9757 5575 5497 
f 10950 10522 6856 
f 9337 7657 1437 
f 5311 5908 11026 
f 863 6437 10999 
f 4768 5457 5227 
f 2318 1720 11417 
f 2652 8471 10213 
f 3480 11811 9403 
f 3049 4264 3673 
f 5455 9711 5553 
f 11453 12000 3823 
f 3480 9403 3646 
f 8539 833 5088 
f 6340 4394 10720 
f 10152 10895 9453 
f 7412 5500 4962 
f 1155 3910 1858 
f 4235 7319 2521 
f 6306 6121 7417 
f 1683 1785 1576 
f 1015 2780 1805 
f 2768 5917 11962 
f 5795 8171 236 
f 8360 3427 9784 
f 511 8471 2652 
f 9687 10428 11121 
f 10506 11202 11574 
f 4124 11738 10341 
f 1244 1460 979 
f 639 236 8171 
f 967 5601 6882 
f 681 8609 3091 
f 4802 10054 3711 
f 9787 9801 9192 
f 95 12265 2950 
f 9204 3805 9749 
f 12425 12166 7801 
f 11652 11280 12086 
f 9783 296 8508 
f 8029 8371 4519 
f 2665 9605 3856 
f 3537 2601 2882 
f 250 9113 1897 
f 420 1309 511 
f 5489 12061 4249 
f 6832 6610 6181 
f 10913 9344 7150 
f 12157 7528 4356 
f 4568 7782 5241 
f 10192 9182 10736 
f 7589 3456 955 
f 3919 8825 1269 
f 7305 7851 7321 
f 8090 2770 9939 
f 7409 8576 5896 
f 1657 1885 5674 
f 12313 3543 7589 
f 7959 10836 10065 
f 7435 6324 8414 
f 6017 3698 7252 
f 628 9338 1033 
f 1562 8655 1831 
f 5717 9132 1579 
f 4306 8253 11572 
f 11634 7026 10940 
f 10317 436 8813 
f 4769 7678 8473 
f 551 10763 5187 
f 1161 9254 9284 
f 2683 5242 9529 
f 5134 5173 9539 
f 8484 7137 9947 
f 3858 692 4361 
f 6360 7012 7005 
f 7429 3748 950 
f 11899 670 12218 
f 5242 9207 9529 
f 3259 781 687 
f 10606 9509 1263 
f 9538 8537 11302 
f 8777 8925 7424 
f 5947 8888 429 
f 9040 5514 1204 
f 7853 7041 7314 
f 1237 9207 5242 
f 1986 6280 9498 
f 846 4837 6446 
f 9404 8004 9101 
f 10403 4010 2218 
f 9529 9207 6753 
f 5662 2995 6128 
f 348 7053 9032 
f 1321 3762 4279 
f 9529 6753 11795 
f 5284 10148 11758 
f 4740 11413 2220 
f 7568 11976 1672 
f 1620 1383 1502 
f 9259 11426 9565 
f 4735 2679 1621 
f 6467 10622 4829 
f 6702 2085 4548 
f 3962 6118 6128 
f 6051 4461 8806 
f 3895 10623 8523 
f 5582 4454 4290 
f 791 11334 7593 
f 9050 2713 12480 
f 4962 2683 9529 
f 3195 919 886 
f 1204 9460 8254 
f 9797 5202 3468 
f 711 3273 5812 
f 10163 12060 11235 
f 10972 11037 5636 
f 8725 10084 177 
f 12160 9459 9208 
f 5519 7518 6787 
f 3291 9381 3747 
f 6404 9814 5101 
f 6598 1575 5205 
f 6188 8877 403 
f 5013 3700 10170 
f 9934 4802 4758 
f 5061 4062 5033 
f 9529 11766 7412 
f 12461 8033 6090 
f 10286 12496 1715 
f 4100 909 37 
f 3517 11543 9071 
f 10016 5272 6639 
f 10597 5525 8563 
f 7543 5861 258 
f 7303 6829 7038 
f 5980 4321 6926 
f 8211 9076 8204 
f 8877 6866 6155 
f 11188 11576 11989 
f 7380 5581 12066 
f 10926 6155 6866 
f 8033 6070 1170 
f 7412 7235 5500 
f 2849 7863 2681 
f 9342 8476 5589 
f 3914 3082 5366 
f 2357 927 3390 
f 9742 3422 2327 
f 3950 1613 8593 
f 3811 7294 4547 
f 8161 7335 11047 
f 12345 8681 11131 
f 1671 10682 8625 
f 7193 6137 7203 
f 1637 4293 4300 
f 7044 3387 7402 
f 1859 3045 8479 
f 5862 2149 4976 
f 5682 6506 6082 
f 5056 400 4423 
f 9899 9701 380 
f 5194 5994 4437 
f 7235 11598 5500 
f 9337 5471 7657 
f 8758 8623 10822 
f 11090 9543 5002 
f 2728 5739 12257 
f 7496 8632 8057 
f 2874 4187 11870 
f 2482 67 2059 
f 2412 1748 1953 
f 8255 9705 3797 
f 758 5407 12152 
f 4623 4412 4256 
f 5507 5882 4886 
f 8473 7678 8858 
f 7570 2665 3066 
f 9778 2729 7209 
f 2107 53 12408 
f 9969 10144 5970 
f 11737 5630 9515 
f 3967 1389 4155 
f 9901 6860 12081 
f 4924 8512 8821 
f 6296 7687 10502 
f 8184 9044 8766 
f 5030 656 4050 
f 444 982 8018 
f 11139 8809 9415 
f 5952 6157 5549 
f 4087 1768 7444 
f 6344 4355 10202 
f 2158 7919 6341 
f 11599 6760 548 
f 3553 146 5152 
f 4189 8879 12160 
f 4242 9707 1610 
f 1769 5187 10763 
f 10529 4275 2650 
f 9758 7084 2001 
f 9616 9624 9025 
f 11378 9873 10626 
f 10309 801 4708 
f 541 837 393 
f 6778 9550 8966 
f 829 8665 632 
f 2806 12462 2328 
f 3584 269 4059 
f 6692 12153 11942 
f 6239 6463 6696 
f 7479 6945 6275 
f 12257 5436 3996 
f 3959 2923 3755 
f 10839 4635 1416 
f 7116 9468 4210 
f 7055 5990 11529 
f 3558 12031 9467 
f 7746 9073 1951 
f 791 3619 5829 
f 9541 12027 10395 
f 8784 9328 1690 
f 8055 5344 6345 
f 11359 5977 9187 
f 8496 5746 9050 
f 2872 743 3057 
f 9364 9274 2702 
f 5650 4742 6273 
f 5102 1704 11325 
f 574 184 508 
f 6930 7437 6923 
f 5211 12401 6558 
f 10318 3359 3348 
f 1961 3917 3870 
f 1844 10401 2417 
f 6628 11434 5622 
f 1560 1399 8800 
f 4939 1056 3716 
f 4160 939 12381 
f 10645 1961 3870 
f 7836 12432 5954 
f 197 7441 7295 
f 1014 8771 1155 
f 9672 3276 7742 
f 9229 2976 3782 
f 5141 5817 355 
f 4939 9672 1056 
f 8000 362 6428 
f 3276 9672 6771 
f 6771 6821 3276 
f 3865 4279 3000 
f 12376 12375 9152 
f 10783 1621 2469 
f 6217 5509 6313 
f 2279 6048 11109 
f 11150 840 8481 
f 1411 7742 3276 
f 2709 2902 2885 
f 2981 8128 2151 
f 10883 9136 5764 
f 7402 9043 7044 
f 7050 4320 11141 
f 1926 5122 7229 
f 8679 1483 4397 
f 4939 3997 9672 
f 4681 147 8801 
f 9576 4591 1987 
f 2717 3316 2582 
f 5619 5467 8859 
f 5559 6059 5782 
f 1364 10459 8560 
f 11900 10492 12014 
f 2297 2125 2463 
f 6246 6919 6476 
f 9347 10378 5594 
f 8216 11463 6700 
f 3205 8742 4913 
f 9944 9937 9590 
f 6219 4576 8215 
f 2204 4969 11778 
f 9801 9787 10535 
f 9894 944 12353 
f 7305 7573 8127 
f 6821 4632 3294 
f 2665 2148 3066 
f 6863 6879 7100 
f 10660 7477 11175 
f 11453 164 6043 
f 6555 5079 12338 
f 10734 5288 2577 
f 10205 8730 9087 
f 3860 1700 4408 
f 6282 4638 12016 
f 5060 5724 5926 
f 8218 5922 738 
f 1272 12494 7294 
f 10648 9415 1554 
f 6545 7694 11567 
f 3655 7855 3063 
f 3864 6563 12353 
f 6119 7229 3657 
f 12353 6563 9894 
f 11066 8189 726 
f 11913 7310 4567 
f 2808 4457 4900 
f 3883 7011 4848 
f 11854 8931 10351 
f 2661 1020 3592 
f 3522 3084 3277 
f 1049 7118 5843 
f 5660 6007 2470 
f 9894 6563 12115 
f 10861 5025 7555 
f 11315 5164 7935 
f 7092 770 9894 
f 9962 7258 11684 
f 1195 6869 7091 
f 11983 3271 1452 
f 7821 10293 10721 
f 6936 10734 7338 
f 10415 5530 2047 
f 2524 2556 5048 
f 5673 9225 12098 
f 3564 539 4765 
f 4930 4323 3949 
f 2382 6188 6903 
f 3719 9370 7221 
f 12447 12266 7264 
f 4558 10580 7705 
f 931 1928 3780 
f 603 7170 2513 
f 5449 5864 5440 
f 4425 7751 74 
f 7158 9036 8221 
f 12053 2480 7250 
f 11397 11185 6835 
f 243 375 653 
f 1734 1719 2053 
f 3561 3702 11329 
f 3508 11233 2273 
f 5833 5953 1702 
f 11017 4937 604 
f 7394 2529 7765 
f 6722 11855 8058 
f 6266 6044 6263 
f 9985 7456 962 
f 11940 7489 6698 
f 2473 258 5861 
f 12084 3725 9960 
f 7575 3012 2531 
f 4884 7340 3308 
f 6969 6556 6 
f 1662 9488 11167 
f 3702 12392 11329 
f 5123 5099 7644 
f 2670 4444 8155 
f 2924 726 8189 
f 10269 6035 6957 
f 12262 6432 6915 
f 11858 8384 6761 
f 8170 2352 597 
f 8814 1106 10585 
f 10294 9754 1706 
f 1154 11621 11674 
f 1345 11043 1702 
f 9563 12440 9230 
f 3796 3216 9769 
f 3796 12146 11729 
f 3737 3586 1777 
f 4357 9721 6510 
f 6940 8832 3329 
f 8130 4546 6103 
f 4557 1921 3816 
f 10442 11556 9292 
f 3461 1929 5759 
f 10366 2417 10401 
f 1048 11009 10495 
f 7234 5700 5504 
f 9153 12367 9334 
f 7818 2450 9970 
f 6981 6568 11182 
f 8971 9546 8968 
f 5333 6204 8186 
f 10884 9206 10892 
f 8960 1860 5723 
f 3510 2088 2067 
f 2752 1207 5136 
f 729 5863 4709 
f 3631 9779 2962 
f 10081 345 1441 
f 6168 4877 5758 
f 8108 11558 1285 
f 9779 472 9047 
f 516 7275 8654 
f 1382 200 1877 
f 11172 1099 11221 
f 10142 12400 12333 
f 5711 1818 1943 
f 9390 4975 9505 
f 7864 7922 7856 
f 5755 4060 10340 
f 3211 10952 118 
f 2847 4592 7923 
f 9130 10807 9432 
f 6738 10731 2281 
f 7946 4355 3735 
f 9779 3631 2131 
f 9779 9047 2962 
f 7556 8971 8105 
f 8428 6398 4816 
f 1215 6542 6046 
f 12214 3152 991 
f 5784 8348 1720 
f 9025 8740 9616 
f 11011 7368 11388 
f 4560 6455 6546 
f 5046 10376 11206 
f 7244 9891 9548 
f 4205 12443 2414 
f 5593 154 2551 
f 10345 9310 11063 
f 7552 2960 8249 
f 6243 9367 7915 
f 9980 4340 472 
f 8581 2688 8403 
f 7578 453 11592 
f 7486 5574 4998 
f 10163 9197 10166 
f 571 7509 11260 
f 2317 11933 6797 
f 984 2610 4830 
f 9420 5891 12453 
f 3039 1520 9963 
f 2525 2718 2201 
f 4560 31 8516 
f 9472 5430 6747 
f 8513 3177 3314 
f 6609 11521 3600 
f 12396 1985 4458 
f 9161 9441 7739 
f 5895 5439 5900 
f 11071 11077 11852 
f 10974 8537 2286 
f 7871 11154 7390 
f 9705 11312 3072 
f 6445 6030 7159 
f 9003 9269 8999 
f 5077 5312 5546 
f 11683 11753 449 
f 3300 10813 1045 
f 184 231 508 
f 8365 8780 2701 
f 8892 7815 11571 
f 1879 8687 7682 
f 8178 9184 4767 
f 11150 4407 11922 
f 7653 137 5298 
f 11930 6333 5318 
f 12239 5086 2135 
f 2803 7619 6325 
f 2727 5593 1360 
f 1740 3067 701 
f 9337 11510 11917 
f 2769 4338 2926 
f 2641 1966 3030 
f 1985 3911 11994 
f 7920 7197 9043 
f 10919 10186 11634 
f 8670 1823 6637 
f 9615 5211 4348 
f 487 1974 242 
f 2080 12419 9054 
f 3179 44 8733 
f 7902 7952 11945 
f 4556 4200 3815 
f 9304 8300 187 
f 5252 173 4160 
f 9169 2110 9844 
f 4458 1985 11994 
f 2555 2520 8780 
f 10323 2932 2025 
f 12190 41 3530 
f 11805 10672 11801 
f 6109 6908 2230 
f 7649 10178 6710 
f 1127 8613 12240 
f 4978 1554 2467 
f 684 11290 9890 
f 11286 302 8246 
f 4203 9531 3292 
f 4528 8095 4341 
f 10818 10440 10448 
f 11751 12282 3417 
f 3109 11273 8389 
f 3609 10800 9960 
f 9358 11342 10916 
f 12449 4599 9588 
f 10238 11755 6940 
f 8659 4511 4115 
f 6484 5723 2518 
f 5558 2129 5 
f 12445 4408 1700 
f 10822 2671 8758 
f 5374 5605 5145 
f 30 6699 6587 
f 10318 9781 5448 
f 7125 116 8754 
f 283 2370 4917 
f 11825 4745 3525 
f 11611 3731 2234 
f 4355 7946 10202 
f 11603 10821 11092 
f 2379 3551 1248 
f 10819 10830 11548 
f 6507 3297 5517 
f 10430 10673 6555 
f 1581 1113 1884 
f 3222 8316 12172 
f 7205 11756 12186 
f 9690 10407 11128 
f 11352 3790 1155 
f 6553 495 2774 
f 3494 11197 8759 
f 1060 1416 594 
f 4265 11775 9865 
f 1151 2504 10361 
f 460 321 307 
f 2986 10797 1826 
f 4988 1763 12063 
f 1004 1859 8479 
f 1558 7428 838 
f 5897 1326 6595 
f 8671 36 2122 
f 2764 3701 8049 
f 2532 8601 6084 
f 5160 7115 9975 
f 3101 8245 5068 
f 261 11596 6269 
f 3900 9467 8159 
f 5388 5908 5580 
f 11820 12421 3443 
f 6893 12403 6848 
f 12443 4205 12394 
f 3792 6510 5616 
f 924 3488 658 
f 3652 3440 3448 
f 983 3177 8513 
f 6256 11575 7006 
f 3764 1797 9898 
f 486 12475 815 
f 10654 9551 9537 
f 8027 11069 6231 
f 3364 5525 10597 
f 12056 1089 9497 
f 1137 6416 6397 
f 1632 9968 9160 
f 9214 8051 7000 
f 6095 5843 9185 
f 3635 9426 9428 
f 1554 5424 2467 
f 12458 3747 9381 
f 1488 6622 1670 
f 7832 6822 1599 
f 5919 30 1305 
f 7010 5837 5797 
f 11089 3282 12046 
f 5177 3925 11181 
f 4864 12382 723 
f 9363 9687 10029 
f 2012 7974 212 
f 6840 5829 12474 
f 3683 11255 11956 
f 11024 8131 8256 
f 9188 353 12008 
f 5960 4863 4874 
f 6727 2605 5985 
f 10938 8269 8501 
f 5330 2313 9117 
f 9196 11089 1103 
f 924 658 3645 
f 8201 1704 5307 
f 5234 6502 6514 
f 8327 4781 399 
f 3221 1792 2447 
f 7991 4214 9981 
f 8801 11664 11660 
f 1968 8382 3323 
f 6617 4362 1295 
f 4682 11103 7523 
f 5000 7559 8541 
f 11341 10100 12239 
f 5844 5429 5836 
f 1912 1466 2022 
f 2004 5655 2039 
f 5244 10913 705 
f 1959 11735 4513 
f 478 4438 6517 
f 11930 5274 5254 
f 12189 3433 10938 
f 7896 2195 12096 
f 7970 7936 6471 
f 8438 1325 9058 
f 11743 7558 7274 
f 4771 5234 6514 
f 758 12152 9799 
f 30 5919 6699 
f 6564 5931 1795 
f 6909 10002 8432 
f 11870 4187 6183 
f 9138 11029 121 
f 8816 11888 2357 
f 2597 1940 1618 
f 10306 9864 4529 
f 1946 1310 5689 
f 8015 8600 7738 
f 408 10304 1001 
f 4173 8788 8831 
f 5358 4007 713 
f 10043 10577 784 
f 7772 1296 6448 
f 11786 2152 9148 
f 2183 5998 11234 
f 3938 12173 5681 
f 7078 8168 8454 
f 10041 2735 8167 
f 10240 598 9158 
f 7024 749 6693 
f 1306 12091 1003 
f 11164 8916 1733 
f 9664 10271 7098 
f 8503 11356 346 
f 7052 5200 6894 
f 5914 6009 5944 
f 818 1185 757 
f 4780 3919 4552 
f 6349 6789 6347 
f 10382 12464 6224 
f 10040 9808 6247 
f 2779 8398 1959 
f 11011 11388 10277 
f 7977 5600 5657 
f 6638 4511 5113 
f 6966 238 759 
f 1421 11778 4969 
f 9459 12160 2311 
f 750 10319 1420 
f 561 1780 6638 
f 7721 12491 9958 
f 11559 10506 11574 
f 7511 3002 1461 
f 6153 5075 5296 
f 12493 11650 7898 
f 8089 8667 9237 
f 10337 8831 2219 
f 4016 3308 2105 
f 8165 10525 4172 
f 1117 4811 4674 
f 11904 1511 1743 
f 7982 5461 11844 
f 10337 8045 8831 
f 1322 1980 1773 
f 11626 4318 1983 
f 4473 5094 6129 
f 9158 10318 5448 
f 3919 4780 8160 
f 1194 250 1897 
f 2876 2993 6312 
f 7195 6312 2993 
f 1602 966 8721 
f 9474 10297 10392 
f 7507 3044 10310 
f 8318 7948 4284 
f 4946 6392 1958 
f 195 6312 10947 
f 7154 11310 11313 
f 6392 4946 479 
f 1027 5808 11363 
f 6595 8301 177 
f 159 199 156 
f 11912 1518 556 
f 733 4048 3819 
f 479 4946 11609 
f 9198 126 9313 
f 1375 6766 722 
f 6391 7987 9035 
f 4861 7507 11225 
f 4672 7135 378 
f 7727 2085 7181 
f 11381 8551 10283 
f 2325 4737 8829 
f 6312 10977 10048 
f 54 5572 10675 
f 1408 7462 7908 
f 12023 9636 3661 
f 6320 7773 3550 
f 5069 9677 6794 
f 1115 11438 6773 
f 1305 6725 637 
f 5344 8256 8131 
f 10662 1731 1417 
f 2292 8492 4453 
f 11640 3102 1849 
f 3807 4391 6920 
f 287 7631 11773 
f 297 2413 1214 
f 8398 11735 1959 
f 3793 10173 8596 
f 8509 9093 9078 
f 12423 9242 11998 
f 526 5694 6261 
f 6308 5515 9646 
f 12077 4398 5301 
f 2593 2682 7386 
f 9449 1751 7389 
f 598 2955 667 
f 153 343 159 
f 6144 3095 10365 
f 4077 10024 7476 
f 4844 2829 5942 
f 378 3392 6845 
f 10635 12479 2649 
f 11215 6576 2565 
f 2687 8293 8303 
f 11773 9348 287 
f 5952 6591 6585 
f 7168 1978 10123 
f 5420 12054 10743 
f 1 12230 8092 
f 4772 4845 4756 
f 11421 8261 2302 
f 11721 7924 3359 
f 10963 11469 7332 
f 1047 11038 7710 
f 875 10392 11914 
f 11639 796 12466 
f 5290 2871 3594 
f 8894 5852 1888 
f 11999 8086 1760 
f 11381 10085 6105 
f 7847 10945 4214 
f 5829 6840 12049 
f 877 672 5735 
f 11935 11944 494 
f 10228 12229 2988 
f 331 1050 11977 
f 11792 11862 1478 
f 8376 12097 11368 
f 2375 2949 8602 
f 8924 9211 6692 
f 8573 12167 4065 
f 12470 5489 700 
f 9889 12434 9896 
f 4427 11141 4320 
f 9942 5355 8200 
f 441 7459 11996 
f 784 5697 2788 
f 2223 10472 8570 
f 11961 5010 11524 
f 9450 9971 12223 
f 5458 7175 4096 
f 7874 330 5691 
f 1076 9778 10236 
f 10553 11519 9958 
f 2788 5697 683 
f 4259 1888 939 
f 2589 2585 2781 
f 8172 10435 1908 
f 10635 9167 10300 
f 420 7539 6724 
f 6427 6508 11421 
f 5429 5834 5836 
f 11034 5015 10200 
f 11034 7397 5015 
f 667 11765 9927 
f 5141 2898 5508 
f 7507 4419 11225 
f 10525 11508 4172 
f 1464 1235 10068 
f 1745 7664 1625 
f 11036 4601 9007 
f 11265 2033 11478 
f 601 757 1431 
f 3578 7239 5494 
f 11014 7125 7560 
f 11673 5494 9368 
f 10313 2468 8224 
f 11657 703 8094 
f 5252 4160 12381 
f 3796 11823 3555 
f 4372 6451 8483 
f 185 4097 3484 
f 8760 8745 8625 
f 10118 12097 600 
f 5280 12301 11873 
f 11673 2689 5494 
f 11128 9695 9690 
f 4395 5682 3845 
f 5601 3480 3646 
f 5494 7239 9694 
f 8570 11046 2223 
f 8007 7437 6930 
f 5663 509 8329 
f 7582 2938 9085 
f 5149 7436 7357 
f 5483 5899 7481 
f 1357 9905 11093 
f 2689 11673 8363 
f 4008 2876 8627 
f 10117 9782 5904 
f 3227 3226 3026 
f 2107 5565 53 
f 838 6963 5924 
f 11950 11784 11821 
f 1385 1489 1614 
f 2815 4074 7691 
f 6544 11062 977 
f 10718 9656 6493 
f 6229 12498 12041 
f 9479 10214 470 
f 10214 6929 470 
f 7453 5627 11656 
f 25 13 18 
f 10698 10336 10706 
f 1428 5151 260 
f 4190 6955 8167 
f 5296 5075 4643 
f 4562 3485 8988 
f 7723 72 11656 
f 1719 1615 1716 
f 1702 8603 1345 
f 984 560 7478 
f 4782 11165 6681 
f 11190 11439 11173 
f 5729 470 7723 
f 4671 470 6929 
f 2643 57 11771 
f 2594 10949 6551 
f 12468 12364 12372 
f 8282 4548 12244 
f 3847 12094 2657 
f 7453 11656 72 
f 6576 5203 11274 
f 3393 800 8083 
f 5688 10126 2397 
f 7034 4312 1722 
f 1829 5765 1857 
f 3066 12327 7570 
f 1207 2752 1684 
f 11656 5729 7723 
f 11845 2756 337 
f 940 923 10473 
f 6712 10315 11623 
f 2960 3056 3582 
f 4870 261 6973 
f 3217 431 11333 
f 9280 8699 9565 
f 12278 829 886 
f 9796 8927 9780 
f 4441 7453 11151 
f 10479 10462 6957 
f 1438 7290 9727 
f 3519 2899 3096 
f 2630 6429 10184 
f 2720 9722 5785 
f 2982 5433 717 
f 3696 1890 5760 
f 4441 2439 11615 
f 7187 11340 11803 
f 3267 2342 3065 
f 10917 9146 4776 
f 742 6542 1215 
f 3063 8018 3655 
f 4240 10038 5350 
f 7674 3804 11379 
f 11389 10415 11313 
f 10975 3581 5986 
f 6295 1724 2178 
f 5973 6185 6610 
f 10035 6391 5707 
f 11039 9974 12090 
f 6514 5894 5481 
f 9722 7931 7895 
f 9525 8785 3451 
f 11482 7284 11086 
f 2302 3240 7256 
f 11571 8023 8892 
f 11841 2964 10920 
f 1947 6097 8389 
f 7092 16 1539 
f 9548 6985 11201 
f 9683 9950 987 
f 4161 2594 3666 
f 9786 11921 10992 
f 1860 11070 5185 
f 12060 10166 9478 
f 7450 3451 8785 
f 11325 6183 4187 
f 8957 9232 8955 
f 1640 1690 2805 
f 10562 10219 10575 
f 5586 7686 10396 
f 11870 2489 580 
f 1893 11337 6450 
f 908 7022 4041 
f 9408 11027 11337 
f 3017 11470 6270 
f 3538 3744 3949 
f 8946 8354 8355 
f 10958 4661 3653 
f 12390 3933 5563 
f 11841 4480 9792 
f 3542 12110 6410 
f 1681 6477 6587 
f 2096 9927 619 
f 7889 6759 5446 
f 2741 662 195 
f 4701 5637 4689 
f 7547 7811 6796 
f 10780 4451 3040 
f 10436 2238 12269 
f 3058 6376 9966 
f 5381 4073 8377 
f 10516 11565 10201 
f 9616 9290 10331 
f 649 7452 3017 
f 10127 10088 10115 
f 3674 9295 11208 
f 606 4983 3469 
f 2327 1150 9742 
f 8600 9150 9434 
f 434 1976 6453 
f 8229 6472 12118 
f 8037 5938 4247 
f 6830 6625 10143 
f 371 12144 9060 
f 8976 4044 7769 
f 6603 7142 9258 
f 11601 11082 7725 
f 7657 5897 9098 
f 1169 1579 9132 
f 5323 4086 5753 
f 4836 4264 3875 
f 8559 2546 10255 
f 705 7442 903 
f 8030 8607 8611 
f 5626 5580 1153 
f 8984 9008 5266 
f 9852 2477 7928 
f 4646 10148 5284 
f 377 520 375 
f 9618 8748 10350 
f 8765 7658 8247 
f 9431 8418 5631 
f 7071 3515 10799 
f 6620 4952 1772 
f 7938 8281 20 
f 2607 4627 3116 
f 6174 3942 7874 
f 5752 280 2940 
f 7941 7937 7918 
f 4661 6408 3328 
f 9097 678 7953 
f 5817 1361 2299 
f 2627 3090 6549 
f 10546 3482 3373 
f 703 5133 12221 
f 11721 6010 7924 
f 5264 5700 5037 
f 7823 9228 2740 
f 3032 2544 2639 
f 5003 4015 4201 
f 1844 11131 10401 
f 2506 2945 6650 
f 738 5922 11258 
f 4238 7328 9248 
f 10089 6954 4503 
f 11800 9317 1723 
f 9579 9003 9273 
f 8611 9161 7739 
f 8755 9649 3644 
f 9852 634 2477 
f 8319 11410 910 
f 9852 5686 634 
f 289 10339 4624 
f 3829 3204 3841 
f 6774 3536 3495 
f 4200 3181 3626 
f 10620 3398 1637 
f 5666 5343 9350 
f 7577 6634 4935 
f 4874 4657 2857 
f 2553 6113 692 
f 949 10000 8039 
f 12047 5796 10695 
f 8718 3107 2190 
f 1008 12104 7643 
f 4537 11924 2560 
f 5200 7052 5666 
f 11103 2441 7523 
f 8755 11013 9649 
f 12132 10979 9858 
f 2879 12104 7902 
f 9028 10802 5485 
f 9888 10272 9527 
f 6126 9818 12450 
f 10558 10948 11676 
f 1450 2747 2804 
f 3767 12418 8540 
f 11276 1692 9219 
f 8944 1285 5466 
f 12450 9818 8123 
f 11323 11306 11311 
f 3492 4675 4301 
f 760 8592 4205 
f 2581 11632 2554 
f 557 5577 1184 
f 4038 12370 6064 
f 1837 8375 1724 
f 11418 4026 4940 
f 2951 121 2112 
f 9050 5746 3939 
f 1347 1339 1330 
f 3052 11021 717 
f 4595 4199 9068 
f 9603 6124 3496 
f 1428 260 3458 
f 1369 9272 7124 
f 10594 10590 11804 
f 10141 614 3146 
f 1475 9621 7591 
f 2020 3396 1852 
f 4822 3239 2154 
f 10380 3794 6987 
f 4727 5820 518 
f 4895 5776 6191 
f 1067 9631 5638 
f 3205 4913 11827 
f 6838 10643 7079 
f 9575 5254 2928 
f 4464 6426 7518 
f 9038 1971 662 
f 4763 10384 3520 
f 6703 12365 8764 
f 6491 2928 5254 
f 10735 11552 5427 
f 3688 699 7253 
f 1842 1658 8504 
f 8116 2866 8590 
f 6478 309 361 
f 2442 1175 12238 
f 9674 10475 4724 
f 4006 3944 6865 
f 12223 8145 1550 
f 8290 10517 1941 
f 3661 182 11186 
f 1743 9394 8118 
f 1629 8761 797 
f 2112 11029 993 
f 6144 3055 1715 
f 7789 2758 7180 
f 8471 1309 2765 
f 5662 4862 5398 
f 9137 8840 8855 
f 3216 11350 11336 
f 8366 7545 7270 
f 11546 5025 1771 
f 476 579 4835 
f 4093 8696 6245 
f 4773 9170 7983 
f 4234 783 348 
f 9855 5611 10552 
f 7719 2851 6578 
f 3490 9575 8718 
f 7294 3811 1272 
f 3902 11250 3356 
f 2003 2365 2865 
f 7104 4810 7885 
f 9041 4633 8557 
f 7375 4633 9041 
f 7079 3698 6838 
f 12219 7368 11774 
f 570 1601 8323 
f 11817 7375 9485 
f 10374 1158 1574 
f 3309 6245 8696 
f 8960 12480 1860 
f 11213 3344 6869 
f 5191 2042 2198 
f 6264 11710 1616 
f 8048 12378 609 
f 9041 4910 2917 
f 12347 3160 4157 
f 7300 1007 2233 
f 8555 4096 11613 
f 6551 2897 1833 
f 10411 3351 8990 
f 6871 202 6702 
f 1392 11416 7258 
f 7377 2917 3105 
f 5352 6012 6061 
f 10175 9930 2497 
f 11780 8976 12168 
f 833 8539 4956 
f 6241 11252 183 
f 5708 11677 7759 
f 6974 9213 7063 
f 3272 1497 2397 
f 4519 1978 11107 
f 3584 4059 7433 
f 395 2105 5692 
f 88 4117 7695 
f 8919 4833 11938 
f 5199 2225 12177 
f 6298 1359 4471 
f 8486 1529 2499 
f 4017 10700 7733 
f 9319 9647 5792 
f 9168 10109 10112 
f 662 2741 9038 
f 2410 5950 9652 
f 10246 12064 7042 
f 3107 6491 10509 
f 12372 3428 11972 
f 4848 10741 4585 
f 7628 9263 6924 
f 1218 1457 2009 
f 2488 3251 6420 
f 5194 2966 5994 
f 1569 11568 3342 
f 2313 6003 9117 
f 5552 11742 12478 
f 5173 1955 5664 
f 10557 5679 4786 
f 3297 9009 2654 
f 5657 9500 182 
f 10583 10231 9835 
f 2323 3191 7129 
f 8721 7477 10660 
f 2409 5337 10649 
f 555 6557 3526 
f 1448 10095 5524 
f 8486 5641 1529 
f 6611 2968 3444 
f 4353 1395 11294 
f 10610 2861 9057 
f 865 1157 1281 
f 6472 8229 5299 
f 2374 9830 10465 
f 5793 11538 2376 
f 1876 7920 12185 
f 10557 10596 5679 
f 10297 7666 2799 
f 4500 3000 6326 
f 9419 8614 9382 
f 4963 10484 687 
f 10497 1782 7286 
f 4729 3555 4627 
f 5060 3448 4066 
f 796 1828 10165 
f 1346 3501 6663 
f 2374 7177 6474 
f 130 7163 1245 
f 2484 3791 7711 
f 9683 6815 9950 
f 9697 7029 12245 
f 4328 11879 2522 
f 9257 7837 8997 
f 8486 4146 5641 
f 8813 10951 2424 
f 7514 4028 2941 
f 3310 2387 2058 
f 2950 12265 1574 
f 11663 2950 1574 
f 10815 4618 9619 
f 1297 5545 4949 
f 5545 11600 4949 
f 7064 9026 7327 
f 7 11248 6719 
f 7637 7342 8279 
f 1723 10458 12204 
f 206 9681 11229 
f 8214 5022 4791 
f 2013 5179 7008 
f 11105 10125 8265 
f 8939 9356 1412 
f 12067 11263 11270 
f 12206 5396 4246 
f 6908 6544 977 
f 11197 7775 8759 
f 8360 10963 3427 
f 8393 12488 10732 
f 11417 1720 12346 
f 11924 2730 11140 
f 8253 12251 8231 
f 9929 1134 12486 
f 2726 3527 7789 
f 9465 8620 9462 
f 6027 12307 9718 
f 10851 6000 5556 
f 12484 1423 4584 
f 6100 4920 11168 
f 2561 2220 8833 
f 6024 6061 7400 
f 9830 6474 4265 
f 11532 12127 5051 
f 10259 7194 7778 
f 5241 2170 6761 
f 9752 4034 11449 
f 10037 2206 2041 
f 9933 9837 5539 
f 5196 4536 947 
f 5002 2084 11090 
f 9045 7464 4615 
f 5255 1670 6622 
f 4927 10563 12116 
f 3123 4170 11175 
f 6274 11382 1337 
f 624 5496 5167 
f 1866 646 9395 
f 4612 6003 11413 
f 2711 2887 3084 
f 2362 7798 10563 
f 6482 11238 4568 
f 11978 5962 4727 
f 8294 9107 6100 
f 9046 11065 4566 
f 5385 5386 5153 
f 6022 6232 6230 
f 12182 11130 9884 
f 3418 9036 1754 
f 9572 9595 8691 
f 4479 7886 3915 
f 9815 5539 9731 
f 5421 4573 12116 
f 7891 2067 2104 
f 1286 2640 4347 
f 3079 3814 1105 
f 5843 7118 3269 
f 7795 9584 9359 
f 1827 7247 7219 
f 7461 4070 6283 
f 11100 9983 10728 
f 972 2467 1408 
f 9975 3636 5840 
f 5614 5382 5392 
f 12323 6193 6761 
f 4585 5473 11834 
f 2782 5951 7443 
f 552 80 2947 
f 4872 1117 631 
f 9110 12091 10866 
f 3847 2777 7647 
f 563 3867 1371 
f 11326 5489 4249 
f 238 8954 9172 
f 1639 1519 1628 
f 3127 5850 6132 
f 6399 1106 7825 
f 311 6078 1382 
f 464 12116 4439 
f 7381 6896 7134 
f 11548 10853 12373 
f 12013 2503 7406 
f 7527 6131 6130 
f 6436 6296 3139 
f 6232 7134 6896 
f 9444 547 7620 
f 7462 12262 6915 
f 7665 2523 5706 
f 5421 12116 10494 
f 10388 10484 10373 
f 11080 9036 3418 
f 11435 477 6554 
f 6557 12053 8809 
f 1274 4778 6549 
f 5538 3500 6221 
f 4476 12106 9522 
f 6550 8137 4504 
f 4173 9116 3995 
f 9048 2619 4583 
f 3722 11299 9359 
f 8088 8761 10560 
f 2288 11250 3902 
f 2453 3385 1102 
f 8251 10912 5036 
f 8722 1509 615 
f 1361 4515 4880 
f 1647 4523 4259 
f 6338 3960 10494 
f 8091 52 3059 
f 10917 1817 6156 
f 4280 9023 7062 
f 10494 3960 5421 
f 4041 9105 5253 
f 7291 7243 4905 
f 1303 9872 12279 
f 10608 11848 2805 
f 4510 3559 3974 
f 2532 3779 2595 
f 7299 6215 12362 
f 7109 12293 7713 
f 3195 6967 961 
f 9904 12362 6215 
f 1440 5634 9341 
f 11281 7095 1604 
f 10164 1605 7987 
f 10028 9667 9998 
f 229 791 12385 
f 3886 3471 3882 
f 3956 11570 7393 
f 4465 11820 11900 
f 4363 5660 9412 
f 890 6793 7478 
f 7779 8334 8068 
f 83 4475 1569 
f 12079 212 4101 
f 861 4294 9593 
f 7370 7640 6879 
f 12026 4142 4112 
f 5491 457 5329 
f 1992 4102 5534 
f 8099 8096 8101 
f 6944 8622 2764 
f 4966 1110 9853 
f 6260 1239 11298 
f 12300 6045 2622 
f 600 280 10118 
f 4131 3822 11916 
f 3141 4748 19 
f 4992 8688 3034 
f 796 4442 1091 
f 7174 2656 10360 
f 10065 10836 3963 
f 562 2176 2130 
f 9276 7737 8464 
f 200 9720 7773 
f 11216 8197 12145 
f 8755 11572 8119 
f 6785 3850 8799 
f 11278 9072 3566 
f 1999 12134 4243 
f 1999 830 12134 
f 5078 9776 7323 
f 7457 2532 8736 
f 517 7410 8065 
f 11805 1328 12220 
f 1147 1265 1264 
f 5542 8598 5309 
f 9116 4173 1901 
f 11707 48 6241 
f 3159 2942 3142 
f 11693 5246 11298 
f 6280 9948 11496 
f 1140 511 2652 
f 4846 6683 11242 
f 6855 1321 10268 
f 1107 43 9264 
f 3335 2942 3136 
f 5473 10921 4153 
f 10452 14 12313 
f 12167 8573 5118 
f 9150 9432 9434 
f 4054 8223 5054 
f 7800 5579 866 
f 11725 5148 1822 
f 2245 236 639 
f 11633 10715 9118 
f 9348 8488 8453 
f 9276 8464 7689 
f 4288 4666 4670 
f 4015 4223 4039 
f 12333 12400 5313 
f 2868 2177 2693 
f 3675 2051 6615 
f 12375 11147 6111 
f 7650 7652 7371 
f 2605 2248 5857 
f 9402 10840 4837 
f 3342 83 1569 
f 6285 955 3312 
f 2895 3904 7256 
f 10933 4784 5644 
f 3392 9826 10561 
f 10918 5407 4855 
f 6498 9775 9982 
f 6480 9110 10866 
f 2693 1803 2196 
f 2525 3267 3077 
f 2245 2509 7126 
f 7188 7589 955 
f 7836 5954 4734 
f 8891 9004 420 
f 7770 718 10335 
f 9742 9822 768 
f 447 1170 2275 
f 6794 4016 5040 
f 5884 6306 11407 
f 10506 11209 11202 
f 1759 2607 5119 
f 3749 10914 11874 
f 9612 4316 10978 
f 2408 248 9113 
f 5662 6870 6285 
f 8891 5207 1237 
f 6753 9207 5207 
f 8842 6625 10508 
f 9660 3955 11219 
f 1557 10102 5458 
f 11645 5925 10078 
f 10487 1401 7921 
f 3388 10031 11641 
f 4913 6314 3008 
f 5229 10756 2625 
f 8223 7932 8215 
f 6118 5662 6128 
f 4088 9628 9568 
f 552 2947 12163 
f 9277 6411 8081 
f 10468 8869 8568 
f 6955 10041 8167 
f 7107 7639 7650 
f 3372 9548 772 
f 2812 4653 9261 
f 2966 3539 6094 
f 1724 8375 2178 
f 7424 5947 8777 
f 5323 4436 4086 
f 12190 9881 10998 
f 45 13 25 
f 7625 5869 11757 
f 5480 878 11891 
f 4658 4302 10775 
f 641 8248 5581 
f 2483 2490 2159 
f 3174 5327 8135 
f 1407 11465 7586 
f 2731 5202 9797 
f 883 3887 7701 
f 4981 2969 1480 
f 6271 6066 5457 
f 10655 4928 9831 
f 887 818 307 
f 4905 8397 7291 
f 9280 10699 8423 
f 2898 5141 2042 
f 12461 6090 5807 
f 526 6261 6975 
f 4526 10746 9400 
f 3136 3341 3974 
f 2842 12072 4324 
f 10737 10883 11807 
f 10835 2361 10176 
f 3575 10045 9119 
f 8429 4042 9644 
f 10056 957 7284 
f 7471 8716 4197 
f 7951 403 6155 
f 1316 1431 1661 
f 9275 4481 3861 
f 319 12403 6893 
f 8630 8334 8330 
f 1011 10614 3916 
f 12057 7536 3288 
f 5117 4391 3807 
f 7715 7704 8002 
f 8114 7831 9249 
f 9606 8643 5659 
f 11638 10279 11003 
f 1890 6744 10404 
f 2728 8288 12325 
f 10760 2406 6562 
f 5603 10794 4903 
f 3809 10926 10793 
f 10486 6570 1367 
f 7077 3958 6407 
f 3108 3459 6855 
f 9539 5664 9064 
f 8921 3266 5275 
f 11974 7235 7412 
f 11715 11069 4399 
f 1004 8479 8598 
f 8526 11946 1501 
f 11996 8615 8681 
f 6445 6861 6651 
f 8384 5241 6761 
f 9024 7091 6176 
f 7289 5337 2409 
f 10382 3112 6839 
f 8419 8710 11570 
f 833 4956 6874 
f 6070 2728 2275 
f 10628 379 148 
f 8316 4613 7268 
f 2406 3291 3747 
f 7318 11573 10383 
f 9351 2076 8260 
f 3322 7976 1673 
f 7400 11324 2130 
f 5312 6577 5948 
f 5073 1257 10489 
f 4026 341 6291 
f 2588 5942 2829 
f 3809 6155 10926 
f 7304 5866 9984 
f 5993 5940 5849 
f 1857 10904 1909 
f 2728 12257 2275 
f 5785 3485 716 
f 9673 9101 7155 
f 877 11421 1172 
f 3924 118 10903 
f 12383 5057 12167 
f 5491 1382 6078 
f 7732 9994 10033 
f 12325 12257 5739 
f 10144 11598 7235 
f 8260 9048 9351 
f 3618 10184 10658 
f 5879 4847 4978 
f 9743 7716 5730 
f 1259 1267 1264 
f 9308 232 7500 
f 1414 1649 1017 
f 10194 2855 9919 
f 11068 4405 5180 
f 4616 8647 9181 
f 7707 10875 12054 
f 8424 12187 3220 
f 4259 6822 4376 
f 10120 3708 10815 
f 2661 8432 1863 
f 8827 7482 9635 
f 7032 9984 5866 
f 2911 3104 3744 
f 1676 3855 7401 
f 8912 9411 9255 
f 6225 6355 4022 
f 4576 8884 8215 
f 11431 11819 12222 
f 9688 12042 10616 
f 628 9483 4032 
f 1183 5436 11471 
f 7245 10899 6124 
f 6066 6502 5234 
f 10366 12368 2417 
f 9452 12113 3024 
f 6809 3606 2495 
f 86 850 7966 
f 11316 10992 9764 
f 8303 10612 12430 
f 5970 10144 10265 
f 10029 9668 9363 
f 6756 5880 11591 
f 7577 5577 10686 
f 5262 5939 4300 
f 3095 589 10365 
f 10883 10973 9136 
f 3917 3864 3249 
f 1819 9685 3885 
f 11632 12425 7801 
f 2328 12462 7387 
f 3551 1916 4533 
f 12198 9218 12359 
f 990 2273 9601 
f 9678 8940 6156 
f 9462 11986 12017 
f 6341 7919 1910 
f 11313 10415 6647 
f 7770 10335 163 
f 5199 9902 2225 
f 4651 9769 7858 
f 4209 165 9528 
f 6288 6732 6087 
f 5417 6072 5687 
f 2419 5856 642 
f 10607 6771 9672 
f 6606 6154 10522 
f 9935 9062 2254 
f 3335 3142 2942 
f 8140 7853 8410 
f 3386 3231 4400 
f 7640 7100 6879 
f 8087 12109 5107 
f 6188 2892 2364 
f 1734 1836 1628 
f 9885 3697 8268 
f 2910 4596 4379 
f 1870 8546 9654 
f 1104 6397 1018 
f 12335 9976 2723 
f 6019 711 5812 
f 10298 9223 10592 
f 12157 105 4422 
f 7848 6597 8944 
f 7857 6602 7212 
f 6901 6213 3758 
f 10197 9010 8035 
f 5616 6510 9721 
f 8027 8998 11069 
f 3923 11145 758 
f 1799 10644 80 
f 12376 11553 10843 
f 10478 8778 4195 
f 10481 3642 467 
f 6794 122 11316 
f 3733 5632 5545 
f 982 10789 4189 
f 3300 10508 6625 
f 10528 1494 5122 
f 12413 8393 1685 
f 3583 9128 943 
f 4502 3364 11920 
f 6812 6809 2495 
f 4823 10880 2042 
f 4632 10528 5122 
f 11666 5416 141 
f 6214 514 6599 
f 508 231 510 
f 2626 431 5565 
f 7739 9441 9436 
f 822 9697 6765 
f 10731 8149 10209 
f 8964 11117 2152 
f 944 9894 770 
f 8122 1311 7083 
f 2482 9734 4158 
f 1880 413 11688 
f 1699 9342 5180 
f 1525 1526 1414 
f 11781 9369 3672 
f 8523 3800 1026 
f 11616 12437 11230 
f 6189 2924 11134 
f 1642 1543 1748 
f 10884 10892 5428 
f 11474 11225 8587 
f 4678 7249 3198 
f 11244 10179 10535 
f 1689 2768 1835 
f 7766 6531 6143 
f 11675 10215 1772 
f 9370 839 7221 
f 11432 3190 8475 
f 3982 9180 6313 
f 756 7524 11913 
f 483 6284 3546 
f 10705 3817 1706 
f 6337 5042 5513 
f 1291 1288 1162 
f 4639 8341 6660 
f 7362 10820 5896 
f 12469 12086 1579 
f 3217 9347 10505 
f 7092 1539 770 
f 7229 3257 16 
f 3078 10684 4977 
f 6427 877 5735 
f 12393 9129 4423 
f 4056 3865 6717 
f 2146 8649 10413 
f 350 7020 5763 
f 4594 4605 5264 
f 10360 10375 11693 
f 3153 5184 9686 
f 1766 7398 8386 
f 11494 11030 9707 
f 12216 3718 2394 
f 10226 7140 11760 
f 2763 2937 2576 
f 10370 10085 7841 
f 7221 1930 3719 
f 3742 2773 11799 
f 3718 11745 8756 
f 9723 10050 9383 
f 10915 7189 2023 
f 8367 623 1021 
f 10851 5941 6000 
f 6874 841 833 
f 12216 11745 3718 
f 3104 2381 2901 
f 4844 2057 4641 
f 1376 627 1135 
f 8543 1931 1089 
f 10658 10413 8649 
f 1452 2328 7387 
f 6174 3453 8020 
f 663 825 820 
f 10412 9387 10785 
f 2399 2794 6382 
f 9937 10293 8997 
f 5651 3438 2772 
f 4101 212 7974 
f 4567 10089 6240 
f 8325 8910 7493 
f 11243 8446 876 
f 2429 2027 9953 
f 5360 5214 12421 
f 7533 4056 7754 
f 1296 12266 2023 
f 11969 5351 4774 
f 12333 314 4465 
f 7379 5789 7857 
f 4567 756 11913 
f 1586 1811 2003 
f 4888 11211 983 
f 11911 11894 10967 
f 2533 7126 2509 
f 6158 11062 4113 
f 5476 7725 8825 
f 2229 4648 2334 
f 550 756 4567 
f 3813 10942 9028 
f 839 194 973 
f 4620 659 8875 
f 9918 9831 9982 
f 8814 9763 8541 
f 411 233 10823 
f 2776 4116 7170 
f 9839 6240 3009 
f 220 3221 12346 
f 8076 9159 11466 
f 3085 1139 4241 
f 7718 7165 6925 
f 8597 10945 3694 
f 1837 1724 4821 
f 4451 10586 5190 
f 3419 6787 6426 
f 3966 2935 1336 
f 9819 11794 3571 
f 9143 10461 4125 
f 2421 1726 1741 
f 4465 4333 11820 
f 2877 9915 9876 
f 7580 7031 6585 
f 9411 5674 7469 
f 1510 7073 3478 
f 7706 11097 10827 
f 4390 5528 1979 
f 2166 5917 2768 
f 11062 1776 4113 
f 4279 1198 6326 
f 5189 5786 6250 
f 7919 8647 1910 
f 10089 4503 3009 
f 10336 10698 11044 
f 3888 6538 9229 
f 3009 4503 282 
f 1201 7095 9493 
f 2448 2276 2589 
f 9133 12226 8889 
f 472 9779 9980 
f 5626 1153 6759 
f 5771 912 1365 
f 11581 4990 1424 
f 5816 5409 4938 
f 6167 5437 12483 
f 6167 5872 5437 
f 6477 4023 6552 
f 7933 10629 648 
f 5952 6168 6591 
f 10164 3585 6475 
f 7385 2527 922 
f 4826 5527 5063 
f 477 7486 4998 
f 8126 11828 11221 
f 1682 4470 1121 
f 2963 7902 1008 
f 7206 8528 5863 
f 11620 11687 21 
f 9392 4619 11768 
f 5959 6594 6832 
f 12181 11395 11388 
f 8840 9137 9745 
f 11919 1905 3501 
f 6816 5370 6405 
f 5800 7325 2376 
f 11221 1099 10450 
f 10353 5111 10972 
f 4090 2193 8327 
f 2818 8012 10799 
f 3954 3950 11432 
f 8223 1387 10049 
f 11941 8161 4211 
f 8958 9742 1150 
f 1664 3572 8250 
f 4140 7277 11511 
f 3206 119 1906 
f 9389 8844 8525 
f 1405 590 6267 
f 2472 4363 6076 
f 5110 7548 6538 
f 7665 8749 7636 
f 1531 7275 8802 
f 11552 10735 868 
f 11623 8195 6712 
f 11453 1505 12000 
f 2613 8094 703 
f 5289 9033 5403 
f 6888 6084 4891 
f 5860 514 6214 
f 7955 12018 2154 
f 9556 4387 11425 
f 3820 301 4043 
f 1193 6387 5012 
f 11740 8833 2220 
f 1290 6915 10136 
f 79 8317 7515 
f 5353 11487 10511 
f 1886 1113 1568 
f 952 8802 3426 
f 7544 10225 4813 
f 298 8201 11911 
f 3321 10302 2032 
f 5237 9506 11007 
f 5454 2903 10657 
f 2180 473 9156 
f 9589 8717 9267 
f 498 3311 3686 
f 5574 10125 4998 
f 6481 3193 686 
f 2282 7137 7395 
f 2740 9228 4908 
f 7587 9776 6542 
f 7319 10526 2521 
f 616 268 264 
f 12141 12468 8599 
f 6668 1063 2927 
f 7263 5901 7922 
f 5839 2695 8677 
f 2124 9847 11507 
f 5915 270 11676 
f 9661 4719 952 
f 1854 73 1653 
f 2672 2003 2865 
f 5699 8068 7241 
f 8275 11584 11593 
f 11391 9755 9482 
f 2200 11606 12001 
f 7760 9034 12010 
f 5070 3551 1040 
f 7794 369 9752 
f 9051 6049 10489 
f 8163 10457 11562 
f 3005 11176 1981 
f 6769 11205 209 
f 10390 416 11950 
f 10559 12430 3976 
f 11535 4864 723 
f 3596 4193 3802 
f 1746 7098 12195 
f 2939 1841 10512 
f 1841 2939 6503 
f 8820 4532 5408 
f 10238 6940 1609 
f 7949 7954 11885 
f 2783 2789 3181 
f 9397 12001 8531 
f 11441 8920 8786 
f 4741 5853 4543 
f 1932 896 680 
f 8346 8917 8053 
f 5722 5687 5621 
f 1385 1278 1275 
f 7943 4740 2220 
f 10568 7535 5518 
f 11971 8124 8689 
f 5535 8670 8582 
f 7080 7887 7627 
f 7338 2916 7133 
f 7190 1221 9545 
f 11793 4213 1533 
f 4098 8713 3038 
f 9460 1126 1784 
f 6489 8305 7247 
f 4109 9804 6503 
f 11290 12267 9583 
f 11191 12193 7815 
f 524 6104 303 
f 11555 2716 8529 
f 10333 10308 5706 
f 12492 9867 6589 
f 2336 7444 10471 
f 4635 10996 2122 
f 1133 1228 1226 
f 8939 1622 8702 
f 10703 11837 443 
f 8202 3604 11549 
f 11118 10771 11504 
f 10985 3091 12233 
f 2673 12315 4804 
f 1323 1330 1322 
f 10979 10606 9858 
f 11494 9713 5095 
f 146 372 1053 
f 8613 1110 4966 
f 4266 8349 10841 
f 10207 10554 10190 
f 2133 7891 2104 
f 7842 10194 7087 
f 4199 9662 9068 
f 9335 3610 1343 
f 8525 8237 7941 
f 5525 3628 389 
f 3893 11334 12049 
f 8746 4092 9204 
f 7415 4609 6813 
f 5267 10091 7029 
f 3488 7415 6813 
f 12232 9466 457 
f 11853 7103 6384 
f 3488 6813 658 
f 10876 4380 2904 
f 392 321 601 
f 7439 9060 1051 
f 78 3818 3589 
f 6364 7767 7360 
f 9391 10876 3282 
f 6275 6945 6496 
f 8451 8151 12334 
f 353 693 12008 
f 277 11701 12119 
f 11050 507 4435 
f 5337 6599 6677 
f 11036 9007 3604 
f 180 4378 4320 
f 11452 6113 2553 
f 8671 2122 4380 
f 5397 3775 1947 
f 2055 1093 7730 
f 10351 8931 11476 
f 8290 8814 8541 
f 3418 3604 9007 
f 4422 105 6110 
f 183 11707 6241 
f 2380 554 12258 
f 9031 11760 5202 
f 9549 7063 9213 
f 12397 1310 6648 
f 4364 8652 11986 
f 12210 2079 10775 
f 1929 3461 8726 
f 3707 3690 4288 
f 8914 8060 7237 
f 2923 4149 3117 
f 1311 4849 11392 
f 9235 4554 11255 
f 10451 8734 1977 
f 8712 4626 11892 
f 5235 5442 1635 
f 6537 12079 10766 
f 8972 3854 9420 
f 3311 3072 9689 
f 5780 6895 2563 
f 3313 8324 11577 
f 1536 6564 1795 
f 5240 1948 1938 
f 10739 9506 5237 
f 2572 10011 8499 
f 10739 11483 9506 
f 5457 4768 4564 
f 2514 2166 5885 
f 4843 5065 4826 
f 10676 3286 10501 
f 2710 5689 10420 
f 8079 5706 2523 
f 5423 4356 9482 
f 664 4693 7528 
f 9637 5408 11279 
f 2844 3677 3471 
f 5635 11842 2461 
f 4364 11986 9454 
f 2597 2545 11422 
f 5556 2418 11955 
f 1548 6809 6812 
f 3370 11620 5566 
f 3766 4821 6295 
f 2891 9022 9594 
f 535 7507 4861 
f 9605 2665 8868 
f 12188 12184 10652 
f 6171 5959 5753 
f 8787 11520 7191 
f 12462 118 3924 
f 2380 4700 5357 
f 1733 6350 7112 
f 6667 6019 2817 
f 12179 6498 9982 
f 11675 12095 5020 
f 3980 783 4234 
f 253 305 243 
f 7792 5240 1938 
f 11453 3823 164 
f 5035 186 7552 
f 8890 8582 6937 
f 8602 408 2375 
f 12136 12342 2048 
f 10111 11741 6872 
f 8507 2270 5984 
f 7063 9549 7086 
f 7387 10890 1452 
f 945 1288 1157 
f 8138 579 476 
f 3585 10164 5394 
f 12193 6669 10761 
f 1401 1839 7921 
f 9733 11788 3050 
f 3097 895 4528 
f 6593 7307 10900 
f 4077 1363 10577 
f 12260 7373 12277 
f 8771 9522 4296 
f 1777 6566 3737 
f 6951 2016 4683 
f 7672 11248 1915 
f 1829 1783 6775 
f 8784 138 9328 
f 1911 1885 3080 
f 486 815 10237 
f 58 12320 8489 
f 11585 11791 203 
f 4962 2615 2736 
f 2898 3643 5576 
f 429 2020 7090 
f 9079 2936 996 
f 6383 10584 7156 
f 895 2755 7164 
f 3080 3223 2590 
f 2794 1634 6382 
f 10961 365 2676 
f 4569 3797 9705 
f 11049 3426 12243 
f 11174 11587 10496 
f 6085 8548 10614 
f 10874 11192 6609 
f 4892 8192 6721 
f 1485 9352 6575 
f 7195 2993 479 
f 4579 5056 2404 
f 7386 11027 9408 
f 12237 4196 6423 
f 1720 6959 3672 
f 11359 7139 62 
f 7288 10709 1692 
f 8302 11946 1967 
f 11345 10977 7195 
f 5170 2428 6678 
f 9945 8191 9794 
f 4544 2444 5876 
f 4030 7389 12361 
f 10685 5542 10705 
f 12146 3712 7561 
f 12361 10947 4030 
f 99 70 45 
f 10947 11345 4030 
f 11107 1978 10024 
f 3942 9296 2064 
f 2046 3321 2032 
f 10947 10048 11345 
f 12166 12425 11528 
f 8394 8983 8992 
f 2744 8207 2956 
f 10199 9912 5968 
f 5268 5705 5043 
f 12429 12017 7247 
f 9789 5348 7904 
f 11378 6466 7975 
f 5321 3714 9323 
f 6224 9468 9348 
f 9449 6469 1751 
f 11043 3529 5147 
f 10794 5603 3170 
f 4653 8728 2924 
f 9468 287 9348 
f 11313 9250 7154 
f 9635 9840 8827 
f 1978 1490 10024 
f 1490 7476 10024 
f 6052 11462 11648 
f 10503 10413 11892 
f 3984 9468 6224 
f 6603 6997 2264 
f 8440 971 7892 
f 8311 8994 11925 
f 5701 4517 8762 
f 11719 11904 3044 
f 6465 1352 3759 
f 11676 12067 11270 
f 11492 5400 7172 
f 6226 5653 6697 
f 4681 6328 8739 
f 11706 10289 7845 
f 5350 4081 6535 
f 11951 7147 4061 
f 8495 5248 11134 
f 8376 600 12097 
f 12198 7420 1780 
f 9895 10272 9888 
f 4640 6351 5935 
f 112 2543 4082 
f 2965 4554 5597 
f 5820 4727 2772 
f 8118 10310 3044 
f 3824 7785 9325 
f 9037 3241 868 
f 1206 1319 1208 
f 11250 1080 3356 
f 4327 599 11728 
f 1989 1887 1785 
f 7355 5316 5319 
f 3119 1203 3069 
f 4256 3454 3874 
f 3027 8435 6343 
f 802 10188 2062 
f 3091 8609 7693 
f 11993 1810 3111 
f 8223 10049 5054 
f 4913 8742 6314 
f 5785 8988 3485 
f 8795 625 5871 
f 9770 11380 8515 
f 2192 1940 10192 
f 9540 3212 11533 
f 8746 3634 4092 
f 10387 4331 6412 
f 5462 5245 5003 
f 9769 11365 11823 
f 10474 3050 11788 
f 10888 12245 10091 
f 4233 8575 3835 
f 9469 5160 3473 
f 5551 6806 15 
f 2788 4791 784 
f 10131 2331 1856 
f 7785 6390 5363 
f 110 185 3484 
f 1054 7342 11034 
f 10304 5903 315 
f 11310 7187 11803 
f 8981 7837 9257 
f 12265 11064 6899 
f 11803 11389 11310 
f 10132 10390 4317 
f 10774 2439 3366 
f 4562 7058 2568 
f 7032 5116 4274 
f 8316 4463 7396 
f 7055 2567 6069 
f 110 7058 185 
f 6692 9211 7263 
f 5125 7309 9358 
f 9694 7239 10214 
f 10214 7239 6929 
f 10509 12363 5367 
f 7058 4562 42 
f 6365 850 743 
f 11802 5640 9127 
f 4521 5198 9793 
f 11044 9944 9300 
f 6890 1875 12100 
f 7716 2824 5730 
f 5139 5366 5788 
f 12281 4550 9329 
f 1740 1725 3067 
f 7479 8612 8605 
f 8586 9085 9599 
f 1378 1717 1460 
f 10059 6380 12254 
f 6286 6275 6055 
f 11372 11429 650 
f 5729 11656 8383 
f 4698 9957 3669 
f 7038 7866 7844 
f 6675 470 5729 
f 5994 6094 11818 
f 2218 2600 11990 
f 3484 6363 110 
f 6363 3484 5997 
f 6099 8647 7529 
f 4492 11520 10898 
f 2398 2396 8151 
f 5729 8383 11964 
f 5521 10955 8716 
f 5368 10199 6772 
f 11255 2965 9011 
f 275 9800 2253 
f 8311 12055 8994 
f 11682 836 4361 
f 2188 12094 3145 
f 12281 9329 10348 
f 7710 11038 10717 
f 4870 11596 261 
f 987 5150 9497 
f 2796 10316 3873 
f 10371 8623 8758 
f 6786 10883 10906 
f 11615 2439 3512 
f 10614 4069 3916 
f 717 11021 2982 
f 9170 9999 4656 
f 12246 547 4162 
f 2720 7931 9722 
f 8136 9288 8720 
f 2550 10780 3040 
f 1996 3750 5669 
f 3637 4141 11123 
f 1778 9061 1152 
f 8906 11179 1613 
f 11980 12281 10348 
f 1580 7982 7175 
f 9591 3458 6851 
f 7465 6726 6082 
f 7926 7714 12286 
f 5210 7210 7187 
f 11050 2176 2194 
f 1659 10242 11143 
f 5962 8183 4287 
f 10362 4163 2283 
f 3146 10153 5673 
f 2283 8690 10362 
f 7630 6841 864 
f 1476 12354 3940 
f 11735 3 4513 
f 1539 16 3257 
f 6447 8026 1747 
f 8170 2422 7899 
f 7450 9974 6336 
f 4202 7526 4067 
f 7281 2132 3431 
f 10058 11535 9710 
f 1240 2194 562 
f 4303 6820 6810 
f 6403 5776 6629 
f 5044 2777 3847 
f 7450 6336 3451 
f 7548 4317 10390 
f 7904 1516 8556 
f 7517 6980 6763 
f 8997 7837 7844 
f 831 9409 10551 
f 2351 8690 709 
f 7574 9942 10018 
f 9527 8955 9232 
f 1856 2331 7 
f 4867 9408 11337 
f 9395 2526 1866 
f 4270 7279 2808 
f 10593 3476 5085 
f 10660 11860 2784 
f 5867 7429 5638 
f 7485 4167 533 
f 6533 10487 5326 
f 1235 9720 1468 
f 12296 2376 10855 
f 10060 7867 9578 
f 2163 7326 8817 
f 11296 11283 11292 
f 1133 1226 1124 
f 1246 1030 10814 
f 3131 919 961 
f 3714 9313 5074 
f 5969 9062 8452 
f 89 2262 10478 
f 4270 4900 8835 
f 3042 3033 3448 
f 868 10735 5427 
f 8432 2661 3592 
f 12011 3402 1008 
f 11032 12277 7378 
f 12345 11131 1844 
f 9981 1925 7991 
f 3502 2296 3569 
f 7320 2360 3128 
f 4258 11751 11347 
f 1133 1241 1458 
f 4840 816 9245 
f 3761 3567 4943 
f 9216 1242 3629 
f 4127 1538 12280 
f 11093 9685 5745 
f 128 455 4599 
f 3360 7030 4952 
f 9740 9739 10819 
f 2755 2336 10471 
f 128 2724 455 
f 9547 2437 5047 
f 10545 6752 3994 
f 9216 3629 3336 
f 1053 670 146 
f 1821 1441 2860 
f 11869 12050 664 
f 2079 8522 3780 
f 3835 3953 543 
f 3328 9147 10555 
f 4264 4643 3673 
f 3328 10555 4661 
f 5399 5625 5628 
f 4876 4852 11540 
f 4027 8756 11486 
f 11022 149 1541 
f 5948 6804 6803 
f 3165 10823 379 
f 1396 2738 7617 
f 7086 7106 2024 
f 684 10680 7458 
f 377 305 306 
f 8764 12365 4993 
f 6679 5686 9330 
f 11088 7834 1491 
f 6776 8824 28 
f 9216 3336 6679 
f 12451 7129 2566 
f 1285 11558 3254 
f 5636 2716 10195 
f 1070 224 1067 
f 9898 366 9477 
f 10354 3781 3131 
f 12002 7322 983 
f 8031 1513 8627 
f 2858 10571 12090 
f 3538 2915 2911 
f 11980 6058 5464 
f 4663 2289 8894 
f 11048 9276 2205 
f 9200 4995 2817 
f 10003 10391 8490 
f 7563 7844 7837 
f 785 1688 11380 
f 2502 2766 2704 
f 5511 6156 1817 
f 10009 9965 10333 
f 12352 1368 9220 
f 8578 11789 1739 
f 7498 5716 8938 
f 4292 12289 10542 
f 5712 3658 12135 
f 386 4222 1944 
f 8450 9025 8773 
f 9341 5634 5913 
f 10832 10859 11196 
f 8262 6025 9222 
f 4473 10409 5094 
f 12426 9795 908 
f 4495 362 1781 
f 3827 5579 7753 
f 3935 4237 8347 
f 12038 1925 6661 
f 6726 6930 6483 
f 11030 8247 9707 
f 3536 6774 1636 
f 7299 7682 5216 
f 816 4840 9312 
f 1582 8455 2606 
f 7350 11440 4238 
f 9887 5756 801 
f 8534 1997 7814 
f 11173 2560 11924 
f 9456 5477 677 
f 9733 10093 6272 
f 3331 10990 191 
f 3348 10423 9781 
f 2684 6504 3642 
f 10198 2493 1750 
f 11659 10876 2904 
f 1418 12448 2859 
f 5182 7727 11664 
f 3845 2463 2618 
f 7492 620 7482 
f 11477 2860 7740 
f 6080 7034 2403 
f 11188 11998 11576 
f 7727 6 2085 
f 6789 7545 7804 
f 10808 3343 244 
f 8567 190 5626 
f 1495 12034 12137 
f 7538 5378 1355 
f 2135 8238 2137 
f 11551 6982 2093 
f 524 7506 1713 
f 4216 8500 7769 
f 6007 8340 3101 
f 2876 4008 2993 
f 4952 6620 3278 
f 5832 6447 1747 
f 6915 7908 7462 
f 5206 387 4602 
f 3215 4220 3411 
f 9445 9658 79 
f 877 6427 11421 
f 10905 5633 3650 
f 4152 12026 6705 
f 1830 1502 1627 
f 5483 5889 4221 
f 12146 3796 12154 
f 3637 131 4141 
f 8993 2122 8854 
f 11852 9026 11071 
f 8549 2341 2348 
f 4712 6887 1610 
f 7327 9026 9964 
f 5087 8538 3689 
f 9077 4409 4631 
f 1115 5093 11438 
f 986 4599 12449 
f 3250 9863 1808 
f 12015 5038 12200 
f 5335 4889 4882 
f 12009 9120 12428 
f 7684 4157 3160 
f 844 964 11457 
f 9485 6372 8026 
f 6412 2145 2608 
f 12181 11388 7368 
f 743 2486 6365 
f 4127 8688 8426 
f 7527 8342 8343 
f 1780 7420 2507 
f 11710 9485 3549 
f 6218 7830 4745 
f 11925 7123 3608 
f 7598 2344 2703 
f 11760 11069 8998 
f 11948 8466 62 
f 5115 5597 4554 
f 10369 5685 3002 
f 3779 8337 2595 
f 7591 10882 640 
f 8409 11710 3549 
f 1606 1711 1716 
f 5840 3636 5820 
f 9031 6484 10226 
f 10232 4157 3309 
f 11718 1115 6773 
f 12148 7143 6574 
f 9041 8557 4910 
f 11209 198 11202 
f 10327 5230 11355 
f 6504 2465 467 
f 10259 6095 7194 
f 5549 4649 6168 
f 1636 5192 7030 
f 7655 9356 8702 
f 11611 6885 3731 
f 9520 9879 8951 
f 5304 2943 7316 
f 8594 3732 7924 
f 5189 2092 8344 
f 2628 567 8978 
f 8721 5516 11375 
f 3860 4368 5157 
f 9114 4078 9797 
f 12284 5611 9855 
f 4042 8429 396 
f 3663 2052 8078 
f 4348 7720 10175 
f 10278 11135 8304 
f 4320 4024 180 
f 9086 4723 3827 
f 10204 10217 10219 
f 3526 8809 7273 
f 5118 7216 5613 
f 4878 88 6216 
f 7695 12347 88 
f 5427 319 9 
f 9057 3946 2710 
f 8772 10714 1195 
f 12347 6216 88 
f 4973 7236 9006 
f 10552 5611 11207 
f 2606 8455 4762 
f 88 3826 4117 
f 5401 1589 8203 
f 8026 11817 9485 
f 8440 7892 8419 
f 7661 8119 11572 
f 7616 5604 10434 
f 1627 1157 1288 
f 9536 10924 12275 
f 4112 4036 3420 
f 6393 347 549 
f 5632 1917 240 
f 11968 5544 6060 
f 1642 1736 1627 
f 1388 1261 7683 
f 9263 917 6924 
f 3286 9052 10276 
f 10897 11009 10966 
f 2185 11328 9538 
f 6470 7978 2017 
f 1776 12489 8447 
f 2630 2165 5239 
f 5228 2000 946 
f 6457 5404 10341 
f 12195 8576 7409 
f 5282 4819 5278 
f 7166 10551 12266 
f 1335 5006 10410 
f 5114 2766 10991 
f 5144 6515 6086 
f 3741 5022 11107 
f 6332 309 6478 
f 5632 3733 5410 
f 9830 5604 10465 
f 4565 3059 52 
f 5020 1939 11675 
f 7273 11139 633 
f 4998 8949 10421 
f 3386 4400 3149 
f 1756 1960 1752 
f 1303 5869 2900 
f 10286 9884 4825 
f 1053 4398 12077 
f 5753 6832 6181 
f 7159 6923 7437 
f 11229 9681 5375 
f 4845 4772 4815 
f 3071 1261 1388 
f 5375 9681 975 
f 4533 5681 8138 
f 1231 3955 9660 
f 5016 1692 10709 
f 8787 5165 10898 
f 7609 5683 6892 
f 2209 7 6719 
f 3372 1524 7244 
f 1525 1627 1291 
f 10754 6916 4789 
f 6500 5741 11217 
f 3502 3061 5389 
f 1561 11114 210 
f 2386 2547 2221 
f 1252 9622 11785 
f 10808 12464 10382 
f 8850 7562 7338 
f 12381 939 1398 
f 423 11515 26 
f 2508 5486 5401 
f 11991 9874 9604 
f 863 4024 9456 
f 8851 9523 2099 
f 2190 3107 3089 
f 6278 8310 12351 
f 11937 11952 10673 
f 61 3070 1222 
f 8457 8454 9321 
f 10651 9240 10277 
f 1222 4335 978 
f 3502 3569 613 
f 9542 11907 5482 
f 201 942 6820 
f 10120 11014 7560 
f 4920 4146 11168 
f 7180 1651 11732 
f 1866 2526 9791 
f 4947 3559 4510 
f 1556 11600 5545 
f 10783 2182 6523 
f 12044 4677 9662 
f 10455 9434 9432 
f 1556 10469 1419 
f 1419 10469 5559 
f 1512 10072 8416 
f 1521 7087 12034 
f 6055 5841 6044 
f 2508 3241 5486 
f 3332 2446 3906 
f 10390 4386 7548 
f 1043 4959 8675 
f 12341 12203 8547 
f 556 1518 2732 
f 10594 11804 12132 
f 1934 2166 138 
f 1897 9113 9480 
f 6278 12351 1518 
f 5771 6541 5097 
f 4815 9090 4845 
f 4568 941 7782 
f 9251 1320 11272 
f 7605 10633 409 
f 9393 9967 4126 
f 9695 11128 10807 
f 8020 3453 4531 
f 12418 8502 3649 
f 6100 11168 8294 
f 6914 8000 8373 
f 8038 8752 4619 
f 8012 7071 10799 
f 6474 8645 4265 
f 947 7860 10563 
f 9107 8294 2456 
f 4035 6458 6218 
f 867 4790 10251 
f 487 242 10795 
f 2456 11377 4817 
f 423 217 5629 
f 4996 1342 7962 
f 4508 12478 4377 
f 2647 9362 529 
f 7179 11990 2600 
f 7978 6470 1286 
f 5275 8560 11153 
f 1970 496 2087 
f 7185 805 3799 
f 5073 9481 10584 
f 2729 10982 7209 
f 11088 5250 9875 
f 7134 6452 6696 
f 6822 5426 1599 
f 10750 6485 71 
f 5656 827 12366 
f 9352 5629 4371 
f 5395 10593 2825 
f 3224 7625 2392 
f 6538 3941 4021 
f 8613 1127 1110 
f 941 4568 11636 
f 3671 7894 10922 
f 3391 10540 4787 
f 12170 3497 6850 
f 11394 10854 5235 
f 11283 11280 11650 
f 11615 7585 545 
f 7774 422 10130 
f 1491 7834 1838 
f 10540 3391 678 
f 11961 5425 5010 
f 9453 10506 8883 
f 7110 6722 5835 
f 6791 8895 2778 
f 9164 387 11256 
f 4017 10263 10302 
f 3270 4277 2868 
f 7623 8297 285 
f 12062 5983 10759 
f 510 231 223 
f 6389 7222 1173 
f 5974 2558 11485 
f 2395 3290 4784 
f 10984 10633 11759 
f 3789 3844 9403 
f 11660 11664 7181 
f 12051 5097 11138 
f 3954 11117 3950 
f 11190 11173 8897 
f 7982 11844 6623 
f 2355 2871 11051 
f 7503 8684 11446 
f 3511 4849 89 
f 3368 11017 8904 
f 7702 84 5238 
f 2085 11660 7181 
f 3927 6106 10694 
f 7718 8595 8584 
f 6484 8558 1016 
f 9948 11709 11496 
f 8144 6831 6832 
f 7737 11048 4219 
f 6025 8262 2533 
f 6724 8891 420 
f 645 4450 1872 
f 3801 7205 7026 
f 5703 11679 5768 
f 9349 5249 6970 
f 1358 7946 3735 
f 10001 8521 7953 
f 9251 8088 7537 
f 1387 8884 10049 
f 9138 121 11755 
f 10781 10348 8789 
f 10881 3500 5538 
f 6611 9809 10775 
f 8278 21 7807 
f 1448 4704 2627 
f 11796 821 10291 
f 12149 9741 1677 
f 3050 6342 9733 
f 5769 6747 5430 
f 4251 12217 1822 
f 2747 6559 5055 
f 7573 8388 8402 
f 5887 6096 5682 
f 2260 2081 2075 
f 10556 3682 5683 
f 5646 5538 12293 
f 7843 11738 4124 
f 4672 11948 7135 
f 5582 7064 5758 
f 8898 542 10220 
f 7549 4038 4098 
f 2316 509 5079 
f 1526 1836 1846 
f 5646 12293 7109 
f 11951 9996 6573 
f 791 7593 12385 
f 11336 11685 3216 
f 96 1487 8674 
f 8681 7148 11996 
f 7898 11650 11232 
f 12023 1555 11862 
f 1509 9904 6215 
f 9571 7369 9531 
f 3285 3680 12176 
f 5127 2719 7768 
f 8379 3198 6880 
f 5068 9940 6878 
f 10765 3889 9847 
f 2130 6024 7400 
f 1604 7109 7713 
f 1533 10779 5971 
f 10733 7226 5985 
f 5421 8197 11216 
f 11504 10771 11100 
f 7534 2019 605 
f 8824 8106 4720 
f 9714 5487 12374 
f 2913 632 8665 
f 3405 5414 7132 
f 1769 10763 10332 
f 5690 1921 4557 
f 9588 713 2111 
f 4328 10136 12083 
f 11190 3793 8596 
f 8744 8321 7180 
f 10213 6853 2652 
f 9829 7312 11811 
f 2632 10961 10140 
f 3566 7593 11334 
f 12367 9153 4926 
f 8749 7665 10308 
f 4372 8991 7876 
f 306 385 523 
f 6643 7150 11709 
f 6917 8323 824 
f 165 2360 9528 
f 11859 4258 12297 
f 4339 2708 9437 
f 1689 1835 6593 
f 6626 6892 7017 
f 3593 3597 3162 
f 10764 3503 11537 
f 9829 11811 3480 
f 12097 9947 11368 
f 2826 8562 8664 
f 3842 3004 2225 
f 2336 8506 4087 
f 239 857 4522 
f 3480 5601 967 
f 5695 4449 942 
f 4767 5014 8178 
f 4622 9428 10520 
f 10652 11396 9892 
f 7370 7941 7918 
f 5604 9830 9865 
f 10708 3340 8387 
f 8539 11264 4956 
f 11465 4753 3987 
f 7941 7122 7963 
f 1914 5422 7901 
f 2530 8895 6791 
f 9219 6475 272 
f 4204 2859 5328 
f 7105 7641 7127 
f 1222 6536 5342 
f 408 8711 9670 
f 10027 8251 10937 
f 5880 11170 10464 
f 1917 5632 5410 
f 7175 6479 4096 
f 10359 3055 5794 
f 5712 12135 7120 
f 12300 9066 4934 
f 4981 9346 5922 
f 5755 10040 11138 
f 6356 6515 1592 
f 5601 4659 6882 
f 8256 4562 4013 
f 4978 4847 1554 
f 5896 8576 761 
f 9613 2034 8017 
f 2800 11806 11376 
f 3202 1468 200 
f 3023 11835 10865 
f 6777 5282 6134 
f 3867 1355 5378 
f 10082 380 1549 
f 2530 10491 376 
f 4516 7793 11579 
f 1980 2300 1773 
f 2522 11879 1083 
f 1072 642 5856 
f 11102 11484 9651 
f 5350 10038 2261 
f 5698 5693 6315 
f 9110 6052 9131 
f 11347 8653 6369 
f 7185 1224 805 
f 6949 2746 5840 
f 12434 4043 9896 
f 4971 3788 5672 
f 1928 1867 5223 
f 5601 3396 4659 
f 3416 391 605 
f 1458 1354 1228 
f 112 5743 2543 
f 3227 4621 3853 
f 7678 36 3765 
f 6790 9921 10664 
f 3913 4266 2977 
f 3115 8273 10025 
f 4594 5037 4808 
f 9947 7828 11368 
f 12403 461 12486 
f 11381 6105 8551 
f 4035 4766 6582 
f 8618 7223 7493 
f 9006 904 841 
f 12405 3663 6628 
f 10668 10147 59 
f 10266 8826 7806 
f 1800 8320 3302 
f 2145 6412 12422 
f 12243 10426 698 
f 4298 5694 9780 
f 9444 40 8651 
f 11001 7677 4846 
f 4629 6454 2190 
f 9617 8578 1739 
f 11479 11357 5059 
f 11585 2371 1044 
f 4284 4851 2237 
f 7878 8741 8735 
f 11001 6101 7677 
f 10665 4137 7130 
f 2039 5655 1482 
f 8161 5076 8273 
f 7154 2049 4011 
f 4978 2467 972 
f 7197 7174 9652 
f 5807 10025 5076 
f 890 10722 6823 
f 8211 9363 9076 
f 7072 8047 11415 
f 7424 11832 5947 
f 12191 11238 6482 
f 8013 11427 11890 
f 276 9638 7549 
f 7908 6915 1166 
f 2416 2573 2571 
f 7689 7932 4054 
f 2924 8633 4653 
f 10653 1904 8401 
f 12142 3399 6574 
f 12164 12390 5563 
f 9516 9842 9504 
f 12092 2702 9274 
f 2416 2571 2412 
f 7031 7580 7838 
f 11951 2109 7147 
f 12128 10533 10098 
f 2085 3773 11660 
f 4420 3758 7438 
f 9155 10878 2994 
f 11391 7108 4535 
f 12141 6428 8107 
f 870 7747 12273 
f 8610 6684 2552 
f 8721 11375 7477 
f 5076 11047 3753 
f 7951 8925 403 
f 9632 8811 1315 
f 8207 11631 3962 
f 3790 4014 1155 
f 3519 3096 3730 
f 12211 7542 5805 
f 12374 198 9714 
f 478 4549 4438 
f 2583 5101 3441 
f 12237 6423 12222 
f 6070 12461 11362 
f 12457 11412 2142 
f 3907 5498 1937 
f 8511 11680 3973 
f 4460 6981 1171 
f 2140 10355 11815 
f 8858 10663 8473 
f 3498 6330 1216 
f 6568 7939 8929 
f 12078 6254 3476 
f 544 12042 9961 
f 8608 8611 8607 
f 5490 5388 5580 
f 1249 8759 7775 
f 8993 3010 11659 
f 6155 3809 9205 
f 2884 8371 3482 
f 11631 9342 6701 
f 11974 5790 7235 
f 10803 2288 721 
f 4625 9006 6572 
f 2892 2873 8063 
f 6707 6922 7451 
f 202 3773 2085 
f 6983 7677 6101 
f 11068 5180 5589 
f 2268 8269 11549 
f 6836 2872 3057 
f 8174 11800 12204 
f 992 2354 8543 
f 1235 3550 9720 
f 5739 2728 12325 
f 7235 5790 7989 
f 11425 4994 9556 
f 2321 2159 1886 
f 11471 12325 6259 
f 5634 1440 2216 
f 10478 11210 89 
f 9819 6505 11794 
f 6106 3927 3506 
f 2850 1793 8232 
f 10020 11895 11493 
f 1620 2383 1820 
f 4468 4839 7144 
f 1418 2859 4204 
f 11081 12297 11887 
f 4320 4378 4427 
f 3245 2638 2668 
f 11471 6259 497 
f 3013 6705 11461 
f 6275 6293 7479 
f 5808 1027 3342 
f 3752 12094 2188 
f 4518 4732 5419 
f 1200 7271 8700 
f 3130 10013 1013 
f 8041 11688 6520 
f 3714 7615 9313 
f 1699 5180 4405 
f 6198 11238 9807 
f 4939 3716 7703 
f 3594 1874 7514 
f 7057 7601 7600 
f 12210 10775 4302 
f 3364 4502 9973 
f 8930 4765 8673 
f 2828 3875 3049 
f 10382 8453 4136 
f 3147 12276 6147 
f 874 897 9298 
f 12151 3028 8283 
f 3407 10265 7989 
f 3865 7901 5422 
f 494 3349 11523 
f 9181 8647 7919 
f 5442 10847 11406 
f 5807 6090 10025 
f 5334 4103 11159 
f 11111 11849 1325 
f 5050 1968 10260 
f 11928 3213 11249 
f 315 1001 10304 
f 6985 7782 941 
f 9049 1608 6418 
f 6807 4099 10188 
f 5153 4918 4916 
f 10265 3407 1391 
f 5337 2648 6599 
f 2400 10939 11877 
f 10607 7668 9366 
f 10645 9406 4405 
f 794 7379 1542 
f 7135 3392 378 
f 8116 10684 10932 
f 10061 8467 6377 
f 2805 1690 6145 
f 2078 7915 9367 
f 1699 9406 10262 
f 244 10543 354 
f 7703 3716 1391 
f 12362 3774 4082 
f 6771 10607 9366 
f 6771 9366 4632 
f 7703 1391 3407 
f 10829 3591 8922 
f 3952 11586 3568 
f 2570 4940 9782 
f 9406 10645 3870 
f 11538 5793 10967 
f 4342 4501 10673 
f 12146 7561 327 
f 11063 11847 10345 
f 7406 2198 355 
f 8065 2295 517 
f 3415 6089 12105 
f 10360 7688 7174 
f 2049 7154 9250 
f 7668 1002 9366 
f 10528 9366 1377 
f 5543 4643 5734 
f 9473 11502 10676 
f 10607 9877 7668 
f 3853 4621 4244 
f 11145 3923 12324 
f 4359 3997 4939 
f 9877 3997 4359 
f 9191 6284 483 
f 12073 1377 11072 
f 9561 2437 9547 
f 873 9737 6887 
f 1503 7356 11836 
f 86 998 3503 
f 10607 9672 9877 
f 3997 9877 9672 
f 1963 11922 2519 
f 12378 2873 2803 
f 11875 2813 5875 
f 2131 756 3099 
f 9802 1988 7449 
f 8952 6784 7254 
f 3412 8128 2402 
f 3617 11614 6015 
f 2961 826 6251 
f 11305 9272 11324 
f 1882 3364 10597 
f 1553 9626 5759 
f 4315 11762 7980 
f 10450 8126 11221 
f 3555 11823 11365 
f 7311 6601 5956 
f 1541 149 1320 
f 931 3780 8522 
f 10602 4588 9848 
f 3313 9554 1990 
f 543 3953 11804 
f 992 8543 5811 
f 12073 12057 1494 
f 1240 7272 2194 
f 51 7330 7306 
f 9797 3979 5746 
f 1852 6184 6150 
f 6397 6374 1018 
f 7431 67 2482 
f 5464 8109 4904 
f 59 10147 7435 
f 5732 11602 7634 
f 9663 10014 9673 
f 9956 12013 775 
f 1494 8732 5122 
f 7328 1798 12199 
f 2716 5636 8411 
f 7994 1198 11708 
f 1249 11802 8759 
f 4962 9529 7412 
f 2375 1001 9866 
f 3965 1453 10072 
f 11265 11478 9018 
f 5835 786 7110 
f 83 5074 10172 
f 3648 1730 11395 
f 4560 6546 4063 
f 2363 12126 5258 
f 8365 8196 2555 
f 11711 789 10075 
f 8732 9285 3257 
f 5197 10392 10297 
f 6579 7293 7014 
f 8344 11399 5189 
f 3384 96 12192 
f 1494 12057 8732 
f 8130 7184 8110 
f 9285 770 1539 
f 3675 12209 7366 
f 9285 1539 3257 
f 11459 7170 603 
f 4681 3773 6328 
f 9534 8480 2874 
f 9285 944 770 
f 3567 2573 2937 
f 1934 155 5958 
f 601 755 323 
f 11981 352 2801 
f 1198 7994 6326 
f 2705 1732 3494 
f 3372 11935 9821 
f 4999 372 548 
f 7361 4846 7677 
f 956 4408 12445 
f 9503 4571 1036 
f 2983 11728 6396 
f 7524 756 4020 
f 5644 4784 3290 
f 8495 8180 2837 
f 7142 133 9258 
f 2796 1509 10316 
f 10861 11785 5025 
f 508 510 1079 
f 9707 4382 1610 
f 3654 4066 3448 
f 2916 8709 6857 
f 5140 2213 5888 
f 5370 3756 6182 
f 4819 4608 5278 
f 4020 35 7524 
f 10110 10700 1273 
f 7877 789 6526 
f 404 259 689 
f 2425 6026 2604 
f 8489 7308 8524 
f 10153 4779 9225 
f 6020 5411 6022 
f 3623 1409 3570 
f 4610 3121 9322 
f 1607 315 5903 
f 7105 7080 7627 
f 9557 4144 3282 
f 2098 1203 7178 
f 3041 2963 6262 
f 5801 5848 1357 
f 9361 12436 12213 
f 2342 2333 2496 
f 10326 7141 1268 
f 7676 11623 10989 
f 8478 8773 9653 
f 4307 12225 6656 
f 5910 7173 2369 
f 2677 1861 4774 
f 6467 10515 10622 
f 10588 8415 4229 
f 2388 11680 8862 
f 11090 2084 1664 
f 45 25 99 
f 6240 10089 3009 
f 4039 2809 3401 
f 2131 4020 756 
f 11404 3892 11004 
f 1098 7899 2115 
f 9515 4182 11841 
f 11259 11622 11625 
f 12250 5654 10579 
f 5809 11130 11940 
f 5257 7228 6750 
f 1507 5624 10513 
f 6269 7206 729 
f 11462 11907 8691 
f 1189 8821 9708 
f 257 8860 1787 
f 7516 8850 8406 
f 5495 3400 735 
f 5838 12460 4123 
f 36 4635 2122 
f 5464 8846 5677 
f 8671 9416 4179 
f 1089 8213 8543 
f 1726 7622 9729 
f 733 8003 5236 
f 4827 318 9679 
f 7850 9167 12235 
f 1036 659 4620 
f 9980 9779 2131 
f 5802 475 492 
f 10652 7821 12188 
f 7333 4231 9174 
f 4830 2610 2078 
f 3767 8502 12418 
f 60 9730 6597 
f 493 8528 7206 
f 10672 11805 11424 
f 8377 80 10644 
f 7564 4150 4812 
f 9589 9282 8717 
f 8366 8957 7804 
f 6977 11708 1198 
f 2131 690 9980 
f 5863 8528 4168 
f 4948 1712 8524 
f 3296 2624 2505 
f 6262 3069 3041 
f 1986 9498 7855 
f 8983 8394 8114 
f 1555 1590 11862 
f 1531 8654 7275 
f 7975 10986 11378 
f 11221 11828 12386 
f 338 1400 6521 
f 3058 5213 5479 
f 3087 1332 3038 
f 7572 5007 9423 
f 4880 4515 4433 
f 3703 4917 8750 
f 6377 8570 10472 
f 5668 9995 2248 
f 4593 2449 2428 
f 10277 11388 10651 
f 9502 10022 8905 
f 6331 1051 9060 
f 3548 3792 5616 
f 2784 1602 10660 
f 266 2248 9995 
f 9637 11279 9661 
f 5574 7486 1611 
f 2999 11851 1506 
f 6987 3794 1176 
f 11238 11636 4568 
f 8515 11146 1447 
f 8802 6068 1531 
f 8018 3063 6234 
f 10836 650 11429 
f 11023 7224 11404 
f 9687 11121 10029 
f 3414 11169 3788 
f 9714 2870 9951 
f 8802 952 6068 
f 6578 1732 1591 
f 8067 2688 6179 
f 166 9908 1294 
f 1060 924 3645 
f 12310 12023 3661 
f 11119 12312 11102 
f 12437 1827 8936 
f 9475 11201 11932 
f 11606 2200 4586 
f 9334 10410 9153 
f 10376 1069 7599 
f 11105 8265 1436 
f 8067 3603 10564 
f 641 5565 12012 
f 10800 12084 9960 
f 6243 10692 1396 
f 6397 1104 1137 
f 8773 9650 9653 
f 2012 953 506 
f 9097 10540 678 
f 10156 6674 888 
f 10132 4340 5667 
f 2485 712 909 
f 3603 1841 10564 
f 3175 2780 9678 
f 11787 9906 9249 
f 1753 1649 1846 
f 8958 4367 2694 
f 8220 7127 7641 
f 8293 3473 6785 
f 4531 12064 8020 
f 1411 1478 7742 
f 2669 5680 7776 
f 3583 943 752 
f 8838 8552 10058 
f 1640 9930 8460 
f 12007 9151 5425 
f 6628 5622 12405 
f 892 9186 9203 
f 10140 10825 3180 
f 2245 639 2509 
f 5767 416 5667 
f 11753 11683 4415 
f 11872 6580 5362 
f 2597 4109 2545 
f 10009 10069 7873 
f 9899 9772 293 
f 12390 12027 12007 
f 4506 5287 1681 
f 1040 3551 9643 
f 379 11843 6016 
f 9643 3551 2379 
f 2936 1116 996 
f 7883 6861 8177 
f 11925 8994 7123 
f 9597 8404 6451 
f 3426 9661 952 
f 7841 12147 9991 
f 6205 11658 7183 
f 12384 1842 8504 
f 8854 10996 3834 
f 11335 6316 11303 
f 3444 11590 1552 
f 7205 3330 7026 
f 12022 3069 1203 
f 2572 5719 3020 
f 3702 5450 11567 
f 9397 8531 5070 
f 1395 7594 3301 
f 3142 4525 3347 
f 1911 3080 2590 
f 6930 6923 5851 
f 1248 11950 11821 
f 524 303 1652 
f 12142 9803 3399 
f 9964 9026 11064 
f 8909 6287 7070 
f 8393 8304 12488 
f 1573 7488 10447 
f 11051 2871 5290 
f 2033 10815 3510 
f 4109 6503 2939 
f 1973 2183 11135 
f 7079 4775 7252 
f 189 541 393 
f 10839 3834 4635 
f 704 6674 10033 
f 147 4730 8669 
f 2117 543 11804 
f 3889 11507 9847 
f 8619 2220 2561 
f 6718 7734 6934 
f 9546 10277 9240 
f 8245 3947 5068 
f 5090 5956 6601 
f 9892 9546 8971 
f 2122 8993 2904 
f 12004 12186 11587 
f 12246 12349 547 
f 639 5670 2509 
f 328 6548 3293 
f 8496 1016 9114 
f 8549 2348 8601 
f 6473 9617 1739 
f 1908 10435 10368 
f 12054 10755 10743 
f 3065 2342 3051 
f 7821 10288 10293 
f 9048 4583 60 
f 4373 5021 8896 
f 388 1413 3060 
f 7382 8663 8679 
f 1103 12046 2584 
f 635 865 935 
f 9846 12205 724 
f 7158 5544 1024 
f 9214 8149 8051 
f 6579 6367 5952 
f 7252 6142 6017 
f 5756 908 9795 
f 3232 4244 4617 
f 12445 2969 578 
f 3633 6375 5610 
f 1103 167 1536 
f 167 8139 1536 
f 11824 8825 3261 
f 1880 11688 7958 
f 6588 9148 4967 
f 12234 11447 11444 
f 11496 8369 6280 
f 11796 2612 821 
f 4221 4225 5483 
f 1720 3672 5784 
f 9188 9811 1514 
f 4423 5678 7101 
f 51 1430 7330 
f 10619 407 6963 
f 9011 12480 2713 
f 2190 3289 4629 
f 8929 7939 11522 
f 6785 11409 10100 
f 7917 7347 3801 
f 10691 4829 10622 
f 8059 12390 12114 
f 7487 6964 7758 
f 3692 1477 4236 
f 8872 7908 1166 
f 4967 9074 6564 
f 2299 3059 4565 
f 979 1456 843 
f 8442 903 7442 
f 2116 2101 2108 
f 9891 3528 9548 
f 6083 4564 5889 
f 2710 1946 5689 
f 7650 7639 7652 
f 7571 3197 12006 
f 5312 5948 5546 
f 235 6327 1401 
f 5539 12247 9933 
f 9453 10895 11209 
f 7944 4379 9637 
f 8479 3028 1065 
f 463 855 11164 
f 2648 6478 6599 
f 463 1733 7112 
f 5732 4712 1796 
f 3846 9172 3901 
f 11164 1733 463 
f 9472 6747 10321 
f 1990 9554 8299 
f 2048 2024 7106 
f 8767 8189 11066 
f 12444 8975 9147 
f 973 9613 2542 
f 9189 3371 10438 
f 3135 5730 11954 
f 1095 8033 8650 
f 131 11524 9306 
f 8906 11696 7248 
f 11248 11477 1915 
f 1462 8922 2385 
f 5652 3881 11578 
f 6231 9585 8027 
f 8762 2145 12422 
f 6897 9872 3247 
f 2515 6350 10856 
f 6294 8815 11988 
f 6525 6315 5894 
f 2219 7248 2998 
f 3403 7173 5910 
f 5116 5866 4705 
f 10977 11345 10048 
f 6406 11906 3405 
f 8752 1582 1904 
f 11040 9589 9267 
f 5901 7263 9211 
f 9455 4927 149 
f 5678 228 5445 
f 2998 7248 1202 
f 7176 6123 7056 
f 6400 11491 1779 
f 9332 7903 9339 
f 7808 581 9333 
f 10042 8816 2357 
f 7814 3168 8534 
f 4210 4074 2288 
f 1219 9362 10423 
f 4526 5991 10746 
f 9465 9787 9192 
f 8398 2779 575 
f 870 5789 12321 
f 10500 5827 8426 
f 10171 10925 12472 
f 4301 4675 5142 
f 4332 6918 11184 
f 8488 8941 8453 
f 1577 7180 11732 
f 4329 2578 3094 
f 8843 1768 5212 
f 12196 3680 3285 
f 7089 9344 5244 
f 5669 1061 10954 
f 6508 8261 11421 
f 7195 479 11609 
f 5597 5115 1860 
f 12005 8916 3946 
f 3450 4411 5292 
f 441 8292 7459 
f 8302 4861 11474 
f 11327 4704 7890 
f 10195 7161 9307 
f 4391 9734 2482 
f 800 10903 4813 
f 6534 6092 10439 
f 7808 6389 384 
f 653 887 307 
f 1938 1873 7792 
f 10638 483 2692 
f 11443 11842 11919 
f 7299 12362 4082 
f 4284 8956 4851 
f 6127 9449 7389 
f 2300 2629 2144 
f 7017 6773 11438 
f 7116 7631 287 
f 2517 570 8323 
f 6683 4846 7361 
f 11896 5368 11010 
f 11017 3368 4937 
f 2080 2474 969 
f 2173 2862 2345 
f 1011 6085 10614 
f 10321 6747 5877 
f 7168 10123 10418 
f 9457 3561 11329 
f 3523 3096 3522 
f 10091 5267 5356 
f 11613 9751 10379 
f 12308 11887 12297 
f 5817 4218 355 
f 8928 12379 3728 
f 7168 10418 1490 
f 7763 10964 38 
f 12420 10874 6609 
f 1336 2935 5107 
f 7064 5582 6191 
f 8695 9468 3984 
f 1645 7216 5118 
f 4591 9167 5826 
f 9762 9427 12119 
f 8127 7851 7305 
f 12248 60 4583 
f 5895 4474 4521 
f 10682 7820 8819 
f 4113 5269 6158 
f 2629 2300 2471 
f 5363 6390 6001 
f 784 10577 8680 
f 2735 2026 2323 
f 9694 6641 2366 
f 2318 300 6959 
f 650 9470 11372 
f 6490 9875 5555 
f 10105 10090 10088 
f 4477 6364 6540 
f 8387 9843 8920 
f 5335 5578 4889 
f 402 4104 29 
f 9368 5494 2366 
f 4077 3741 10024 
f 4747 11862 2888 
f 8187 8259 10242 
f 3241 2508 9568 
f 1241 1133 1124 
f 6760 806 4999 
f 5331 469 7045 
f 8187 8209 8259 
f 730 7589 12344 
f 4592 2847 12220 
f 1582 8752 8455 
f 3961 8511 11501 
f 9716 2747 1450 
f 11491 6393 6754 
f 4358 6371 3334 
f 7410 10199 4549 
f 2474 10454 8822 
f 11200 11840 744 
f 1137 11166 6840 
f 4996 1515 1342 
f 5043 4808 5268 
f 6508 6427 5225 
f 5494 9694 2366 
f 3218 6023 8480 
f 4285 7067 8158 
f 5346 4626 8712 
f 8799 3850 3678 
f 2363 9561 12126 
f 1078 7438 3711 
f 2242 7272 2265 
f 11517 10785 11124 
f 10201 40 12419 
f 3162 2426 3150 
f 3912 4290 3270 
f 8081 8158 7178 
f 7319 1469 1516 
f 7245 1583 12383 
f 4285 8187 10242 
f 9152 3315 12376 
f 5319 5347 7355 
f 6825 6323 8848 
f 10904 3557 291 
f 8296 208 7626 
f 4853 1350 4773 
f 3436 7453 11615 
f 11268 602 8353 
f 5060 5926 4828 
f 10695 12206 12047 
f 11258 5922 5438 
f 6171 4863 5960 
f 9479 470 6675 
f 7528 11391 9482 
f 3436 5627 7453 
f 2901 3077 4139 
f 5627 8383 11656 
f 6402 7078 5595 
f 1253 3319 135 
f 10273 9537 9883 
f 11448 2625 12326 
f 6675 5729 11964 
f 2577 5288 7198 
f 3307 5247 5594 
f 224 7447 4654 
f 10152 9183 10523 
f 331 783 9331 
f 8281 10714 20 
f 9945 9794 7360 
f 2656 1876 10360 
f 3735 4355 5372 
f 216 6142 10083 
f 8352 8683 9562 
f 6147 7752 6079 
f 8305 4884 204 
f 11141 4514 1106 
f 7453 4441 11615 
f 3728 6842 11116 
f 11468 5204 10482 
f 820 1301 1543 
f 2160 3053 5726 
f 9633 6182 3756 
f 4891 2341 1781 
f 8447 2726 1776 
f 4879 1355 3867 
f 8849 335 11269 
f 6308 10896 6229 
f 2439 10774 3512 
f 8246 5515 11286 
f 6257 8176 174 
f 8779 11637 1552 
f 11397 9409 11185 
f 3806 5013 10530 
f 1885 7622 1851 
f 4770 6981 4460 
f 3086 6336 9974 
f 1163 4163 10362 
f 6270 11470 4185 
f 7228 7496 8057 
f 8771 1014 4476 
f 9859 11080 9808 
f 1893 6450 864 
f 11260 2931 6125 
f 32 7392 9413 
f 9167 4591 9576 
f 9971 8145 12223 
f 1901 10498 9116 
f 2521 7891 4235 
f 11802 1249 11662 
f 1353 4991 5083 
f 12315 2419 642 
f 17 7093 3967 
f 1880 9094 4126 
f 8778 10478 2250 
f 11953 5129 6089 
f 5362 7595 9773 
f 12016 1951 9073 
f 8675 10869 9401 
f 7044 7875 3387 
f 10631 936 11268 
f 8940 9146 10917 
f 12150 709 10537 
f 10608 12435 11848 
f 11506 11895 10026 
f 6731 1832 9083 
f 12247 5502 9664 
f 10537 7485 533 
f 3303 3521 2902 
f 1065 5309 8598 
f 6698 4757 2398 
f 11647 5981 5823 
f 4397 1483 2113 
f 1394 4522 1075 
f 533 4167 649 
f 6941 7199 6266 
f 1051 6331 10889 
f 649 3017 2658 
f 9991 3885 7841 
f 2071 836 9208 
f 8843 2964 9792 
f 2911 3744 3538 
f 4886 2245 7126 
f 2675 1787 3897 
f 7938 2422 8281 
f 6415 1062 6203 
f 1779 11491 6754 
f 12461 6070 8033 
f 8652 8580 4884 
f 6430 5655 2004 
f 12181 3648 11395 
f 3323 6812 6864 
f 7470 12217 4251 
f 1977 5617 1549 
f 889 1762 6192 
f 11668 2556 11629 
f 11301 7059 8143 
f 402 11479 5315 
f 10519 1034 10716 
f 1109 10191 5143 
f 11880 5220 1 
f 844 11457 9860 
f 4185 10806 6270 
f 10787 6606 10950 
f 6161 3592 1020 
f 3653 4661 10555 
f 1051 8395 7439 
f 10098 6875 12128 
f 485 8201 298 
f 2321 1887 1989 
f 9717 5596 6962 
f 1331 2054 1231 
f 9464 11851 7655 
f 4184 9410 6139 
f 3577 12387 6868 
f 1164 5686 3336 
f 1421 1158 2510 
f 6510 2189 4357 
f 7612 3691 3035 
f 6432 3299 11879 
f 9859 9808 9620 
f 6567 6802 6148 
f 4712 1610 4382 
f 5645 6842 10565 
f 8954 238 1114 
f 3903 5018 271 
f 2955 598 11266 
f 11718 7936 5128 
f 11616 11230 11218 
f 1274 9874 3822 
f 1713 6104 524 
f 9211 10543 5901 
f 4153 401 11573 
f 12247 1746 5303 
f 8118 1994 10310 
f 12369 4104 7279 
f 2244 3059 2299 
f 5658 2523 9826 
f 704 5108 6674 
f 7359 5684 8470 
f 5481 5894 5693 
f 10678 10431 8878 
f 366 9898 5343 
f 2375 408 1001 
f 8938 12365 6703 
f 11681 8295 2296 
f 934 3518 5953 
f 11875 8418 9431 
f 4338 11988 11783 
f 1976 434 5406 
f 1976 10464 6453 
f 773 5035 8249 
f 7498 9027 5716 
f 2274 6059 11643 
f 5616 9721 7934 
f 5080 3682 10556 
f 5964 1041 7873 
f 11979 9647 12208 
f 11894 2346 10967 
f 7533 10249 11732 
f 10217 10583 9835 
f 6653 10147 12391 
f 4752 4744 3787 
f 11030 3182 12402 
f 7851 8699 8423 
f 8989 3795 383 
f 12 2441 4115 
f 3977 3954 11432 
f 12143 10433 12000 
f 10160 1467 7747 
f 2398 2466 5809 
f 8277 1721 3514 
f 7929 8252 7363 
f 1248 8138 476 
f 7388 5136 6085 
f 3754 4293 1637 
f 8043 719 2833 
f 5577 7577 1184 
f 3149 1842 9287 
f 6595 1326 8301 
f 4443 10766 8271 
f 11421 2302 5339 
f 7745 11238 6198 
f 7007 3574 10905 
f 5061 5433 4478 
f 7980 6860 6983 
f 6043 164 4305 
f 12133 4517 5701 
f 155 12165 8631 
f 9062 2929 1046 
f 7862 2442 1559 
f 3656 1476 3940 
f 6707 7460 7196 
f 10075 7505 6998 
f 11246 1120 5069 
f 10098 10533 6021 
f 2238 1022 12269 
f 4976 11856 6661 
f 8959 1701 12178 
f 265 3337 12324 
f 6644 5800 8567 
f 6086 2818 5144 
f 6634 5832 4935 
f 8142 7321 9015 
f 4229 810 10588 
f 1868 11301 8143 
f 5961 6936 7133 
f 1884 1790 1581 
f 5257 5488 5698 
f 1244 1255 1378 
f 1830 2058 2387 
f 530 12283 11021 
f 906 5548 9945 
f 900 5338 6830 
f 93 7594 10476 
f 9167 9576 12235 
f 3772 10337 2998 
f 10895 5131 9359 
f 2952 2959 3151 
f 2315 1540 10909 
f 8795 5871 11727 
f 8575 2738 6793 
f 7272 685 2265 
f 11136 11147 10455 
f 2352 8170 7899 
f 11130 4825 9884 
f 5205 1575 1250 
f 2095 5953 5415 
f 5833 5147 5953 
f 3868 11594 10786 
f 104 62 7139 
f 12202 1443 8574 
f 7203 6398 2602 
f 6182 3193 6481 
f 5382 5374 5145 
f 6303 6137 6560 
f 2043 2067 7891 
f 8984 11908 4497 
f 10320 5156 5797 
f 9690 9384 9092 
f 3562 77 1290 
f 8103 8715 2964 
f 2922 1869 7008 
f 5751 4431 2559 
f 5235 5571 5691 
f 6922 6031 7979 
f 9041 8409 3549 
f 644 6530 2 
f 7861 4966 9853 
f 433 11605 8185 
f 10897 5764 11009 
f 3302 10140 3180 
f 5264 5504 5700 
f 10615 10611 10984 
f 10202 7946 11277 
f 9040 7333 5514 
f 8394 8410 7853 
f 8638 11354 6328 
f 739 820 1299 
f 11062 123 1776 
f 7514 2941 3369 
f 10412 11109 9682 
f 9802 7449 10325 
f 701 1783 4426 
f 9786 4370 9530 
f 986 11815 4599 
f 8969 12100 1825 
f 10204 10946 10217 
f 4753 5184 3153 
f 8129 9292 1770 
f 12156 12201 8023 
f 5921 12239 8799 
f 4834 5620 5332 
f 4729 12154 3796 
f 11203 2917 12284 
f 12120 5456 6281 
f 11371 10575 10604 
f 5980 1381 4321 
f 1394 3861 4522 
f 4577 9113 248 
f 10821 12152 11092 
f 7977 5657 113 
f 8941 8488 3464 
f 7376 7405 7131 
f 5099 5123 473 
f 5474 2586 3694 
f 4878 3826 88 
f 9663 10391 11084 
f 5378 465 3867 
f 12397 9314 5923 
f 7437 8855 7699 
f 9088 4601 11036 
f 6163 6264 1616 
f 133 7849 10463 
f 9240 7831 8968 
f 3826 8446 4117 
f 10900 322 2714 
f 12204 11800 1723 
f 5239 2165 6037 
f 12128 12447 7264 
f 12285 10082 2370 
f 8446 6924 4117 
f 3452 5298 10488 
f 2836 2701 3029 
f 3973 2388 3745 
f 9804 2597 1618 
f 3784 5273 8610 
f 2540 7350 6322 
f 11473 968 5530 
f 4536 11761 65 
f 10055 6671 12035 
f 6776 12339 5555 
f 4230 2685 11006 
f 787 2349 10776 
f 11203 1847 3105 
f 11207 10434 10552 
f 6416 6720 5679 
f 8426 8688 7220 
f 1566 3878 9540 
f 11452 3126 5520 
f 2914 10434 5604 
f 5460 4764 6082 
f 340 959 10892 
f 6209 8109 4475 
f 8228 356 12047 
f 6523 2182 7558 
f 9741 2499 9263 
f 4638 6099 1951 
f 9741 8486 2499 
f 3981 3863 1735 
f 7851 8423 7321 
f 7544 9094 7896 
f 6545 9357 4979 
f 7653 5298 11671 
f 966 1130 5516 
f 10284 8803 2319 
f 5842 6273 6934 
f 2274 8437 5782 
f 2773 4804 11799 
f 8737 6353 4789 
f 9327 9264 9585 
f 12432 6569 4761 
f 9953 3237 5019 
f 7326 6238 4733 
f 8437 2274 975 
f 9598 2697 254 
f 2409 3666 7111 
f 11575 940 5743 
f 707 175 6036 
f 65 11997 4536 
f 6499 10613 546 
f 5163 3746 4149 
f 8993 6371 3010 
f 11963 4313 12408 
f 5084 1365 8873 
f 6878 9940 3534 
f 10329 11447 10322 
f 11456 11052 12241 
f 10827 6524 11101 
f 6583 6447 5832 
f 7578 11592 7510 
f 8726 7865 3110 
f 2752 5136 10923 
f 9850 6573 4383 
f 11418 1870 4026 
f 7386 2703 8763 
f 11664 7727 7181 
f 8577 4487 8593 
f 5136 7388 10923 
f 11435 2653 10636 
f 4101 10766 12079 
f 4446 5592 9844 
f 6766 1375 5661 
f 1882 2408 872 
f 2405 9260 11288 
f 10570 9088 11036 
f 3173 2448 2781 
f 11488 5321 9323 
f 1485 423 9352 
f 1627 1736 1830 
f 5357 4700 10015 
f 10953 4689 10289 
f 11593 10874 12420 
f 7849 133 9572 
f 6711 7322 12002 
f 6465 4563 9919 
f 508 1079 808 
f 3648 558 1730 
f 1186 9953 2027 
f 9895 11023 11404 
f 2129 7187 11310 
f 4906 10101 1182 
f 1427 3594 3830 
f 10509 6491 3520 
f 3688 6446 699 
f 3958 8594 1517 
f 5399 5607 5625 
f 7466 8228 12047 
f 5145 3730 4311 
f 4130 10643 8292 
f 9729 1584 9055 
f 11887 11512 10407 
f 4055 5646 7109 
f 3902 8967 5085 
f 7733 1920 7744 
f 7550 6432 11879 
f 854 778 780 
f 7580 8136 8720 
f 6386 7324 7038 
f 6377 8467 8570 
f 4897 4853 8808 
f 4913 3008 1292 
f 6823 577 11713 
f 7390 7730 7871 
f 9709 11475 7380 
f 10248 8898 10220 
f 6874 6992 4973 
f 9348 11773 8488 
f 12368 5267 9697 
f 6998 1204 7343 
f 6814 9626 10782 
f 1630 1393 6048 
f 920 10702 6054 
f 1205 2861 10610 
f 11518 2819 11578 
f 10708 8387 10868 
f 8728 11134 2924 
f 2491 4668 162 
f 4024 12258 180 
f 5543 5081 4643 
f 6733 446 364 
f 4327 1870 11418 
f 4228 6065 1546 
f 5644 7265 11367 
f 9279 10067 2013 
f 369 4032 9483 
f 11407 7417 1682 
f 11527 6708 3706 
f 1998 7752 3255 
f 6875 11618 12128 
f 5822 467 2465 
f 5292 4066 3654 
f 3868 10587 10602 
f 5514 606 6581 
f 3977 11432 8475 
f 1134 12403 12486 
f 9964 11064 10343 
f 852 6834 11053 
f 6558 11576 11998 
f 1521 4019 7236 
f 2754 2738 324 
f 1797 5987 4593 
f 2878 10859 4925 
f 7995 9384 8001 
f 7183 9071 6205 
f 545 7623 11615 
f 11665 12054 5420 
f 2673 2419 12315 
f 11078 4403 8125 
f 10188 294 8842 
f 7997 3700 5013 
f 6448 1634 2794 
f 4913 1292 11827 
f 1012 3018 1407 
f 2781 2585 2959 
f 3391 229 678 
f 9014 9590 9587 
f 8747 12306 1274 
f 9952 4924 1189 
f 4403 631 6033 
f 11484 11077 11071 
f 2649 12479 2810 
f 251 8085 6292 
f 9704 9768 2378 
f 8619 10744 1997 
f 3360 3278 5709 
f 4439 5850 3127 
f 11333 431 7829 
f 4786 5679 6190 
f 8932 9032 205 
f 10094 9070 4101 
f 8895 5062 2778 
f 11069 11760 9659 
f 8155 178 2670 
f 11112 4865 5402 
f 12015 12200 10688 
f 7332 992 5811 
f 8153 1353 5083 
f 1837 4691 219 
f 10770 1282 12149 
f 5853 5841 6055 
f 3922 3522 3277 
f 5247 11503 5594 
f 11306 11323 11699 
f 7687 1666 3350 
f 11604 8387 3340 
f 8137 6550 3439 
f 6008 6662 6863 
f 11306 11699 3166 
f 9754 6306 5533 
f 80 8377 4073 
f 11085 10245 11285 
f 1603 5718 1359 
f 11384 8094 2613 
f 558 7414 11199 
f 8155 12444 178 
f 464 6338 10494 
f 1912 2022 2031 
f 1220 1124 1347 
f 1782 3010 1817 
f 15 7590 1918 
f 10145 11193 10005 
f 8953 6455 4560 
f 1627 1281 1157 
f 10031 3388 8842 
f 9458 304 2070 
f 10484 8641 3259 
f 1940 1438 1618 
f 12309 763 2974 
f 1068 2400 1044 
f 5553 9711 11953 
f 3546 4052 483 
f 10779 4213 4697 
f 3704 8056 6686 
f 5062 8895 9523 
f 2191 4640 5935 
f 1868 8143 10547 
f 11500 1532 10248 
f 1593 556 6688 
f 2550 3040 5882 
f 3418 1754 3604 
f 5946 11069 11715 
f 4739 3625 2804 
f 4710 4344 9684 
f 7391 583 5461 
f 12354 1476 5008 
f 12366 827 8417 
f 1827 1496 12299 
f 10605 9307 3910 
f 2884 8441 6469 
f 10077 10055 2169 
f 10128 2810 12479 
f 10762 3291 10760 
f 2215 8827 12264 
f 8771 4476 9522 
f 7558 11743 9193 
f 10752 6462 428 
f 10807 9130 9695 
f 5349 4342 6671 
f 5590 824 10960 
f 11232 11650 11625 
f 5644 11367 3462 
f 9860 11457 10553 
f 11008 8707 3958 
f 7095 7312 9493 
f 1414 1017 1086 
f 12307 4602 11149 
f 6862 8276 1710 
f 3566 9072 7593 
f 7312 7095 11281 
f 5056 4579 400 
f 3873 6456 2760 
f 7646 1737 3840 
f 9464 592 11851 
f 4849 11282 11392 
f 4908 10135 10069 
f 12326 11716 12348 
f 3590 3803 3593 
f 6289 1434 11566 
f 387 5206 11256 
f 5553 11953 3415 
f 970 5424 1554 
f 7568 7491 11976 
f 1682 5884 11407 
f 1320 10765 9847 
f 11920 4455 4502 
f 10315 10539 9828 
f 6113 9885 8268 
f 82 33 34 
f 5210 11818 5888 
f 2641 1982 1966 
f 11037 8411 5636 
f 1021 12354 8020 
f 8675 7750 3423 
f 587 10847 4456 
f 2258 4159 1597 
f 6418 4713 11700 
f 7364 51 12494 
f 2157 10911 4262 
f 6917 2517 8323 
f 6160 11954 2824 
f 3302 2767 1800 
f 10953 9885 4081 
f 4106 4901 11896 
f 4198 3498 1216 
f 4446 8491 449 
f 10474 11788 2798 
f 7085 6852 6629 
f 2006 2177 2324 
f 10531 2354 992 
f 2462 2609 2291 
f 9828 1816 4415 
f 8957 6988 7804 
f 2587 10408 12327 
f 9721 4357 4570 
f 12415 9102 8795 
f 7613 6627 7883 
f 7297 10044 1140 
f 4022 2335 561 
f 10899 12167 5118 
f 5149 7357 5728 
f 5023 10918 286 
f 4337 4248 11829 
f 11565 8651 10201 
f 2491 162 4604 
f 6938 7485 10537 
f 12498 6229 6287 
f 2281 10209 9214 
f 11313 6647 8070 
f 4417 4761 6569 
f 11246 11374 9494 
f 12060 10163 10166 
f 970 9144 11947 
f 2751 2814 11199 
f 8204 7640 7918 
f 6019 779 711 
f 11717 12316 498 
f 3647 2142 11412 
f 4078 2731 9797 
f 5600 390 5553 
f 2384 5877 6747 
f 5900 5584 9355 
f 4373 1542 4239 
f 499 176 503 
f 2775 3990 9291 
f 2612 558 11199 
f 9425 8869 10468 
f 10263 8032 10302 
f 2073 11638 11003 
f 11998 7502 6558 
f 3953 12132 11804 
f 11075 2178 11346 
f 3145 3847 3367 
f 1808 8412 12393 
f 7489 7571 4757 
f 5516 1130 8623 
f 4470 11005 11863 
f 4718 4394 5992 
f 6941 7454 7199 
f 3244 1094 8384 
f 1237 9004 8891 
f 9732 90 9544 
f 4086 4863 5753 
f 11257 6723 4125 
f 11382 1182 1146 
f 18 13 33 
f 9946 9630 9561 
f 10813 8092 2343 
f 12055 4107 849 
f 9394 9471 8118 
f 11949 11147 11136 
f 5918 6302 6176 
f 4220 3626 3411 
f 2533 8262 7126 
f 4975 2190 1757 
f 7463 12344 5398 
f 1138 8888 5947 
f 11236 11748 10521 
f 6998 114 10075 
f 11505 5802 8551 
f 7734 7467 8605 
f 3785 8626 3693 
f 2756 1329 6563 
f 6919 6246 5831 
f 5859 10252 10319 
f 6976 9176 4875 
f 8660 12159 7907 
f 10464 11591 5880 
f 6838 2458 8292 
f 11864 2975 9275 
f 2549 4488 387 
f 5177 1407 3925 
f 854 343 268 
f 11887 10393 11081 
f 4884 6489 8652 
f 6379 9582 8704 
f 6278 9876 8310 
f 4967 9857 7212 
f 4063 31 4560 
f 6008 5374 5614 
f 11475 9709 1415 
f 10025 8273 5076 
f 4887 6621 5770 
f 1795 9196 1103 
f 5541 5620 2137 
f 5620 4834 10612 
f 5791 6622 11000 
f 10657 2903 150 
f 1738 2073 1484 
f 9303 2565 4961 
f 9061 5406 434 
f 8288 2728 11362 
f 5712 8542 3658 
f 6810 7245 3371 
f 9141 8925 7951 
f 12068 1304 143 
f 5807 11362 12461 
f 5076 11362 5807 
f 11631 6701 3962 
f 10731 6738 2257 
f 3877 3962 6701 
f 11320 620 6417 
f 10204 10190 10186 
f 1400 11797 11772 
f 10439 8420 6534 
f 507 2242 4435 
f 809 11791 1044 
f 1326 2429 8301 
f 6316 11335 108 
f 11974 11766 6950 
f 9021 12251 8253 
f 135 1549 380 
f 11465 1407 5177 
f 9771 2598 12030 
f 1486 9625 2001 
f 9446 10632 2714 
f 6259 8288 10087 
f 11831 2480 1658 
f 11174 10115 10852 
f 7235 7989 10144 
f 9663 7681 9063 
f 9410 4184 4147 
f 11342 9358 2826 
f 338 398 7182 
f 5588 8041 6520 
f 616 1135 627 
f 7537 8088 12211 
f 3154 3341 2942 
f 9189 8146 4095 
f 2945 2506 3935 
f 1052 12115 6563 
f 11704 5912 6057 
f 6563 1329 1052 
f 8389 11273 2582 
f 6621 8157 8168 
f 2427 6456 11271 
f 4832 5933 4411 
f 10793 6811 9205 
f 8506 1019 2433 
f 9001 6471 10107 
f 7921 10985 12233 
f 1390 9643 8790 
f 8669 7607 7074 
f 11588 2853 10015 
f 1307 10081 8628 
f 5528 11227 5873 
f 2708 6912 9437 
f 7744 8154 10263 
f 7817 9424 8012 
f 1901 4173 3556 
f 7007 861 7784 
f 9841 9835 10231 
f 1435 9464 1622 
f 409 10633 495 
f 6526 3195 5028 
f 8470 5684 8871 
f 8710 7892 5885 
f 12014 4465 11900 
f 5555 8824 6776 
f 9181 564 8937 
f 1622 4737 8664 
f 1722 2090 10999 
f 9978 9646 5515 
f 497 6259 11833 
f 9181 11833 564 
f 3052 3011 11021 
f 2158 11833 7919 
f 3911 6292 8581 
f 9230 12440 6184 
f 11752 3945 12003 
f 2807 8731 8669 
f 6763 5504 5042 
f 4044 8976 11780 
f 11947 11831 3149 
f 3479 3051 3886 
f 6180 2358 5045 
f 3507 6518 4906 
f 11274 5108 4128 
f 11833 2158 497 
f 2986 10097 4530 
f 3584 5184 4753 
f 1403 1079 1519 
f 9181 7919 11833 
f 5930 234 7061 
f 6371 4358 5511 
f 2176 562 2194 
f 2218 4010 2600 
f 1921 6211 3816 
f 3388 6464 10143 
f 9015 7321 8423 
f 12370 4942 5528 
f 12407 11876 2091 
f 12086 3166 1579 
f 7390 7854 10134 
f 2108 2101 2276 
f 2878 2843 10859 
f 2359 5782 2304 
f 1229 2164 4723 
f 4041 9262 908 
f 3568 12303 11247 
f 10457 10114 11562 
f 5340 12255 7204 
f 3925 1407 2320 
f 6540 6364 7360 
f 10455 11147 11163 
f 3870 6115 9406 
f 6915 6432 7550 
f 1956 7391 9995 
f 8158 8187 4285 
f 10648 11139 9415 
f 7444 1768 12428 
f 8060 7494 7771 
f 10661 4334 5684 
f 2694 9268 695 
f 5687 1995 5621 
f 11588 8331 2235 
f 228 5087 11612 
f 9456 677 863 
f 2480 11831 7250 
f 4939 595 4359 
f 8836 8550 9738 
f 3209 6485 3621 
f 9331 1050 331 
f 1940 7290 1438 
f 4522 4064 8837 
f 11426 11414 5476 
f 2647 529 10096 
f 314 4333 4465 
f 9137 8019 9436 
f 9163 9918 9982 
f 12032 10859 10832 
f 5776 4895 4898 
f 9035 4009 11144 
f 1494 1377 12073 
f 4940 2570 599 
f 7668 9877 4359 
f 8631 3367 7647 
f 1376 1380 1256 
f 9137 8007 8019 
f 1370 1764 8378 
f 4266 5302 2977 
f 3249 882 9324 
f 10776 2349 2785 
f 9696 3992 10933 
f 10906 10883 5764 
f 2249 11587 12395 
f 9536 943 6431 
f 2860 7151 7356 
f 11999 915 10426 
f 11415 4176 2469 
f 882 10598 9324 
f 2592 9503 4620 
f 2291 2106 2120 
f 9542 5482 3400 
f 2457 2354 8200 
f 9875 5437 4636 
f 3288 8732 12057 
f 12089 8183 9725 
f 11588 10015 8400 
f 12340 3249 944 
f 6433 5623 6425 
f 2173 1457 1900 
f 169 12330 2994 
f 9038 8627 1971 
f 5630 2329 12102 
f 12301 8995 4031 
f 11438 5093 12139 
f 3288 12340 9285 
f 9285 8732 3288 
f 7675 4948 349 
f 9285 12340 944 
f 8849 3333 6235 
f 8420 11257 7763 
f 3252 6204 12371 
f 7309 2826 9358 
f 11216 10720 5421 
f 11744 40 7584 
f 1356 11178 8182 
f 12386 11828 1611 
f 5853 6277 4754 
f 7221 11253 1930 
f 8565 3630 9976 
f 4277 4877 4089 
f 1553 1929 4286 
f 8756 11459 3718 
f 11745 8291 11486 
f 6543 2465 9728 
f 10347 12213 2973 
f 11553 9750 10363 
f 2060 1284 2617 
f 320 12250 11206 
f 2539 2776 7170 
f 1945 2748 2068 
f 7763 11257 10964 
f 7473 8093 8345 
f 6630 4229 8415 
f 6521 2292 12475 
f 11701 7432 9762 
f 8231 5708 7759 
f 8781 7583 7752 
f 4984 424 11601 
f 143 4404 12068 
f 10594 10231 10590 
f 550 11468 3099 
f 12462 3924 3238 
f 3981 3671 10922 
f 1460 1244 1378 
f 9659 6375 4399 
f 2844 3471 3470 
f 12389 4306 3076 
f 8732 3257 5122 
f 10911 2157 6269 
f 6761 6193 3365 
f 8562 2826 11194 
f 3511 11282 4849 
f 2626 5565 2107 
f 5629 217 8258 
f 11393 9357 17 
f 10461 9143 10264 
f 8449 10892 959 
f 5472 370 8324 
f 8654 1531 7411 
f 1826 10730 1515 
f 5329 1207 1619 
f 7522 3541 11138 
f 727 5810 7499 
f 12129 7206 6269 
f 7611 10176 3024 
f 3519 3721 2890 
f 3800 3752 2188 
f 1462 9360 8922 
f 882 9833 10598 
f 2385 2633 8337 
f 7407 5819 2351 
f 10500 3763 1362 
f 9860 1828 11423 
f 6255 6288 5844 
f 5042 5264 4605 
f 5026 194 8654 
f 11170 2845 10464 
f 7994 4932 8445 
f 1171 8178 10821 
f 11243 876 3489 
f 3049 2153 1982 
f 7318 10383 12352 
f 11668 8390 6050 
f 5921 8799 2072 
f 9039 4319 1200 
f 9943 2878 4925 
f 11901 6460 6770 
f 7888 10318 4 
f 117 6931 8903 
f 5026 8654 7411 
f 12113 3934 3024 
f 9608 9099 3009 
f 5085 3476 721 
f 9613 5026 2034 
f 8195 2113 8024 
f 10796 8578 586 
f 6709 6934 6925 
f 690 2131 3099 
f 3938 5681 4533 
f 8880 10518 2681 
f 6669 8240 7532 
f 3009 282 9608 
f 282 4168 9608 
f 8315 8630 8330 
f 4446 9844 8491 
f 6294 11988 8022 
f 5334 7274 7072 
f 9246 5713 8345 
f 6568 12201 8199 
f 2352 7899 8472 
f 1033 5965 7910 
f 9280 8423 8699 
f 11622 11259 11652 
f 11251 130 12076 
f 4158 9734 6739 
f 3421 11992 8397 
f 9753 230 7027 
f 487 2987 522 
f 2225 3004 12177 
f 11206 10376 7599 
f 10515 1302 4188 
f 10718 6562 3957 
f 10623 1572 172 
f 690 8545 4340 
f 5703 11481 5467 
f 12189 10938 424 
f 1060 3645 10839 
f 6142 7252 1161 
f 11998 9242 10976 
f 3009 9099 6439 
f 9645 9962 3589 
f 3188 6237 9932 
f 3783 10749 612 
f 11094 2231 1868 
f 3613 5469 10381 
f 690 4340 9980 
f 4409 1755 4385 
f 5163 5615 3746 
f 7908 8872 1408 
f 12197 6405 3414 
f 7010 10475 2432 
f 8126 10450 8085 
f 3164 5704 8276 
f 537 3877 484 
f 10741 6438 10921 
f 2075 2068 2252 
f 2707 5169 7384 
f 1946 6648 1310 
f 1698 9634 8464 
f 8018 6234 444 
f 1496 7219 204 
f 5738 3698 6017 
f 10679 4933 4278 
f 90 9732 3278 
f 7451 8001 8566 
f 8000 6590 8373 
f 9701 10559 1253 
f 5518 7535 9603 
f 2759 3201 5645 
f 750 11502 6795 
f 12384 10712 11642 
f 8545 5767 5667 
f 4340 8545 5667 
f 5253 995 974 
f 4556 4759 4551 
f 5649 6709 6248 
f 7890 4704 1448 
f 9660 5226 1231 
f 3603 9581 10512 
f 12031 5001 3872 
f 3357 3238 3945 
f 3911 1985 11398 
f 5574 8265 10125 
f 6178 1436 8265 
f 10531 8200 2354 
f 9581 3603 8067 
f 4541 734 12259 
f 6749 295 8337 
f 1761 272 8948 
f 5995 4209 9528 
f 7875 6010 3387 
f 4679 10093 391 
f 4255 1069 4586 
f 7599 1069 4255 
f 6068 952 4818 
f 6292 8085 8581 
f 12006 7383 2222 
f 12267 10269 3020 
f 1641 6435 11700 
f 9300 9944 8735 
f 1841 3603 10512 
f 9715 10623 172 
f 6046 8421 8987 
f 11829 1459 4337 
f 3430 10474 2347 
f 10279 7406 2503 
f 12015 1251 6997 
f 4255 4586 2200 
f 1390 1040 9643 
f 5357 554 2380 
f 11195 10389 6413 
f 1997 8534 8619 
f 10605 10195 9307 
f 1368 5121 9220 
f 7236 4973 6992 
f 12282 11751 4258 
f 11089 12046 1103 
f 7903 7085 7629 
f 7693 222 10653 
f 8733 44 5112 
f 2183 11234 7021 
f 2540 10588 11440 
f 7328 2271 9248 
f 4169 5418 4525 
f 5052 5999 5909 
f 611 1030 4957 
f 3876 2823 3047 
f 3025 8519 6279 
f 9892 8971 9247 
f 11650 11685 11292 
f 8354 8658 8351 
f 5708 3609 11677 
f 1717 1620 1820 
f 11279 4719 9661 
f 1858 7161 7649 
f 7566 7618 2251 
f 7051 3023 9209 
f 3400 5495 7969 
f 1017 1649 960 
f 3848 3297 981 
f 3332 4091 1578 
f 6893 11868 6552 
f 10255 2852 2926 
f 5925 8944 9730 
f 10186 10554 11642 
f 9377 9682 9089 
f 2831 9277 3119 
f 1414 1846 1649 
f 5478 4304 4957 
f 4138 12001 9397 
f 1758 7693 8609 
f 2272 12066 8248 
f 9397 5070 3188 
f 5070 170 3188 
f 865 635 945 
f 11821 2379 1248 
f 886 889 3195 
f 10696 11437 12241 
f 7605 10626 11759 
f 7693 1758 7764 
f 11279 4532 12043 
f 10576 1997 12093 
f 5581 10394 6470 
f 5955 9922 74 
f 3322 1673 5172 
f 10332 10266 4009 
f 4734 5954 6584 
f 12389 9021 4306 
f 5065 4843 5077 
f 780 1255 1136 
f 4400 4132 1528 
f 10501 3286 10538 
f 10982 648 11666 
f 1931 12406 2512 
f 3645 6755 10839 
f 1319 1323 1322 
f 9740 11548 12373 
f 2915 3547 3320 
f 2567 7055 3991 
f 8461 11402 1084 
f 10931 6236 11667 
f 10663 9531 7369 
f 10028 10771 11118 
f 2076 2500 8260 
f 2200 12001 4138 
f 10570 3530 9088 
f 11915 10314 12171 
f 10895 9359 9584 
f 2904 8993 11659 
f 9970 9813 6605 
f 4506 11405 5287 
f 6362 7793 4516 
f 12187 5526 3220 
f 9084 7671 8686 
f 3282 2584 12046 
f 92 5302 11066 
f 3125 10601 734 
f 8927 7120 11715 
f 4804 12315 8493 
f 7298 776 9979 
f 9727 8871 10599 
f 608 5799 3720 
f 12338 5079 509 
f 894 4042 4857 
f 2333 2490 2496 
f 12460 5838 9231 
f 10661 9186 4334 
f 7801 12166 3708 
f 9472 8464 5430 
f 7018 7483 5674 
f 10453 6351 4640 
f 353 9521 693 
f 11798 3628 4502 
f 2792 12005 3946 
f 3506 3927 3468 
f 693 7724 12008 
f 7394 427 2529 
f 1784 4931 9103 
f 5745 9685 12058 
f 3301 342 11450 
f 11915 1784 9103 
f 10366 572 9463 
f 9192 9801 9199 
f 8278 7807 8449 
f 3847 3145 12094 
f 7413 9355 5584 
f 3690 2345 2862 
f 6301 6956 6096 
f 831 6979 7971 
f 12018 4207 2758 
f 10882 7591 1462 
f 5879 4978 7999 
f 7441 6582 7295 
f 9949 8636 9850 
f 12467 4231 1600 
f 11107 3734 8029 
f 1465 6790 7790 
f 2152 9074 9148 
f 9897 2406 3747 
f 458 1148 5567 
f 3462 10834 9696 
f 8611 7465 7213 
f 11805 821 6965 
f 6208 10534 1871 
f 901 1956 2877 
f 1711 1804 1812 
f 9521 98 7724 
f 728 10077 2169 
f 1570 1887 1568 
f 8107 7925 12468 
f 2916 2889 8709 
f 4158 7344 5980 
f 4042 372 4857 
f 98 9521 1310 
f 8256 4013 7884 
f 10875 7707 11012 
f 8768 7587 9419 
f 1959 4513 4194 
f 1913 7049 7445 
f 8866 11841 4182 
f 6847 3092 7654 
f 12305 8816 10042 
f 822 1844 2417 
f 11445 5941 5929 
f 276 697 4821 
f 4810 5137 6127 
f 2722 7666 8917 
f 11645 3379 8919 
f 11164 11318 8141 
f 7114 3496 5613 
f 10954 7988 5669 
f 11390 704 12240 
f 6496 6277 6275 
f 10790 2452 3705 
f 9165 1858 6710 
f 10010 8787 4272 
f 10250 1355 1984 
f 463 814 855 
f 734 10601 6318 
f 8046 9765 10378 
f 4585 10741 10921 
f 7741 5988 5757 
f 2786 651 5347 
f 10719 4263 2143 
f 5952 6367 6157 
f 4729 12158 12154 
f 8 64 18 
f 4051 10888 10091 
f 8324 1141 5472 
f 11786 11696 8906 
f 11409 12239 10100 
f 3201 6359 1553 
f 10070 9404 11126 
f 855 814 11318 
f 2710 8141 1946 
f 9647 1684 5653 
f 4396 9125 10197 
f 5749 1221 7190 
f 5010 1913 11524 
f 682 1576 1039 
f 1862 12023 12310 
f 5306 9305 4904 
f 2515 7112 6350 
f 10022 5332 5541 
f 5468 4358 4034 
f 10684 7382 1159 
f 5106 2515 10856 
f 12224 2095 5105 
f 1088 9169 1700 
f 5898 85 10777 
f 11572 8253 7661 
f 8677 8980 6825 
f 4484 12307 11149 
f 11603 2933 4460 
f 10337 2219 2998 
f 5896 10820 7409 
f 114 6967 11711 
f 11821 11784 9075 
f 2483 3470 3051 
f 11386 10372 9246 
f 9999 2697 4656 
f 9265 7830 440 
f 4645 4089 4649 
f 7090 2020 1852 
f 8045 10627 1958 
f 7413 575 9355 
f 8682 9816 6529 
f 5657 5600 3415 
f 3363 535 4297 
f 8516 31 8196 
f 3042 3030 3033 
f 10108 2047 3074 
f 2592 4116 9503 
f 11518 11578 5287 
f 1034 964 11423 
f 10195 7649 7161 
f 8340 5660 4363 
f 7978 1286 11963 
f 259 264 193 
f 10620 61 978 
f 1457 1208 1900 
f 1065 611 5309 
f 10032 10253 9400 
f 1836 2061 2748 
f 6985 3528 7782 
f 7195 11609 2869 
f 410 8371 10123 
f 11379 2882 10923 
f 10083 11347 9243 
f 10037 12092 2918 
f 633 10648 11111 
f 4946 1958 10627 
f 9014 8735 9944 
f 7195 2869 11345 
f 4160 10983 5426 
f 10120 7801 3708 
f 6614 3244 8384 
f 3390 11654 10042 
f 1160 2548 11 
f 2047 11146 6647 
f 1310 12397 98 
f 7378 1547 811 
f 2846 4489 7515 
f 3560 5183 6762 
f 7252 3698 7079 
f 11221 11435 10636 
f 2848 3352 6858 
f 4785 5835 4318 
f 5626 12279 5580 
f 4843 4260 5077 
f 4698 2650 1646 
f 6127 7389 4030 
f 4524 8989 383 
f 1855 9863 9318 
f 3319 4581 135 
f 8009 4966 6183 
f 10341 6021 2598 
f 5048 2556 9334 
f 1745 1625 5651 
f 1490 10418 10130 
f 7944 2910 4379 
f 12210 4302 10321 
f 23 1727 8585 
f 7506 3375 2350 
f 216 4085 5738 
f 4493 2568 7058 
f 1340 10227 10670 
f 4077 7476 1363 
f 3169 3008 2927 
f 2420 1960 1964 
f 8607 8600 9168 
f 9468 7116 287 
f 1105 1832 3079 
f 3290 3985 7265 
f 9162 4772 4756 
f 3710 972 1408 
f 9569 9411 299 
f 4922 4831 8468 
f 11673 9368 5361 
f 5452 4965 10689 
f 4831 9186 8468 
f 7153 3436 2287 
f 10567 8680 340 
f 5282 6777 5513 
f 10506 11559 8883 
f 3567 3761 2573 
f 10577 11360 8680 
f 3781 12467 5633 
f 8624 8668 6626 
f 5110 9162 4660 
f 8633 8572 4653 
f 201 7337 942 
f 10334 10704 10329 
f 3749 8480 6023 
f 7470 2141 2708 
f 3824 6390 7785 
f 1576 691 843 
f 9381 5377 4959 
f 573 87 11640 
f 12310 2156 2044 
f 9464 7655 8702 
f 8736 2532 5376 
f 683 9748 4097 
f 11301 1868 2231 
f 11059 2506 5148 
f 10269 731 6035 
f 7572 3269 5007 
f 6572 819 6137 
f 9652 1266 7197 
f 3148 1706 3817 
f 5484 4815 4772 
f 7476 1490 7047 
f 1972 7345 6041 
f 5102 4187 8317 
f 4339 3124 2708 
f 5059 5928 11479 
f 680 10427 3505 
f 5045 4156 5872 
f 10581 8440 11570 
f 551 8826 10266 
f 3990 4853 4897 
f 3706 11101 11527 
f 6318 880 5928 
f 4360 11009 1048 
f 4669 3178 3279 
f 8633 7788 8572 
f 11773 12039 8526 
f 5691 5571 8714 
f 7928 2581 2554 
f 10251 931 867 
f 1211 5633 10905 
f 8929 1758 8333 
f 1802 4820 12298 
f 4493 7058 110 
f 2207 3037 12235 
f 829 12278 6783 
f 539 8673 4765 
f 8213 1089 12056 
f 11015 9976 12335 
f 11273 1373 2717 
f 11705 6799 651 
f 11032 3961 11501 
f 5007 3474 9423 
f 6523 9997 2679 
f 3277 3084 2887 
f 3227 3853 3226 
f 12066 5581 8248 
f 3395 9479 6675 
f 7455 1232 9533 
f 11497 6758 1974 
f 2734 9666 7075 
f 5867 781 7429 
f 9031 2731 4078 
f 8166 10927 11513 
f 11753 6928 10330 
f 4897 4890 9286 
f 3490 9390 10929 
f 7002 10890 7504 
f 8815 7815 7849 
f 11039 7931 11814 
f 8078 2052 1992 
f 961 114 3469 
f 3037 9084 8686 
f 9793 11410 4521 
f 228 11612 5445 
f 8307 10833 9177 
f 7152 12215 11397 
f 6072 5417 10260 
f 3117 1736 2412 
f 10166 7521 9478 
f 2720 11814 7931 
f 4686 7023 2542 
f 10674 5310 6932 
f 8899 4906 11382 
f 12452 10218 2454 
f 7307 4048 5236 
f 8108 4762 11558 
f 5435 9160 10257 
f 4897 9286 9291 
f 7452 10991 2766 
f 9699 8767 10866 
f 9065 8416 10072 
f 473 1072 5856 
f 8088 4309 12211 
f 7366 6344 2051 
f 6297 5977 12117 
f 8934 8043 2833 
f 10045 3575 388 
f 7015 6162 6368 
f 5435 1632 9160 
f 8693 8396 9559 
f 11340 7187 7210 
f 76 4634 3036 
f 7066 7823 8909 
f 11269 6942 8849 
f 9154 3988 7093 
f 578 2969 8218 
f 2070 304 890 
f 1798 1675 5277 
f 9974 11814 5215 
f 6253 11578 3881 
f 9001 4054 11644 
f 11507 1499 281 
f 10706 9618 11060 
f 7543 2087 7564 
f 2634 4533 1916 
f 439 8191 3851 
f 5972 1893 864 
f 241 1582 1585 
f 11533 441 7148 
f 5986 3176 10975 
f 11302 12100 1875 
f 1773 1966 1564 
f 5728 5423 9426 
f 9174 10354 4983 
f 589 8349 8346 
f 5803 7274 5334 
f 1893 5972 11337 
f 9443 2054 1331 
f 9863 1855 8412 
f 1875 6890 779 
f 1811 2365 2003 
f 4958 7913 8287 
f 8822 7317 2474 
f 8666 3821 6694 
f 450 10642 8392 
f 3757 4323 3760 
f 11490 10406 644 
f 11157 2161 7257 
f 5545 240 11120 
f 2351 709 12150 
f 55 7626 4400 
f 11667 11804 10590 
f 12150 10537 8974 
f 8595 6925 7734 
f 11496 11709 3544 
f 10537 533 8974 
f 2280 3641 1924 
f 12429 1827 11616 
f 533 649 2658 
f 7966 6365 2035 
f 9537 8667 8951 
f 2658 3017 11889 
f 6537 5806 399 
f 6270 11889 3017 
f 3068 6389 1173 
f 4193 4543 4754 
f 4398 4999 806 
f 10637 11782 11401 
f 9431 4815 5484 
f 1657 5674 9411 
f 1459 2635 4337 
f 2772 6140 5820 
f 1945 1753 1846 
f 7371 7372 7650 
f 5998 3062 997 
f 7254 6782 6990 
f 9009 981 4876 
f 5338 900 6730 
f 3547 3949 4323 
f 12438 11625 11622 
f 3102 157 1849 
f 4867 10 9408 
f 10950 6606 10522 
f 8889 1742 7433 
f 4110 5022 8214 
f 4569 9705 12316 
f 9562 8683 5259 
f 9965 10308 10333 
f 697 1332 4691 
f 9488 8011 10832 
f 4137 1551 10855 
f 9885 10953 3697 
f 1532 2723 8898 
f 8166 12112 9481 
f 8243 7690 7652 
f 8882 4880 4433 
f 11974 7412 11766 
f 12496 4075 4063 
f 7016 5033 7200 
f 6406 5150 987 
f 9047 7339 1714 
f 9096 7334 10119 
f 12223 1550 6049 
f 4112 4142 9196 
f 12035 3477 5774 
f 1993 1834 75 
f 10725 6400 4811 
f 7422 12393 8412 
f 6751 5738 5443 
f 9844 4494 9169 
f 11489 4539 2118 
f 1671 4328 10682 
f 8410 8717 8140 
f 1628 725 1504 
f 4744 5440 5431 
f 5186 8938 6703 
f 1532 2269 359 
f 5343 5666 9499 
f 1668 7893 1653 
f 1325 11849 256 
f 11175 237 4005 
f 10305 4135 3498 
f 4553 1154 5492 
f 3124 9457 11329 
f 3736 1451 138 
f 7524 7246 11913 
f 7273 8809 11139 
f 5342 10697 1222 
f 5903 408 4701 
f 619 4 10318 
f 12185 10375 1876 
f 7255 12160 8879 
f 11708 9171 7994 
f 11400 11358 11335 
f 2032 10302 8032 
f 6302 10297 9474 
f 10097 10900 3828 
f 4206 7651 10384 
f 6818 1908 5004 
f 11939 7189 1655 
f 10965 2631 4045 
f 6596 1154 4553 
f 3787 4200 4551 
f 4346 9058 1325 
f 5752 4131 280 
f 7045 1186 2027 
f 1184 3622 5092 
f 9959 3155 8903 
f 8961 2851 8617 
f 11043 1345 4371 
f 862 5874 3625 
f 5991 2560 10746 
f 7863 3258 3272 
f 839 9370 7579 
f 4412 3454 4256 
f 5537 5737 5734 
f 6491 5254 5274 
f 166 3138 4210 
f 2938 7582 11561 
f 39 68 6211 
f 866 3353 7800 
f 12359 4893 12198 
f 8458 6672 4354 
f 12051 3541 912 
f 5353 3732 5532 
f 3402 2963 1008 
f 1124 1226 1347 
f 7779 6532 7508 
f 11836 7356 10223 
f 4460 712 4770 
f 5198 1959 4194 
f 7676 12063 12098 
f 8750 4037 881 
f 1188 2351 12150 
f 1501 11716 8526 
f 148 10823 233 
f 5499 11282 9461 
f 10484 3259 687 
f 5166 6290 11212 
f 10516 10201 12304 
f 6627 6651 6861 
f 3065 4882 3492 
f 8572 7788 4653 
f 2905 5878 6553 
f 3610 2083 4529 
f 5115 915 11999 
f 3839 5004 8326 
f 8913 2126 11734 
f 5796 6949 10695 
f 4413 5110 6538 
f 1211 618 8665 
f 2567 7351 2894 
f 10671 9559 9269 
f 5260 4801 5257 
f 9582 3921 4664 
f 8415 10588 2540 
f 6682 7667 9170 
f 3616 1834 5157 
f 5595 7088 5788 
f 6887 9737 1610 
f 11136 11936 11949 
f 10233 7819 4685 
f 2352 10546 597 
f 8386 3032 1766 
f 8913 11734 8241 
f 11356 8503 5320 
f 920 187 10702 
f 1584 237 9055 
f 6658 7372 7376 
f 302 5658 9826 
f 6600 12343 2625 
f 10663 8858 10930 
f 419 8806 4461 
f 9437 6912 9340 
f 6277 6273 4985 
f 11285 10245 7089 
f 8963 9417 593 
f 4935 5832 11226 
f 11128 9254 11927 
f 6113 4361 692 
f 8319 10233 4685 
f 5560 7576 8428 
f 2354 2457 8543 
f 401 10840 5272 
f 1900 1571 1982 
f 1752 1960 1953 
f 4125 6723 1987 
f 8805 8734 10451 
f 5586 10396 9373 
f 12250 11589 10858 
f 4764 4759 4556 
f 2767 8930 5259 
f 6176 2356 5918 
f 7534 934 2019 
f 11214 8677 9765 
f 1776 2726 4113 
f 4504 4544 5876 
f 9787 9465 11608 
f 6264 9485 11710 
f 851 9571 9531 
f 4059 269 5718 
f 8463 5246 11693 
f 7621 2484 11730 
f 946 2000 212 
f 1826 1515 322 
f 8889 12226 1742 
f 8112 12175 5496 
f 4093 5659 8696 
f 7814 6690 11140 
f 9950 11649 9989 
f 11129 8409 7377 
f 10346 1076 230 
f 9017 1788 12218 
f 8224 3832 11563 
f 10267 10021 6175 
f 6396 6661 1925 
f 581 384 1327 
f 11186 182 284 
f 10315 10989 11623 
f 8854 3834 6004 
f 7322 11509 9336 
f 3088 11864 8069 
f 7377 9041 2917 
f 9161 8608 9168 
f 9054 2427 2881 
f 1717 1383 1620 
f 12062 12366 1318 
f 8557 2966 4910 
f 9905 9716 1450 
f 9064 10402 5433 
f 3251 4018 6420 
f 10327 11355 5195 
f 10788 5505 4833 
f 3601 3598 3597 
f 566 8174 9825 
f 11361 4701 10953 
f 4942 9638 11227 
f 11203 3105 2917 
f 5196 11022 1923 
f 4817 3264 3006 
f 3351 8625 3113 
f 9442 3070 5262 
f 4574 6013 10705 
f 876 3826 4878 
f 9459 8076 2071 
f 12123 840 6517 
f 7938 2115 2422 
f 6941 6476 8004 
f 11692 9681 206 
f 8218 4981 5922 
f 3189 8563 9106 
f 4788 6298 4367 
f 8540 9489 8577 
f 8537 1028 8644 
f 11004 3892 10998 
f 6527 10071 9732 
f 7616 10434 11207 
f 8566 8001 9130 
f 12342 5722 5621 
f 12024 11655 8487 
f 8446 7628 6924 
f 10552 10434 500 
f 9741 9263 7628 
f 9407 2062 9266 
f 6006 3488 924 
f 1270 10732 7214 
f 7530 9741 7628 
f 9526 9527 10270 
f 7628 8446 7530 
f 9866 9364 3222 
f 2782 1055 65 
f 11999 11070 5115 
f 4975 8718 2190 
f 829 6783 8665 
f 1838 12173 3938 
f 7162 5214 4263 
f 1354 2006 1895 
f 2430 3753 11047 
f 3153 3987 4753 
f 1089 1931 9497 
f 7698 12317 10314 
f 8382 6812 3323 
f 920 994 9304 
f 8887 2385 8922 
f 2624 1095 2505 
f 9201 2889 7338 
f 2501 3109 6097 
f 9001 11595 7689 
f 6116 2204 5097 
f 6322 7350 9248 
f 11298 1239 10360 
f 2815 11250 2288 
f 1869 1470 9279 
f 3520 722 12363 
f 6231 5946 9226 
f 4918 4311 4916 
f 4425 8776 7751 
f 4925 763 2721 
f 2745 8606 5280 
f 5827 990 8426 
f 5316 2848 2733 
f 2365 2709 2885 
f 3805 3957 9897 
f 5481 4224 4217 
f 11761 1297 65 
f 2304 5782 8437 
f 10875 136 10755 
f 4341 3097 4528 
f 10269 2572 3020 
f 5130 5067 12088 
f 3325 8864 11934 
f 2217 2036 1820 
f 7953 11229 9097 
f 3506 5144 6106 
f 4137 10855 9703 
f 6645 3944 9961 
f 4092 9656 10718 
f 9000 6081 532 
f 6719 11248 7672 
f 4631 4656 9077 
f 12168 8976 8500 
f 988 5120 9380 
f 4949 5951 1297 
f 2056 5822 221 
f 7542 12211 4309 
f 7921 12233 9227 
f 6659 6662 6011 
f 2576 2420 2763 
f 11534 6151 6873 
f 5775 3163 11765 
f 11954 5964 1949 
f 7471 4197 1838 
f 1282 2863 8486 
f 11520 4728 1181 
f 1729 10739 2655 
f 1547 7378 7373 
f 10391 10003 11482 
f 10619 1694 407 
f 4118 4949 11600 
f 5498 9972 11132 
f 4807 6238 9519 
f 10623 9715 3752 
f 9012 10206 4151 
f 4736 5209 4180 
f 6195 9666 5156 
f 5653 7301 6697 
f 1953 1748 1752 
f 7526 4599 455 
f 1909 1920 3027 
f 8676 7811 8089 
f 8038 6507 12322 
f 7115 518 3636 
f 11217 4118 10573 
f 6225 1175 7880 
f 4081 11361 10953 
f 6916 10754 6424 
f 225 11700 8444 
f 3687 9106 9190 
f 2975 9049 5095 
f 9788 8188 1520 
f 11791 809 767 
f 1279 4268 8442 
f 8962 9239 7812 
f 3791 2015 7711 
f 3348 9781 10318 
f 397 1143 11434 
f 10535 9787 11218 
f 12467 2124 281 
f 2455 6170 412 
f 4326 1710 3467 
f 2914 6714 10434 
f 1853 10434 6714 
f 8479 1065 8598 
f 5198 4194 8378 
f 947 11025 7860 
f 976 10869 10810 
f 2314 7676 5456 
f 9149 4473 12305 
f 7308 2192 2800 
f 6164 124 8475 
f 4332 8294 11168 
f 11025 2362 7860 
f 3191 1749 12144 
f 11297 11914 8180 
f 1588 3649 8502 
f 43 9585 9264 
f 4332 2456 8294 
f 503 945 499 
f 2154 8835 5127 
f 8125 10618 4512 
f 7278 2362 11025 
f 8084 12233 8401 
f 10869 976 9401 
f 4482 488 6265 
f 2553 3126 11452 
f 804 945 503 
f 1768 4087 267 
f 678 11096 7423 
f 7576 3422 768 
f 1509 8722 10316 
f 11045 8800 9484 
f 10379 9751 3300 
f 6345 453 4110 
f 6911 2948 12448 
f 7365 10675 5572 
f 768 9822 10851 
f 11343 11338 11336 
f 12026 4112 4944 
f 5193 8551 6105 
f 8320 7882 11158 
f 11319 10578 12102 
f 11013 8119 8049 
f 10330 6928 10079 
f 11549 4271 8202 
f 419 1488 3008 
f 8914 9195 8325 
f 2899 2890 2196 
f 1199 8719 2039 
f 3948 8219 4208 
f 9343 2228 3264 
f 3264 2228 565 
f 12403 7025 461 
f 11067 4389 10588 
f 660 11720 521 
f 6438 10840 401 
f 6603 9595 7142 
f 11377 9343 4817 
f 1129 629 7653 
f 9445 3412 1704 
f 10944 7472 6893 
f 11730 9134 8358 
f 3620 3624 4221 
f 4306 11572 9544 
f 8078 6933 12108 
f 5992 8273 4718 
f 1017 1087 1086 
f 10290 6033 631 
f 192 3456 5756 
f 8433 7866 7068 
f 3879 10720 4394 
f 5019 1697 9953 
f 11906 11403 6849 
f 6830 10143 5305 
f 482 4042 396 
f 12116 464 10494 
f 6623 8533 9407 
f 2797 2276 2448 
f 11670 684 7458 
f 9009 3297 3848 
f 9715 172 9242 
f 7062 9023 4232 
f 3777 3129 2574 
f 7780 1904 241 
f 565 2228 10316 
f 6533 6073 11977 
f 6996 9766 9731 
f 4815 9431 12294 
f 9172 5596 3901 
f 9427 7067 12119 
f 3472 9380 3404 
f 1052 891 9903 
f 9903 12115 1052 
f 10290 10881 5053 
f 2092 9688 8344 
f 4797 6214 309 
f 5888 1057 5140 
f 4988 2361 11678 
f 11753 4446 449 
f 3500 10881 10290 
f 9972 5999 11132 
f 12172 2949 3222 
f 1485 9547 5047 
f 10833 8307 10070 
f 5563 3933 3637 
f 9251 3889 10765 
f 3496 5518 9603 
f 11586 11695 10113 
f 10480 10112 10844 
f 2791 1774 11881 
f 3611 6319 7072 
f 6550 1500 7839 
f 5178 5824 4947 
f 1919 3545 10485 
f 5646 4055 5538 
f 8614 5412 5089 
f 3353 866 8656 
f 8040 8616 7758 
f 12460 10870 6228 
f 3011 425 715 
f 795 6220 48 
f 11924 11140 6690 
f 223 69 64 
f 3332 3906 5397 
f 2484 1066 102 
f 1509 2796 12134 
f 8779 9193 9320 
f 7095 7109 1604 
f 6016 3165 379 
f 9357 1283 4979 
f 6475 1605 10164 
f 2561 4477 8619 
f 7302 7565 7581 
f 8350 8657 10549 
f 462 390 5100 
f 7109 7095 4055 
f 12145 8197 8604 
f 9670 8711 12037 
f 3692 3384 12192 
f 11569 10613 5520 
f 2259 707 1433 
f 4795 4062 10492 
f 9853 11095 9119 
f 4706 10975 3176 
f 3291 10762 771 
f 2936 7123 1116 
f 4486 4692 4916 
f 4457 2808 12055 
f 3488 6006 6139 
f 10968 9278 10951 
f 9965 7873 1041 
f 3102 11640 8923 
f 4368 10873 5157 
f 3405 3429 5414 
f 6733 7707 5000 
f 8119 8561 8049 
f 10791 1788 9017 
f 2884 10546 8441 
f 1767 9773 7595 
f 1600 2124 12467 
f 3777 3144 3129 
f 3404 9380 5120 
f 7731 5529 8513 
f 22 1216 706 
f 6615 2712 3675 
f 10572 11308 9217 
f 4307 2979 12225 
f 10294 6306 9754 
f 5633 12278 886 
f 6893 9 319 
f 6940 121 2951 
f 9075 4606 10831 
f 1456 1683 1576 
f 624 8662 5971 
f 1852 5721 9230 
f 4902 7312 9829 
f 9906 8983 9249 
f 10606 10979 7513 
f 4696 5113 6695 
f 1414 1526 1846 
f 9829 3480 967 
f 3991 7055 3872 
f 9760 406 6534 
f 7101 12174 2404 
f 10738 3432 5795 
f 7947 3791 2484 
f 553 482 396 
f 12452 12310 7182 
f 5506 5901 244 
f 4517 11108 175 
f 9777 2339 1984 
f 12445 6151 11534 
f 11213 5563 11123 
f 6470 2017 5581 
f 9588 4202 5358 
f 11624 5937 6117 
f 3707 4676 3082 
f 8068 8334 8336 
f 1322 1564 1319 
f 8430 4166 8183 
f 9961 3031 6645 
f 288 94 30 
f 6340 11544 4394 
f 831 8884 9409 
f 2285 8280 4191 
f 4758 7438 4695 
f 2170 5241 3528 
f 9615 4348 10175 
f 3190 4487 573 
f 1987 11017 9143 
f 2780 1015 9678 
f 7136 7516 7940 
f 1547 10108 811 
f 9881 12190 7846 
f 12064 4531 7042 
f 12313 7589 10452 
f 7277 4140 5995 
f 5978 10710 4254 
f 12242 511 1140 
f 5502 10271 9664 
f 7859 8140 8144 
f 7266 12010 1010 
f 696 1109 5143 
f 2443 2959 2585 
f 11506 11917 11510 
f 6882 4659 7315 
f 737 5900 2732 
f 5455 390 462 
f 11234 5998 8188 
f 5536 1899 9761 
f 295 10882 8337 
f 798 1277 1504 
f 776 5396 1492 
f 5669 7988 5573 
f 6396 1925 9981 
f 8625 8745 11554 
f 420 511 12242 
f 5398 7188 6870 
f 9575 812 5254 
f 1856 11411 10131 
f 3491 5345 5158 
f 4921 6751 9666 
f 7589 7188 12344 
f 7965 6110 5087 
f 4394 11544 5992 
f 161 2063 8463 
f 5403 3943 3295 
f 5043 5714 5278 
f 5798 7539 1384 
f 3483 7048 3682 
f 4242 9946 3729 
f 5941 9822 5929 
f 943 9128 6431 
f 6940 3329 1609 
f 12344 7188 5398 
f 12135 3613 7120 
f 11500 4007 2330 
f 5207 8891 6724 
f 4219 7128 7737 
f 4749 2329 5630 
f 8694 4002 3687 
f 7466 12047 4246 
f 9727 9804 1618 
f 6118 4862 5662 
f 2247 7169 12099 
f 4119 2312 2833 
f 11777 8708 11604 
f 11446 8684 6435 
f 6908 4545 5255 
f 2519 10836 1963 
f 5798 6753 5207 
f 3000 6717 3865 
f 12244 4734 4654 
f 8864 3325 5397 
f 11806 2800 2192 
f 9470 5279 11372 
f 8686 7671 5349 
f 144 8257 2424 
f 701 9218 685 
f 4276 5232 1300 
f 73 11245 1653 
f 1059 858 935 
f 6016 10639 3165 
f 402 11357 11479 
f 3479 3886 4436 
f 6090 3115 10025 
f 12264 7230 3317 
f 5406 11691 4133 
f 3329 8832 4603 
f 12281 5464 5677 
f 6602 2086 8487 
f 7889 6644 6759 
f 5150 3405 7132 
f 2002 2905 2580 
f 10993 6118 3877 
f 8580 7340 4884 
f 7424 8925 9746 
f 11832 7424 9746 
f 5587 10657 1537 
f 9465 8315 8620 
f 6044 6246 6263 
f 7511 9213 220 
f 6310 10080 1840 
f 2513 9417 603 
f 9369 12077 5301 
f 11766 9610 643 
f 9610 4715 643 
f 7484 9079 996 
f 8196 9487 2555 
f 5889 7481 6083 
f 5918 3253 7207 
f 6692 11942 9325 
f 12108 6933 9494 
f 10549 12065 11653 
f 11891 11776 5480 
f 5286 8221 11177 
f 561 6592 4022 
f 5251 1410 5230 
f 9205 9141 6155 
f 9438 5622 1882 
f 12017 6489 7247 
f 5039 2228 9343 
f 7699 8840 7399 
f 643 6950 11766 
f 12492 6574 7143 
f 11214 4222 8980 
f 11471 497 2158 
f 7515 5936 79 
f 12325 5436 12257 
f 884 10661 7359 
f 3434 2487 11153 
f 1754 7158 2922 
f 8347 7992 3964 
f 9954 9301 10699 
f 10200 5015 1062 
f 12325 11471 5436 
f 11362 3753 8288 
f 7979 6031 6689 
f 12201 12156 9936 
f 2312 6256 3338 
f 5155 3634 11289 
f 8440 7816 971 
f 9181 8937 10935 
f 7894 1362 10400 
f 12421 4448 10885 
f 7406 355 12013 
f 9134 6608 11945 
f 8030 7748 8885 
f 2936 652 11878 
f 1046 1955 8208 
f 318 10258 9679 
f 1440 1404 1307 
f 7359 10661 5684 
f 5770 6621 8168 
f 3623 3570 9296 
f 10715 7304 9984 
f 12325 8288 6259 
f 4081 4472 6535 
f 466 5755 10340 
f 4026 6291 5904 
f 10715 11633 11634 
f 4442 1108 9121 
f 2143 488 10719 
f 1842 2459 9287 
f 4628 8269 2268 
f 3341 3136 2942 
f 6989 1883 240 
f 9259 10654 11426 
f 7758 7199 8040 
f 5836 6031 6468 
f 6322 6583 2540 
f 6765 9697 12245 
f 9069 564 11833 
f 2 120 6473 
f 2930 2574 2749 
f 11189 10087 2430 
f 9642 8084 7780 
f 9506 11483 11007 
f 10466 2752 11074 
f 8055 6345 8214 
f 9223 2944 527 
f 5643 1770 6512 
f 8040 7199 9177 
f 3692 898 1477 
f 3760 4717 4722 
f 6308 9646 929 
f 5881 11666 141 
f 8921 5021 6890 
f 5297 10756 9222 
f 6332 417 57 
f 11905 4235 7891 
f 9093 9377 9089 
f 5249 8672 3940 
f 1699 6701 9342 
f 4986 10134 3407 
f 7794 10023 5814 
f 10753 10020 11493 
f 2633 8887 5376 
f 8194 8198 7652 
f 3407 7989 4986 
f 6793 1396 7478 
f 2395 6150 6184 
f 12156 8023 8022 
f 11903 644 10406 
f 9387 10412 9377 
f 3795 12191 2996 
f 1933 6342 5179 
f 4345 8377 10644 
f 6880 7249 7756 
f 9333 581 3806 
f 7703 595 4939 
f 2345 3690 2516 
f 149 4573 11272 
f 1472 8653 6142 
f 8669 817 147 
f 2422 2115 7899 
f 2134 11979 3137 
f 10298 11874 1507 
f 12458 9897 3747 
f 12007 1351 3933 
f 3372 9821 1524 
f 6115 3870 9175 
f 181 11686 1377 
f 11896 7164 4106 
f 11223 7796 714 
f 2295 11150 11010 
f 7082 7207 3253 
f 2654 1212 3380 
f 5623 5392 5386 
f 11686 11072 1377 
f 6687 11072 11686 
f 9358 7455 139 
f 2037 9491 11653 
f 670 1053 11781 
f 5978 10849 10710 
f 8586 7582 9085 
f 2050 10405 9302 
f 4069 226 10399 
f 10134 7668 4359 
f 3022 2389 12453 
f 7422 1855 8874 
f 4901 5368 11896 
f 3287 168 9298 
f 612 11867 10841 
f 8986 8374 9252 
f 5908 5388 11037 
f 9735 9745 10457 
f 186 5035 8796 
f 6331 9060 12144 
f 11525 6311 7761 
f 9286 6666 9291 
f 11213 11123 3344 
f 9324 9175 3249 
f 10726 12256 11859 
f 2473 9922 258 
f 9577 8977 10957 
f 6329 2341 8549 
f 6503 10208 1841 
f 575 2779 4474 
f 9833 3249 12340 
f 3249 9833 882 
f 3137 6680 2181 
f 5567 2097 6495 
f 4974 9831 4928 
f 7503 8369 8299 
f 12081 2165 3618 
f 982 2715 8018 
f 9220 9955 7318 
f 6785 8799 11409 
f 12087 4453 9817 
f 3250 9611 4688 
f 6051 489 6047 
f 714 7796 4050 
f 1950 9838 6513 
f 4344 1102 3385 
f 1084 6195 5156 
f 124 11351 2849 
f 11458 2957 10162 
f 7398 4892 3100 
f 7728 8756 11726 
f 1799 2160 10644 
f 10671 11023 10667 
f 11225 4419 7525 
f 11459 8756 7728 
f 12340 3288 9833 
f 3632 6644 674 
f 1735 3671 3981 
f 11558 5384 3254 
f 1535 7148 8681 
f 4853 9052 8808 
f 7170 7728 2539 
f 839 973 531 
f 7221 839 531 
f 2186 2149 6712 
f 1012 8503 3018 
f 501 11757 2981 
f 8475 3190 6164 
f 11239 10485 10006 
f 6464 11866 5305 
f 11138 10040 7522 
f 754 9633 4469 
f 12073 1349 12057 
f 9613 973 194 
f 7960 11619 1193 
f 11745 11486 8756 
f 2665 3856 2148 
f 4945 6115 9324 
f 2334 9503 2776 
f 1531 7176 7411 
f 780 1256 1259 
f 9495 4526 9400 
f 9503 4648 4571 
f 3015 11550 4988 
f 10617 4469 9633 
f 9613 194 5026 
f 3299 6432 12262 
f 1638 11498 8111 
f 2425 4571 4134 
f 1404 1440 3368 
f 12202 2673 1443 
f 10755 12054 10875 
f 8106 4636 4156 
f 877 481 672 
f 6777 6779 6986 
f 2440 3905 9744 
f 10459 1364 11704 
f 756 550 3099 
f 8905 11509 5237 
f 11147 11949 6111 
f 11499 8553 4126 
f 8692 2157 4262 
f 6764 11739 10404 
f 955 192 3312 
f 550 5204 11468 
f 9839 5204 550 
f 1395 4353 7594 
f 9458 11713 4915 
f 3542 6410 1071 
f 1627 1525 1642 
f 2064 7874 3942 
f 10934 1200 4319 
f 3223 10057 2590 
f 1552 6461 3444 
f 6439 9839 3009 
f 1757 2190 6454 
f 56 5204 9839 
f 11931 328 6684 
f 5936 10261 9445 
f 7835 10650 1573 
f 11049 9661 3426 
f 473 5123 9156 
f 6392 3446 8705 
f 1898 1479 10514 
f 7754 6378 12124 
f 4590 1874 625 
f 969 7440 10693 
f 9347 3217 7829 
f 1497 8729 8510 
f 6451 11249 8483 
f 5015 11697 6203 
f 10984 2838 10633 
f 3335 5411 4725 
f 7203 6137 4816 
f 11521 5044 2657 
f 1352 9517 11091 
f 9078 9093 9680 
f 7664 4727 4287 
f 3396 8888 1138 
f 7760 440 1423 
f 11284 11561 8591 
f 433 8148 262 
f 12149 8486 9741 
f 2723 11087 5786 
f 7201 5561 11390 
f 5831 5411 6020 
f 4197 10503 1491 
f 4168 415 9608 
f 10999 10817 7034 
f 9185 3269 7572 
f 624 8171 5496 
f 938 5327 5522 
f 11159 2751 2527 
f 3284 7834 11088 
f 4724 1664 2084 
f 10970 5977 948 
f 2650 12108 9494 
f 5364 3170 6149 
f 11266 598 452 
f 9569 1584 1657 
f 11223 603 9417 
f 7034 10817 9182 
f 8168 6402 5770 
f 169 5328 4824 
f 11828 8126 8085 
f 2803 2873 2892 
f 5154 10486 6637 
f 1854 8380 73 
f 692 11466 3305 
f 6919 7146 7155 
f 3767 8788 3995 
f 5116 4705 10747 
f 6123 1531 6068 
f 1835 2768 5199 
f 1863 3793 11993 
f 5290 11981 8328 
f 4712 7634 10969 
f 11642 10562 11291 
f 10424 4723 9086 
f 5909 7495 6175 
f 6029 3778 671 
f 6547 2755 10471 
f 415 3576 9358 
f 8790 10456 6619 
f 9737 873 2437 
f 1831 125 11928 
f 6619 10456 8528 
f 9158 619 10318 
f 4934 10909 8008 
f 5767 8545 471 
f 5199 12177 1835 
f 8543 7132 5811 
f 6292 3911 11398 
f 5530 11803 2671 
f 7646 7973 998 
f 9028 2172 3813 
f 4677 10169 7232 
f 5185 11464 9283 
f 8542 4352 11882 
f 4200 4556 4551 
f 1966 1773 2144 
f 12151 1030 611 
f 12006 2344 7383 
f 11543 12350 9071 
f 952 4719 4818 
f 9733 1933 10093 
f 10128 11829 4248 
f 11784 5767 471 
f 2686 8373 11973 
f 5109 6180 6488 
f 4033 2114 7997 
f 11485 6704 9878 
f 777 12295 10840 
f 3943 5955 74 
f 11373 7238 6471 
f 6670 10801 5019 
f 613 7916 3502 
f 10433 12143 3681 
f 11547 11543 3517 
f 7488 7643 10447 
f 8309 6540 7360 
f 10235 1293 5993 
f 6342 10474 3430 
f 4733 2770 8090 
f 3151 2937 2763 
f 12032 8011 8724 
f 12396 11398 1985 
f 664 12157 4422 
f 8564 11897 7512 
f 4631 4409 10005 
f 1040 1390 170 
f 8812 10050 10026 
f 9013 4044 11780 
f 5760 11739 6494 
f 2593 4444 2682 
f 10650 10991 7452 
f 4451 920 10586 
f 3677 4086 3882 
f 2077 6182 9633 
f 8345 2864 7473 
f 8701 11105 1436 
f 4545 4070 7461 
f 9616 10331 11052 
f 4875 9176 10168 
f 8775 7909 8766 
f 10237 10443 897 
f 10146 4087 8103 
f 10816 10247 6178 
f 11872 9700 5912 
f 1695 3425 1030 
f 958 3678 11020 
f 5109 1465 6180 
f 3834 10996 4635 
f 1444 1354 1674 
f 5362 6580 7595 
f 598 2096 9158 
f 7082 8053 7207 
f 6029 671 4997 
f 6532 7234 7508 
f 796 10165 12466 
f 7990 7993 7690 
f 9563 9230 4883 
f 2684 11155 2089 
f 10500 1735 8165 
f 1125 10119 690 
f 2381 3104 2908 
f 11067 10588 2301 
f 7414 6382 11199 
f 8948 272 1373 
f 4109 2939 8804 
f 5345 8452 9935 
f 1284 9373 10396 
f 197 7295 7839 
f 3884 5571 10324 
f 10839 6755 3834 
f 10314 4796 12171 
f 3281 10479 6764 
f 520 657 375 
f 6708 10319 750 
f 10445 11148 519 
f 4910 2966 5194 
f 5995 6054 10724 
f 1304 12068 7059 
f 2019 12140 3416 
f 1013 11546 8286 
f 5928 5059 7499 
f 11885 7954 7540 
f 3064 2222 11145 
f 12266 12447 7166 
f 1300 2035 11733 
f 11555 8361 10234 
f 10357 5134 4084 
f 6263 6246 6476 
f 1987 9143 4125 
f 9284 1472 1161 
f 10111 608 1145 
f 1329 11813 4295 
f 9170 4773 9999 
f 301 3457 4043 
f 7945 345 1307 
f 11799 11901 6770 
f 7960 454 11619 
f 10622 10515 4188 
f 2075 2574 2260 
f 11812 6058 10781 
f 8013 1394 2896 
f 9780 4399 3633 
f 2343 1045 10813 
f 12006 2222 2021 
f 12008 9811 9188 
f 6428 2005 8107 
f 7175 7982 9407 
f 12419 11744 9054 
f 3638 6905 11262 
f 1902 7149 8406 
f 9143 11017 604 
f 1075 11157 7257 
f 9811 12008 11846 
f 3282 10876 9557 
f 6725 481 637 
f 485 8009 6183 
f 10142 2929 5969 
f 11922 11010 11150 
f 4357 4402 4570 
f 11661 6564 1536 
f 3274 6731 5012 
f 4999 548 6760 
f 8792 608 3720 
f 11882 1561 210 
f 11916 3822 8484 
f 7280 7556 8105 
f 2584 3282 4144 
f 6429 5239 1302 
f 10997 7113 1845 
f 8868 10151 9605 
f 8494 2261 10038 
f 571 666 621 
f 8338 1285 8944 
f 6547 8694 6102 
f 7914 3445 12261 
f 393 689 259 
f 9857 6564 11661 
f 3258 7863 4374 
f 9857 4967 6564 
f 12104 1008 7902 
f 11712 1202 7248 
f 4531 5691 8714 
f 7748 8030 7213 
f 3557 9375 5225 
f 11181 3925 926 
f 5286 8708 8221 
f 11164 855 11318 
f 7307 1835 12177 
f 7010 6768 10475 
f 782 6252 5766 
f 1458 1471 1803 
f 8600 8015 9150 
f 52 1333 2468 
f 9968 5768 9160 
f 8141 11318 3891 
f 2802 279 696 
f 1260 7956 1738 
f 6586 7311 5956 
f 6060 5544 8708 
f 4341 10007 3097 
f 3651 9272 1694 
f 2801 3797 879 
f 7399 6445 7159 
f 1251 10688 7596 
f 5621 1995 12342 
f 7834 3284 720 
f 1532 11500 2330 
f 1777 4305 6566 
f 11786 9148 2174 
f 7124 9272 11305 
f 9637 8881 5408 
f 714 4050 736 
f 6352 4737 10916 
f 3775 3906 2187 
f 5084 5771 1365 
f 2395 4784 2978 
f 10897 10914 3749 
f 7112 2515 10008 
f 3095 10841 8349 
f 7943 2220 8619 
f 9427 9762 1066 
f 3802 4985 4742 
f 278 5281 8010 
f 5106 10008 2515 
f 7999 3710 7495 
f 6297 2243 8230 
f 167 1103 2584 
f 5106 1743 1511 
f 4199 38 12044 
f 8280 10145 4191 
f 11156 9414 10074 
f 7378 811 12328 
f 1308 118 10952 
f 1499 10905 281 
f 4482 254 1350 
f 913 9952 4628 
f 2931 11260 7897 
f 10998 9881 10270 
f 5665 10242 8259 
f 5101 9372 4385 
f 10840 6438 777 
f 10564 10208 8403 
f 9836 6738 2281 
f 5915 10948 2329 
f 1603 3437 4738 
f 8021 4946 7271 
f 10337 10627 8045 
f 8946 9496 8354 
f 1734 2061 1836 
f 10433 3737 6566 
f 2457 8200 5355 
f 3363 4297 8064 
f 11886 7835 2015 
f 4534 11904 11719 
f 7907 11583 10591 
f 3993 4750 4365 
f 4492 10898 8445 
f 666 571 11260 
f 1194 1897 9677 
f 5702 10223 1230 
f 11276 1697 7288 
f 70 503 66 
f 2136 11540 10229 
f 3169 1801 468 
f 750 8530 11502 
f 10073 7106 7086 
f 10121 11559 10812 
f 5745 1507 10914 
f 1810 6690 10576 
f 7159 4955 5431 
f 8913 8241 2812 
f 9446 6339 7393 
f 7324 7068 7866 
f 6301 6741 6956 
f 5915 11676 10948 
f 10846 6654 1479 
f 3383 11940 11130 
f 4215 5325 4297 
f 2066 5468 4034 
f 10 4867 2460 
f 829 632 1762 
f 2018 373 4273 
f 11144 11794 5707 
f 2672 3260 2857 
f 3053 2160 3572 
f 2125 2297 2120 
f 304 445 890 
f 4486 4916 4311 
f 4362 10180 4805 
f 9824 1490 10130 
f 11765 741 9927 
f 9449 5911 6469 
f 9379 11513 10927 
f 4929 6104 1713 
f 303 8655 2059 
f 11954 1949 3135 
f 1367 6570 7998 
f 3187 3186 2985 
f 5699 5037 5700 
f 10039 6805 5250 
f 134 7308 2800 
f 2017 53 5565 
f 7085 6629 4898 
f 4226 1970 1598 
f 9824 7047 1490 
f 2064 9296 3570 
f 4988 12063 3015 
f 8493 3122 11850 
f 8110 2974 12032 
f 4295 9033 5289 
f 480 6056 10432 
f 7314 7041 7043 
f 8806 2446 6051 
f 7047 1363 7476 
f 724 1049 11525 
f 4886 5882 9514 
f 12319 9785 6987 
f 11187 10490 11597 
f 2118 9262 8818 
f 7888 4 12020 
f 3732 8893 5619 
f 7573 8402 8127 
f 8095 7164 11896 
f 5384 11558 4762 
f 811 968 966 
f 5794 8053 8272 
f 9822 695 5929 
f 6960 11057 1334 
f 10701 2753 316 
f 2475 3033 1966 
f 1048 9896 4360 
f 11360 1363 2528 
f 7259 4298 12363 
f 4981 8218 2969 
f 3150 3590 3593 
f 9891 12323 2170 
f 6116 367 11663 
f 2207 9576 6723 
f 8740 8162 8427 
f 3824 9325 11942 
f 4183 3347 4741 
f 3133 8911 7108 
f 9751 9266 5390 
f 2494 9364 2702 
f 4447 2695 5839 
f 9609 6108 4494 
f 3209 754 6485 
f 9725 8183 4166 
f 9457 9513 3561 
f 10567 7700 5697 
f 5697 7700 683 
f 2736 10180 2683 
f 8660 7907 10600 
f 12186 2644 11587 
f 10451 4581 9502 
f 1000 1052 11519 
f 1486 4749 9625 
f 891 1000 11339 
f 10214 9479 10838 
f 1729 6711 3817 
f 11702 2720 5785 
f 10635 5826 9167 
f 2991 3389 2989 
f 4562 2568 3485 
f 12031 596 9467 
f 12118 5874 1806 
f 4980 3468 4305 
f 5083 9719 5233 
f 2054 3955 1231 
f 7446 3779 2532 
f 9185 7572 665 
f 5622 9438 12405 
f 6927 2813 4856 
f 1664 8250 5267 
f 4853 3990 1350 
f 5715 6613 9073 
f 2568 716 3485 
f 7059 12068 10544 
f 1879 7682 4178 
f 7252 9556 1161 
f 11872 1333 8091 
f 6965 2612 2814 
f 10437 9008 12306 
f 10088 9738 10470 
f 6675 11964 3395 
f 2905 11657 2580 
f 7078 6402 8168 
f 10826 11579 6424 
f 5169 2762 1832 
f 6143 4087 8506 
f 10516 12304 4053 
f 3147 6147 10106 
f 8488 8526 11716 
f 11295 9676 3978 
f 3193 6182 2077 
f 3754 1637 3398 
f 4378 4416 11779 
f 8077 7241 4694 
f 11639 1108 4442 
f 792 6366 10216 
f 3195 6526 6967 
f 4485 441 3212 
f 7552 3132 4499 
f 2367 7516 8406 
f 7019 7280 7302 
f 3552 10762 3083 
f 3801 7347 7205 
f 12299 9792 8936 
f 9130 9384 9695 
f 2231 11094 2678 
f 4830 11713 577 
f 2921 1940 12404 
f 10509 5367 3089 
f 10097 790 4530 
f 1783 701 3067 
f 107 8 82 
f 9374 10084 10056 
f 5031 8774 10665 
f 6388 6038 5529 
f 4927 4573 149 
f 8117 1078 3711 
f 5902 9675 2002 
f 870 12273 10281 
f 11026 5908 10972 
f 8606 3775 4726 
f 11492 8298 3908 
f 10198 6480 2493 
f 7313 2856 3370 
f 5302 11867 1791 
f 9638 4942 7549 
f 1142 8482 12337 
f 3376 3159 3354 
f 2308 5774 502 
f 7538 10250 3968 
f 5361 9368 2366 
f 5193 10370 11984 
f 10362 8690 2351 
f 7386 8763 11027 
f 1081 128 10355 
f 2580 11657 3299 
f 7039 7653 3985 
f 4168 282 5863 
f 5700 6532 5699 
f 5507 7198 2550 
f 1004 8598 10685 
f 10187 1230 9916 
f 11204 1994 9471 
f 7483 7469 5674 
f 1188 12150 8974 
f 9210 12257 3996 
f 6647 11146 1678 
f 2808 4104 4107 
f 6837 2533 6663 
f 7872 12199 1798 
f 782 2658 11889 
f 11958 1605 9490 
f 2203 10781 8789 
f 8015 8566 9150 
f 7183 11658 9481 
f 6159 342 1043 
f 5603 6149 3170 
f 5324 12356 168 
f 5028 10409 6526 
f 10475 5002 2432 
f 9611 2667 4688 
f 9836 8967 6738 
f 2759 11742 4630 
f 8615 7459 11402 
f 2807 8669 4730 
f 10806 3855 6270 
f 10473 6251 1889 
f 3232 3450 2629 
f 5363 3984 12464 
f 2494 8316 9364 
f 9271 10806 2477 
f 4800 1184 5092 
f 9122 3807 8179 
f 2541 3992 9398 
f 983 11211 12002 
f 4023 9 6552 
f 2234 4205 3605 
f 5793 2376 12296 
f 2256 2487 11767 
f 4032 7794 4033 
f 5978 11790 12203 
f 9709 7380 2272 
f 2006 1354 1458 
f 7405 7968 8244 
f 4497 10126 12306 
f 7303 7302 7581 
f 1164 634 5686 
f 5100 11792 2014 
f 3617 5311 5171 
f 8984 3511 11908 
f 1224 12360 805 
f 5581 7380 11475 
f 4162 547 8651 
f 1407 6966 1012 
f 155 8631 3951 
f 2083 3610 6327 
f 11739 6764 6035 
f 6720 4092 3634 
f 9462 8620 9177 
f 5374 6863 6635 
f 3357 7387 3595 
f 11055 11042 3261 
f 11109 834 2279 
f 10560 6354 4739 
f 8844 9135 8552 
f 567 12486 461 
f 3629 2839 3336 
f 60 6597 10458 
f 9430 4968 3684 
f 3653 5550 10958 
f 366 10647 9477 
f 6691 6570 5154 
f 1287 8911 3133 
f 7898 8440 10581 
f 5550 8764 10958 
f 46 4114 6459 
f 9843 8387 11604 
f 2296 8295 7685 
f 11083 2176 11050 
f 7519 10191 4647 
f 8356 3385 2548 
f 4970 11758 5731 
f 4914 5466 1285 
f 10678 735 5482 
f 8938 5186 7498 
f 137 11910 10488 
f 4829 6488 9823 
f 9499 6814 4120 
f 10690 2331 10131 
f 854 627 778 
f 1334 11057 4475 
f 5126 7102 3212 
f 12038 7991 1925 
f 9975 7115 3636 
f 10151 9669 9605 
f 3718 11459 2394 
f 6826 5721 965 
f 3530 8202 3433 
f 1244 1136 1255 
f 6936 5288 10734 
f 159 622 336 
f 9501 1233 5181 
f 6621 6601 8743 
f 10864 11320 1372 
f 4732 4518 3341 
f 2262 8122 10930 
f 1638 9171 752 
f 11176 2785 1981 
f 10004 1477 11714 
f 5942 4046 2057 
f 9481 5073 8166 
f 7924 6010 8594 
f 4678 3198 5823 
f 8385 5934 8757 
f 5648 6246 6044 
f 12062 5240 1813 
f 8886 7821 10721 
f 4834 5332 3319 
f 739 657 520 
f 957 8797 5754 
f 2564 7447 224 
f 10578 11308 5630 
f 1343 9864 3199 
f 11033 2041 4463 
f 8407 11932 5733 
f 6485 1676 71 
f 1716 1814 2221 
f 4855 2344 11960 
f 5505 4951 8084 
f 8128 1303 12279 
f 761 7098 4440 
f 4276 1300 11733 
f 7613 7068 6627 
f 446 6733 593 
f 7513 1263 9509 
f 11928 8216 8886 
f 3920 3492 4301 
f 2384 3053 10862 
f 10906 5764 3218 
f 4833 5505 12399 
f 644 12287 11490 
f 3217 8123 8248 
f 10165 11133 12466 
f 9651 11484 9648 
f 4184 4203 3292 
f 11426 10654 11414 
f 10588 810 2301 
f 11055 10699 11042 
f 3564 1192 8124 
f 810 4229 6678 
f 6354 862 4739 
f 2471 2832 2629 
f 12122 11066 5302 
f 1106 8814 7050 
f 5706 10308 7665 
f 5855 5864 6483 
f 10191 9942 10531 
f 949 352 11981 
f 3023 7607 1565 
f 8019 6726 7739 
f 9265 440 6877 
f 8079 2740 5706 
f 2710 8916 11164 
f 4881 3790 9165 
f 2305 1348 11832 
f 9845 8684 1848 
f 1148 458 576 
f 10789 1641 4189 
f 522 3934 11497 
f 10718 3805 4092 
f 6926 4321 11534 
f 3652 4828 4410 
f 3248 2012 506 
f 965 10591 11583 
f 202 2085 6702 
f 8982 4196 12237 
f 605 2019 3416 
f 11653 9491 10549 
f 4286 2082 5645 
f 9137 8855 8007 
f 7601 8427 8162 
f 5322 5246 8463 
f 6264 10398 6372 
f 803 925 6971 
f 7775 11197 8961 
f 69 231 184 
f 8298 985 3908 
f 11177 11080 9859 
f 6458 9139 6218 
f 8120 7880 12481 
f 1993 11550 3015 
f 12136 11305 6729 
f 2921 9182 1940 
f 8409 11129 11710 
f 1206 1323 1319 
f 3231 5979 55 
f 10274 5661 1375 
f 10574 5659 6905 
f 11414 10273 10637 
f 5526 2091 3220 
f 11429 11922 1963 
f 2185 6019 6667 
f 9575 2928 8718 
f 9591 1824 10238 
f 5961 2103 3246 
f 11129 1616 11710 
f 12014 10492 4478 
f 12258 1122 2380 
f 3731 7409 10820 
f 10574 10232 8696 
f 10988 6384 7103 
f 5110 4317 7548 
f 3243 1596 7810 
f 5307 2402 10356 
f 78 11327 7890 
f 4157 10232 10574 
f 1371 2678 11580 
f 806 893 5301 
f 7720 9930 10175 
f 4216 8425 7525 
f 4540 4107 7108 
f 1044 2400 6971 
f 6443 5628 6440 
f 5029 2227 12270 
f 4229 6630 6678 
f 3862 4194 4513 
f 11813 1329 2756 
f 9974 11039 11814 
f 6216 4157 10224 
f 1487 3228 11582 
f 6414 434 6453 
f 7760 12131 440 
f 5756 3456 3543 
f 996 3478 7484 
f 4412 5063 4621 
f 8692 1648 5781 
f 2218 4703 6657 
f 1073 1922 8452 
f 3032 8386 6492 
f 9969 2156 12452 
f 3357 4687 11332 
f 10873 10177 9253 
f 2699 802 2062 
f 6146 8113 1775 
f 9422 10063 21 
f 1131 1220 1119 
f 2259 8794 707 
f 8416 9065 3705 
f 7946 3776 11277 
f 1605 9219 9490 
f 10410 11668 6050 
f 10017 2469 4820 
f 2892 6188 2382 
f 101 11770 5769 
f 10983 11614 3910 
f 4283 12072 3890 
f 12413 3975 3735 
f 5808 3342 11568 
f 9867 9287 2459 
f 625 1874 6968 
f 5283 2686 11973 
f 11203 10552 500 
f 4877 4277 4454 
f 10463 3242 7480 
f 2506 6650 5148 
f 4045 9435 6074 
f 5620 5541 5332 
f 9987 9628 4088 
f 205 7053 10078 
f 8510 2397 1497 
f 6317 9689 3072 
f 10843 10124 11163 
f 212 2000 2012 
f 706 803 6756 
f 2364 2725 6188 
f 3659 6604 5974 
f 6568 227 12201 
f 10463 9258 133 
f 11855 10278 9774 
f 5151 8377 7468 
f 10006 5512 11239 
f 1197 8360 740 
f 1471 2899 2196 
f 10945 1650 6122 
f 6213 8477 11779 
f 7050 8901 9560 
f 6591 7580 6585 
f 11391 7528 4693 
f 7237 7234 6980 
f 12091 1306 4483 
f 8752 1904 10550 
f 8509 9078 7367 
f 9830 4265 9865 
f 8863 8577 11179 
f 2435 5740 7564 
f 9955 10709 4803 
f 7443 1055 2782 
f 7043 6172 6177 
f 9247 8971 7563 
f 12271 1720 8348 
f 7972 8688 4127 
f 3367 2188 3145 
f 5366 5139 5369 
f 6868 9013 10669 
f 5151 1428 10187 
f 5024 3356 1080 
f 7143 12148 3386 
f 6883 975 9681 
f 8921 5341 4350 
f 11229 7953 206 
f 848 1834 127 
f 10823 3165 412 
f 9227 4951 10828 
f 10258 6497 9679 
f 2059 1562 2482 
f 5291 673 356 
f 9865 6373 2914 
f 8874 1855 9318 
f 11056 5997 7813 
f 6599 514 6677 
f 2083 1597 4159 
f 6103 6309 5224 
f 11854 11847 8160 
f 1591 8499 160 
f 1150 11581 8958 
f 2977 2722 3913 
f 3573 3787 4744 
f 4081 5350 11361 
f 3947 8970 5068 
f 2989 3003 3204 
f 1769 4351 5187 
f 5041 462 5347 
f 4118 5951 4949 
f 10986 7975 11371 
f 11073 5848 10966 
f 12356 1238 5435 
f 7842 10810 10869 
f 10346 6745 1076 
f 2263 2426 2094 
f 8861 6937 9909 
f 11038 7605 5878 
f 6081 11025 12291 
f 12037 3656 8672 
f 7609 993 5205 
f 2208 2201 2718 
f 8237 8536 7937 
f 8746 9204 11224 
f 4224 5256 4049 
f 10332 4009 9035 
f 7485 1573 8908 
f 6779 8343 8648 
f 1654 3182 6418 
f 4536 6300 947 
f 1419 11600 1556 
f 4322 3702 7694 
f 10575 12103 10562 
f 2674 3682 7048 
f 8170 12471 2422 
f 2288 4074 2815 
f 10552 11203 9855 
f 10245 8369 11496 
f 5179 2013 7534 
f 3868 3871 10587 
f 10773 9024 9474 
f 168 1587 874 
f 877 1172 481 
f 6509 8035 8145 
f 3571 11144 1229 
f 8744 1481 10429 
f 11585 203 11006 
f 11096 8770 7423 
f 2848 5316 5271 
f 2010 11377 2456 
f 268 343 152 
f 2213 11366 7210 
f 9609 4494 2938 
f 9656 4092 6720 
f 10942 6038 10840 
f 3869 8318 1455 
f 3364 1882 5622 
f 4332 12045 6918 
f 10182 4512 10618 
f 3126 289 5520 
f 6334 560 984 
f 8269 1189 8501 
f 10620 3789 9403 
f 5441 10801 4585 
f 10978 4316 10868 
f 544 4991 1353 
f 7151 6233 9916 
f 1117 3500 631 
f 8915 3950 11117 
f 4490 5826 10635 
f 678 229 11096 
f 1730 2612 11796 
f 12329 11517 5663 
f 10917 5812 3273 
f 11096 229 7660 
f 4403 11110 8125 
f 187 7518 10702 
f 12438 7898 11232 
f 11847 11063 11061 
f 8786 10292 11441 
f 9882 8125 11110 
f 3263 6672 4557 
f 4334 9186 4641 
f 7464 8462 4615 
f 3266 6890 12100 
f 9819 10424 6505 
f 7079 10643 4775 
f 4778 1274 3822 
f 6566 4305 164 
f 2110 5456 7722 
f 9343 3264 4817 
f 4268 9299 5472 
f 11110 6033 97 
f 3743 10842 5486 
f 2571 2573 3755 
f 11359 8466 7746 
f 1979 5528 5873 
f 7637 11326 11034 
f 9715 9242 2657 
f 5591 11990 7475 
f 9575 5188 812 
f 6273 6277 6496 
f 7261 2335 6355 
f 1402 1766 4840 
f 1178 3283 1237 
f 3498 5572 11287 
f 10290 631 3500 
f 9544 3076 4306 
f 5190 3040 4451 
f 7144 9214 4468 
f 11505 12180 5802 
f 6562 2406 3957 
f 348 331 1707 
f 6758 5416 5787 
f 1275 1267 1380 
f 10316 8722 565 
f 5681 579 8138 
f 9289 5014 4767 
f 10290 5053 6033 
f 4839 4468 4382 
f 938 5522 464 
f 10889 8395 1051 
f 12016 6613 5945 
f 8094 3299 11657 
f 5009 11368 5847 
f 8148 5906 262 
f 535 3363 3044 
f 8331 11588 8400 
f 464 5522 6338 
f 8376 11368 5009 
f 4811 1779 4674 
f 924 1060 6006 
f 8782 7367 9078 
f 4509 8687 3121 
f 9930 11848 2497 
f 10191 10531 5143 
f 7952 3069 12022 
f 10517 134 677 
f 1677 9741 7530 
f 12022 8364 8358 
f 11567 7694 3702 
f 7184 8113 6146 
f 826 2312 4119 
f 11785 10861 6994 
f 5369 4916 4692 
f 10677 9267 10672 
f 10495 10973 12377 
f 8567 5626 6759 
f 405 834 8329 
f 10881 5538 4055 
f 323 385 382 
f 11401 11782 4984 
f 6831 8144 7057 
f 830 9904 12134 
f 5522 437 3960 
f 5522 3960 6338 
f 11786 8906 8964 
f 6863 7100 7629 
f 3627 4049 3833 
f 7928 10806 7358 
f 698 10426 915 
f 3295 74 4206 
f 437 8197 3960 
f 7227 77 9538 
f 2318 2495 300 
f 11977 235 6533 
f 8360 9784 10778 
f 4850 4866 9931 
f 9618 8741 8748 
f 8287 602 1609 
f 11472 2695 5594 
f 10361 7500 1151 
f 7260 8362 7541 
f 7202 7748 6741 
f 5043 5705 5714 
f 4169 4725 4954 
f 6673 12048 10467 
f 6307 225 9845 
f 605 10093 1933 
f 10369 8006 7760 
f 6445 7399 8509 
f 3533 10128 12479 
f 4972 2128 3931 
f 10898 5165 9145 
f 9621 5190 1462 
f 2819 3812 8181 
f 11687 2856 12162 
f 3669 3663 8078 
f 4247 585 1474 
f 1217 1218 1466 
f 10620 10460 3398 
f 5838 10185 10845 
f 830 6853 9904 
f 1320 9847 191 
f 1488 1292 3008 
f 11954 5730 2824 
f 9128 9926 2854 
f 4776 2817 5812 
f 5816 4938 5628 
f 12430 293 2687 
f 3633 4399 6375 
f 9164 458 387 
f 3803 3590 4365 
f 6824 1739 11789 
f 8455 11261 4762 
f 11282 5499 11392 
f 10754 6353 4000 
f 6805 4829 9823 
f 2450 10158 9970 
f 10846 54 10675 
f 9926 9171 2790 
f 12436 9361 9924 
f 2272 7498 9709 
f 10896 6932 6229 
f 7285 10122 350 
f 5205 993 6598 
f 3076 6620 12389 
f 892 2653 6554 
f 9786 12009 5551 
f 1567 9493 3449 
f 8477 6213 6268 
f 8749 4663 7636 
f 5111 10353 5171 
f 5037 5268 4808 
f 720 6490 2030 
f 1485 6575 1809 
f 5564 9281 10215 
f 7403 7371 7652 
f 1186 6978 9614 
f 3829 4799 4225 
f 7491 5377 3291 
f 2856 11687 3370 
f 6459 967 6882 
f 4114 967 6459 
f 5725 6674 5108 
f 1102 4710 5066 
f 3910 1155 10983 
f 8599 6590 12141 
f 10189 9322 3121 
f 6843 6395 6610 
f 6715 10099 5526 
f 9198 9313 7615 
f 5356 5267 8250 
f 3327 6436 3139 
f 10044 12242 1140 
f 1607 8379 2918 
f 3100 4892 6721 
f 1138 7315 4659 
f 6459 6882 7315 
f 10994 6319 1802 
f 11666 648 5787 
f 12320 2192 8489 
f 6876 1204 8254 
f 9905 1450 11093 
f 12242 7539 420 
f 7910 2066 9483 
f 7539 12242 6522 
f 11546 9649 8286 
f 6724 7539 5798 
f 5938 4765 10825 
f 5488 4801 5256 
f 5409 5834 4722 
f 5234 5671 6066 
f 5938 3564 4765 
f 487 10795 4505 
f 7022 5756 3543 
f 11630 1174 7003 
f 9619 4618 8332 
f 4195 4165 4152 
f 11650 12493 11685 
f 11927 11936 11136 
f 219 4147 4184 
f 846 6446 3688 
f 10986 10604 9842 
f 1818 1746 12195 
f 12199 7300 7328 
f 11673 11942 12153 
f 11758 911 5284 
f 3627 2997 3186 
f 7964 842 5609 
f 579 2030 2946 
f 10626 10615 10987 
f 6631 6395 6843 
f 4862 10521 7463 
f 888 6674 5725 
f 11552 7025 12403 
f 5308 2364 8063 
f 9623 314 5778 
f 5798 5207 6724 
f 11192 2644 6609 
f 3903 2654 3380 
f 7118 3075 1025 
f 7539 11433 1384 
f 7267 8667 8089 
f 6630 5170 6678 
f 11036 3604 8202 
f 6298 4471 4367 
f 5798 1384 4715 
f 10212 1374 6494 
f 8971 8968 8105 
f 10966 5848 5801 
f 8389 6097 3109 
f 6108 9609 2969 
f 7081 9311 3738 
f 4485 5135 4130 
f 4836 4410 4838 
f 1262 1813 9460 
f 2349 787 845 
f 4208 4090 3948 
f 12078 3476 5783 
f 6753 5798 4715 
f 6326 7994 8445 
f 4065 2065 9629 
f 7120 3613 10381 
f 120 2 6530 
f 4862 6118 10993 
f 10889 989 8395 
f 3931 9669 10477 
f 10472 1896 7440 
f 4909 4164 4612 
f 6003 4612 4164 
f 4715 11795 6753 
f 11408 9371 7662 
f 11607 6455 7950 
f 7463 10521 11748 
f 6339 2714 2372 
f 4211 8161 3499 
f 514 4353 6677 
f 7982 6623 9407 
f 2257 5149 3635 
f 11795 9610 11766 
f 2819 11518 6000 
f 4811 6400 1779 
f 3919 12021 10901 
f 10039 10515 6467 
f 3331 9040 10990 
f 2320 1407 3018 
f 26 8186 217 
f 10264 9143 10877 
f 5101 9814 3441 
f 8115 6249 12436 
f 6357 7547 6796 
f 4715 9610 11795 
f 6672 480 9761 
f 9498 3063 7855 
f 3457 1005 68 
f 11722 11338 11343 
f 7882 7209 10982 
f 3916 10399 7051 
f 10477 4972 3931 
f 12102 2329 11319 
f 12095 1772 5192 
f 9430 3684 4640 
f 1815 9295 3674 
f 10764 4418 850 
f 12353 944 3249 
f 8054 7494 8060 
f 4382 9707 8247 
f 3262 7335 11941 
f 3554 9141 3989 
f 9746 9141 3554 
f 3669 12108 4698 
f 3529 2690 5147 
f 4696 6638 5113 
f 5225 6955 3557 
f 2611 11134 5248 
f 11507 281 2124 
f 11233 4172 11508 
f 11277 3039 9963 
f 4751 5239 4014 
f 202 6328 3773 
f 2385 8887 2633 
f 7601 8144 8427 
f 4132 7626 208 
f 1481 4272 3205 
f 12268 3989 2883 
f 11897 8564 6513 
f 10038 4240 8494 
f 11255 3683 11594 
f 8490 10391 9063 
f 5176 564 9069 
f 7335 2430 11047 
f 5408 4532 11279 
f 5864 5460 6082 
f 2831 3709 5901 
f 1029 9601 11233 
f 10056 7284 11871 
f 4131 11916 10118 
f 9141 9205 3989 
f 2393 702 1446 
f 3989 9205 2883 
f 6699 4506 1681 
f 5176 12268 2883 
f 10260 5417 1708 
f 7790 4720 2358 
f 502 9540 1535 
f 10206 4240 6535 
f 8253 7759 7661 
f 4737 2325 10916 
f 5176 2883 564 
f 3753 2430 8288 
f 3877 6701 484 
f 9543 9518 1927 
f 6739 9256 675 
f 4189 1641 8879 
f 9674 2084 5002 
f 3218 8480 9534 
f 1598 10805 11884 
f 9821 1214 1524 
f 9528 2360 10829 
f 11919 11842 5635 
f 7656 5790 6950 
f 3093 6324 6881 
f 1449 81 7147 
f 11519 10553 11339 
f 2883 6811 564 
f 1018 6374 995 
f 9308 1595 11208 
f 1062 6415 6253 
f 2430 10087 8288 
f 2903 5454 900 
f 10284 4974 5067 
f 1047 10626 7605 
f 5225 9938 6955 
f 3809 10793 9205 
f 1275 1058 1059 
f 5535 3994 8670 
f 3599 8229 12118 
f 11981 2801 879 
f 1837 4821 4691 
f 1399 1560 12213 
f 895 3097 6632 
f 3293 6684 328 
f 57 2643 309 
f 1086 1525 1414 
f 181 11154 8544 
f 10539 1816 9828 
f 7136 8313 7562 
f 6811 8937 564 
f 9037 576 10842 
f 6235 335 8849 
f 3279 484 6701 
f 1873 4806 8254 
f 8811 11228 12029 
f 10087 9069 6259 
f 10293 10288 8997 
f 6470 10394 2640 
f 712 11522 7939 
f 5958 2480 12053 
f 11426 5476 11824 
f 11833 6259 9069 
f 7891 2521 2043 
f 6357 6148 5537 
f 6701 1699 4669 
f 111 798 223 
f 2395 718 6150 
f 11272 797 8088 
f 2867 7671 9084 
f 7750 11002 9747 
f 1392 8783 3495 
f 5097 2204 11138 
f 11072 6687 1705 
f 4986 7390 10134 
f 3974 3559 3136 
f 10993 3877 537 
f 126 4911 9313 
f 3166 11280 11296 
f 7766 10181 2001 
f 9406 6115 10262 
f 6115 4945 10262 
f 6935 215 12170 
f 10442 9292 3374 
f 365 10961 9452 
f 906 11822 5354 
f 4793 7996 11557 
f 7996 11686 8544 
f 8544 11686 181 
f 181 1002 7854 
f 73 3524 11245 
f 5757 10995 7741 
f 8898 5786 9562 
f 7498 2100 3607 
f 5576 5508 2898 
f 7284 11482 11871 
f 6663 2533 1346 
f 374 1705 8233 
f 5032 12294 9431 
f 4754 4543 5853 
f 181 1377 1002 
f 2938 11561 9609 
f 7670 10183 8822 
f 10063 11620 21 
f 2646 11825 8080 
f 4468 9214 7000 
f 5633 1211 6783 
f 6864 2495 11526 
f 1231 859 1331 
f 5572 4198 2389 
f 284 9500 11797 
f 3652 3447 3440 
f 2060 1839 6327 
f 11074 813 8589 
f 5803 7385 11743 
f 4829 5109 6488 
f 9324 10598 1038 
f 1888 4259 4523 
f 2479 10860 5356 
f 2192 10192 11806 
f 9638 5270 11227 
f 4793 1038 8233 
f 9558 9833 3288 
f 11072 374 1349 
f 7535 8697 9603 
f 1038 10598 9558 
f 1038 9558 8233 
f 9344 7089 7150 
f 274 6544 727 
f 7023 4600 973 
f 6885 7409 3731 
f 448 8435 7733 
f 3585 5394 2717 
f 8846 5464 9305 
f 2080 4053 7060 
f 3339 1279 7442 
f 7536 1349 374 
f 4558 2283 10580 
f 9761 480 5536 
f 9833 9558 10598 
f 1517 6781 3958 
f 2258 1597 1050 
f 9758 7225 2210 
f 5765 1829 6775 
f 9837 5452 10689 
f 5557 11253 10541 
f 4613 10797 7268 
f 8756 4027 11726 
f 1032 10083 9243 
f 9270 10252 10221 
f 11952 10051 10445 
f 7882 1426 11158 
f 4656 4631 6682 
f 9243 4580 7054 
f 11867 5302 4266 
f 1709 265 12324 
f 6946 1853 3435 
f 10320 9518 5156 
f 2254 8208 3061 
f 4295 5289 6333 
f 5695 11315 7935 
f 11669 11486 8291 
f 8099 8693 9244 
f 8084 4951 12233 
f 280 600 2940 
f 2148 3856 3931 
f 2226 2891 710 
f 10368 9959 8903 
f 321 392 253 
f 1994 11204 7555 
f 10424 9086 6047 
f 2355 11051 8328 
f 3975 9724 3776 
f 1376 1135 1606 
f 7493 7223 5899 
f 2389 3022 7365 
f 9112 1036 4667 
f 1574 6899 11569 
f 1527 3202 5329 
f 5585 4675 4889 
f 1741 1675 1798 
f 6269 2157 12129 
f 2221 2381 2908 
f 5245 5462 5883 
f 10730 1342 1515 
f 6442 417 108 
f 11321 11699 11331 
f 3939 5746 3979 
f 7176 2034 7411 
f 12126 9547 1809 
f 7428 1558 12314 
f 4262 320 8692 
f 5196 947 9455 
f 6466 1047 7710 
f 2539 7728 11726 
f 6466 11378 1047 
f 4981 9091 9346 
f 10640 12238 6592 
f 4409 9077 1755 
f 12300 7358 7374 
f 1240 9042 1227 
f 3863 1624 10385 
f 8829 4737 1412 
f 719 6125 753 
f 4246 12047 12206 
f 9608 2175 9099 
f 10611 9858 10606 
f 3614 4217 3627 
f 1182 11382 4906 
f 11907 9542 8691 
f 5204 56 10482 
f 6394 9296 3942 
f 8251 10352 10937 
f 5818 5439 11410 
f 7411 2034 5026 
f 2176 6024 2130 
f 6695 5113 6961 
f 3322 11643 7976 
f 7319 129 5453 
f 5044 11756 2777 
f 5881 1426 11666 
f 5175 7117 5295 
f 8234 12074 1894 
f 2092 8585 9688 
f 7879 10569 3545 
f 659 1036 9112 
f 8490 9063 8206 
f 2175 1703 9099 
f 2444 8137 11054 
f 2996 1850 8621 
f 8623 10371 5647 
f 11372 4341 8095 
f 2845 8469 10464 
f 415 4168 12263 
f 11685 11311 11292 
f 613 6655 6656 
f 9385 9692 9387 
f 2296 5389 11681 
f 4033 7794 2114 
f 3971 4325 3926 
f 9595 133 7142 
f 7973 4175 998 
f 184 99 50 
f 5918 8053 8917 
f 7985 4885 4566 
f 8843 10146 2964 
f 10669 512 6093 
f 4086 4436 3882 
f 364 136 11012 
f 7249 4678 5825 
f 7565 7831 8114 
f 9688 10616 9316 
f 1531 6123 7176 
f 4277 4089 3880 
f 9789 842 7964 
f 9939 11970 8090 
f 251 325 11828 
f 8 33 82 
f 4702 10342 10096 
f 325 5574 1611 
f 3724 8942 11923 
f 1611 11828 325 
f 2345 1457 2173 
f 11016 11206 7599 
f 8738 4897 8808 
f 3839 8326 5365 
f 4319 9039 3685 
f 690 10119 471 
f 293 12430 10559 
f 8793 7647 2777 
f 5866 10489 4705 
f 8811 12029 115 
f 10583 10217 10946 
f 1679 11463 4929 
f 2247 9386 1243 
f 11605 3831 4232 
f 9480 11316 122 
f 8790 5531 1390 
f 6292 11398 1429 
f 8460 10623 1640 
f 264 268 152 
f 3828 7307 5236 
f 10784 12263 2391 
f 792 2678 3867 
f 3014 6193 7244 
f 8877 6155 403 
f 2284 3647 2171 
f 189 196 541 
f 7284 957 11086 
f 7975 12142 11371 
f 8062 11860 10660 
f 4508 6676 6204 
f 6552 11868 6477 
f 6123 6068 4818 
f 6818 3839 5365 
f 170 1390 5531 
f 7862 1559 4696 
f 654 3655 3697 
f 7242 10927 100 
f 2507 8435 448 
f 3413 4027 11486 
f 7641 8773 8478 
f 5107 12109 9221 
f 10978 8920 466 
f 6727 5602 2605 
f 7432 12454 102 
f 2834 10447 12104 
f 8265 3535 6178 
f 8265 5574 3535 
f 2413 2111 1214 
f 2970 10527 6002 
f 8329 509 2316 
f 10333 5706 2740 
f 6922 7979 7995 
f 9414 7990 9405 
f 5758 7064 7327 
f 5711 1943 1975 
f 1352 1883 6989 
f 1455 8318 9993 
f 11106 8830 11934 
f 3213 12222 8483 
f 471 10119 11784 
f 5104 10503 4197 
f 2157 2980 12129 
f 2940 7930 5752 
f 5127 5935 6351 
f 1370 2970 1764 
f 10822 11473 2671 
f 10937 9338 10027 
f 11679 5619 7077 
f 11730 8358 8364 
f 965 3844 10591 
f 5352 12347 7695 
f 11597 11188 11187 
f 5154 6570 10486 
f 8634 10556 5683 
f 10171 6779 8648 
f 1737 7646 86 
f 4021 4079 1160 
f 12396 8701 12358 
f 10247 12358 6178 
f 8532 10462 2821 
f 3643 2898 2042 
f 7987 1769 9035 
f 7427 7704 7715 
f 1053 12077 11781 
f 2829 4641 9186 
f 2967 2458 6838 
f 2697 9598 3799 
f 9032 8932 6624 
f 6256 826 2961 
f 6228 4392 6057 
f 11428 4614 9956 
f 10029 11121 11119 
f 5765 3557 10904 
f 3952 229 12385 
f 1833 7111 6551 
f 6531 2001 9625 
f 11936 11425 11949 
f 2397 8865 3272 
f 4827 9679 6816 
f 2806 3211 118 
f 2114 7794 3700 
f 5167 2315 8635 
f 9106 8563 389 
f 6836 4755 2735 
f 1268 3859 3501 
f 12173 7834 5681 
f 5151 5381 8377 
f 5607 6419 6222 
f 4922 9203 4831 
f 9940 5068 8970 
f 10443 10237 815 
f 3380 1212 11540 
f 8820 11422 4143 
f 2125 2119 2464 
f 4609 9188 1514 
f 11788 4067 7526 
f 5286 11177 9843 
f 7995 8001 6922 
f 11297 11734 11914 
f 8 18 33 
f 7757 6446 12446 
f 507 11050 2194 
f 10970 350 5763 
f 2347 10474 2798 
f 749 4766 1906 
f 9312 2639 10380 
f 1327 9338 628 
f 3010 9557 11659 
f 11659 9557 10876 
f 10568 658 6813 
f 7398 1766 2309 
f 2468 10313 52 
f 4107 6742 7108 
f 10679 6034 4933 
f 11087 3073 4094 
f 3337 8451 12324 
f 4467 5053 3968 
f 932 8156 11115 
f 2212 9418 5183 
f 5221 5864 5449 
f 10140 1168 10825 
f 764 2584 4144 
f 8139 5916 6267 
f 8099 8965 8096 
f 1765 899 2081 
f 9602 2140 11523 
f 12143 1505 3515 
f 115 11966 11789 
f 3731 12394 2234 
f 2071 3858 836 
f 2289 1041 11954 
f 279 10908 8977 
f 430 8242 11846 
f 4983 7333 9174 
f 4751 4881 10745 
f 6558 11989 11576 
f 6572 7236 4019 
f 10551 9409 11397 
f 7130 3135 1949 
f 4254 11790 5978 
f 4845 9698 4756 
f 3313 7658 8765 
f 6917 4894 2390 
f 6029 4470 11863 
f 8686 5349 3404 
f 6412 4331 12422 
f 887 1017 960 
f 445 304 11460 
f 2080 9054 2881 
f 1536 9326 11661 
f 11812 1334 6058 
f 5209 4750 4180 
f 11521 6609 2644 
f 9267 8992 9574 
f 11661 9326 3937 
f 5094 1762 6129 
f 4205 2234 12394 
f 1923 1917 5410 
f 10473 1889 247 
f 7344 11727 1388 
f 12078 4716 7827 
f 1711 980 1804 
f 1966 3033 3030 
f 11520 8787 10898 
f 4688 8087 10536 
f 6430 2423 3904 
f 7212 6588 4967 
f 12334 12324 8451 
f 144 2498 11822 
f 9466 1207 457 
f 5555 4636 8824 
f 12080 8685 2261 
f 2936 10965 7123 
f 4277 3880 2868 
f 6648 1946 8141 
f 2139 2411 8029 
f 502 728 2308 
f 12109 6904 9221 
f 1333 52 8091 
f 1777 4980 4305 
f 463 8798 814 
f 8650 760 2505 
f 1465 7790 6180 
f 7807 11687 12162 
f 10610 9057 10420 
f 8796 5164 11406 
f 3189 248 8563 
f 3884 10246 7042 
f 11316 9764 1728 
f 10057 7408 8641 
f 4216 11442 8425 
f 10008 6501 1924 
f 7112 8798 463 
f 9775 8851 11882 
f 4263 8518 2143 
f 5909 5036 10912 
f 11385 2392 7625 
f 8629 7211 2392 
f 6501 10008 5106 
f 6634 7577 10686 
f 1502 1830 1620 
f 3199 7480 2167 
f 12172 8003 2949 
f 2829 4844 4641 
f 10919 10204 10186 
f 11029 9138 6598 
f 6920 1831 11249 
f 9311 7638 10446 
f 6834 10625 1907 
f 3343 8158 3304 
f 859 9111 1331 
f 9627 8790 9643 
f 7307 6593 1835 
f 8045 1958 3556 
f 2736 4267 10180 
f 3046 8633 9699 
f 3681 11198 10786 
f 10238 9138 11755 
f 2486 2872 2323 
f 10468 11171 10852 
f 2888 11792 5100 
f 8589 813 6872 
f 294 4099 10031 
f 8211 8239 9363 
f 9249 10651 11787 
f 9281 1772 10215 
f 9029 7543 7564 
f 9837 11948 5452 
f 4941 8382 1968 
f 8981 7563 7837 
f 10934 7271 1200 
f 1107 3506 43 
f 6136 11658 6205 
f 3422 5560 3890 
f 11791 11585 1044 
f 10629 6758 648 
f 5655 6430 2895 
f 5677 12441 12281 
f 4946 10627 7271 
f 6633 4026 5904 
f 8741 9300 8735 
f 3215 2462 2463 
f 11609 4946 8021 
f 329 4297 5325 
f 8302 4297 4861 
f 124 12176 3680 
f 1434 6289 6217 
f 1810 11993 8897 
f 7738 7196 7460 
f 10384 5318 4206 
f 1274 12306 9874 
f 11697 7397 4249 
f 849 4721 8994 
f 11560 2869 11609 
f 5162 4274 5116 
f 10748 10768 10014 
f 4261 11345 7287 
f 5736 2670 4926 
f 12318 4095 8242 
f 6140 3965 1965 
f 3277 2887 2009 
f 10310 3769 4419 
f 10354 12467 3781 
f 10394 2089 11155 
f 4297 8302 4215 
f 2664 1989 2672 
f 4030 11345 4261 
f 7491 3291 771 
f 9202 1417 3016 
f 12078 4555 4716 
f 2059 67 303 
f 10513 2944 10298 
f 10900 2714 10632 
f 601 321 460 
f 7355 207 11723 
f 9048 9988 2619 
f 2196 1803 1471 
f 6383 1257 5073 
f 9194 1345 5293 
f 2135 11341 12239 
f 2596 2166 1934 
f 4220 3815 3626 
f 3357 11752 4687 
f 5911 10418 6469 
f 5751 4522 8837 
f 4836 4253 4410 
f 1993 75 7958 
f 2625 12343 12326 
f 6854 11776 832 
f 11838 5010 5425 
f 5167 3054 2315 
f 1802 3417 10994 
f 7673 4683 2016 
f 7402 12426 12433 
f 2569 5130 10491 
f 10577 1363 11360 
f 11209 10895 9584 
f 8216 4929 11463 
f 8564 10922 8066 
f 8465 10599 8871 
f 11272 1320 149 
f 375 243 377 
f 9973 3628 5525 
f 12071 12485 632 
f 1025 3269 7118 
f 7216 7114 5613 
f 11579 12319 4789 
f 6000 11518 5556 
f 4125 10461 10964 
f 12065 12052 11653 
f 1623 6390 3824 
f 3806 7997 5013 
f 9815 9731 9766 
f 5068 8341 3101 
f 6390 3256 6001 
f 4373 4239 5021 
f 9866 1001 315 
f 8593 11432 3950 
f 3247 421 6897 
f 11638 12227 10279 
f 9669 6085 10477 
f 2915 2547 2911 
f 9253 625 6968 
f 6543 5822 2465 
f 4645 4649 4642 
f 2910 11049 698 
f 9055 237 7477 
f 5371 4813 10903 
f 2857 2664 2672 
f 8284 3420 8475 
f 11673 4542 11942 
f 9789 7964 2943 
f 6362 1037 1417 
f 12032 10832 8011 
f 5517 12322 6507 
f 4784 10933 1293 
f 10567 745 7700 
f 2366 6641 2621 
f 6131 5714 6130 
f 9797 3468 4980 
f 4950 763 8289 
f 10942 3813 5529 
f 11366 1007 8758 
f 7700 745 7813 
f 9844 5592 9085 
f 9748 7700 7813 
f 5997 2212 6363 
f 7697 1140 2652 
f 7465 6082 6506 
f 9748 7813 5997 
f 9859 9620 10292 
f 9418 5997 11056 
f 2725 5910 2538 
f 5837 7010 1498 
f 7952 9134 11945 
f 12387 11442 6868 
f 2459 6589 9867 
f 10564 1841 10208 
f 7902 11945 2879 
f 6065 6641 9694 
f 5103 4493 6212 
f 5103 2568 4493 
f 4067 6272 4202 
f 4751 10622 214 
f 7605 11038 1047 
f 3493 4899 6187 
f 3521 2885 2902 
f 3234 2823 3454 
f 11198 6080 4250 
f 6065 9694 10214 
f 8383 5627 12417 
f 8442 4268 8173 
f 6065 10214 11635 
f 2296 3502 5389 
f 8463 11693 161 
f 2376 9703 10855 
f 4944 12196 11461 
f 9660 5713 5226 
f 4592 1328 6965 
f 4141 9923 6734 
f 8275 12420 2657 
f 8347 10106 10995 
f 2458 538 661 
f 10773 9474 10392 
f 7272 1240 2255 
f 10214 10838 11635 
f 569 4884 3308 
f 12088 5067 9104 
f 875 20 10714 
f 7667 7983 9170 
f 7974 2012 10325 
f 10838 9479 3395 
f 9261 7788 6165 
f 9684 575 4710 
f 5419 6239 5178 
f 4331 11300 5713 
f 5952 6585 6579 
f 4755 8154 4190 
f 1161 4994 9254 
f 10475 10251 4790 
f 8825 3919 8160 
f 11964 8383 7708 
f 927 6129 12485 
f 6317 8439 9689 
f 6739 9734 7787 
f 2848 6399 2236 
f 11246 5040 5692 
f 994 920 4451 
f 2516 3082 2009 
f 7569 5976 5252 
f 8431 6539 3905 
f 1254 11814 2720 
f 1754 2922 3430 
f 7153 12417 5627 
f 903 11285 5244 
f 6780 5926 5927 
f 10386 12424 655 
f 2106 2101 2116 
f 6144 10019 3095 
f 11689 246 9132 
f 8132 863 2090 
f 438 8193 3926 
f 9701 1253 380 
f 7892 607 2514 
f 11450 751 11294 
f 2517 1422 2005 
f 10036 12350 9399 
f 2240 1587 12125 
f 688 8277 3514 
f 1289 9296 6394 
f 9974 5215 3086 
f 6983 1406 11237 
f 10666 5147 2690 
f 3987 7586 11465 
f 10362 10887 1163 
f 8175 5884 7349 
f 5846 4707 7717 
f 5972 864 9806 
f 4497 12306 9008 
f 6423 4372 8483 
f 10233 7448 4794 
f 3640 3841 3204 
f 6341 1910 4466 
f 10815 3708 3510 
f 501 2981 2151 
f 5819 10362 2351 
f 1594 6479 7175 
f 4690 864 3451 
f 2336 1019 8506 
f 7400 6012 4068 
f 11090 10366 9463 
f 4436 4882 3479 
f 11561 11284 2969 
f 2791 10965 9318 
f 105 7357 2029 
f 2886 11551 5137 
f 9599 11222 8586 
f 10191 10018 9942 
f 8217 8243 7652 
f 6042 8372 9810 
f 10250 7538 1355 
f 9122 6824 11966 
f 9158 5448 7419 
f 832 1010 893 
f 10298 3749 11874 
f 9719 9959 3814 
f 4348 5211 7502 
f 4867 11337 12121 
f 5703 5768 4903 
f 1790 2333 1804 
f 6579 6585 7293 
f 872 2408 9113 
f 7009 2090 11545 
f 611 1065 3028 
f 1224 438 4498 
f 4289 1406 5360 
f 834 5663 8329 
f 5547 1132 7642 
f 5025 11546 7555 
f 10032 9400 10746 
f 8036 1782 10497 
f 10806 9271 3855 
f 6254 12078 7827 
f 551 10266 10332 
f 295 6749 10738 
f 5852 8894 2289 
f 1205 353 6064 
f 7824 7014 7293 
f 4435 2242 2306 
f 11646 7872 10371 
f 6983 9901 7677 
f 2745 5754 8797 
f 4779 10153 2113 
f 12183 10505 11503 
f 5744 6898 7027 
f 2181 6680 5006 
f 12264 3317 2215 
f 11060 8177 10742 
f 3934 12113 141 
f 832 11776 1010 
f 157 4483 1306 
f 1633 10011 1962 
f 9933 10595 9837 
f 3851 7602 439 
f 7178 1203 8081 
f 718 7770 6150 
f 5431 5855 5851 
f 8749 1041 2289 
f 6784 6138 6780 
f 5343 9499 366 
f 8172 12406 454 
f 10768 12331 11126 
f 3150 3144 3993 
f 10062 1134 9929 
f 3786 634 1164 
f 3204 3829 2991 
f 11510 11895 11506 
f 7736 3374 3553 
f 5851 5855 6483 
f 4518 5178 4510 
f 2332 3653 10555 
f 6092 4406 2207 
f 10045 2874 580 
f 7744 1920 4190 
f 9649 9421 4566 
f 12083 6915 7550 
f 1467 11767 7747 
f 2559 4431 5293 
f 4631 10005 11193 
f 1650 8133 6122 
f 11190 8596 10032 
f 4545 5138 5255 
f 3166 11296 11306 
f 2462 2291 2297 
f 2197 6284 9191 
f 10682 8819 8760 
f 3096 2711 3084 
f 366 4120 10647 
f 3678 11885 8826 
f 3064 2396 2021 
f 12076 11670 8434 
f 2021 2222 3064 
f 2388 3973 11680 
f 7260 8955 8362 
f 4298 7259 5694 
f 10830 10819 10818 
f 2893 3244 10185 
f 940 10473 10257 
f 4379 4596 4554 
f 7102 1112 5135 
f 6418 3182 9049 
f 7632 2367 5680 
f 10347 5981 11647 
f 2373 2902 2709 
f 5935 7768 313 
f 11295 5772 5963 
f 5614 5392 6011 
f 11367 5298 3452 
f 2335 9218 12198 
f 9510 9858 9868 
f 6143 8506 2433 
f 5914 5848 11073 
f 5354 5548 906 
f 12037 9095 9670 
f 10707 2919 7959 
f 9890 4162 11565 
f 3131 4983 10354 
f 10241 1714 7339 
f 7080 7600 8162 
f 11555 1190 2007 
f 3958 7077 8893 
f 7289 515 2648 
f 10706 10336 9618 
f 10463 9914 9258 
f 1334 10312 3983 
f 2092 6250 8585 
f 2561 8833 8257 
f 2467 5424 8296 
f 6233 10187 9916 
f 2814 2612 11199 
f 3440 3447 3030 
f 30 6587 288 
f 11003 1484 2073 
f 5681 7834 720 
f 3260 2865 3493 
f 8424 3220 11876 
f 8768 12482 7587 
f 4495 570 362 
f 6036 175 11108 
f 12279 2402 8128 
f 8053 589 8346 
f 2857 3677 2664 
f 10766 4101 9070 
f 11107 5022 3734 
f 3352 2236 6268 
f 353 6808 6064 
f 6237 3188 170 
f 8108 8338 11938 
f 12258 1592 6528 
f 4208 8834 1114 
f 7577 3622 1184 
f 1257 6383 12227 
f 6137 7193 6572 
f 1378 1276 1383 
f 7664 8183 12089 
f 2339 9777 11769 
f 11568 1569 10493 
f 2858 9541 10571 
f 11156 11171 10468 
f 2552 2488 6612 
f 11177 8221 9036 
f 8227 12005 2792 
f 1028 11563 1825 
f 10079 2570 11222 
f 8656 6949 1965 
f 5740 2620 9573 
f 8848 6323 10957 
f 11618 6979 12447 
f 676 6963 838 
f 9785 312 7793 
f 2433 5276 6143 
f 9386 2247 9550 
f 4248 4337 822 
f 9622 1252 6385 
f 5098 12481 1175 
f 4815 12294 9090 
f 3801 10712 7917 
f 2774 5133 6553 
f 10468 10852 10470 
f 7 2331 11477 
f 9689 1793 1856 
f 10353 5636 10605 
f 1333 11872 5362 
f 2676 5588 6520 
f 5396 10532 866 
f 2653 1074 5420 
f 3104 3740 3744 
f 3640 3210 3833 
f 10398 11226 5832 
f 11827 5138 7461 
f 162 1801 12275 
f 1175 12481 7880 
f 8697 3371 6124 
f 8223 8215 1387 
f 12287 644 2 
f 10114 10112 10480 
f 12022 8358 7952 
f 5188 9958 7061 
f 5642 359 2269 
f 5649 5419 4732 
f 1948 6989 240 
f 4087 10146 267 
f 9648 11071 9641 
f 4417 2128 6078 
f 1616 11129 8368 
f 7173 7285 2369 
f 10983 4160 11614 
f 8345 8093 9246 
f 2526 2414 12443 
f 10429 7461 6283 
f 12402 3182 1654 
f 1597 6327 235 
f 12035 5774 2308 
f 2434 2431 1865 
f 4958 10884 2856 
f 5659 10574 8696 
f 12124 6378 1577 
f 6016 11843 10639 
f 914 5875 3475 
f 7130 1949 10665 
f 9601 1669 12280 
f 10224 10574 6905 
f 10929 7721 9958 
f 8446 3826 876 
f 3690 2862 3481 
f 7377 3105 8368 
f 10669 6093 12416 
f 8368 11129 7377 
f 5912 9700 8519 
f 10574 10224 4157 
f 7811 8388 6796 
f 5556 11955 7576 
f 9225 4779 11623 
f 9191 483 773 
f 3176 3916 7051 
f 4193 3376 4543 
f 5268 7241 6130 
f 5253 974 4041 
f 6265 7185 3799 
f 10421 2588 2829 
f 8018 10377 3655 
f 6216 10224 3638 
f 4878 6216 3638 
f 4039 4575 3214 
f 4878 3638 3489 
f 10118 280 4131 
f 3251 2488 3390 
f 8931 4746 1142 
f 8088 4664 4309 
f 8206 7681 6896 
f 876 4878 3489 
f 10033 11095 7732 
f 5593 12322 154 
f 9488 5119 6309 
f 10643 6111 11425 
f 7795 2211 10707 
f 1922 1031 12400 
f 8649 3618 10658 
f 8641 11959 3424 
f 2444 11054 3067 
f 12106 12081 6860 
f 2667 9126 12111 
f 7494 8054 7496 
f 9239 8366 7812 
f 9478 7521 6986 
f 9352 423 5629 
f 7459 8292 2458 
f 9511 6640 4781 
f 8728 3306 11297 
f 6946 500 1853 
f 1084 5156 9518 
f 49 7443 5951 
f 12243 698 11049 
f 8821 11082 9708 
f 11605 433 10046 
f 5150 7132 8213 
f 12296 7201 8613 
f 8263 5492 904 
f 9317 9351 10458 
f 12236 9475 5281 
f 10417 3507 8899 
f 4141 131 3383 
f 10954 7069 7988 
f 4907 6281 10989 
f 3195 889 5028 
f 11358 11400 11386 
f 2713 11255 9011 
f 1617 1794 14 
f 6329 2500 2076 
f 954 4729 4627 
f 12027 9541 9151 
f 11801 10672 10291 
f 5277 7477 11375 
f 9566 4682 7523 
f 5187 1368 9241 
f 10456 4168 8528 
f 65 1055 11997 
f 2868 3880 2668 
f 9553 2309 1402 
f 9052 3286 11502 
f 3141 11172 4748 
f 9692 9385 10052 
f 11170 2743 10757 
f 10872 1493 10791 
f 10779 4697 1442 
f 5903 11647 5823 
f 7560 11632 7801 
f 7705 12011 7618 
f 1715 12496 4063 
f 4309 4664 3921 
f 4710 575 7413 
f 542 8898 5259 
f 559 5963 11178 
f 524 5463 3375 
f 3251 3390 927 
f 8567 10356 190 
f 6337 6777 7521 
f 3265 1435 11194 
f 10114 9436 10112 
f 3859 1268 10756 
f 4732 5650 5649 
f 1465 4559 6790 
f 11108 4517 12133 
f 11465 5177 4753 
f 4944 4112 3420 
f 7925 1710 12364 
f 39 6211 1921 
f 4015 3597 3593 
f 8887 2619 10349 
f 8915 11117 8964 
f 10027 384 3068 
f 6443 6689 5816 
f 10242 1659 4285 
f 1247 11705 2014 
f 11421 5339 1172 
f 638 5808 11568 
f 9108 4698 1646 
f 317 3120 324 
f 4268 5472 8173 
f 7597 8511 3961 
f 2373 2036 2217 
f 12305 10203 9423 
f 10177 4368 3071 
f 3601 3401 2448 
f 3270 2868 2693 
f 10870 7002 6704 
f 8415 2540 6583 
f 2782 1297 5951 
f 10075 114 11711 
f 528 427 4429 
f 5782 2359 5559 
f 8280 7667 6682 
f 9814 6404 805 
f 4371 1345 9194 
f 10730 11610 1342 
f 699 7757 5011 
f 1361 4880 2244 
f 843 196 199 
f 6071 10005 9869 
f 717 5433 5061 
f 7473 11599 8093 
f 2322 12291 5905 
f 2524 4993 6571 
f 11025 6300 12291 
f 4213 5114 11443 
f 12018 4270 8835 
f 12012 5565 431 
f 540 3403 5308 
f 6300 11025 947 
f 4781 6640 946 
f 2979 4307 9766 
f 10457 9745 10114 
f 11985 97 5053 
f 2384 10862 10475 
f 9926 2790 8580 
f 9436 9745 9137 
f 11167 3712 954 
f 5559 1680 1419 
f 7423 10001 678 
f 4213 11443 4697 
f 11025 9000 7278 
f 10272 11404 11004 
f 11025 6081 9000 
f 5340 7204 10790 
f 9051 10489 1257 
f 7062 11775 10182 
f 10673 4501 5079 
f 7423 4865 10001 
f 288 6587 11868 
f 7077 5619 8893 
f 7803 9640 174 
f 6704 11704 4392 
f 5753 6181 5323 
f 4875 11740 2313 
f 9882 10618 8125 
f 1602 811 966 
f 4530 790 8003 
f 11451 8353 7313 
f 14 9105 3676 
f 12190 3892 41 
f 1576 1785 1570 
f 7836 4734 2123 
f 118 1308 5371 
f 460 307 818 
f 7730 6242 7871 
f 568 9625 5630 
f 12256 12252 3417 
f 2750 4700 2380 
f 12441 4550 12281 
f 5486 11256 1589 
f 4110 8214 6345 
f 9000 6132 7278 
f 9262 2118 4539 
f 790 5236 8003 
f 10593 5395 1612 
f 4280 10618 9882 
f 2399 6382 7414 
f 10798 5291 6785 
f 1063 5380 8945 
f 10689 151 6062 
f 446 593 2513 
f 6802 6796 7013 
f 2322 10641 12291 
f 10899 928 6124 
f 11096 7660 8770 
f 6062 9691 10689 
f 6243 7915 10692 
f 12378 2803 6325 
f 7569 12381 1398 
f 2112 6892 6626 
f 10027 3068 8251 
f 4642 5312 5077 
f 1686 4490 10635 
f 6655 10256 12351 
f 11873 11086 5754 
f 3127 8370 938 
f 1681 5287 6253 
f 12467 9174 4231 
f 9020 1617 14 
f 8508 4184 3292 
f 4928 5984 2270 
f 3197 8763 2703 
f 11536 10021 10267 
f 3399 12148 6574 
f 12300 4934 6045 
f 12298 9243 11751 
f 6281 5456 7676 
f 6567 6796 6802 
f 6402 4670 5770 
f 7941 7370 7122 
f 10396 7686 681 
f 938 464 3127 
f 5633 886 3781 
f 12163 4462 2649 
f 5438 5547 5146 
f 6488 6180 9823 
f 6517 777 12123 
f 9091 10049 8884 
f 7584 5996 10287 
f 12100 8969 4652 
f 6383 5073 10584 
f 390 5455 5553 
f 6629 6852 6403 
f 5745 3326 5624 
f 97 6033 5053 
f 12016 9073 6613 
f 3873 10316 2228 
f 5039 3873 2228 
f 3391 791 229 
f 9798 10158 8234 
f 6554 477 2829 
f 7208 2407 6607 
f 436 845 12411 
f 10875 11012 136 
f 4890 4897 8738 
f 4015 3601 3597 
f 5892 3685 9039 
f 9644 894 8129 
f 2393 1446 4515 
f 5522 930 437 
f 2640 11155 10295 
f 8469 3816 11353 
f 6742 4104 1287 
f 6664 930 5522 
f 8815 7849 7969 
f 6941 8004 7454 
f 11910 888 5725 
f 2736 2683 4962 
f 9297 2303 1439 
f 986 11523 2140 
f 1746 1626 12016 
f 1098 7938 9038 
f 10162 2624 11505 
f 8950 9526 9520 
f 1803 2177 2006 
f 6480 8767 2493 
f 2990 3694 6122 
f 2529 528 7784 
f 3508 8165 4172 
f 4453 8492 9817 
f 6868 11442 9013 
f 3890 8428 5383 
f 4055 8935 10881 
f 2002 5878 2905 
f 6300 4536 11997 
f 6375 2190 5610 
f 587 3132 8210 
f 8124 3771 8689 
f 5539 5502 12247 
f 3057 4418 6836 
f 8072 3668 8075 
f 7921 9227 10487 
f 9133 4249 12061 
f 5946 10381 5469 
f 76 8197 437 
f 5469 2750 5946 
f 7089 11496 3544 
f 2025 2919 10707 
f 5602 6727 5575 
f 4149 3746 3117 
f 5138 11827 5072 
f 1201 4055 7095 
f 1887 1570 1785 
f 10561 9826 2523 
f 6337 6767 6763 
f 6226 6680 12208 
f 53 7978 11963 
f 1509 12134 9904 
f 189 145 196 
f 11477 11248 7 
f 2644 5044 11521 
f 2338 1625 3742 
f 2738 2754 4662 
f 12195 7409 6885 
f 10306 4529 6449 
f 3164 5609 5704 
f 375 657 653 
f 1723 9317 10458 
f 12125 1587 12356 
f 3607 1415 9709 
f 1386 9607 2994 
f 12082 11905 3869 
f 3065 3051 3479 
f 6853 830 2953 
f 6871 8638 202 
f 861 10905 1499 
f 7229 5122 3257 
f 9955 4803 7318 
f 6193 3014 3298 
f 5271 7355 11723 
f 10343 10704 10334 
f 1413 9119 11095 
f 3414 3788 4971 
f 6314 6668 2927 
f 11345 2869 7287 
f 3783 10019 8152 
f 438 3926 4498 
f 5956 6162 6586 
f 7923 10994 8459 
f 2904 4380 2122 
f 9749 7594 456 
f 3449 9493 7312 
f 9179 8675 4959 
f 6371 5511 3010 
f 12385 2827 1523 
f 2497 11848 8800 
f 3863 10385 1735 
f 3449 7312 4902 
f 2385 10882 1462 
f 5648 5418 5831 
f 4971 3139 12197 
f 2809 4039 3214 
f 9829 967 11714 
f 567 461 10080 
f 1140 7697 7297 
f 11857 1223 1070 
f 1589 11256 5206 
f 2246 1715 6546 
f 1633 12069 2326 
f 10957 4647 9577 
f 6947 6961 7028 
f 602 11268 936 
f 3561 9124 5450 
f 8080 2662 2646 
f 495 4830 2774 
f 11714 967 4114 
f 5596 9172 8954 
f 2844 3470 2483 
f 10127 10490 11187 
f 1793 1969 3830 
f 5057 4065 12167 
f 11313 11310 11389 
f 1904 222 10550 
f 5214 7162 4448 
f 6826 4883 5721 
f 3025 8399 8519 
f 7571 9306 7755 
f 6548 3745 856 
f 12242 10044 11754 
f 11224 456 4797 
f 7942 5116 10747 
f 1903 10159 1372 
f 198 12374 11202 
f 10175 2497 11045 
f 8706 8720 9003 
f 2683 6617 1295 
f 1941 677 5477 
f 399 4781 12079 
f 6615 9963 2712 
f 12075 8942 3724 
f 8301 2429 9953 
f 8902 11288 10414 
f 6561 7545 6789 
f 4862 7463 5398 
f 5930 11519 1052 
f 5489 12470 12061 
f 1283 5562 11750 
f 11535 723 10428 
f 3206 2662 11531 
f 1739 6824 9911 
f 6362 9785 7793 
f 10773 7091 9024 
f 5821 8649 7361 
f 8982 12237 10698 
f 6370 1317 3988 
f 5429 5844 5434 
f 1211 3574 618 
f 5579 7204 7262 
f 9030 9475 12236 
f 11379 10923 7388 
f 9492 5380 6668 
f 10681 1138 5947 
f 10268 1321 5422 
f 4890 10053 9286 
f 5506 6411 5901 
f 10711 5791 12255 
f 9667 10028 8807 
f 7456 9508 12469 
f 847 343 854 
f 11968 5105 1470 
f 7393 8710 9446 
f 9545 4313 11963 
f 784 8680 5697 
f 1533 8662 11793 
f 8466 5715 7746 
f 9845 8444 8684 
f 11330 1663 665 
f 4537 4612 10928 
f 9755 4281 5423 
f 239 8603 857 
f 2230 5255 7984 
f 669 663 591 
f 11926 12003 3945 
f 304 9458 11460 
f 2364 2892 8063 
f 3082 3690 3707 
f 11891 9476 2608 
f 12052 11244 11230 
f 10189 6812 9322 
f 5331 7045 2027 
f 465 9820 6366 
f 11334 5829 12049 
f 11849 11111 4847 
f 1710 9671 6862 
f 9473 10676 3179 
f 3311 9689 2209 
f 11766 9529 11795 
f 8326 5004 10368 
f 9919 4563 1318 
f 8745 775 1644 
f 11975 4583 2619 
f 9888 8962 9244 
f 8714 7042 4531 
f 10772 8341 4639 
f 7438 7418 4420 
f 4301 5142 4491 
f 1034 11423 1091 
f 159 156 153 
f 3146 4397 2113 
f 12137 9919 1318 
f 1489 1380 1376 
f 5071 11858 11746 
f 10953 10289 11706 
f 204 569 748 
f 10296 8258 911 
f 8302 11474 11946 
f 11079 11476 12337 
f 2511 2342 3267 
f 11941 7335 8161 
f 2906 2257 10243 
f 12212 8235 8025 
f 9233 1345 8603 
f 9886 643 4715 
f 10844 10112 10843 
f 12268 1139 3554 
f 5703 5467 11679 
f 6842 2082 4186 
f 9851 9163 5712 
f 807 4416 554 
f 326 9553 9245 
f 5988 4159 5351 
f 10244 11594 6107 
f 465 792 3867 
f 4137 3135 7130 
f 5564 9021 9281 
f 9335 1284 2060 
f 4296 11762 1599 
f 9228 4961 4908 
f 3862 1190 8529 
f 3262 2430 7335 
f 10054 4911 5510 
f 5176 9069 11189 
f 9305 9934 8846 
f 12122 1791 1750 
f 748 8843 1496 
f 9985 7249 5825 
f 1878 11189 3262 
f 1583 2820 12383 
f 230 5174 10346 
f 670 11899 146 
f 1080 11250 2815 
f 10601 3125 2338 
f 5059 402 29 
f 7257 2161 6060 
f 10619 6963 676 
f 1878 5176 11189 
f 6047 5791 11000 
f 7273 633 8438 
f 2137 8238 4869 
f 709 8690 1563 
f 5790 11974 6950 
f 1859 1004 6516 
f 11924 6690 8897 
f 150 9451 10657 
f 1260 12223 9051 
f 12317 3509 1424 
f 2174 11696 11786 
f 7551 2215 3665 
f 6381 1849 2492 
f 1325 8438 11111 
f 3803 4015 3593 
f 7102 5135 3212 
f 10539 10315 2149 
f 11410 9793 910 
f 1505 11453 3927 
f 12127 4155 10092 
f 1584 9729 1657 
f 8937 6811 10935 
f 446 2513 7170 
f 9069 10087 11189 
f 5261 4986 7656 
f 7694 4979 1283 
f 8035 9010 7942 
f 362 8000 1781 
f 3706 6708 6795 
f 8520 2770 12110 
f 8776 4928 5661 
f 9655 4060 2204 
f 7882 10982 1426 
f 2842 12137 8417 
f 7656 4986 7989 
f 5358 6272 8236 
f 12326 12348 11448 
f 10492 4062 4478 
f 6772 11010 5368 
f 5987 1797 11014 
f 8789 10348 9329 
f 6616 12243 7275 
f 4669 1699 10262 
f 9441 9168 10112 
f 8966 2247 12099 
f 6184 12440 2395 
f 8231 12251 12084 
f 7551 2069 3067 
f 5640 11802 11662 
f 4698 12108 2650 
f 12009 12428 5551 
f 6571 10485 4452 
f 1341 11747 3439 
f 10985 681 3091 
f 4560 8516 8953 
f 6642 5845 3281 
f 9913 11694 7430 
f 7803 1595 12371 
f 5356 8250 2479 
f 10781 11980 10348 
f 4669 10262 4945 
f 698 915 2910 
f 5910 5308 3403 
f 3821 9429 3797 
f 2918 2206 10037 
f 12092 9274 315 
f 2323 2872 2735 
f 3015 2314 127 
f 11154 7854 7390 
f 3385 6927 2548 
f 9233 8603 239 
f 10834 11367 3452 
f 3980 10879 1861 
f 697 276 7549 
f 1705 6687 7996 
f 11451 7313 3370 
f 7996 6687 11686 
f 10377 8268 3697 
f 675 12415 8795 
f 6412 9476 10387 
f 11154 181 7854 
f 2813 11875 5484 
f 11328 2018 9538 
f 1033 9338 10937 
f 380 1253 135 
f 10539 11728 1816 
f 2193 4090 3987 
f 3669 9957 3663 
f 454 12406 3639 
f 12372 8852 3428 
f 12201 9936 1280 
f 5267 6902 1664 
f 4793 1705 7996 
f 12007 3933 12390 
f 1990 10245 11085 
f 7802 8510 1003 
f 6660 6878 8361 
f 3711 7438 4758 
f 3239 3459 3108 
f 11166 995 12049 
f 451 8135 6847 
f 12496 10286 4075 
f 115 12412 11966 
f 4793 8233 1705 
f 8473 7369 1416 
f 7943 8534 3168 
f 4527 4336 5429 
f 3144 3150 2761 
f 1038 4945 9324 
f 1705 374 11072 
f 3830 3369 1793 
f 5675 10877 604 
f 5383 8428 4816 
f 3582 9309 9191 
f 3227 3026 3234 
f 708 3819 7307 
f 6417 1725 1372 
f 8233 7536 374 
f 4972 6078 2128 
f 7974 10094 4101 
f 3303 2383 2387 
f 9303 4961 9228 
f 11849 5879 4393 
f 9899 380 10082 
f 2264 9595 6603 
f 973 4600 531 
f 5380 1063 6668 
f 4600 11253 531 
f 488 2775 10719 
f 11253 10792 10541 
f 929 7020 10896 
f 12201 227 8892 
f 1777 3979 9797 
f 3208 10317 8813 
f 3413 1872 4450 
f 3844 965 3695 
f 10970 5763 9978 
f 10236 230 1076 
f 6912 6624 8932 
f 12033 12302 4421 
f 8459 10994 8943 
f 12163 4051 552 
f 3749 10298 10592 
f 3583 9171 9926 
f 1181 12388 5380 
f 4952 5192 1772 
f 1712 884 8524 
f 12339 6776 4308 
f 4703 12212 8025 
f 12480 8960 6258 
f 4601 6247 9007 
f 7840 7856 2840 
f 6058 11980 10781 
f 10717 7416 6075 
f 6886 7122 7370 
f 9497 9683 987 
f 11492 1439 5400 
f 39 3580 68 
f 6134 5714 6131 
f 3099 11468 690 
f 300 1508 6959 
f 10383 10016 4871 
f 4027 4450 7592 
f 12495 4440 12427 
f 135 1977 1549 
f 8514 9092 9384 
f 5814 10170 3700 
f 2157 8692 2980 
f 2657 3600 11521 
f 3396 2020 8888 
f 2072 8799 958 
f 5181 9816 8682 
f 1580 5458 10102 
f 11186 7182 12310 
f 9099 1703 6439 
f 12054 1991 7707 
f 3486 11944 4809 
f 9357 11393 5562 
f 7992 8347 4237 
f 690 11468 1125 
f 8991 9911 7876 
f 493 7206 12129 
f 5757 5351 11969 
f 1367 4001 11241 
f 4970 10446 10296 
f 1417 1731 6362 
f 6586 7305 7311 
f 6146 8289 12309 
f 12370 2861 1205 
f 5968 11863 679 
f 9780 3633 6913 
f 3218 6786 10906 
f 7429 781 3424 
f 12276 8781 7752 
f 8083 308 2886 
f 6921 9718 12473 
f 5732 9640 11602 
f 6797 4151 546 
f 1604 7713 3754 
f 8261 1187 7490 
f 5701 12422 11219 
f 5720 4471 926 
f 3564 5938 8037 
f 12445 11534 4321 
f 9633 3756 9679 
f 4729 3712 12158 
f 9799 7281 3923 
f 4168 10456 12263 
f 9380 3472 1459 
f 10937 8841 1033 
f 3162 3173 3362 
f 1634 6448 11939 
f 9700 8882 6279 
f 320 11206 1648 
f 8694 3687 4912 
f 9112 4667 7220 
f 9781 10423 11929 
f 7969 9572 3400 
f 2970 6002 3247 
f 2223 12076 8434 
f 11828 8085 251 
f 9220 5121 9955 
f 8817 1022 2238 
f 10649 10196 1199 
f 8545 690 471 
f 7050 11909 8901 
f 3183 1182 8059 
f 3212 5135 4485 
f 4776 5812 10917 
f 1663 7194 665 
f 9839 6439 56 
f 3846 238 9172 
f 12133 5701 10012 
f 7724 98 5465 
f 11600 1419 10573 
f 8485 3896 8979 
f 4606 10119 7334 
f 6531 568 8103 
f 3110 5365 6931 
f 3519 2890 2899 
f 12205 9846 299 
f 9775 4352 9163 
f 384 10027 1327 
f 1016 8558 9114 
f 2793 3372 9030 
f 286 8639 5023 
f 251 6292 2912 
f 3283 3929 3338 
f 10432 12071 9712 
f 9015 10699 9301 
f 12203 12341 5978 
f 4688 2667 1143 
f 89 11908 3511 
f 5735 9938 6427 
f 2735 8517 2026 
f 9447 2642 7743 
f 3112 3343 6839 
f 6292 1429 2912 
f 3776 7946 1358 
f 8092 1557 2343 
f 9586 5325 4215 
f 2038 9250 7097 
f 9627 10784 2391 
f 5392 5623 6433 
f 8790 9627 2391 
f 8053 5794 589 
f 10797 5224 1826 
f 6302 7666 10297 
f 1233 7714 8890 
f 3803 4365 4201 
f 1475 1042 5027 
f 10890 11983 1452 
f 4626 11088 1491 
f 10104 8553 10952 
f 4855 7383 2344 
f 6847 7998 451 
f 10261 2151 9445 
f 6876 4806 11022 
f 5862 6661 6396 
f 548 482 553 
f 12305 3474 9149 
f 7599 4255 2642 
f 7212 9857 3937 
f 1133 1458 1228 
f 10239 9504 9841 
f 11940 9306 7489 
f 9005 4534 9396 
f 6873 524 6926 
f 2379 11967 9643 
f 9096 10482 5696 
f 6011 6008 5614 
f 3444 2968 11590 
f 12091 9110 1003 
f 9310 8743 9301 
f 3347 4525 4741 
f 177 3114 1761 
f 5299 11984 6472 
f 10247 12396 12358 
f 1276 1378 1265 
f 9273 10322 10683 
f 8033 1170 8650 
f 6178 12358 1436 
f 2642 4255 2200 
f 12009 3866 4002 
f 12497 7211 6807 
f 8342 7527 8077 
f 11009 5764 10495 
f 2097 5567 7351 
f 10400 8212 2604 
f 2434 2094 2426 
f 371 7439 94 
f 12043 2757 11279 
f 837 541 682 
f 11715 7120 5946 
f 1943 1818 12195 
f 2937 3573 3567 
f 247 1889 12125 
f 9586 4555 5783 
f 4455 1859 4432 
f 7171 4109 8804 
f 9906 11796 10291 
f 1271 84 3592 
f 4526 9117 4164 
f 7676 9225 11623 
f 6136 10584 11658 
f 4785 10419 4859 
f 4456 330 7874 
f 4373 794 1542 
f 2143 438 7185 
f 12043 4532 4143 
f 4532 8820 4143 
f 2181 2134 3137 
f 4495 1781 2341 
f 2094 2434 1865 
f 11029 6598 993 
f 10250 1984 5906 
f 2545 4109 7171 
f 5741 7345 11970 
f 1780 4511 6638 
f 1804 980 1581 
f 10603 12292 11212 
f 725 505 223 
f 6045 4934 4004 
f 5334 6319 7923 
f 365 5588 2676 
f 1782 8036 4144 
f 5533 6516 10685 
f 2751 11159 2814 
f 3031 1727 5731 
f 12019 2165 12106 
f 8010 7735 278 
f 9239 9232 8957 
f 10174 11624 6117 
f 4521 2779 5198 
f 4241 2637 3085 
f 7848 10960 8174 
f 10568 6813 4609 
f 9806 2866 5972 
f 1992 5534 8078 
f 9288 10334 10329 
f 4799 3829 3841 
f 193 189 393 
f 6548 7404 3293 
f 3397 10752 9440 
f 5916 8036 1405 
f 1645 5118 8573 
f 3617 6015 5446 
f 3552 791 4787 
f 6633 5904 9782 
f 2389 2353 12453 
f 12489 29 4792 
f 8242 8146 9811 
f 3527 8447 12369 
f 6218 11304 4035 
f 3586 3737 3918 
f 590 8139 6267 
f 98 12397 5465 
f 5639 9864 4269 
f 8242 9811 11846 
f 6117 10181 5276 
f 12106 2165 12081 
f 7191 4272 8787 
f 9004 3338 2765 
f 2466 2398 8151 
f 8784 5747 3895 
f 5407 758 7383 
f 943 8111 11498 
f 5465 430 7724 
f 430 11846 7724 
f 5704 1455 3467 
f 8793 3951 7647 
f 10751 6744 8414 
f 9326 1545 3937 
f 5009 5847 9914 
f 2133 7948 3869 
f 11261 8455 12322 
f 4542 11673 5361 
f 2316 2867 7354 
f 2536 4029 9196 
f 5689 1310 9521 
f 11887 10407 10393 
f 12163 10888 4051 
f 8482 4278 2340 
f 11349 8750 4917 
f 4060 5755 11138 
f 11318 814 3891 
f 11429 1963 10836 
f 3207 360 9862 
f 10344 10551 10915 
f 3891 6648 8141 
f 7596 1003 9131 
f 9803 6075 5979 
f 2174 9148 6588 
f 4762 11261 5384 
f 2396 4757 2021 
f 11390 7624 704 
f 11575 112 3774 
f 8487 11655 3727 
f 5876 3665 2215 
f 3588 3649 8031 
f 2199 8798 10008 
f 3646 1852 3396 
f 10102 475 333 
f 814 8798 442 
f 10015 2750 8400 
f 5701 9665 10012 
f 6744 1890 8414 
f 10715 7242 7304 
f 3319 5332 7348 
f 7658 11577 5395 
f 9512 11399 4349 
f 6260 11335 11358 
f 10008 8798 7112 
f 5498 4393 9972 
f 8026 6372 1747 
f 4681 8801 3773 
f 2913 9712 12071 
f 9775 11882 4352 
f 4894 6917 824 
f 892 2829 9186 
f 1334 4475 8109 
f 6102 8694 4912 
f 7493 8910 8618 
f 70 574 503 
f 5031 1949 5964 
f 5660 4079 9412 
f 5267 7029 9697 
f 10750 3621 6485 
f 7126 7776 4886 
f 6436 2180 11152 
f 11277 3776 9234 
f 2707 1944 8314 
f 2339 262 5906 
f 1511 4534 9005 
f 1290 10136 3562 
f 6512 1473 11008 
f 1511 9005 5106 
f 11992 7297 7697 
f 4569 3504 3821 
f 7820 11384 8819 
f 11420 11380 1688 
f 6357 6798 7547 
f 1849 8729 2492 
f 2350 4124 7506 
f 969 10693 4053 
f 7082 12182 8272 
f 10230 1023 10624 
f 10337 2278 10627 
f 334 2278 3772 
f 2921 2403 9182 
f 852 10625 6834 
f 4534 11719 762 
f 5136 1207 9466 
f 3082 4676 5366 
f 10523 10157 9790 
f 4390 12370 5528 
f 1233 8890 9816 
f 10010 1577 6378 
f 3668 2232 8075 
f 5447 562 12409 
f 10984 1263 2838 
f 383 4123 8399 
f 153 152 343 
f 9912 3778 11863 
f 5647 11375 8623 
f 2991 3624 3389 
f 8902 4357 11481 
f 8618 8910 9183 
f 2854 4604 9128 
f 2929 10142 12333 
f 12039 4716 8302 
f 5526 6198 2091 
f 7391 1956 901 
f 9646 9978 5763 
f 11609 8021 11560 
f 5265 3080 1885 
f 9490 9955 5121 
f 7565 8394 7581 
f 6079 7741 6147 
f 9507 2579 4559 
f 2869 11560 7287 
f 351 4374 11351 
f 12417 7708 8383 
f 2428 7497 11516 
f 10161 38 4199 
f 10578 10956 8946 
f 10374 11569 289 
f 8837 9552 4431 
f 1468 9720 200 
f 9026 11852 11064 
f 5304 7316 1565 
f 2564 6828 7447 
f 10209 8149 9214 
f 10907 1382 1877 
f 3061 8208 11681 
f 3207 1474 10809 
f 4519 11107 8029 
f 4048 733 5236 
f 6869 1195 12471 
f 5159 4030 4261 
f 5159 6127 4030 
f 10758 5884 8175 
f 2998 1202 6895 
f 8685 10347 11647 
f 1674 1895 2324 
f 1851 9805 5265 
f 4716 4215 8302 
f 5911 9449 6127 
f 6021 12030 2598 
f 2038 10954 1061 
f 6976 4875 3361 
f 3349 3857 6539 
f 2632 3302 11158 
f 2931 10386 753 
f 7515 4489 9223 
f 588 523 591 
f 7367 8782 7905 
f 7597 8062 5359 
f 1459 11829 9380 
f 8281 2422 10714 
f 1146 3183 7578 
f 4252 9997 11590 
f 5252 5976 173 
f 8410 8992 9267 
f 453 7578 11703 
f 3537 5799 2601 
f 6333 11930 812 
f 7385 922 11743 
f 5138 5072 5255 
f 7903 9641 7085 
f 11707 11541 6559 
f 3214 4575 4395 
f 10051 11937 10052 
f 9824 9448 7047 
f 8458 4018 6056 
f 9160 6407 8707 
f 11684 7258 11416 
f 10626 10987 11759 
f 9631 4654 8252 
f 2577 7149 1902 
f 2528 340 11360 
f 1898 1779 1479 
f 6613 5303 5945 
f 7724 11846 12008 
f 8878 11783 735 
f 8325 9195 8910 
f 6545 4979 7694 
f 1623 3256 6390 
f 780 1259 1264 
f 2657 9242 11584 
f 10829 9360 10586 
f 12435 12431 9361 
f 3476 9299 3339 
f 1266 1517 7044 
f 1495 2842 4324 
f 2148 7231 3066 
f 4040 3648 12181 
f 7687 318 10502 
f 3824 11942 2651 
f 5656 12366 10759 
f 1398 6160 7716 
f 11007 4228 1546 
f 2799 5248 2837 
f 8607 9168 8608 
f 2742 1952 10486 
f 5800 11538 2346 
f 11933 9012 6797 
f 4263 10719 7162 
f 1674 1980 1444 
f 6602 7857 9861 
f 10576 6690 1997 
f 4442 796 11639 
f 632 2913 12071 
f 7869 1807 8283 
f 3163 9887 11765 
f 9289 3029 8780 
f 11303 6316 6332 
f 8287 3329 4958 
f 1819 12058 9685 
f 8507 4702 10096 
f 8478 9690 8514 
f 2212 871 110 
f 2568 5103 11115 
f 1059 1058 858 
f 6525 5894 6964 
f 2212 110 6363 
f 2212 5997 9418 
f 8437 975 6883 
f 4228 6641 6065 
f 2171 2210 2284 
f 1685 3975 12413 
f 7862 12272 6335 
f 12395 9481 12112 
f 2241 4079 8356 
f 6212 4493 110 
f 4747 9157 7977 
f 11635 10838 8734 
f 9484 5211 9615 
f 8805 6065 11635 
f 3909 4189 12160 
f 1312 755 601 
f 1740 1903 1725 
f 9053 6329 8277 
f 2821 3667 10113 
f 7017 2674 7048 
f 3024 3934 7611 
f 11054 1783 3067 
f 326 11315 942 
f 11244 10535 11230 
f 3929 2833 2312 
f 9866 315 9274 
f 101 4345 10644 
f 1643 389 10758 
f 4039 3401 4015 
f 2126 12418 3649 
f 7708 7153 7501 
f 1517 8594 7875 
f 6928 332 599 
f 3472 10055 10077 
f 1609 602 936 
f 3622 7577 4935 
f 3301 93 12458 
f 221 5822 6543 
f 2213 2233 1007 
f 5660 2470 8356 
f 764 8036 5916 
f 8081 3304 8158 
f 10740 37 8589 
f 8341 8034 3101 
f 5051 7930 9592 
f 3395 11964 7708 
f 2720 11702 7847 
f 5123 27 11152 
f 1530 652 5678 
f 6366 792 465 
f 8663 7382 10684 
f 5128 2822 5093 
f 7222 6389 9629 
f 3858 11466 692 
f 4731 2820 8796 
f 7214 2958 1270 
f 6553 11657 2905 
f 9431 5484 11875 
f 11366 2213 1007 
f 12177 3004 6077 
f 11814 1254 10687 
f 2238 4181 8817 
f 8493 12315 3122 
f 4629 3289 11254 
f 8857 2551 2654 
f 11346 2178 296 
f 11957 4003 4304 
f 3280 2594 1199 
f 11385 11617 4099 
f 7692 8270 7967 
f 8125 4512 8645 
f 10887 12040 1163 
f 6646 5385 5369 
f 12477 9725 4076 
f 4535 933 10520 
f 8773 7887 8450 
f 2351 7003 7407 
f 12072 8417 827 
f 237 11175 7477 
f 4080 6336 3086 
f 3874 3876 4637 
f 4173 3995 8788 
f 11237 4315 6983 
f 4652 1767 3266 
f 12404 1940 4588 
f 10887 10362 5819 
f 10749 10255 2546 
f 776 10307 9979 
f 4955 4943 3573 
f 7635 10739 1729 
f 7696 4192 744 
f 3451 6336 4414 
f 6846 10849 12341 
f 4955 3573 4744 
f 6495 2097 9123 
f 5557 1930 11253 
f 3986 3154 3171 
f 4095 4303 3371 
f 5830 1603 9759 
f 2265 685 6120 
f 1488 1670 1292 
f 5871 625 9253 
f 7323 8421 5078 
f 4974 2319 12179 
f 12168 3769 10013 
f 1188 8974 2534 
f 6310 9628 9987 
f 1101 3541 8190 
f 3319 7348 4581 
f 7758 6964 5894 
f 977 4545 6908 
f 3276 10116 1411 
f 12141 6590 6428 
f 4252 11590 2968 
f 9612 10340 10971 
f 6251 923 2961 
f 8269 10938 11549 
f 2460 4867 4505 
f 11722 11699 11338 
f 3855 9271 3662 
f 3899 4124 5404 
f 1305 637 5919 
f 515 11467 10275 
f 6005 10964 10461 
f 3936 7296 10725 
f 9639 3659 9878 
f 10162 5193 11458 
f 3769 1013 10013 
f 2598 6457 10341 
f 2257 5024 5149 
f 8241 11734 11297 
f 14 1794 9105 
f 1172 7203 2602 
f 1339 1228 1354 
f 4626 10039 5250 
f 9090 1714 9353 
f 7768 8311 11925 
f 780 1136 847 
f 5453 1469 7319 
f 281 3650 12467 
f 5019 7288 1697 
f 4857 372 3553 
f 7930 3147 9592 
f 11628 3662 3786 
f 7649 6710 1858 
f 12251 2616 3849 
f 9566 1273 1919 
f 7816 2805 6145 
f 3662 7401 3855 
f 8454 8168 8753 
f 8079 5658 12041 
f 8369 7503 9498 
f 10233 10103 7819 
f 87 7788 3970 
f 2311 8285 9459 
f 5970 245 11724 
f 6933 1120 11246 
f 10713 7523 2441 
f 10959 3786 1164 
f 2660 11523 986 
f 12426 908 4539 
f 9773 1767 4652 
f 7373 7330 1447 
f 9316 10616 5174 
f 467 11883 10481 
f 3336 10959 1164 
f 3407 10134 7703 
f 6030 6651 3959 
f 5061 4478 4062 
f 5076 3753 11362 
f 9523 9775 5062 
f 11125 4364 12331 
f 7402 9371 9043 
f 7844 7037 7038 
f 2758 7789 4270 
f 6059 10469 11120 
f 10647 3629 1242 
f 11903 11109 1393 
f 8140 8717 8427 
f 841 6874 4973 
f 1574 12265 6899 
f 4934 3836 4004 
f 6969 6569 6556 
f 4120 366 9499 
f 7435 8414 3696 
f 4214 7991 10687 
f 10020 10753 10003 
f 12188 6700 12184 
f 8635 2315 10909 
f 3295 3943 74 
f 1700 2314 1088 
f 10398 5832 1747 
f 7809 5086 12239 
f 10960 824 8174 
f 7197 1266 9043 
f 8103 2964 10146 
f 8462 9198 11031 
f 802 6807 10188 
f 8213 7132 8543 
f 10517 8290 8541 
f 1179 5082 4145 
f 10031 8842 294 
f 179 427 7394 
f 7517 8914 7237 
f 9870 10615 10626 
f 11080 11177 9036 
f 5114 10991 11443 
f 1569 4475 10493 
f 1057 10211 11566 
f 5085 721 3902 
f 10865 11835 9917 
f 8016 3439 6550 
f 5639 3199 9864 
f 4003 611 4957 
f 3007 5573 7988 
f 620 7492 2215 
f 5426 6822 4160 
f 6766 10655 6261 
f 4825 11130 5809 
f 10131 11411 5913 
f 4850 6865 3944 
f 55 9675 7626 
f 11456 8943 12252 
f 5616 7934 9523 
f 301 1152 3457 
f 878 5480 2864 
f 622 1136 1244 
f 6974 1786 6072 
f 3994 6752 7336 
f 8778 3765 4179 
f 5335 4882 5323 
f 2190 7140 3289 
f 8895 5616 9523 
f 12314 11383 9635 
f 1412 10254 6133 
f 10442 11137 5743 
f 4428 2339 10871 
f 6637 11764 3152 
f 5211 6558 7502 
f 2847 12241 12220 
f 2376 7325 9703 
f 9439 9763 8963 
f 3932 3622 10047 
f 10983 1155 8771 
f 4042 482 372 
f 7084 5915 4749 
f 7189 11939 2023 
f 3316 6391 10035 
f 9875 5250 5437 
f 5125 11965 7309 
f 5977 11359 12117 
f 12010 9034 8348 
f 8087 397 12109 
f 8200 10531 9942 
f 3439 8016 1187 
f 6790 9940 9921 
f 5505 8084 9642 
f 11885 3678 7949 
f 10137 5740 452 
f 559 9744 5963 
f 3674 11208 8176 
f 8314 7829 431 
f 3341 4518 3974 
f 2279 586 6048 
f 8435 7420 6343 
f 6135 8338 8944 
f 4910 12284 2917 
f 2443 2585 2101 
f 7604 11277 9234 
f 6818 5365 6815 
f 8719 10196 4553 
f 6451 7876 8179 
f 6194 7525 8425 
f 5870 8970 3947 
f 8710 5885 1689 
f 11865 2835 2298 
f 1013 1994 7555 
f 6846 10710 10849 
f 2179 2333 2342 
f 2792 11785 6994 
f 4820 2469 11790 
f 10224 6905 3638 
f 8719 4553 5492 
f 10219 10207 10190 
f 11743 7274 5803 
f 7230 9139 7441 
f 9594 710 2891 
f 7295 4766 749 
f 3702 3561 5450 
f 11274 4128 12025 
f 11245 8147 11041 
f 5563 2294 12164 
f 7639 8194 7652 
f 10669 12416 4401 
f 7918 7640 7370 
f 5336 5758 4877 
f 308 3504 2886 
f 9547 12126 9561 
f 6087 6301 5883 
f 7642 6979 11618 
f 7502 7720 4348 
f 11267 12110 4807 
f 6910 8805 10451 
f 6643 5249 8367 
f 4433 4524 4743 
f 524 3375 7506 
f 601 1316 1312 
f 9374 5314 10084 
f 5282 5278 6134 
f 5345 6434 8452 
f 10295 2011 10982 
f 11109 11903 10406 
f 4082 3774 112 
f 4438 12295 777 
f 2951 2112 6626 
f 426 213 635 
f 8723 8535 1134 
f 3469 4983 3131 
f 3514 11800 688 
f 3296 9395 3679 
f 2949 2375 3222 
f 10663 8122 1085 
f 6143 5276 10181 
f 2728 6070 11362 
f 8843 12299 1496 
f 10566 7637 10776 
f 6943 999 3724 
f 2022 2711 2031 
f 5838 4123 6169 
f 2863 11168 4146 
f 2147 8368 6032 
f 6032 8368 3105 
f 9943 7756 2878 
f 10385 1624 10525 
f 4570 4402 2636 
f 1171 9184 8178 
f 9658 9445 1704 
f 9353 1714 9698 
f 7393 4651 3956 
f 10332 9035 1769 
f 10073 407 1694 
f 2581 1123 11632 
f 8769 3931 3856 
f 7352 7639 7107 
f 6294 8022 11571 
f 11111 10648 4847 
f 11493 9374 10056 
f 4296 10983 8771 
f 2271 2233 5140 
f 830 1999 2953 
f 10467 9776 7587 
f 2742 1367 9909 
f 12229 10228 6604 
f 3865 4056 7901 
f 11425 11936 4994 
f 5086 7809 3177 
f 3472 10077 1459 
f 10480 10844 11562 
f 9358 10916 1232 
f 6693 6166 7490 
f 1979 5873 3644 
f 11967 1506 9627 
f 11967 2999 1506 
f 8000 6914 7603 
f 123 11062 7499 
f 8222 8243 8217 
f 1515 2372 322 
f 12297 4258 6369 
f 9917 5593 2551 
f 7433 10149 5184 
f 24 11911 5793 
f 8807 8222 8497 
f 9450 4396 9971 
f 5879 11849 4847 
f 7664 12089 1625 
f 5549 6157 5312 
f 7619 163 6325 
f 1176 5393 5161 
f 4381 4625 6735 
f 8540 12418 8308 
f 4106 2755 6547 
f 11420 2028 11380 
f 675 8795 11727 
f 9153 5006 11240 
f 4040 558 3648 
f 398 338 6521 
f 12233 4951 9227 
f 2210 2171 270 
f 286 10918 11960 
f 5238 6976 7702 
f 5051 3964 11532 
f 9476 11891 878 
f 6938 7566 7643 
f 11984 5299 11458 
f 686 4919 6481 
f 10067 3518 2013 
f 9640 5732 11672 
f 1312 1661 1756 
f 11508 1029 11233 
f 9681 1425 6883 
f 3348 7924 8583 
f 2390 1422 2517 
f 2893 8621 1850 
f 10414 638 11568 
f 10895 10523 5131 
f 5337 6677 11621 
f 11705 11639 6799 
f 4272 7191 3205 
f 4658 7852 6835 
f 2639 9312 3032 
f 9390 2298 10929 
f 12191 6482 2996 
f 3888 3941 6538 
f 10528 4632 9366 
f 5165 9900 9145 
f 9084 4406 6092 
f 9342 11631 8476 
f 2367 7632 3408 
f 5480 11776 6854 
f 10414 2636 4402 
f 9987 10080 6310 
f 4118 12254 49 
f 5314 1437 11028 
f 2931 2240 12424 
f 2261 8494 12080 
f 8529 6002 10527 
f 11511 3609 4140 
f 11070 11865 9505 
f 4193 3596 3376 
f 10211 6289 11566 
f 7676 2314 12063 
f 11651 3901 9278 
f 10323 2025 11299 
f 1303 8128 2981 
f 3185 3494 4330 
f 1059 935 865 
f 104 9187 9978 
f 3963 10836 2519 
f 83 11488 10280 
f 7953 7961 11692 
f 8072 5222 12400 
f 9735 10445 8840 
f 6714 8839 11749 
f 3825 5233 2762 
f 9253 10177 5871 
f 11692 206 7953 
f 7674 1011 3804 
f 5000 7707 1991 
f 9869 4409 2841 
f 10182 11775 4265 
f 93 10476 9897 
f 1236 1119 1466 
f 6608 2879 11945 
f 3003 3001 3210 
f 8023 12201 8892 
f 7431 2482 4158 
f 10624 3562 4328 
f 9146 9678 1015 
f 11509 8905 4171 
f 5082 4622 10520 
f 2293 2464 2119 
f 7072 11415 3611 
f 4613 8316 6146 
f 9276 11048 7737 
f 5124 2407 12476 
f 2470 10772 4344 
f 2381 2208 2901 
f 5859 10221 10252 
f 141 12113 5881 
f 7521 9197 7517 
f 6904 9957 9108 
f 2246 6546 8152 
f 2979 7916 12225 
f 2202 10599 11994 
f 8340 4363 6859 
f 7625 11757 11617 
f 1836 1526 1639 
f 7035 5672 3788 
f 3143 549 11287 
f 8656 866 10532 
f 234 812 7061 
f 5155 6720 3634 
f 11597 12423 11998 
f 10573 4118 11600 
f 5443 7054 2734 
f 8319 4685 11410 
f 9033 11845 3943 
f 8316 3222 9364 
f 6705 4195 4152 
f 853 11775 4232 
f 10367 11031 6521 
f 10614 10151 10408 
f 1891 1989 1683 
f 3327 5672 7035 
f 1906 4057 3206 
f 9832 2524 5048 
f 7817 8132 6740 
f 11222 9599 10079 
f 10842 458 9164 
f 9649 1771 3644 
f 5135 1112 4130 
f 4837 5886 5968 
f 10874 11593 10133 
f 6036 9224 1433 
f 6939 12034 6792 
f 6373 9865 11775 
f 6943 11975 999 
f 6856 3012 7575 
f 320 4262 12250 
f 11451 11836 5702 
f 6823 9458 2070 
f 7911 10323 11299 
f 10694 10799 3515 
f 2421 7622 1726 
f 9522 12106 6860 
f 4836 3455 4253 
f 12490 8678 1213 
f 5618 9849 1156 
f 10946 11667 10590 
f 10336 11044 9300 
f 8283 400 10814 
f 8296 12262 2467 
f 12237 11819 10698 
f 3952 3568 2481 
f 1415 6504 2089 
f 6574 12492 12103 
f 3200 3183 8059 
f 5805 9593 7537 
f 9138 10238 1824 
f 4174 4180 3777 
f 3655 8485 7855 
f 5796 12047 356 
f 2830 8163 10363 
f 10182 10618 4280 
f 7194 9185 665 
f 1869 2013 7008 
f 2676 360 10809 
f 11685 11321 11311 
f 4655 7561 11196 
f 9755 4535 10520 
f 9527 9232 9888 
f 10652 10285 7821 
f 11162 795 5944 
f 10436 4181 2238 
f 2796 2760 11990 
f 5208 1805 5965 
f 3127 6132 8370 
f 1853 500 10434 
f 6527 5873 4589 
f 9128 3583 9926 
f 1742 10149 7433 
f 4007 5358 3172 
f 8986 9551 9259 
f 2010 7606 9343 
f 11110 97 9882 
f 3802 4742 3986 
f 9446 8710 6593 
f 8734 5617 1977 
f 5968 9912 11863 
f 6426 6787 7518 
f 7606 5039 9343 
f 4247 3014 8037 
f 10295 10982 2729 
f 3987 3153 2193 
f 6394 6174 5008 
f 1738 7956 2073 
f 6524 11943 2378 
f 8640 11544 6340 
f 11319 10948 10956 
f 12275 1801 10886 
f 4890 8738 10053 
f 3305 5858 692 
f 9159 1421 11466 
f 10510 12070 5934 
f 6807 3377 7448 
f 11070 1860 5115 
f 11180 5690 11162 
f 2069 7551 3665 
f 1899 5690 9761 
f 4914 5384 11261 
f 6153 5540 5075 
f 7597 5359 916 
f 10733 5985 7362 
f 4796 4990 10759 
f 2978 10335 2395 
f 5821 9901 6199 
f 7306 7294 12494 
f 7472 10944 288 
f 12329 10412 10785 
f 11467 11303 10275 
f 7199 6948 6266 
f 269 3584 4753 
f 9555 2974 7184 
f 9526 10630 9520 
f 1678 8515 2028 
f 11372 8095 11922 
f 2237 8008 7981 
f 2466 12249 10286 
f 3001 2795 2997 
f 10155 419 3169 
f 5702 3268 11268 
f 1473 10257 9160 
f 6518 10582 10571 
f 11731 9612 3579 
f 7749 8308 12418 
f 10223 7151 9916 
f 7179 12134 2796 
f 9259 8402 8986 
f 12337 8482 2340 
f 4742 4985 6273 
f 11947 3149 1528 
f 3833 4801 3640 
f 7798 12116 10563 
f 76 437 414 
f 5924 10073 1461 
f 9624 12256 10726 
f 5710 4208 1114 
f 297 9821 11935 
f 1952 8670 6637 
f 3493 2865 2885 
f 5905 11997 7673 
f 4658 6835 6219 
f 7678 2250 8858 
f 1034 10519 964 
f 2753 10701 11082 
f 2318 11526 2495 
f 3429 1338 1006 
f 11427 3340 11890 
f 10821 6972 12152 
f 10019 2246 8152 
f 4135 767 3498 
f 6968 2355 10873 
f 10338 7991 12038 
f 4785 7056 8847 
f 638 11288 8405 
f 8909 7823 6287 
f 326 9245 10854 
f 76 12145 8604 
f 12449 9588 2413 
f 12451 2566 2035 
f 2827 9072 11278 
f 5937 11195 6413 
f 11288 638 10414 
f 3326 5745 12058 
f 2793 11935 3372 
f 9133 12061 12226 
f 8379 1607 5823 
f 5836 6468 6255 
f 5431 6923 7159 
f 6891 7131 7122 
f 6830 5305 900 
f 4907 10989 11683 
f 9921 5870 4783 
f 6330 767 803 
f 3036 1165 12145 
f 11622 12431 12438 
f 8902 4402 4357 
f 2532 2595 5376 
f 2841 2634 11943 
f 1360 9941 2727 
f 5784 1313 8348 
f 3365 11746 6761 
f 11707 7394 11541 
f 6853 2953 7697 
f 11529 3872 7055 
f 9572 133 9595 
f 914 3475 8208 
f 5117 3807 963 
f 5448 9781 11929 
f 1939 3967 10215 
f 6937 8670 1952 
f 4902 11714 3449 
f 3600 2657 12420 
f 3972 8044 11376 
f 452 11035 11266 
f 1455 3428 4326 
f 7609 6892 993 
f 7697 2652 6853 
f 1710 7925 12107 
f 1447 1430 8515 
f 3914 4692 3277 
f 4218 4565 12013 
f 7751 10274 4206 
f 2075 2252 2574 
f 11211 2172 3148 
f 8775 8766 9044 
f 10286 12249 4075 
f 5664 1046 9064 
f 4371 7638 11043 
f 11041 347 11491 
f 9848 8881 6107 
f 1147 1059 1276 
f 6653 6324 10147 
f 9738 9425 10470 
f 528 4429 618 
f 9205 6811 2883 
f 3138 3689 8538 
f 11028 10084 5314 
f 2901 4139 3739 
f 8845 5982 3100 
f 6746 6964 7228 
f 115 11789 8578 
f 8821 8512 11082 
f 8678 10205 1213 
f 4435 6114 11050 
f 6082 6726 6483 
f 9769 4651 11430 
f 3216 3796 11350 
f 1770 5643 8129 
f 12048 10452 7589 
f 7981 4284 2237 
f 11747 8261 6508 
f 9490 9219 5016 
f 5124 5152 146 
f 290 11607 10255 
f 5898 6388 7731 
f 4269 6079 7752 
f 26 11602 5333 
f 3811 4547 8867 
f 2450 7818 12074 
f 3090 10437 6549 
f 548 553 11599 
f 2245 9514 236 
f 1852 9230 6184 
f 8031 8627 9038 
f 10313 8224 3723 
f 5260 3640 4801 
f 5300 7430 11544 
f 2841 4385 3513 
f 6749 3779 6914 
f 1608 9049 2975 
f 730 12344 1691 
f 1828 11133 10165 
f 2432 1927 1498 
f 4698 9108 9957 
f 7015 7013 7292 
f 1522 7286 3236 
f 5992 3499 8161 
f 6522 11433 7539 
f 6840 11166 12049 
f 1348 10681 5947 
f 5749 1353 8153 
f 501 2162 142 
f 11919 1696 1905 
f 2232 3392 10561 
f 11510 1437 11895 
f 2771 3362 2959 
f 805 3441 9814 
f 12306 8747 10437 
f 9537 8951 9883 
f 1384 11433 2623 
f 5927 5926 5724 
f 3131 3781 886 
f 254 6265 9598 
f 10550 5920 11768 
f 563 1371 5379 
f 5312 4642 5549 
f 10826 3884 1037 
f 12344 7463 1691 
f 12052 8527 11653 
f 12321 8896 10160 
f 11288 9260 8405 
f 912 10139 1365 
f 12058 5470 5587 
f 7618 12011 1008 
f 7690 7993 7704 
f 8111 9536 12388 
f 2276 2101 2585 
f 260 4964 6851 
f 10521 4862 10993 
f 9743 5976 7569 
f 1014 4987 12019 
f 3063 9498 6234 
f 8324 1990 1141 
f 2623 4715 1384 
f 8935 4055 668 
f 1633 2326 160 
f 248 10597 8563 
f 8893 3732 8594 
f 40 9127 5996 
f 8751 6700 11463 
f 10623 8460 1572 
f 6393 3143 10846 
f 11304 11825 2646 
f 10101 9541 10395 
f 7347 11756 7205 
f 10153 3146 2113 
f 3460 643 9886 
f 11236 10993 1111 
f 3176 7051 4706 
f 3544 7150 7089 
f 1541 6876 11022 
f 8443 9746 3554 
f 2204 11778 10971 
f 2623 9886 4715 
f 3049 1982 2641 
f 1042 7591 640 
f 1711 1812 1814 
f 5594 4447 3307 
f 8661 9491 9217 
f 9259 8127 8402 
f 5776 6403 6191 
f 9886 2623 6649 
f 2447 1792 11526 
f 4840 3032 9312 
f 4318 5835 6722 
f 4306 9021 8253 
f 5992 8161 8273 
f 5209 5434 5844 
f 11723 11133 5251 
f 9414 9405 10074 
f 4458 8701 12396 
f 9374 11493 11895 
f 3284 9875 6490 
f 8676 9237 8374 
f 1340 3460 5943 
f 2990 8546 1870 
f 1325 3842 4346 
f 10943 9113 4577 
f 11613 9266 9751 
f 456 9204 9749 
f 7080 8162 8450 
f 7093 9357 9154 
f 6846 12341 10251 
f 5199 2768 9902 
f 3681 11594 3683 
f 1082 7087 1521 
f 854 268 627 
f 10273 11414 10654 
f 9092 8514 9690 
f 8856 9022 11736 
f 1123 12425 11632 
f 2976 9229 7548 
f 6063 12414 5778 
f 2405 11288 8902 
f 7898 7816 8440 
f 3643 2042 6276 
f 5594 2695 4447 
f 12206 10532 5396 
f 1139 1878 11941 
f 315 1607 12092 
f 11941 1878 3262 
f 5948 7014 6804 
f 6909 7702 3361 
f 6370 9124 3725 
f 6378 7754 9900 
f 11748 5890 6376 
f 6774 5192 1636 
f 7458 171 2239 
f 1139 12268 1878 
f 81 1449 991 
f 3406 8166 5073 
f 1340 6950 643 
f 669 385 755 
f 9284 9254 11512 
f 11152 27 1666 
f 5200 4593 6894 
f 12136 6729 584 
f 9837 10595 8466 
f 6963 407 5924 
f 4014 5239 6037 
f 9083 7960 1193 
f 2722 8346 3913 
f 6383 7156 5191 
f 10536 1774 9863 
f 5468 10422 4358 
f 10595 6613 5715 
f 8071 2794 2399 
f 6803 5546 5948 
f 1203 8364 12022 
f 3253 5918 2356 
f 2913 4429 9712 
f 2853 9329 10015 
f 11986 6489 12017 
f 5321 11348 3170 
f 8096 8965 8962 
f 452 10240 10137 
f 11189 2430 3262 
f 7021 11234 4314 
f 3279 6701 4669 
f 8464 9634 7932 
f 12466 207 6799 
f 8144 8140 8427 
f 3736 138 8784 
f 7286 1522 10497 
f 5882 5507 2550 
f 7694 1283 4322 
f 4860 4121 8193 
f 9260 11348 8405 
f 12036 8061 5131 
f 1580 266 7982 
f 3397 9440 2626 
f 1280 9936 8703 
f 429 7090 3103 
f 3779 6888 7603 
f 5354 209 5548 
f 652 9079 5678 
f 11501 8511 12260 
f 5396 776 4246 
f 424 10938 8501 
f 13 45 63 
f 1633 8499 10011 
f 3244 1850 1094 
f 6236 9118 4012 
f 10992 9480 10943 
f 1212 2654 9009 
f 3064 11145 12324 
f 1264 1267 1147 
f 494 297 11935 
f 3725 1317 6370 
f 4943 6030 3959 
f 11303 11467 2984 
f 12436 2973 12213 
f 3392 3668 6845 
f 11557 8544 2310 
f 7838 8413 8121 
f 5967 6664 5327 
f 5720 11356 5815 
f 7157 8812 8225 
f 5243 6730 11698 
f 7413 5584 8295 
f 2181 6050 2134 
f 4669 4945 3693 
f 3693 4945 3785 
f 8868 2665 7570 
f 10630 9879 9520 
f 925 809 1044 
f 6730 5243 5338 
f 5527 6561 6349 
f 9435 4968 6074 
f 1707 3379 11645 
f 6512 11008 12028 
f 2577 7198 8357 
f 4793 4945 1038 
f 6625 5243 11698 
f 1401 10487 235 
f 4182 9515 2037 
f 1661 1960 1756 
f 2365 2885 2865 
f 10143 6625 3388 
f 186 8796 8210 
f 5775 11765 667 
f 1439 11492 3908 
f 7011 4407 8481 
f 5908 11037 10972 
f 657 739 951 
f 11724 2156 9969 
f 6837 3501 3859 
f 10995 3935 8347 
f 6347 6988 7260 
f 6835 7152 11397 
f 10111 5799 608 
f 4600 10792 11253 
f 765 10154 1015 
f 8391 4600 7023 
f 1993 3015 1834 
f 6765 12245 2810 
f 4769 36 7678 
f 2229 11726 7592 
f 11589 12250 11853 
f 1872 3413 11669 
f 5210 2129 5558 
f 245 5970 1391 
f 10894 12300 2622 
f 5780 2227 6235 
f 8503 218 5320 
f 26 5333 8186 
f 7730 1093 6242 
f 9346 9091 6706 
f 8339 11247 5568 
f 4100 11768 5920 
f 6847 4001 9433 
f 2229 2954 4105 
f 4318 10419 4785 
f 2425 4667 1036 
f 1645 4071 7216 
f 2960 7552 4499 
f 2106 2783 2443 
f 4027 7592 11726 
f 2331 10690 11477 
f 5229 7632 5680 
f 9374 11895 1437 
f 494 11944 3349 
f 11032 11860 3961 
f 2425 1036 4571 
f 9594 9022 8856 
f 9193 11743 922 
f 11137 7736 12476 
f 8210 10847 587 
f 8299 1848 7503 
f 5864 6082 6483 
f 10746 11173 10032 
f 6403 6852 7614 
f 5209 6288 5854 
f 6509 8145 9971 
f 2997 2795 2985 
f 9563 1129 7653 
f 4693 12050 4721 
f 1441 1821 10081 
f 1703 56 6439 
f 1148 5427 9 
f 12383 10638 5057 
f 951 1086 1087 
f 886 919 3131 
f 2757 4818 4719 
f 2732 5900 5439 
f 9619 4782 860 
f 11405 12302 11955 
f 6593 10632 9446 
f 4005 3123 11175 
f 4093 6225 7880 
f 10240 10342 5861 
f 5502 4307 12427 
f 7938 1098 2115 
f 9333 3806 10530 
f 10355 4842 1081 
f 3297 6507 11741 
f 1987 4591 11017 
f 4669 3693 3178 
f 516 11999 10426 
f 2465 1415 9728 
f 9054 7584 8828 
f 2537 2902 2373 
f 498 896 9570 
f 6502 6266 6948 
f 3297 2654 2551 
f 11289 3634 7709 
f 9122 963 3807 
f 8746 7709 3634 
f 536 5518 774 
f 6930 6726 8019 
f 12413 8058 8393 
f 1149 29 12489 
f 5792 2134 10569 
f 1125 10482 9096 
f 2400 11877 5273 
f 10879 1822 799 
f 554 4416 180 
f 12346 1720 12271 
f 7868 10343 9293 
f 7725 11082 1269 
f 1062 3881 1054 
f 11413 6003 11740 
f 10828 5505 6073 
f 11066 12122 2493 
f 6071 4212 10005 
f 3427 10963 1006 
f 1942 292 10342 
f 9795 4798 4708 
f 2734 4254 5797 
f 6154 6244 8528 
f 9783 5285 296 
f 8805 11635 8734 
f 11779 11141 4427 
f 2133 3869 7891 
f 8231 12084 10800 
f 12190 10998 3892 
f 6798 6153 6999 
f 4057 2646 2662 
f 6774 8783 9645 
f 7444 9120 6993 
f 1648 11206 11016 
f 3181 4200 3787 
f 8201 5307 11894 
f 3827 1492 5396 
f 1247 1108 11705 
f 3965 3438 1453 
f 4655 11196 10859 
f 7178 8158 7067 
f 6357 6796 6567 
f 11610 6309 5119 
f 6244 6606 5531 
f 11398 12396 1429 
f 17 9357 7093 
f 10353 3617 5171 
f 9535 6123 4818 
f 8397 8372 7291 
f 2802 1418 279 
f 4550 11779 4416 
f 3939 3918 2713 
f 7909 7352 8184 
f 8272 8053 7082 
f 574 804 503 
f 3535 251 2912 
f 9840 12264 8827 
f 12145 6340 11216 
f 2594 9224 10949 
f 11067 6681 5265 
f 9766 4307 5503 
f 6871 6702 2564 
f 6620 3076 90 
f 10901 10301 4552 
f 2620 8476 9573 
f 11756 5044 2644 
f 4992 9581 8688 
f 10816 3535 2912 
f 1109 4647 10191 
f 11982 9481 12395 
f 3443 11900 11820 
f 8152 290 10749 
f 1575 6598 260 
f 9292 11556 1770 
f 734 4541 3125 
f 8687 4509 7682 
f 2871 1874 3594 
f 9636 12023 11862 
f 3617 5446 5311 
f 7054 5501 1032 
f 2948 4824 12448 
f 3535 10816 6178 
f 3276 6821 10116 
f 1746 5945 5303 
f 6944 2764 4464 
f 5019 3237 6670 
f 626 11591 1976 
f 1192 3564 8037 
f 542 12101 10220 
f 10830 10853 11548 
f 3698 5738 6751 
f 9627 9643 11967 
f 11930 5254 812 
f 11926 7104 7885 
f 11450 1395 3301 
f 1736 3117 2058 
f 170 5531 6237 
f 12043 2224 2757 
f 2757 11322 4818 
f 9769 3216 7858 
f 8950 8955 9526 
f 302 9826 3392 
f 3305 2510 5858 
f 11852 6899 11064 
f 733 2949 8003 
f 10174 2377 10007 
f 360 413 9862 
f 7743 2642 2200 
f 2390 4894 9941 
f 9067 10030 10406 
f 10001 7953 678 
f 7819 11410 4685 
f 1213 10547 12490 
f 8904 5826 4490 
f 9491 8350 10549 
f 8869 8270 7715 
f 9838 8804 6889 
f 6889 8804 7121 
f 12012 3217 8248 
f 10772 4639 3 
f 5156 9666 5797 
f 3831 8839 853 
f 4665 3699 2224 
f 7681 7146 6896 
f 10730 5224 6309 
f 3862 8529 10527 
f 7210 5888 2213 
f 11573 401 10016 
f 12227 5191 7406 
f 7141 10756 1268 
f 6859 6776 28 
f 4446 11753 10330 
f 2035 534 12451 
f 6249 2973 12436 
f 942 4449 6820 
f 4143 11422 2545 
f 7131 6891 7376 
f 9102 9662 7232 
f 8995 5280 4726 
f 9372 1838 3513 
f 2611 6189 11134 
f 7620 4330 9444 
f 2677 4774 5351 
f 9999 254 2697 
f 11633 9118 6236 
f 348 9032 4234 
f 10778 740 8360 
f 2989 2985 2795 
f 11136 10455 10807 
f 1083 7820 2522 
f 7499 5059 1149 
f 2132 9799 12152 
f 491 4228 2907 
f 1473 1770 11556 
f 11633 6236 10931 
f 8036 764 4144 
f 12345 822 4337 
f 3928 4276 4761 
f 6709 7165 6248 
f 351 6381 2492 
f 9632 11228 8811 
f 9843 8786 8920 
f 9905 1357 5944 
f 237 9846 3531 
f 1782 9557 3010 
f 1514 418 4609 
f 8139 590 9326 
f 12342 2024 2048 
f 1158 289 4624 
f 8458 4354 4018 
f 6101 1406 6983 
f 11166 1018 995 
f 6627 7068 6187 
f 9326 1536 8139 
f 1147 1267 1275 
f 8010 5281 8407 
f 8170 597 12471 
f 11727 5871 1388 
f 11595 9001 2205 
f 8796 10847 8210 
f 9591 10238 936 
f 8942 10078 12248 
f 7645 2706 6856 
f 5317 9988 8260 
f 12318 430 5465 
f 9887 3163 8205 
f 11545 1722 4312 
f 7926 3994 5535 
f 4342 10673 4578 
f 9653 9650 10393 
f 6721 814 442 
f 8189 9699 8633 
f 8075 6063 8072 
f 6333 5289 5318 
f 9215 5755 466 
f 9648 7903 9332 
f 5030 12491 11720 
f 5292 5724 4066 
f 837 1113 689 
f 8775 9998 9667 
f 6799 11639 12466 
f 5908 5311 5580 
f 9593 7784 861 
f 9162 9564 4772 
f 4501 7671 11183 
f 5593 9917 1360 
f 6035 731 10659 
f 911 6736 5284 
f 2240 7897 1587 
f 11540 1212 4876 
f 6181 6185 5335 
f 477 10421 2829 
f 9315 6110 7965 
f 10505 12450 3217 
f 11963 6745 9545 
f 2525 2511 3267 
f 5495 735 11783 
f 4699 11712 11696 
f 333 344 10102 
f 343 847 159 
f 64 69 50 
f 10215 11098 5564 
f 2330 5642 2269 
f 7452 8908 10650 
f 1415 2465 6504 
f 2365 2373 2709 
f 3261 8160 11847 
f 7392 32 2280 
f 7248 11696 11712 
f 3537 2882 3581 
f 6793 890 445 
f 2273 5827 3508 
f 9502 4581 7348 
f 365 8041 5588 
f 9168 9441 9161 
f 7978 53 2017 
f 1080 2815 2029 
f 7191 8742 3205 
f 3752 9715 12094 
f 11011 11774 7368 
f 11592 6345 5344 
f 11561 5054 8591 
f 6967 6526 789 
f 3317 7230 6819 
f 5883 6096 5887 
f 129 4235 11905 
f 6899 11852 11569 
f 8859 11487 5532 
f 3518 7534 2013 
f 9183 8910 10157 
f 3816 8469 3263 
f 10570 11036 8202 
f 3171 3154 3159 
f 7392 5106 9005 
f 11719 3363 762 
f 6231 9226 9585 
f 6615 2051 6344 
f 1847 6946 6032 
f 4131 4299 4778 
f 4545 6158 4070 
f 11925 313 7768 
f 6401 6631 6419 
f 10416 1889 6251 
f 3814 3079 9719 
f 12250 10858 5654 
f 9254 11128 11512 
f 4975 1757 6454 
f 3707 4288 4676 
f 8700 10627 2278 
f 8194 8497 8198 
f 226 2587 7074 
f 11286 5658 302 
f 11801 821 11805 
f 3363 11307 762 
f 2355 6968 2871 
f 6605 2933 11603 
f 5652 1054 3881 
f 6056 480 8458 
f 11225 6194 8587 
f 11 4856 5569 
f 5797 4254 10710 
f 5412 8385 8757 
f 10749 290 10255 
f 755 905 902 
f 2826 8664 6352 
f 1416 1060 10839 
f 10599 8465 4046 
f 3914 3277 3082 
f 11160 933 8911 
f 11858 6761 11746 
f 6962 8954 8834 
f 8117 5510 8462 
f 258 11884 10805 
f 733 3570 1409 
f 6508 5225 5932 
f 368 11861 11918 
f 2502 10138 4185 
f 4555 4215 4716 
f 2711 3096 2031 
f 6039 7287 11560 
f 8272 10359 5794 
f 1615 1277 1385 
f 10565 12379 9931 
f 6493 6562 10718 
f 3531 4005 237 
f 5457 6286 6271 
f 8743 9015 9301 
f 6039 4261 7287 
f 7708 12417 7153 
f 7685 737 1518 
f 5718 11181 1359 
f 11319 10956 10578 
f 9116 8502 3995 
f 1227 1740 685 
f 2684 2011 11155 
f 7419 11929 292 
f 4215 4555 9586 
f 10597 2408 1882 
f 7600 7601 8162 
f 2822 8546 2990 
f 355 4218 12013 
f 7438 1078 7783 
f 9762 12119 11701 
f 3239 4822 10453 
f 11878 9318 10965 
f 5020 3818 10092 
f 5695 6810 6820 
f 7043 7041 6594 
f 8765 8247 11030 
f 8370 8135 938 
f 10300 3533 12479 
f 11157 5105 2161 
f 4122 7729 7675 
f 6395 5585 5973 
f 3039 4314 9788 
f 8765 11030 6307 
f 10153 9225 5673 
f 5995 5519 7277 
f 2167 3242 10761 
f 3293 7404 2552 
f 10198 11907 6052 
f 7047 9448 1596 
f 1596 1363 7047 
f 2240 12125 12424 
f 5120 3037 3404 
f 10582 11039 10571 
f 12399 2606 4762 
f 11000 4461 6051 
f 7116 7827 7631 
f 7209 10236 9778 
f 8956 4004 3836 
f 8840 8823 7399 
f 11694 9913 3540 
f 3243 1363 1596 
f 1363 3243 2528 
f 11681 2453 5066 
f 2443 3158 2959 
f 1530 5678 4423 
f 340 2528 959 
f 9908 8695 3256 
f 5431 5851 6923 
f 5340 6109 2230 
f 4542 2651 11942 
f 1552 11590 9193 
f 8408 5870 3947 
f 1958 6392 3556 
f 9149 2737 10409 
f 10100 11341 8293 
f 9976 11015 8565 
f 10010 1481 1577 
f 745 10567 340 
f 10892 745 340 
f 7050 8814 1941 
f 4854 6438 401 
f 4460 1171 11603 
f 586 12231 11220 
f 5361 2366 2621 
f 10644 2160 11770 
f 5361 2621 1454 
f 763 12309 8289 
f 8442 8173 11085 
f 10634 3843 5213 
f 5478 1454 2621 
f 11792 1478 1411 
f 3167 6900 6666 
f 3579 9612 10971 
f 6113 3532 9885 
f 3386 9287 7143 
f 10271 5502 4440 
f 9601 2273 11233 
f 12289 856 11330 
f 11349 5617 8750 
f 8315 8050 8620 
f 9536 12275 10886 
f 3902 721 2288 
f 10774 4163 1163 
f 2621 6641 4228 
f 12232 10477 6085 
f 8284 3680 12196 
f 8276 5704 3467 
f 9327 6515 5144 
f 10889 1090 989 
f 7177 5573 3007 
f 8560 10459 11153 
f 3192 11627 6645 
f 8936 8866 8527 
f 6065 8805 1546 
f 3213 10721 12222 
f 5741 12254 11217 
f 6212 110 871 
f 2280 1924 6501 
f 2748 1945 1836 
f 3692 4236 3228 
f 11238 12191 9807 
f 660 5030 11720 
f 1677 10770 12149 
f 4731 8796 773 
f 3755 4943 3959 
f 1969 8439 10000 
f 6523 7558 9997 
f 918 7099 9744 
f 5337 11621 746 
f 7215 823 5051 
f 4331 5713 9660 
f 9103 7698 10314 
f 7253 5485 3688 
f 10747 4705 6049 
f 107 111 8 
f 4021 3941 9412 
f 1254 2720 7847 
f 11739 6035 10659 
f 716 2568 11115 
f 5994 11818 5558 
f 4655 10859 2843 
f 6564 2536 5931 
f 4292 10042 11654 
f 2473 4702 4425 
f 11079 12337 11100 
f 3615 3187 3389 
f 12414 6063 8075 
f 12363 4298 5367 
f 12103 12492 11291 
f 11373 10117 5904 
f 1686 4462 345 
f 7834 12173 1838 
f 7153 2287 7501 
f 9203 1074 892 
f 9037 10842 3743 
f 7630 5425 2858 
f 6837 3859 5297 
f 7213 6096 6956 
f 9107 2456 4817 
f 6468 6922 6707 
f 4915 2838 6223 
f 6435 1641 10789 
f 2214 4204 10878 
f 2508 9255 9411 
f 8172 1908 6818 
f 501 11617 11757 
f 12282 4258 11859 
f 5038 2282 12200 
f 9428 10243 3635 
f 7789 3527 7279 
f 12439 6029 4997 
f 6067 6348 879 
f 2797 2809 2293 
f 2413 297 494 
f 4392 10870 6704 
f 2172 7253 12155 
f 11523 2660 494 
f 9243 12298 4580 
f 4080 3086 5215 
f 7512 3863 3981 
f 4269 7752 1998 
f 9537 9237 8667 
f 4421 4506 5919 
f 2927 4257 3169 
f 9305 5306 4802 
f 4690 3451 4414 
f 6991 6782 5927 
f 2587 226 10408 
f 7407 10887 5819 
f 12357 359 5642 
f 3651 10619 6421 
f 5857 1866 9791 
f 2165 2630 3618 
f 1854 7069 8380 
f 10617 782 11889 
f 9244 8965 8099 
f 11988 5495 11783 
f 9696 10548 9398 
f 7689 4054 9001 
f 8149 5583 8051 
f 3163 6128 8205 
f 10358 10726 10729 
f 7215 10095 823 
f 7200 5033 5132 
f 3088 985 11864 
f 3481 2862 2666 
f 8853 4864 11535 
f 11630 1188 2534 
f 8974 788 2534 
f 7381 8490 8206 
f 8974 533 7167 
f 788 8974 7167 
f 533 2658 7167 
f 703 12221 2613 
f 2533 6837 6025 
f 2081 1185 960 
f 1030 1246 1695 
f 3167 6666 7016 
f 2205 10556 8634 
f 8172 454 10435 
f 6153 6152 5540 
f 4035 2646 4057 
f 6047 9086 3827 
f 8593 4487 3190 
f 2684 2089 6504 
f 521 11720 9925 
f 232 11208 9295 
f 6812 10189 1548 
f 5902 7626 9675 
f 8094 11384 1083 
f 9431 5091 5032 
f 6320 4175 1144 
f 5202 3506 3468 
f 2021 4757 12006 
f 7870 10961 2632 
f 4596 5115 4554 
f 6400 6867 1668 
f 3285 11210 3013 
f 10033 6674 10723 
f 12302 11405 4421 
f 1761 3114 272 
f 4039 4223 4575 
f 3203 1304 10216 
f 3936 10725 4811 
f 8340 6007 5660 
f 2049 2038 12459 
f 12469 1169 7456 
f 8774 12025 10665 
f 9496 10558 8658 
f 7028 6961 7341 
f 2185 9538 11302 
f 3450 5292 3019 
f 9027 9818 5716 
f 9256 7787 12412 
f 9816 8890 8861 
f 3786 10397 11628 
f 3134 5692 1789 
f 2253 8463 275 
f 4804 2773 283 
f 850 4418 743 
f 7738 7460 8015 
f 6537 4443 5806 
f 4767 8637 9289 
f 6777 6986 7521 
f 8174 824 9825 
f 12499 10782 9702 
f 11220 12231 9760 
f 2992 12236 5281 
f 10959 3336 2839 
f 10959 2839 12499 
f 10309 4798 3387 
f 2470 6007 10772 
f 2429 5331 2027 
f 5509 3982 6313 
f 3629 10647 188 
f 188 10647 4120 
f 3548 11487 3792 
f 6789 7804 6988 
f 2452 8416 3705 
f 4227 12105 10891 
f 6789 6988 6347 
f 3232 4617 3450 
f 6040 727 3705 
f 332 1816 11728 
f 9623 1647 314 
f 870 10281 5789 
f 5708 10800 3609 
f 9237 8676 8089 
f 11973 1540 2315 
f 3207 9862 885 
f 515 7289 7111 
f 1434 766 1057 
f 11267 3427 1338 
f 6628 3663 9957 
f 11335 859 11400 
f 4067 9733 6272 
f 9355 575 1344 
f 10649 6596 10196 
f 9055 5277 1675 
f 1715 2246 6144 
f 10953 11706 3697 
f 10857 10105 10127 
f 9932 10787 2706 
f 8923 3970 7788 
f 12473 3075 7118 
f 6114 5352 11083 
f 5433 10402 4478 
f 2316 11183 2867 
f 5496 2445 8112 
f 8979 11709 9948 
f 12272 12450 6335 
f 9836 5085 8967 
f 2332 242 1974 
f 11132 10912 10902 
f 4800 9059 557 
f 2718 3077 2901 
f 3139 4971 5672 
f 9785 1731 6987 
f 388 3060 6786 
f 933 7927 4145 
f 5732 7634 4712 
f 9601 12280 1538 
f 1967 12039 8302 
f 4953 11853 12355 
f 7986 422 1534 
f 3157 10809 585 
f 2977 92 6189 
f 4343 8730 10205 
f 3006 4610 9322 
f 3300 9751 5390 
f 6335 10129 7862 
f 1299 1543 1642 
f 10222 810 11516 
f 117 4186 3110 
f 4412 4826 5063 
f 2918 12092 1607 
f 9834 183 11252 
f 6557 8809 3526 
f 6529 9816 12059 
f 6021 10533 5846 
f 10621 6374 4786 
f 7838 7580 8413 
f 4764 4556 4220 
f 5631 1955 5173 
f 11469 10963 6112 
f 9858 10611 9868 
f 12337 11476 8931 
f 1463 5995 4140 
f 10790 3705 6109 
f 6113 8268 4361 
f 11585 11006 2685 
f 108 417 6316 
f 9508 10034 12469 
f 9986 11767 2487 
f 688 566 9825 
f 8547 12203 1867 
f 8428 12033 6398 
f 9334 3328 5048 
f 9241 1368 12352 
f 4542 5361 3425 
f 5209 5854 4750 
f 11805 12220 11424 
f 9520 8951 8947 
f 1995 1786 6974 
f 12388 8945 5380 
f 6494 11739 10659 
f 6994 10861 8227 
f 10708 10868 3340 
f 9718 10364 3075 
f 10412 9682 9377 
f 4657 4863 4086 
f 11184 8822 10454 
f 1421 9159 11778 
f 3898 2743 3784 
f 7313 602 7913 
f 6093 11065 11370 
f 4739 8704 10560 
f 6876 8254 4806 
f 255 12021 1269 
f 7094 5139 5788 
f 10560 8704 4664 
f 8597 9981 10945 
f 1268 747 10326 
f 7900 10723 3060 
f 7547 8089 7811 
f 1566 9540 502 
f 7140 10226 11254 
f 2032 513 2046 
f 5937 6413 7225 
f 3452 5203 6576 
f 265 4063 4075 
f 10398 6264 7822 
f 8206 6896 7381 
f 1602 2784 12328 
f 11327 11416 273 
f 1382 5491 3202 
f 2348 2341 4891 
f 4438 777 6517 
f 9423 4292 10542 
f 5050 4941 1968 
f 11545 4312 9424 
f 10010 6378 5165 
f 1709 7281 9487 
f 8059 1182 10395 
f 1591 160 6578 
f 437 930 414 
f 8447 12489 4792 
f 9332 9339 9651 
f 7387 7504 10890 
f 10569 7879 5792 
f 727 7499 274 
f 2314 5456 1088 
f 10698 11819 11044 
f 7155 7146 7681 
f 8120 5659 4093 
f 6737 6948 7758 
f 11621 11294 11674 
f 1288 945 804 
f 3321 4017 10302 
f 3936 5218 7296 
f 8088 10560 4664 
f 566 688 11800 
f 8716 12207 5521 
f 9025 9624 10358 
f 2572 8499 10804 
f 8056 1410 11133 
f 3233 12114 12164 
f 6054 9528 10586 
f 10747 8145 8035 
f 10868 985 3088 
f 10155 468 3906 
f 5949 2226 2184 
f 10829 3670 11975 
f 10592 8480 3749 
f 6163 1616 450 
f 5737 5537 6148 
f 1616 8368 2147 
f 2685 12494 2371 
f 6829 7043 6177 
f 7880 8120 4093 
f 8575 7942 324 
f 7300 12199 1007 
f 2379 11821 9075 
f 11047 5076 8161 
f 7891 3869 11905 
f 560 6334 8335 
f 3368 1440 9341 
f 8992 8983 9574 
f 8422 1186 10534 
f 11500 9236 4007 
f 6800 2830 10363 
f 3325 3332 5397 
f 2552 4680 2488 
f 8106 8824 4636 
f 11940 3383 9306 
f 1245 59 4459 
f 8859 2189 3792 
f 5160 673 10798 
f 6700 1665 12184 
f 8043 621 719 
f 1126 9460 6998 
f 7336 10507 7240 
f 6084 6888 7446 
f 9299 370 5472 
f 5547 7642 8028 
f 1847 11203 6946 
f 6463 7165 6696 
f 3624 3620 3389 
f 6159 11450 342 
f 3739 4491 3740 
f 6717 9900 7754 
f 4513 3 1190 
f 5912 8519 6228 
f 5227 5671 4771 
f 11627 3192 4850 
f 10744 8309 12093 
f 5023 6226 6409 
f 8452 6434 6062 
f 6165 7788 87 
f 12175 5283 3054 
f 11013 9421 9649 
f 4335 10697 10600 
f 9710 10428 9100 
f 12401 5211 9484 
f 6233 7151 1441 
f 7673 1055 4868 
f 12497 8378 1764 
f 6548 12289 7404 
f 11253 7221 531 
f 6736 8258 217 
f 4142 11089 9196 
f 10936 3542 7443 
f 7196 6255 6707 
f 8635 4934 9066 
f 1677 7530 6801 
f 1431 899 1314 
f 9723 10812 10050 
f 7673 11997 1055 
f 1766 3032 4840 
f 1425 9681 11692 
f 11228 7763 38 
f 7443 4868 1055 
f 12459 1061 3750 
f 15 1918 9764 
f 781 5867 687 
f 9469 7115 5160 
f 2878 246 2843 
f 7443 49 10936 
f 7141 6600 10756 
f 3745 6548 328 
f 7119 8754 116 
f 2014 651 2786 
f 7803 12371 6204 
f 12429 7247 1827 
f 9888 9244 9895 
f 8513 5529 3813 
f 5687 5722 5641 
f 2421 4389 9805 
f 2221 2547 2053 
f 6437 1379 9182 
f 6714 3435 1853 
f 11568 10493 6486 
f 6036 10949 9224 
f 12306 10126 9604 
f 1073 8452 151 
f 10003 8490 8498 
f 7219 7247 8305 
f 6066 6044 6266 
f 10239 9841 10594 
f 7191 11520 5380 
f 1750 2493 12122 
f 5801 10914 10966 
f 8162 8740 9025 
f 11237 4289 4315 
f 228 7965 5087 
f 7083 11392 5499 
f 12195 7098 8576 
f 5130 2569 10284 
f 1687 4932 7994 
f 9584 1701 8959 
f 9440 3825 2707 
f 8121 8413 8706 
f 10071 4589 11227 
f 9755 11391 4535 
f 2820 7935 8796 
f 10364 7877 2737 
f 1042 236 5027 
f 12097 8484 9947 
f 10291 821 11801 
f 11559 5487 11530 
f 124 2681 12176 
f 4273 7227 2018 
f 940 11575 923 
f 1849 6381 11640 
f 6491 4763 3520 
f 3722 9359 8061 
f 9981 8597 2586 
f 3455 3875 2828 
f 1796 4468 7000 
f 8839 6714 853 
f 11414 1718 5476 
f 5536 9834 11252 
f 6714 6373 853 
f 4332 2010 2456 
f 8187 8158 8209 
f 6739 11727 4158 
f 3184 7961 7953 
f 4032 369 7794 
f 2682 4444 2670 
f 3610 2060 6327 
f 1593 2877 11912 
f 4584 1423 7329 
f 5856 12202 8574 
f 3612 2687 11978 
f 7976 11643 1883 
f 9873 10986 9516 
f 5604 9865 2914 
f 1292 5072 11827 
f 347 11041 8147 
f 559 2875 2440 
f 5318 10384 4763 
f 4624 2510 1158 
f 7241 8068 4694 
f 11502 9473 3706 
f 2078 9125 5133 
f 4911 10172 9313 
f 8196 4063 265 
f 2137 4869 5541 
f 11265 9018 11857 
f 7372 6425 7107 
f 7823 8079 12498 
f 3643 6276 11876 
f 10641 6081 12291 
f 9543 11090 9463 
f 8062 7597 3961 
f 7917 10712 12384 
f 10745 9507 5109 
f 898 4404 143 
f 125 8655 6104 
f 1741 1726 1675 
f 3298 3207 885 
f 6478 515 10275 
f 3418 9007 6247 
f 7021 10483 8304 
f 853 6373 11775 
f 1687 9171 4932 
f 1398 1888 5852 
f 11931 11877 10939 
f 8801 147 817 
f 10770 1677 8467 
f 6081 10641 532 
f 2979 6996 3491 
f 8220 7641 8478 
f 3209 5732 1796 
f 5912 6580 11872 
f 8521 11112 2562 
f 57 309 6332 
f 3611 1802 6319 
f 4310 9398 9303 
f 8885 7474 7738 
f 1885 1911 7018 
f 4 619 9927 
f 3870 3249 9175 
f 5720 926 3018 
f 8736 5376 7457 
f 10001 11112 8521 
f 4232 11775 7062 
f 4836 4643 4264 
f 10721 3213 8886 
f 4820 1802 10017 
f 12445 1700 6108 
f 2536 3954 3977 
f 427 183 9834 
f 654 8485 3655 
f 11165 8332 3080 
f 151 8452 6062 
f 5978 12341 10849 
f 45 66 63 
f 3849 3988 1317 
f 163 10335 609 
f 4965 1073 151 
f 7313 8353 602 
f 652 1530 8874 
f 1478 11862 1590 
f 4414 9386 9550 
f 11180 6009 6088 
f 5167 5496 12175 
f 7033 4316 9612 
f 6311 11525 6095 
f 10573 1419 1680 
f 4574 4003 11957 
f 9882 4467 2645 
f 5330 7218 2313 
f 5402 2121 11112 
f 8463 2253 6190 
f 11184 2010 4332 
f 8725 8948 11273 
f 1885 1851 5265 
f 8714 3884 7042 
f 1540 11973 8373 
f 257 2309 9553 
f 6806 5551 12428 
f 3921 7610 7765 
f 283 2773 2370 
f 6132 7346 6636 
f 2973 6249 5825 
f 2339 11769 10871 
f 6521 11772 10367 
f 5425 6450 11838 
f 3313 1990 8324 
f 1116 12050 3466 
f 5779 4377 12478 
f 9138 1824 4964 
f 3135 4137 9703 
f 948 5977 8230 
f 8163 11562 10363 
f 12311 7606 10454 
f 12105 4227 9500 
f 9801 10535 8926 
f 8561 11511 6787 
f 12219 1665 9771 
f 11985 9882 97 
f 1768 8843 6806 
f 2010 10454 7606 
f 1173 7222 10912 
f 10168 8833 11740 
f 10203 4292 9423 
f 8681 10401 11131 
f 5897 469 1326 
f 2300 2144 1773 
f 10620 978 3789 
f 10680 684 9890 
f 464 4439 3127 
f 11020 5187 9241 
f 4751 10745 10691 
f 10446 4970 9311 
f 6530 1630 8578 
f 8312 9178 8612 
f 11271 5039 7606 
f 10972 5111 11026 
f 2824 7716 6160 
f 12100 4652 3266 
f 10662 1417 9202 
f 3094 10603 4329 
f 10594 9841 10231 
f 9239 9888 9232 
f 7505 10075 4484 
f 5522 5327 6664 
f 11791 767 4135 
f 10188 4099 294 
f 5170 10686 5577 
f 7945 4490 345 
f 8429 339 396 
f 2260 2574 2934 
f 817 7074 2266 
f 9954 11063 9310 
f 7791 9706 7906 
f 5990 9133 11529 
f 3598 3601 2448 
f 6036 1433 707 
f 7483 4088 7469 
f 7179 2796 11990 
f 11452 10613 6499 
f 3545 10569 10006 
f 7383 758 2222 
f 12236 2992 9030 
f 5250 12483 5437 
f 3905 6539 918 
f 11752 4319 3685 
f 1622 8939 4737 
f 2798 11788 455 
f 9711 7282 5129 
f 1433 3280 2039 
f 1658 155 3951 
f 8016 7024 7490 
f 1667 4462 12163 
f 4768 5227 3620 
f 10490 10133 11593 
f 4038 6064 9294 
f 7718 6925 8595 
f 1706 9754 10705 
f 11210 3285 11908 
f 5898 4871 6388 
f 7372 7968 7376 
f 10212 6494 10659 
f 9587 9937 8997 
f 5264 5037 4594 
f 414 4634 76 
f 859 11386 11400 
f 4220 3845 5682 
f 10250 4467 3968 
f 11728 10539 9827 
f 134 8044 677 
f 5163 4149 3959 
f 2873 12378 8048 
f 1899 795 5690 
f 1466 1912 1236 
f 11741 4619 6872 
f 581 1327 4033 
f 9484 12080 10853 
f 10175 11045 9615 
f 12028 11008 6781 
f 4821 697 4691 
f 1307 8628 2216 
f 11931 10939 3811 
f 11610 3555 11365 
f 8966 9550 2247 
f 2370 3742 9725 
f 12030 12219 9771 
f 629 3516 5598 
f 5169 3825 2762 
f 3255 5009 1998 
f 1268 3501 12454 
f 12437 8936 12052 
f 378 6845 4672 
f 10216 1304 11301 
f 7840 2840 7712 
f 6210 3474 1025 
f 5962 8430 8183 
f 6912 12075 9340 
f 4932 11520 4492 
f 6424 10754 705 
f 2520 7281 3431 
f 5467 11481 2189 
f 3036 12145 76 
f 11205 3851 209 
f 7490 6166 2302 
f 8432 3793 1863 
f 2559 5293 2971 
f 12033 4421 11161 
f 1449 7147 2109 
f 4645 3245 3880 
f 8287 1609 3329 
f 1617 8617 11278 
f 2866 6778 8590 
f 10658 5346 8712 
f 11130 12182 9923 
f 4826 4623 4843 
f 12130 11699 11722 
f 5743 11137 1191 
f 10903 800 3924 
f 1520 7648 9963 
f 6750 5260 5257 
f 8316 7396 6146 
f 197 1500 7441 
f 1 5220 12230 
f 2690 8585 6250 
f 1351 7777 3933 
f 575 4474 1344 
f 9631 224 4654 
f 10357 3165 10639 
f 2346 10356 8567 
f 8204 9339 7640 
f 5843 3269 9185 
f 11544 8640 5300 
f 6733 11012 7707 
f 6220 795 1899 
f 9297 4316 7145 
f 2036 2373 2365 
f 7430 9949 9913 
f 5429 4722 5834 
f 7540 7806 8826 
f 10443 4453 12087 
f 3048 5195 11355 
f 10944 7129 381 
f 1792 6072 10980 
f 9767 10142 5969 
f 8439 1969 1793 
f 8708 9486 11604 
f 6003 4164 9117 
f 319 5427 11552 
f 3429 1006 5414 
f 11694 11544 7430 
f 10453 6855 3459 
f 11027 8763 9212 
f 12253 9941 1360 
f 4381 5339 7256 
f 5090 5737 6368 
f 11498 1638 752 
f 1937 9309 11369 
f 3499 11544 11694 
f 12242 11754 6522 
f 6630 8415 6583 
f 11433 6522 4375 
f 11754 4375 6522 
f 10405 6952 4607 
f 5495 11988 8815 
f 5317 2500 8601 
f 11205 7602 3851 
f 2186 4976 2149 
f 11838 6450 7445 
f 9442 6618 3070 
f 2927 3008 6314 
f 9438 250 10444 
f 10899 5118 928 
f 2616 11098 3988 
f 85 12239 5921 
f 5635 3791 7947 
f 7567 7962 1342 
f 11020 8826 551 
f 46 6459 7315 
f 1222 978 61 
f 4253 3652 4410 
f 5584 737 8295 
f 879 6348 11981 
f 46 7315 10681 
f 5479 12048 730 
f 9484 11989 12401 
f 1553 6359 8082 
f 2627 10095 1448 
f 8556 5453 5609 
f 8750 5617 6757 
f 7417 7757 11364 
f 4388 4835 2946 
f 3837 11376 11806 
f 4154 5414 1006 
f 8909 4310 7066 
f 5645 10565 2759 
f 1513 8031 2436 
f 227 8240 8892 
f 11433 4375 2184 
f 2976 2030 3782 
f 10673 5079 6555 
f 571 486 10237 
f 1696 2484 102 
f 7114 5518 3496 
f 5900 9355 5895 
f 2394 4384 12216 
f 10815 9619 860 
f 11665 1991 12054 
f 5837 12288 10320 
f 7853 7314 7581 
f 4376 1647 4259 
f 7868 9964 10343 
f 5641 5417 5687 
f 3988 9154 6370 
f 9944 11044 9937 
f 7357 4356 5728 
f 10477 12232 4972 
f 11383 7329 440 
f 6639 6038 6388 
f 363 2623 7036 
f 1855 7422 8412 
f 848 2314 1700 
f 9995 5668 1956 
f 8872 7495 3710 
f 5157 1834 848 
f 2971 5293 9233 
f 7714 5535 8890 
f 5454 8588 6730 
f 7437 8007 8855 
f 7164 2755 4106 
f 12218 3606 9017 
f 1260 1738 1935 
f 1608 5400 7353 
f 8913 9261 6165 
f 10719 8005 7162 
f 4024 9560 8901 
f 9746 8443 2305 
f 3214 4395 3845 
f 11748 6376 7463 
f 11022 4806 1923 
f 1348 5947 11832 
f 3089 5367 6913 
f 9924 11622 12436 
f 489 6505 10424 
f 827 2327 3890 
f 537 3178 9082 
f 9640 11672 6257 
f 4211 4241 1139 
f 8297 11808 8266 
f 11649 9950 5365 
f 8703 9184 1280 
f 5548 3851 8191 
f 3148 12155 5011 
f 11547 11171 11156 
f 6859 4363 2472 
f 1402 4840 9245 
f 9835 9842 10217 
f 1881 8178 5014 
f 218 11651 5320 
f 11748 5606 5890 
f 2305 11832 9746 
f 3854 8972 6826 
f 8703 4767 9184 
f 9552 1809 4431 
f 11941 4211 1139 
f 9967 9862 4126 
f 7110 4665 8264 
f 2799 2611 5248 
f 10473 5435 10257 
f 4351 1769 7987 
f 2239 171 10693 
f 8727 5430 7737 
f 7876 9911 8179 
f 7436 2029 7357 
f 4591 5826 8904 
f 3316 10035 11106 
f 11835 2390 12253 
f 10490 11584 11597 
f 3460 1340 643 
f 4035 11304 2646 
f 394 5943 3460 
f 8601 2348 6084 
f 1871 10534 1186 
f 12456 12457 11231 
f 2727 4914 11261 
f 5847 7828 9258 
f 6036 11108 10949 
f 4134 4571 5608 
f 11895 10020 10026 
f 7685 1518 10256 
f 141 6758 11497 
f 578 11258 5463 
f 10320 12288 9518 
f 6950 1340 10670 
f 12231 586 2279 
f 3569 7685 10256 
f 3128 4339 9437 
f 1084 4921 6195 
f 11829 988 9380 
f 537 484 3279 
f 8274 9600 9256 
f 2055 7656 10227 
f 4310 9303 7066 
f 2210 5915 7084 
f 7533 7901 4056 
f 10792 8391 1872 
f 1049 12473 7118 
f 11524 7755 9306 
f 1346 5971 10779 
f 6284 5201 3546 
f 9065 4541 12259 
f 7070 6932 2541 
f 12298 3417 1802 
f 2655 7322 1729 
f 6686 12491 5030 
f 6086 3230 7817 
f 7105 7627 7641 
f 8950 9520 8947 
f 3572 10862 3053 
f 2893 5838 8621 
f 3602 9931 4866 
f 3614 3186 3187 
f 7730 7656 2055 
f 3784 3381 11690 
f 7427 7692 7426 
f 1831 11928 11249 
f 1625 12089 9725 
f 11959 8641 7408 
f 5261 7656 7730 
f 10868 9297 3908 
f 7243 5777 4905 
f 341 7970 7238 
f 4456 10847 330 
f 8626 2310 3081 
f 3690 3082 2516 
f 1510 664 7073 
f 2497 8800 11045 
f 2030 6490 3782 
f 10842 9164 5486 
f 929 10896 6308 
f 2048 7106 7124 
f 8886 12188 7821 
f 177 8301 6227 
f 546 4151 6499 
f 12490 10910 8678 
f 7546 7379 4111 
f 11713 4830 4915 
f 10808 244 354 
f 8182 6715 1356 
f 5008 8020 12354 
f 5005 10110 9566 
f 1238 5324 6149 
f 813 11074 2601 
f 8544 6788 2310 
f 8626 11557 2310 
f 180 12258 554 
f 10427 3686 6719 
f 11311 11321 11323 
f 10541 10792 11669 
f 5756 9795 4708 
f 10377 2715 11682 
f 4547 12260 8511 
f 7123 4045 1843 
f 12166 8956 4284 
f 3016 10854 9202 
f 4986 5261 7390 
f 2215 7551 620 
f 7390 5261 7730 
f 8626 3785 11557 
f 5605 6635 4898 
f 7977 390 5600 
f 7199 8307 9177 
f 5909 6175 6201 
f 1109 9577 4647 
f 11284 8591 1480 
f 10738 5795 1042 
f 2031 1471 1912 
f 7653 11671 3985 
f 7037 7019 7303 
f 11751 9243 11347 
f 5868 3581 2136 
f 9929 687 5867 
f 9650 10358 10729 
f 11725 11329 12392 
f 5637 408 9670 
f 9945 7360 7767 
f 4313 12336 12408 
f 4945 4793 3785 
f 2675 4892 7398 
f 4574 11957 6013 
f 3785 4793 11557 
f 1259 1256 1380 
f 10071 6527 4589 
f 6742 3133 7108 
f 4429 2913 618 
f 11469 992 7332 
f 1005 6414 6211 
f 3656 3623 1289 
f 4833 12399 11938 
f 11669 3413 11486 
f 9932 7696 9397 
f 2586 8597 3694 
f 7217 4827 6816 
f 1872 11669 10792 
f 9171 1638 4932 
f 6117 5937 10181 
f 5591 2218 11990 
f 8391 10792 4600 
f 6022 4947 5824 
f 6102 8098 6547 
f 3414 4919 11169 
f 679 4837 5968 
f 8544 11557 7996 
f 7000 5583 754 
f 10595 5303 6613 
f 3556 6392 8705 
f 4027 3413 4450 
f 2542 7023 973 
f 2229 4105 4648 
f 105 2029 7691 
f 2223 11046 12076 
f 2779 4521 4474 
f 2432 1498 7010 
f 12042 9688 1727 
f 1820 2537 2217 
f 7307 3828 10900 
f 12191 3795 8989 
f 10763 551 10332 
f 5309 611 4003 
f 1031 1073 4965 
f 1238 12356 5324 
f 8017 2542 9613 
f 194 839 521 
f 2229 7592 2954 
f 2900 5869 3224 
f 5877 867 8522 
f 7475 6456 9140 
f 585 5938 1168 
f 6609 3600 12420 
f 8632 8914 8325 
f 6040 3705 9065 
f 858 490 935 
f 2723 12357 12335 
f 5432 11883 2056 
f 5002 1927 2432 
f 900 5454 6730 
f 1861 799 4774 
f 3134 1789 6977 
f 4583 6943 11923 
f 10285 9247 8981 
f 8283 10814 1030 
f 9579 10671 9269 
f 2982 9539 9064 
f 12400 10142 9767 
f 9451 150 2944 
f 1227 9042 1903 
f 12295 4438 4549 
f 8995 4726 2491 
f 10324 10854 3016 
f 11116 8903 3155 
f 5940 3992 2541 
f 12006 2703 2344 
f 5458 1580 7175 
f 10471 7444 6993 
f 8093 553 11436 
f 9062 5969 2929 
f 4848 4585 10801 
f 1553 4286 3201 
f 4995 10154 2018 
f 8365 2701 8516 
f 11468 10482 1125 
f 4789 6353 10754 
f 2175 7455 1703 
f 79 9658 5102 
f 845 11514 1981 
f 7056 2034 7176 
f 8007 6930 8019 
f 7610 5055 6559 
f 9641 11071 7614 
f 3767 3995 8502 
f 7089 10245 11496 
f 6677 4353 11621 
f 2707 7384 3274 
f 7056 6123 9535 
f 11538 10967 2346 
f 10401 8681 572 
f 3382 6909 7218 
f 6565 8653 1472 
f 10438 3371 8697 
f 2097 3872 5001 
f 10148 4646 3192 
f 11197 3494 1732 
f 4622 11169 686 
f 1421 4969 1158 
f 1426 10982 11666 
f 1376 778 627 
f 2948 7326 2163 
f 8284 8475 124 
f 9008 3090 9461 
f 10161 115 12029 
f 610 4606 7334 
f 11016 7599 1648 
f 2933 7251 4460 
f 1648 7599 3852 
f 5768 11679 6407 
f 9689 7 2209 
f 8515 1430 51 
f 5454 5470 8588 
f 9535 4818 11322 
f 10081 1307 345 
f 5849 5940 10674 
f 7779 8330 8334 
f 11264 8539 12398 
f 7764 1758 8929 
f 1293 5940 5993 
f 4948 8524 7308 
f 11784 4606 9075 
f 5596 8954 6962 
f 755 385 323 
f 11547 3517 11982 
f 11717 9570 3504 
f 10816 2912 10247 
f 3121 1548 10189 
f 8735 9014 8433 
f 4464 3246 6944 
f 8062 10660 4170 
f 10660 11175 4170 
f 9450 2613 12221 
f 10914 5801 5745 
f 490 107 82 
f 9447 3852 2642 
f 6660 11555 2007 
f 9447 7743 12138 
f 6952 10405 2050 
f 12180 333 475 
f 11449 10023 7794 
f 8434 2239 2223 
f 8791 536 774 
f 6415 6203 4023 
f 4595 10161 4199 
f 10449 10323 7911 
f 10810 11264 976 
f 3759 3346 4563 
f 1819 5470 12058 
f 7171 9838 1973 
f 11798 4502 4455 
f 7710 6075 9803 
f 2475 1966 2144 
f 22 706 626 
f 7769 9013 11442 
f 7912 2972 1534 
f 7053 11645 10078 
f 3821 3797 4569 
f 8499 1591 10804 
f 1701 7795 10707 
f 12363 10509 3520 
f 942 11315 5695 
f 2563 12273 9986 
f 7525 6194 11225 
f 5747 1690 1640 
f 6928 2570 10079 
f 10915 2023 10344 
f 10533 12128 7772 
f 6769 5596 9717 
f 8184 7078 8454 
f 10713 448 10110 
f 2093 1932 7912 
f 6932 7070 6229 
f 3240 119 8794 
f 9105 4041 7022 
f 776 1492 4723 
f 10107 2205 9001 
f 26 217 423 
f 64 50 18 
f 2387 1620 1830 
f 6755 6004 3834 
f 6077 3004 11369 
f 3097 10007 2377 
f 1372 1725 1903 
f 742 1215 2891 
f 5916 1405 6267 
f 3140 3694 2990 
f 4486 3922 4692 
f 546 12312 2317 
f 55 4400 3231 
f 1068 2371 12494 
f 1134 10062 8723 
f 80 552 1799 
f 11173 10746 2560 
f 10162 11505 8551 
f 5818 11410 7819 
f 3392 2232 3668 
f 2182 10783 8047 
f 10553 9958 12491 
f 9250 8070 7097 
f 3728 11116 3155 
f 6934 6273 6718 
f 1514 8146 418 
f 632 6129 1762 
f 2940 7583 8781 
f 8310 9757 12351 
f 6387 7519 6323 
f 1299 951 739 
f 743 2872 2486 
f 1514 9811 8146 
f 5411 5831 4954 
f 22 5406 4133 
f 9373 617 10761 
f 3879 9854 8761 
f 1545 9326 590 
f 10488 5725 10425 
f 10235 2978 4784 
f 1373 11273 8948 
f 637 4421 5919 
f 7267 8089 7547 
f 12318 5465 12397 
f 5288 5961 9304 
f 1787 7337 3897 
f 225 6307 12402 
f 4111 3937 1545 
f 11358 8429 1064 
f 12441 5677 4695 
f 10557 4786 6374 
f 3157 585 1168 
f 785 4230 3524 
f 11343 11350 11729 
f 3727 7212 6602 
f 9578 10845 4989 
f 3918 11956 2713 
f 2764 8049 3419 
f 619 9158 2096 
f 10747 1550 8145 
f 5149 5024 7436 
f 298 8009 485 
f 11329 11725 3124 
f 3937 4111 7212 
f 2945 11969 799 
f 3000 9145 6717 
f 7046 2880 8421 
f 8487 3727 6602 
f 4984 11782 12189 
f 4360 9896 3580 
f 3307 12410 5247 
f 867 931 8522 
f 6721 3891 814 
f 1957 1951 6099 
f 8114 8394 7565 
f 1070 2564 224 
f 4007 3172 5642 
f 4783 4720 10664 
f 2772 1745 5651 
f 2933 6605 9813 
f 9789 2943 5304 
f 8234 7301 9798 
f 8121 7293 7838 
f 1698 6219 9634 
f 5439 5818 6688 
f 2390 9941 12253 
f 7111 1833 9443 
f 2749 3320 3324 
f 8701 1436 12358 
f 1147 1276 1265 
f 10389 3664 2025 
f 9142 9719 5083 
f 1276 1281 1383 
f 5762 3493 6187 
f 2616 5564 11098 
f 2199 10008 1924 
f 3193 10731 2257 
f 9982 4974 12179 
f 6622 1488 4461 
f 5270 9732 10071 
f 9304 5961 8300 
f 2205 8634 7609 
f 8880 3272 8865 
f 2535 9396 10589 
f 477 12386 7486 
f 6393 11491 347 
f 6009 11073 6088 
f 12299 8843 9792 
f 5212 1768 267 
f 8016 7839 7024 
f 5231 10491 5130 
f 1737 7192 3660 
f 11066 726 92 
f 3319 3976 4834 
f 5901 3709 7922 
f 9345 9076 9363 
f 6210 2737 9149 
f 12397 6648 9314 
f 10589 5393 2535 
f 9186 10661 8468 
f 12109 6628 6904 
f 12230 5220 7841 
f 10776 8279 787 
f 7218 4875 2313 
f 9731 5539 9691 
f 8898 2723 5786 
f 11260 7509 7897 
f 11119 2317 12312 
f 10568 4609 418 
f 5473 4153 4803 
f 4534 10499 10589 
f 2164 10307 4723 
f 1380 1267 1259 
f 9823 12483 6805 
f 3917 3249 3870 
f 5139 7094 6207 
f 2671 11803 11340 
f 4534 762 10499 
f 9846 237 1584 
f 2150 5027 5882 
f 10934 8021 7271 
f 406 2316 7354 
f 7789 7279 4270 
f 3658 8331 3613 
f 11455 11444 11447 
f 1135 1711 1606 
f 3928 4761 4417 
f 8894 4523 4561 
f 9675 55 7416 
f 2848 10327 6399 
f 1969 1427 3830 
f 10879 3980 4234 
f 6355 2242 7261 
f 2743 6511 10757 
f 10828 4951 5505 
f 11335 9111 859 
f 8654 8086 516 
f 7818 11092 2008 
f 3236 3768 1522 
f 1250 11048 7609 
f 676 7428 11320 
f 8439 1793 9689 
f 10134 595 7703 
f 5440 5864 5855 
f 5470 10657 5587 
f 3277 4692 3922 
f 9778 4347 2729 
f 9954 11061 11063 
f 3666 6551 7111 
f 5022 4110 3734 
f 6977 3762 3134 
f 8038 8455 8752 
f 10346 5174 10616 
f 492 475 10102 
f 7923 8459 2847 
f 12078 5783 4555 
f 2664 2844 2663 
f 10489 5866 100 
f 10201 8651 40 
f 7631 7827 4716 
f 7582 3358 11561 
f 6756 626 706 
f 7600 6843 6610 
f 5845 6642 12303 
f 4384 11459 603 
f 10863 7672 1915 
f 2547 2908 2911 
f 2349 1981 2785 
f 10098 6021 10341 
f 10418 7774 10130 
f 2751 1634 1655 
f 9650 11081 10393 
f 6186 3139 6296 
f 3463 6778 3726 
f 9911 8991 6473 
f 7462 2467 12262 
f 7433 5184 3584 
f 7810 1596 9448 
f 10937 10352 8841 
f 959 3243 8449 
f 4494 6108 9169 
f 9925 11720 7633 
f 7071 12143 3515 
f 373 10154 10267 
f 9468 8695 166 
f 8271 7602 7886 
f 7708 6757 10838 
f 2775 488 4482 
f 3379 10788 4833 
f 11917 5487 9812 
f 6001 3256 8695 
f 8308 6165 87 
f 6939 1521 12034 
f 5974 11485 9878 
f 4747 7977 113 
f 4542 1695 2651 
f 10350 11060 9618 
f 4044 9013 7769 
f 10377 3697 3655 
f 6825 8848 8677 
f 9908 3256 1623 
f 5537 5734 4643 
f 11952 10445 519 
f 1695 4542 3425 
f 5062 12179 8803 
f 3978 8182 11295 
f 4603 4958 3329 
f 7904 842 9789 
f 2651 2404 3824 
f 349 7308 134 
f 5762 4874 3493 
f 9748 5997 3484 
f 2103 2916 6857 
f 12136 2048 7124 
f 11273 3109 2501 
f 11332 7504 7387 
f 1504 1719 1734 
f 1249 7775 8768 
f 5404 4124 10341 
f 11822 6769 5354 
f 9977 11212 12292 
f 11033 10037 2041 
f 5423 5728 4356 
f 9209 4706 7051 
f 7417 11364 1682 
f 12398 8539 5088 
f 10284 5067 5130 
f 2931 12424 10386 
f 1128 7717 4707 
f 7813 745 5413 
f 3461 5759 6814 
f 6751 7075 9666 
f 7813 5413 11056 
f 8659 6961 4511 
f 7848 12204 6597 
f 8553 5371 1308 
f 4882 4675 3492 
f 11575 5743 112 
f 3241 9568 9628 
f 5886 12295 4549 
f 6716 10981 10962 
f 3812 2819 5941 
f 5329 457 1207 
f 11283 11296 11280 
f 2106 2443 2101 
f 2621 4228 491 
f 7985 3701 4885 
f 6689 6443 7669 
f 6646 6207 7094 
f 3348 5295 7117 
f 1240 1227 2255 
f 7275 516 6616 
f 11018 3495 3536 
f 5346 12169 4626 
f 1704 5102 9658 
f 10710 6846 5797 
f 593 6733 5000 
f 800 4813 6694 
f 7686 6669 7532 
f 11703 3183 3200 
f 7950 2852 11607 
f 8328 11051 5290 
f 5566 1503 11836 
f 8014 8639 4960 
f 2972 769 1534 
f 1702 11043 5833 
f 7555 8227 10861 
f 7104 3393 4810 
f 8622 6857 4885 
f 11119 11102 9668 
f 716 8156 11702 
f 7091 4047 6176 
f 4584 1558 838 
f 11170 5880 2743 
f 5439 5895 4521 
f 8156 716 11115 
f 2037 11653 4182 
f 7594 5860 456 
f 1819 9991 11880 
f 8699 9259 9565 
f 4955 7159 6030 
f 6780 6782 6784 
f 11408 12185 7920 
f 2195 75 3616 
f 2127 2086 10281 
f 8936 9792 4480 
f 7454 9404 8307 
f 5852 6160 1398 
f 2696 7776 5680 
f 3512 7585 11615 
f 9683 9497 2512 
f 11110 4403 6033 
f 7708 10838 3395 
f 8005 6666 6900 
f 5175 12088 1219 
f 9998 11100 10771 
f 3016 1417 1037 
f 6937 1952 2742 
f 5527 5933 4832 
f 3432 6749 9378 
f 3721 3519 3730 
f 5922 6706 5438 
f 7893 1854 1653 
f 7013 8388 7573 
f 2340 6205 9071 
f 3227 3454 4621 
f 3651 12409 6141 
f 638 11363 5808 
f 11678 2361 10835 
f 1319 1900 1208 
f 6833 10063 769 
f 6141 11324 3651 
f 5411 3559 4947 
f 2891 1215 9022 
f 10148 3031 11758 
f 8836 7405 8244 
f 5884 6516 5533 
f 2698 7720 7502 
f 12125 1889 655 
f 11562 10114 10480 
f 801 10309 12020 
f 1216 2389 4198 
f 10887 7407 3930 
f 9754 5533 10685 
f 7574 6387 1193 
f 9530 4370 10943 
f 4080 5215 10338 
f 10737 629 5598 
f 7426 7704 7427 
f 2922 7008 3430 
f 281 10905 3650 
f 12487 8025 5089 
f 12040 10887 3930 
f 8577 8863 7160 
f 7844 7283 7037 
f 2784 11860 11032 
f 11043 7638 3529 
f 5339 4381 6735 
f 12426 4798 9795 
f 4414 6336 4080 
f 7483 10388 4088 
f 7082 3253 6734 
f 3951 8631 7647 
f 7782 3528 5241 
f 11841 10920 9515 
f 2351 1188 7003 
f 3146 614 8679 
f 11619 7574 1193 
f 5382 5153 5392 
f 3799 1755 2697 
f 9456 8901 5477 
f 7815 8815 6294 
f 192 5756 8205 
f 2641 3030 2828 
f 6088 4360 3580 
f 442 11142 8845 
f 10488 11910 5725 
f 10035 5707 11106 
f 11703 4110 453 
f 7003 1188 11630 
f 5962 11995 8430 
f 8340 5475 8245 
f 5090 3673 5081 
f 706 1216 6330 
f 2795 3003 2989 
f 7522 6247 4601 
f 10617 11889 6270 
f 1852 6150 7090 
f 11058 3647 6413 
f 11480 10864 1372 
f 8408 3947 5475 
f 7167 2658 782 
f 6877 12010 7266 
f 5955 11845 1598 
f 7280 7019 7283 
f 9783 8508 3292 
f 1974 6758 11883 
f 9537 10273 10654 
f 4490 1686 345 
f 1426 2632 11158 
f 7072 7274 8047 
f 3889 4294 11507 
f 10948 11319 2329 
f 9874 11991 3822 
f 6424 11579 6916 
f 1815 7401 3662 
f 11628 1815 3662 
f 3662 9271 3786 
f 7233 11626 1983 
f 12400 9767 1922 
f 2699 2062 8533 
f 1397 3552 4787 
f 10863 9115 5566 
f 428 6462 12408 
f 9854 3599 1806 
f 9743 5730 3632 
f 2272 9027 7498 
f 7449 9070 10094 
f 3208 2424 10168 
f 10765 1320 9251 
f 7259 12363 722 
f 8097 7012 7553 
f 4454 4277 3270 
f 8911 4535 7108 
f 1126 4931 1784 
f 11373 1631 7238 
f 933 4145 5082 
f 10959 12499 10397 
f 12499 9702 10397 
f 11086 10391 11482 
f 2190 3089 5610 
f 11358 1064 1239 
f 4729 954 3712 
f 2624 2957 1095 
f 2603 6703 5451 
f 6703 221 5451 
f 2701 8780 3029 
f 6217 6289 5509 
f 12499 3629 188 
f 1451 3800 12165 
f 1851 7622 2421 
f 221 8764 5550 
f 3975 1358 3735 
f 10235 540 609 
f 10326 3235 7141 
f 6650 799 1822 
f 221 6703 8764 
f 5186 2603 2100 
f 1455 12082 3869 
f 4454 5582 5336 
f 5321 5444 3714 
f 5186 6703 2603 
f 2670 5736 11240 
f 6575 9352 4371 
f 283 3703 2673 
f 2477 3786 9271 
f 8279 7113 10997 
f 2272 8554 9027 
f 5803 11159 7385 
f 1027 11488 3342 
f 3874 3454 3876 
f 9968 4903 5768 
f 1077 1079 510 
f 9 6893 6552 
f 11606 10221 9768 
f 9993 11972 3428 
f 3793 10002 10173 
f 10241 4317 5804 
f 1957 2243 6297 
f 4877 6168 4649 
f 6491 3107 2928 
f 3689 3138 1294 
f 6287 6229 7070 
f 8554 8123 9027 
f 7052 3461 5666 
f 2723 3630 11087 
f 7150 6053 10913 
f 8615 11402 8461 
f 1834 3015 127 
f 8367 6053 6643 
f 3642 6504 467 
f 5603 4903 9968 
f 1774 2791 9318 
f 4300 5939 1637 
f 640 295 10738 
f 9191 2960 3582 
f 11530 5487 11917 
f 4786 9800 10621 
f 1656 4977 1159 
f 9523 8851 9775 
f 2908 3104 2911 
f 7886 11205 9717 
f 11982 3517 7183 
f 9443 11467 515 
f 4800 5092 1744 
f 8406 7149 8357 
f 7833 1744 5092 
f 6758 141 5416 
f 5092 3622 7833 
f 11530 10050 10812 
f 1945 1846 1836 
f 8917 8346 2722 
f 2447 11417 12346 
f 3738 9311 4970 
f 5504 6980 7234 
f 7533 11732 4207 
f 12183 10129 6335 
f 354 12464 10808 
f 4786 6190 9800 
f 11593 12420 8275 
f 3194 7792 4582 
f 3622 3932 7833 
f 2817 4776 9200 
f 3817 10705 1729 
f 2138 6197 4239 
f 4472 3532 11452 
f 1978 410 10123 
f 7818 2008 10918 
f 6806 12428 1768 
f 1118 2442 10129 
f 10872 9017 6809 
f 2628 4963 687 
f 2747 6379 2804 
f 6970 11709 3896 
f 3576 10784 1544 
f 776 7298 4246 
f 4845 9090 9353 
f 10398 6984 11226 
f 6301 6087 6519 
f 10336 9300 8741 
f 3687 9530 3189 
f 1848 8684 7503 
f 6913 5367 4298 
f 11851 11965 1544 
f 3197 2703 12006 
f 4182 8527 8866 
f 9008 9461 5266 
f 2746 6949 5796 
f 8065 11150 2295 
f 1096 10600 7907 
f 11127 11506 10050 
f 1105 9083 1832 
f 10416 826 4119 
f 4805 571 4362 
f 913 2347 2798 
f 2403 7034 9182 
f 8431 5599 6539 
f 3077 3267 3920 
f 4031 2854 12331 
f 11191 8892 8240 
f 5098 2442 1118 
f 3619 3552 12474 
f 10764 850 3503 
f 12269 7345 1972 
f 5341 1467 4350 
f 1699 4405 9406 
f 7835 2811 10650 
f 9093 9089 9680 
f 9910 8120 12481 
f 8909 7070 4310 
f 12402 6307 11030 
f 3489 3225 11243 
f 3920 4139 3077 
f 799 11969 4774 
f 6264 6163 7822 
f 7879 10068 5792 
f 2316 406 8329 
f 3505 5373 10063 
f 8287 7913 602 
f 5707 9035 11144 
f 4752 5449 5440 
f 6107 11594 793 
f 995 5253 12049 
f 8776 4425 11810 
f 9718 12307 10364 
f 8120 9910 9606 
f 10068 7879 3465 
f 10857 10830 10818 
f 9996 9871 9087 
f 5778 12414 9623 
f 7822 6163 450 
f 102 12454 1905 
f 3509 4788 1424 
f 9180 766 1434 
f 1524 5459 3014 
f 30 8395 1305 
f 7542 2529 5805 
f 5786 11087 11987 
f 2513 593 9417 
f 435 3903 271 
f 10971 9655 2204 
f 5778 5313 6063 
f 7917 8793 7347 
f 6810 3371 4303 
f 3620 4221 4564 
f 6188 403 6903 
f 498 3686 10427 
f 11736 3318 10646 
f 10642 450 1616 
f 6144 10365 3055 
f 5779 4646 4377 
f 9872 2900 3247 
f 11262 11861 3638 
f 11769 4879 563 
f 11588 2235 2853 
f 11618 12447 12128 
f 6416 9656 6720 
f 4617 4411 3450 
f 4078 8558 9031 
f 4276 11733 8723 
f 9800 275 10621 
f 3489 3638 11861 
f 100 5866 7304 
f 8277 2076 9317 
f 5680 2367 2696 
f 4775 4387 9556 
f 12093 8309 10576 
f 1203 3119 9277 
f 8959 12178 9928 
f 3876 3454 2823 
f 11441 466 8920 
f 9147 2332 10555 
f 456 6214 4797 
f 7961 10824 1386 
f 121 11029 2112 
f 5595 7078 7088 
f 3486 7099 3857 
f 3019 2475 2629 
f 896 10427 680 
f 582 1425 2994 
f 3516 10973 5598 
f 8092 12230 10085 
f 7140 11254 3289 
f 583 4794 2699 
f 2543 5743 1191 
f 8666 6694 6067 
f 5291 3850 6785 
f 9275 2975 4481 
f 5004 1908 10368 
f 8353 5702 11268 
f 1385 1275 1380 
f 1386 11692 7961 
f 1381 956 4321 
f 11155 2011 10295 
f 3838 103 10303 
f 2434 3162 2771 
f 5823 1607 5903 
f 2599 6883 12330 
f 1412 6133 8829 
f 11243 3225 2451 
f 10070 11126 10833 
f 2795 3001 3003 
f 6707 7451 7460 
f 2691 6095 10259 
f 4842 316 2753 
f 9359 2211 7795 
f 6993 4002 6547 
f 12231 2279 405 
f 25 18 50 
f 1351 12007 11961 
f 3367 8631 2188 
f 9970 6605 7818 
f 1639 1628 1836 
f 6819 1500 4504 
f 11731 3579 9159 
f 10863 1915 9115 
f 5941 2819 6000 
f 4981 10049 9091 
f 2451 7530 11243 
f 11886 3791 5635 
f 9218 2335 6120 
f 9839 550 6240 
f 12298 4820 4580 
f 9420 11691 1778 
f 1802 3611 10017 
f 6103 5224 1775 
f 4333 4315 4289 
f 6725 1305 8395 
f 1601 570 4841 
f 4672 6845 4965 
f 10969 5047 2437 
f 7988 7069 1854 
f 9825 9053 688 
f 8925 8777 3103 
f 582 6883 1425 
f 7256 3240 2895 
f 7770 7619 1324 
f 7530 2451 6801 
f 71 1815 3674 
f 11700 6435 8444 
f 5867 5638 8252 
f 2950 8873 95 
f 1953 2416 2412 
f 409 6553 5878 
f 4772 9564 11 
f 6801 8467 1677 
f 863 10736 1379 
f 11749 3435 6714 
f 10173 10002 3382 
f 8639 8014 6680 
f 4970 10296 11758 
f 5868 10229 3720 
f 5079 11183 2316 
f 3195 961 919 
f 1997 6690 7814 
f 10500 8165 5827 
f 10630 11782 10637 
f 7956 1257 12227 
f 7174 5643 2410 
f 3594 7514 3369 
f 11393 17 4155 
f 10889 8517 1090 
f 2111 11971 8689 
f 720 3284 6490 
f 1425 11692 1386 
f 5280 8606 4726 
f 5257 6315 6746 
f 43 8998 9585 
f 3030 3447 2828 
f 2259 1433 1482 
f 4377 4646 5284 
f 2848 2236 3352 
f 1107 5144 3506 
f 11957 10609 7635 
f 3171 3159 3376 
f 4323 4930 4938 
f 4751 4014 4881 
f 8426 990 1538 
f 7208 11137 12476 
f 10104 4989 10185 
f 2908 2547 2386 
f 11965 3265 7309 
f 6476 6266 6263 
f 7216 4071 774 
f 7961 3184 10824 
f 12415 675 9600 
f 668 1225 5405 
f 5923 12318 12397 
f 6152 6153 6798 
f 5924 5685 211 
f 12405 2052 3663 
f 2353 2389 1216 
f 11997 5905 6300 
f 3494 8759 4330 
f 11806 10736 3837 
f 11112 2121 2562 
f 1075 4522 11157 
f 6490 5555 12339 
f 9920 103 3838 
f 11176 11326 2785 
f 8853 9740 4864 
f 9453 9178 10152 
f 3656 8711 3623 
f 10980 3323 6864 
f 9371 11408 7920 
f 3070 61 5939 
f 6300 5905 12291 
f 2248 2605 5668 
f 296 2178 8375 
f 9123 4931 3894 
f 5301 893 5784 
f 3045 9126 2667 
f 10770 8467 10061 
f 9074 4967 9148 
f 8791 10530 10170 
f 1694 1369 10073 
f 5124 6607 2407 
f 11108 12133 10949 
f 9206 10884 4958 
f 1214 8689 12161 
f 4954 5831 5418 
f 10692 2610 984 
f 10571 9541 6518 
f 9600 9068 12415 
f 9195 10163 9790 
f 1731 9785 6362 
f 10195 2716 7649 
f 12476 2407 7208 
f 4339 3128 7186 
f 918 6539 7099 
f 12399 4762 11938 
f 5559 2359 1680 
f 11000 6622 4461 
f 3115 4718 8273 
f 7953 8521 3184 
f 10604 10986 11371 
f 9000 7346 6132 
f 5488 5693 5698 
f 4085 10083 5501 
f 4687 3685 2988 
f 10573 1680 6500 
f 12310 2044 1862 
f 3735 5372 6722 
f 11772 11797 5742 
f 2128 6969 2074 
f 11281 1604 10460 
f 12350 10036 11118 
f 5096 8467 6801 
f 2420 2416 1960 
f 7670 10061 6377 
f 1356 4746 4780 
f 10061 7670 6918 
f 11160 11901 2155 
f 6572 9006 7236 
f 5427 1148 576 
f 9632 9880 8420 
f 4488 5567 6495 
f 3587 3766 11019 
f 6765 2810 4248 
f 1997 10744 12093 
f 2260 2934 2761 
f 834 11109 12329 
f 8947 8951 8952 
f 1522 3768 1405 
f 7585 12040 3930 
f 2686 9378 8373 
f 10264 10877 4028 
f 5402 4865 8770 
f 6575 4371 9194 
f 1186 7045 1871 
f 8934 1295 8043 
f 1869 9279 2013 
f 7237 6980 7517 
f 12289 4292 7404 
f 3367 3847 7647 
f 862 3625 4739 
f 4473 6129 11888 
f 1231 10372 859 
f 7909 8184 8766 
f 557 1184 4800 
f 3900 8159 4738 
f 6529 3838 8505 
f 12228 3432 5283 
f 9866 3222 2375 
f 1483 3463 3726 
f 4303 201 6820 
f 459 3252 12371 
f 887 1087 1017 
f 10036 10028 11118 
f 10734 2577 1902 
f 2121 5402 8770 
f 2121 8770 7660 
f 3120 9856 2754 
f 11893 1898 10514 
f 2121 11247 8339 
f 1389 5020 10092 
f 164 3823 6566 
f 9325 8924 6692 
f 3521 4899 4673 
f 6455 8152 6546 
f 6618 10675 7365 
f 3807 6920 9597 
f 5283 3432 9378 
f 512 11780 3130 
f 7363 4734 6584 
f 693 9521 7724 
f 9882 2645 4280 
f 5473 4585 10921 
f 4396 12221 9125 
f 12384 8504 7917 
f 6180 6167 9823 
f 8148 9023 2645 
f 4253 3455 3447 
f 9177 8616 8040 
f 1894 6409 6226 
f 6759 6644 8567 
f 2297 2463 2462 
f 7660 229 2481 
f 4246 7298 7466 
f 2481 2121 7660 
f 11126 9101 10014 
f 6880 3198 7249 
f 10991 11842 11443 
f 6894 2428 5170 
f 7559 1991 4936 
f 6370 6545 5450 
f 817 8669 7074 
f 7321 8142 6601 
f 6360 6561 5058 
f 4504 2444 4544 
f 11153 11704 3434 
f 1343 4529 9864 
f 1427 10000 949 
f 2733 9711 5316 
f 9914 5847 9258 
f 11570 8440 8419 
f 816 10854 9245 
f 10686 5170 6630 
f 10428 9710 11535 
f 5844 5836 6255 
f 3952 12385 11695 
f 8925 9141 9746 
f 6816 3756 5370 
f 5039 11271 3873 
f 6999 6153 6138 
f 4296 5426 10983 
f 12396 10247 1429 
f 3360 5709 3587 
f 346 11356 5720 
f 11695 11586 3952 
f 6279 4743 3025 
f 9614 3883 6200 
f 1951 6297 12117 
f 1482 5655 2895 
f 6713 6041 2359 
f 11843 12294 5032 
f 7055 11697 5990 
f 2756 11845 11813 
f 5733 9676 8407 
f 10603 6290 4329 
f 4809 11944 2793 
f 6884 6695 6961 
f 7593 2827 12385 
f 4410 4828 4838 
f 5712 9163 8542 
f 11247 2121 2481 
f 1523 1177 12385 
f 11011 9546 9892 
f 9657 8177 8782 
f 10349 7457 5376 
f 11868 6587 6477 
f 8844 9389 9739 
f 8584 8883 10121 
f 4610 4509 3121 
f 8413 7580 8720 
f 7128 7468 8727 
f 12457 12456 11412 
f 7057 7600 6610 
f 11757 5869 2981 
f 11690 6756 803 
f 10280 11488 9323 
f 7179 4243 12134 
f 3005 700 11176 
f 6180 5872 6167 
f 11883 6758 10481 
f 9134 7711 6608 
f 8774 4961 12025 
f 3778 5368 4901 
f 11370 7562 8313 
f 426 935 490 
f 7889 5446 173 
f 4096 8555 2343 
f 10778 12448 740 
f 9470 10007 5279 
f 6656 9757 12427 
f 2356 6734 3253 
f 9790 10157 8910 
f 8794 11826 707 
f 7854 1002 7668 
f 10021 11536 9081 
f 4826 4412 4623 
f 6818 2512 12406 
f 10674 7020 5554 
f 2959 2952 2771 
f 1463 7186 4209 
f 2117 6236 543 
f 7186 1463 4339 
f 8617 7719 2827 
f 7059 7065 10910 
f 4662 6243 7617 
f 5958 6557 2596 
f 9536 6431 10924 
f 6275 6286 6293 
f 11059 5148 12392 
f 436 10317 11053 
f 8277 688 9053 
f 9820 1201 9493 
f 9032 7053 205 
f 7060 4053 12304 
f 6706 831 7971 
f 1165 6573 9850 
f 7738 8600 8885 
f 3051 2490 2483 
f 10888 4072 12245 
f 9919 2855 6465 
f 1287 4083 11160 
f 4779 8195 11623 
f 4756 4660 9162 
f 9067 9078 9680 
f 376 3548 2530 
f 2461 2811 11886 
f 11403 11906 6406 
f 9196 4029 4036 
f 7621 8364 2098 
f 4271 10938 3433 
f 4936 11665 4922 
f 538 2458 4921 
f 3860 3071 4368 
f 7886 7602 11205 
f 10331 10696 11052 
f 434 1005 1152 
f 8222 9388 8243 
f 1474 3298 4247 
f 5335 5323 6181 
f 5950 1517 1266 
f 6272 10093 4679 
f 9278 2498 144 
f 12130 11722 11729 
f 10803 7827 4210 
f 6682 9170 4656 
f 7663 9064 1046 
f 10981 3378 425 
f 10202 11277 6615 
f 9949 8640 8636 
f 1444 1322 1330 
f 6754 6393 10846 
f 7812 8097 8096 
f 5300 8640 7430 
f 1814 1812 2208 
f 10857 10818 10105 
f 8755 9544 11572 
f 4709 6954 3378 
f 10004 11714 4114 
f 10591 3844 1096 
f 11000 6051 6047 
f 5273 3784 11690 
f 7255 1439 2303 
f 8900 4795 6900 
f 6612 8610 2552 
f 1700 9169 6108 
f 5377 7491 7568 
f 2208 2381 1814 
f 10041 5735 1090 
f 6185 5578 5335 
f 4114 46 10004 
f 7440 969 7317 
f 1123 2581 2045 
f 9094 11499 4126 
f 9813 7251 2933 
f 6202 11540 2136 
f 9654 7970 341 
f 2700 9188 7415 
f 1159 614 10141 
f 7342 7637 11034 
f 937 636 107 
f 1502 1281 1627 
f 10680 11565 10516 
f 5675 8232 2941 
f 11212 6290 10603 
f 2414 2526 9395 
f 12272 3497 12170 
f 6051 2446 1578 
f 9034 12271 8348 
f 10715 9984 9118 
f 458 10842 576 
f 4017 3321 10700 
f 10044 7297 11754 
f 7236 1082 1521 
f 3787 3158 2443 
f 4914 2727 9941 
f 358 6486 3983 
f 4809 7099 3486 
f 1662 11167 1759 
f 7589 730 12048 
f 7721 2298 11720 
f 8356 2548 2241 
f 3337 12249 8151 
f 4645 4642 4637 
f 2169 2308 728 
f 8640 12145 8636 
f 2262 4849 1311 
f 1298 4375 11754 
f 6906 12170 6850 
f 7942 9010 317 
f 10277 9546 11011 
f 9514 5027 236 
f 3302 8320 11158 
f 2169 10055 12035 
f 9787 11608 11218 
f 8801 11660 3773 
f 177 10084 6595 
f 7036 11433 2184 
f 2321 1886 1887 
f 1979 5025 11785 
f 3589 3818 5020 
f 674 173 5976 
f 2184 4375 1298 
f 8661 8355 9491 
f 3358 4054 5054 
f 2370 11349 4917 
f 730 1691 3058 
f 2556 2524 11629 
f 1473 6512 1770 
f 9350 1797 4593 
f 4241 4211 2637 
f 3626 3815 4200 
f 6812 2495 6864 
f 3058 7463 6376 
f 1691 7463 3058 
f 2623 11433 7036 
f 6938 7643 7488 
f 9909 6937 2742 
f 5723 6454 2518 
f 3938 2634 3513 
f 7337 5923 7881 
f 7066 9303 9228 
f 12164 12114 12390 
f 10286 1715 9884 
f 12055 849 8994 
f 9615 11045 9484 
f 1121 12439 7096 
f 9500 5657 12105 
f 10902 10912 2277 
f 8478 9653 9690 
f 5203 10488 10425 
f 1349 7536 12057 
f 4718 3115 5299 
f 2016 11830 5905 
f 11437 11040 10677 
f 10370 6472 11984 
f 8810 1283 11750 
f 5221 5449 4759 
f 11933 11121 10428 
f 11506 10026 10050 
f 5587 10513 5624 
f 5975 81 991 
f 2278 10337 3772 
f 6578 2851 1732 
f 7084 1486 2001 
f 2015 3791 11886 
f 6904 6628 9957 
f 4365 3590 3993 
f 9208 9459 2071 
f 9562 5786 5189 
f 7150 3544 11709 
f 11940 6698 5809 
f 9532 1093 2055 
f 8788 8540 7160 
f 7803 5333 9640 
f 12385 1177 11695 
f 7901 7955 1914 
f 7014 7824 7553 
f 6218 4745 11304 
f 8398 4344 10772 
f 2411 3482 8371 
f 11117 3954 2536 
f 5606 11236 1111 
f 537 1111 10993 
f 9018 11478 10526 
f 363 4711 6649 
f 10386 655 10416 
f 3575 9119 1413 
f 1139 3085 3554 
f 11943 10827 4148 
f 5716 6947 7028 
f 9663 10748 10014 
f 1930 11745 12216 
f 4580 11790 7054 
f 9310 10345 8743 
f 8404 9597 6920 
f 8385 7587 5217 
f 10373 4963 9987 
f 6374 10621 974 
f 2057 4844 5942 
f 1744 9989 11649 
f 3958 8707 6407 
f 9547 1485 1809 
f 7975 9803 12142 
f 9500 4227 11797 
f 8810 11750 7992 
f 7201 12296 1551 
f 5232 3928 3660 
f 5794 10365 589 
f 6804 7553 7012 
f 2472 6776 6859 
f 6395 5973 6610 
f 1111 537 5748 
f 869 6169 4123 
f 1352 6989 3759 
f 12023 1862 5966 
f 1554 9144 970 
f 11339 964 891 
f 11024 7884 6274 
f 4210 9468 166 
f 8783 6774 3495 
f 8589 10466 11074 
f 4009 10266 10307 
f 9219 1605 6475 
f 372 146 3553 
f 3460 4711 394 
f 11742 2759 3602 
f 3004 8226 11369 
f 5748 537 9082 
f 9327 6528 6515 
f 6878 6660 8341 
f 9453 11209 10506 
f 9578 9231 10845 
f 11120 1883 6059 
f 11441 10292 466 
f 6550 7839 8016 
f 2307 12193 10761 
f 1011 7674 7388 
f 1892 9376 9893 
f 1892 9893 9238 
f 7009 11545 9424 
f 10478 2262 2250 
f 12208 3137 11979 
f 8718 2928 3107 
f 5943 2055 10227 
f 8065 478 840 
f 4058 9893 9376 
f 1180 7773 1144 
f 7984 6622 10711 
f 3533 11829 10128 
f 11308 10578 9217 
f 5214 4448 12421 
f 9238 5676 4873 
f 6378 9900 5165 
f 5615 3303 3310 
f 9975 5796 673 
f 11762 4296 9522 
f 6714 2914 6373 
f 489 1578 6505 
f 4264 3049 3875 
f 1235 1468 9319 
f 9696 10933 3462 
f 10001 4865 11112 
f 1172 6735 7193 
f 11983 7867 3271 
f 7678 3765 8778 
f 10774 12040 3512 
f 12223 1260 9450 
f 12444 9147 12367 
f 5578 5973 5585 
f 1804 2333 2179 
f 9093 9385 9377 
f 8349 3913 8346 
f 1542 3768 2138 
f 10287 5996 11662 
f 4760 11632 7125 
f 6857 8622 2103 
f 9238 9893 3081 
f 6622 7984 5255 
f 7905 8782 8177 
f 9648 9332 9651 
f 9085 5592 9599 
f 3693 9893 4058 
f 11725 12217 3124 
f 11893 4445 4538 
f 3979 1777 3586 
f 8897 11993 11190 
f 11327 11684 11416 
f 5387 9082 3178 
f 5676 6788 6242 
f 9461 11282 3511 
f 6242 9532 5676 
f 6799 5347 651 
f 8681 12345 8907 
f 4546 8724 6103 
f 1112 3315 9152 
f 4423 9129 1530 
f 1602 8721 10660 
f 2360 7320 3670 
f 7396 2041 2721 
f 7601 7057 8144 
f 12009 6993 9120 
f 6568 6981 4770 
f 10742 11490 12287 
f 10482 10504 5696 
f 12355 5033 4953 
f 3178 3693 5387 
f 6249 9985 5825 
f 4887 5770 4670 
f 9596 4711 363 
f 1907 11514 6834 
f 2153 3049 2666 
f 1021 623 12354 
f 5262 3070 5939 
f 10928 3168 2730 
f 10709 5473 4803 
f 3758 6213 4695 
f 2442 7862 10129 
f 10951 12411 10968 
f 5901 9277 2831 
f 12350 11543 9405 
f 4756 5804 4660 
f 11825 11304 4745 
f 1013 8286 3130 
f 10199 5968 5886 
f 8259 3442 5665 
f 6649 4711 3460 
f 2410 5643 12028 
f 3943 5403 9033 
f 3907 8226 3842 
f 8861 9909 12059 
f 11856 7169 12038 
f 1366 10922 5608 
f 1291 1079 1403 
f 5743 10257 11556 
f 9450 1935 7791 
f 7023 4686 8391 
f 4582 7792 1873 
f 4060 9655 10971 
f 7747 9986 12273 
f 937 490 858 
f 6226 5023 6680 
f 1877 7773 10907 
f 778 1376 1256 
f 1643 7096 12439 
f 10729 11081 9650 
f 4717 4323 4938 
f 7592 4450 2954 
f 10096 529 8507 
f 3658 3613 12135 
f 5044 3847 2657 
f 9990 11490 10742 
f 5912 11704 1364 
f 1803 2006 1458 
f 10416 4119 10386 
f 3268 3458 10631 
f 4648 1366 11275 
f 11508 10525 1624 
f 5395 9214 7144 
f 6247 11080 3418 
f 9354 4142 4152 
f 10666 2690 6250 
f 10624 9538 77 
f 6557 5958 12053 
f 3573 4943 3567 
f 1632 1238 9968 
f 8738 8530 10858 
f 7798 7278 5850 
f 5260 6748 4799 
f 8743 6601 8142 
f 5861 10137 10240 
f 1937 11369 8226 
f 4543 4183 4741 
f 1286 6470 2640 
f 4618 10815 2033 
f 11876 12407 3643 
f 8357 2696 2367 
f 10692 3219 2610 
f 4758 4802 3711 
f 3553 5152 7736 
f 10946 10919 10931 
f 4799 3841 5260 
f 1886 1884 1113 
f 2080 969 4053 
f 10504 10482 56 
f 9248 7350 4238 
f 7304 7242 100 
f 6587 6699 1681 
f 8869 8002 8568 
f 33 13 34 
f 9319 1527 9647 
f 8626 9893 3693 
f 7441 6458 6582 
f 1847 6032 3105 
f 8154 7744 4190 
f 9390 11865 2298 
f 10974 11563 1028 
f 8901 11909 5477 
f 5395 11577 1612 
f 3589 9962 11684 
f 8737 4789 2614 
f 8976 7769 8500 
f 4859 7056 4785 
f 320 1648 8692 
f 5506 244 3343 
f 9404 9101 11126 
f 6291 341 1631 
f 6440 7105 7127 
f 7307 3819 4048 
f 8628 8052 10690 
f 352 3797 2801 
f 11888 12305 4473 
f 4459 5760 1374 
f 6982 11551 2886 
f 8080 5034 2608 
f 6415 1681 6253 
f 6480 10866 8767 
f 6154 8528 493 
f 11143 5665 12343 
f 12050 1116 4721 
f 4567 715 10089 
f 6409 12074 10918 
f 1817 7286 1782 
f 11759 10633 7605 
f 7035 7701 3887 
f 6619 6244 5531 
f 12478 3602 5779 
f 52 1644 775 
f 1948 3759 6989 
f 10546 2884 3482 
f 9892 11396 11011 
f 5796 9975 2746 
f 6685 6230 7146 
f 6384 6716 12355 
f 2123 4548 6 
f 6642 10751 10299 
f 9127 5640 5996 
f 5130 12088 5175 
f 6570 6691 7998 
f 6095 9185 7194 
f 7054 5443 5501 
f 2551 5517 3297 
f 4809 2793 9030 
f 8674 2637 7786 
f 7099 4809 2992 
f 11698 10813 3300 
f 4879 3867 563 
f 9398 3992 9696 
f 1755 9077 2697 
f 2757 4719 11279 
f 8666 9429 3821 
f 6367 6577 6157 
f 6819 7441 1500 
f 4172 11233 3508 
f 2732 5439 6688 
f 3005 1981 11514 
f 4735 10783 6523 
f 12431 12435 12438 
f 217 8186 6676 
f 11622 9924 12431 
f 7136 3408 12416 
f 7459 2458 661 
f 3348 8583 5295 
f 3699 4665 8847 
f 1063 8945 4257 
f 89 4849 2262 
f 9034 8006 12271 
f 12138 3852 9447 
f 2422 1195 10714 
f 2435 2620 5740 
f 1318 4563 12062 
f 11967 2379 2999 
f 2999 2379 9075 
f 2940 600 7583 
f 2832 3232 2629 
f 2939 10512 1669 
f 4180 3993 3777 
f 999 11975 3670 
f 4160 173 11614 
f 7743 2200 11840 
f 12289 11330 10542 
f 8257 144 906 
f 9319 5792 1235 
f 7576 5560 3422 
f 6062 6434 6996 
f 897 10443 12087 
f 9298 12087 3287 
f 2411 2139 11703 
f 1444 1980 1322 
f 2735 1090 8517 
f 10986 9842 9516 
f 2517 6917 2390 
f 8529 2102 6002 
f 10072 1965 3965 
f 7421 3062 9838 
f 916 2691 10259 
f 12043 4143 8264 
f 2726 5269 4113 
f 8071 7772 6448 
f 9291 3990 4897 
f 2309 257 2675 
f 9563 7039 12440 
f 5460 5864 5221 
f 11135 2545 7171 
f 11511 11677 3609 
f 9923 12182 7082 
f 11160 8911 1287 
f 2217 2537 2373 
f 9836 2281 2825 
f 3645 10170 6755 
f 6612 3898 8610 
f 2095 8603 1702 
f 5814 6004 6755 
f 11675 1772 12095 
f 5733 11932 7745 
f 1993 8041 11550 
f 3606 300 2495 
f 9699 8189 8767 
f 3154 2942 3159 
f 3514 1721 11800 
f 3246 2103 6944 
f 8122 2262 1311 
f 7831 8105 8968 
f 7565 7302 7831 
f 6250 5786 11987 
f 3438 3965 6140 
f 7753 5579 7262 
f 7080 6631 6843 
f 11245 3524 4230 
f 3587 5709 2438 
f 11436 396 11386 
f 9502 8905 6910 
f 1829 1857 4426 
f 6780 6138 5926 
f 12483 5250 6805 
f 12082 5609 5453 
f 3766 2438 4821 
f 2195 3616 2355 
f 9838 3062 1973 
f 5228 946 6640 
f 5570 2454 10218 
f 5986 3804 3916 
f 5552 4508 6204 
f 7614 11071 9026 
f 3742 1625 9725 
f 6448 1296 2023 
f 6953 7479 6293 
f 5833 11043 5147 
f 4909 4612 4537 
f 5168 9952 2724 
f 1399 12080 9484 
f 4456 7874 587 
f 7518 5519 10724 
f 2744 11266 9573 
f 3498 767 6330 
f 9460 1784 1262 
f 545 7585 1432 
f 10595 9933 5303 
f 1966 1571 1564 
f 7086 2024 1995 
f 11142 442 8798 
f 6654 10846 10675 
f 765 4108 10154 
f 9487 8196 265 
f 3849 12084 12251 
f 9870 9873 9516 
f 4699 11696 2174 
f 1087 657 951 
f 4261 6039 11752 
f 9175 9324 6115 
f 1230 3268 5702 
f 11425 4387 10643 
f 7893 1668 6867 
f 7182 10218 12452 
f 2305 1487 11582 
f 6317 11312 11293 
f 2419 2673 12202 
f 3695 965 5721 
f 7532 8333 8609 
f 9258 7828 6603 
f 2770 4807 12110 
f 2356 3344 4141 
f 11655 2174 3727 
f 3226 3232 3026 
f 7433 5865 8889 
f 4750 5854 5462 
f 4699 2174 11655 
f 11712 4699 11655 
f 2280 32 6028 
f 11993 2661 1863 
f 6602 9861 2086 
f 4950 2721 763 
f 219 4691 1332 
f 12341 8547 931 
f 1079 1077 1519 
f 3505 10863 5373 
f 6427 9938 5225 
f 12021 3919 1269 
f 11346 7083 1392 
f 2014 11792 1247 
f 1273 10700 3321 
f 3466 1510 3478 
f 5168 128 1081 
f 9654 8546 5128 
f 5128 7970 9654 
f 9809 4658 10775 
f 902 1100 825 
f 2749 3324 3757 
f 6327 1597 2083 
f 804 1162 1288 
f 4936 4122 7559 
f 2969 12445 6108 
f 10522 12129 2980 
f 9592 3147 10106 
f 6463 6248 7165 
f 1694 10619 3651 
f 4764 4220 5682 
f 4411 6346 5292 
f 8601 7457 5317 
f 9564 1160 11 
f 1913 9212 8763 
f 468 10155 3169 
f 7392 9396 9413 
f 1889 10416 655 
f 9851 9918 9163 
f 8142 9015 8743 
f 2834 2879 6608 
f 8849 6942 8700 
f 6019 2185 779 
f 12125 655 12424 
f 11307 3363 8064 
f 2975 8298 11492 
f 10627 8700 7271 
f 1780 561 12198 
f 5515 104 9978 
f 897 7509 10237 
f 3738 23 8585 
f 4071 7808 9333 
f 10835 4291 3078 
f 12206 8656 10532 
f 5579 7800 7204 
f 5018 2136 10975 
f 8021 10934 6039 
f 11560 8021 6039 
f 4318 6722 5372 
f 10934 11752 6039 
f 11752 10934 4319 
f 6766 5694 7259 
f 11340 11366 8758 
f 1210 9121 1108 
f 8009 24 732 
f 1143 2667 12111 
f 10253 9495 9400 
f 9094 1880 7896 
f 6038 6639 5272 
f 4140 9960 9513 
f 12041 5658 11286 
f 3273 3236 10917 
f 9586 8737 6487 
f 6122 2822 2990 
f 4823 7156 10880 
f 1496 204 748 
f 4261 11752 12003 
f 5688 9002 7395 
f 10154 4108 10267 
f 4868 7443 3542 
f 11348 5321 11363 
f 2818 10799 10694 
f 4419 3769 8500 
f 1109 696 279 
f 12003 5159 4261 
f 8225 9365 10020 
f 11965 3576 1544 
f 6859 5475 8340 
f 4154 7332 5811 
f 433 7336 10046 
f 12467 3650 5633 
f 5 12459 7659 
f 7101 5445 12174 
f 2047 10108 11146 
f 914 5631 8418 
f 6395 6401 5585 
f 3962 2956 8207 
f 422 9824 10130 
f 2079 6611 10775 
f 422 9448 9824 
f 4145 883 1179 
f 5933 6346 4411 
f 4948 7308 349 
f 40 9444 9127 
f 7455 9358 1232 
f 8278 8449 7810 
f 10147 6324 7435 
f 1244 336 622 
f 9852 7928 7119 
f 873 10969 2437 
f 3243 7810 8449 
f 6252 6497 10258 
f 6523 2679 4735 
f 1053 372 4999 
f 354 9211 8924 
f 4083 402 5315 
f 1504 725 798 
f 6694 3821 308 
f 8413 8720 8706 
f 5197 8180 11914 
f 7006 11575 8471 
f 6868 11448 3577 
f 8561 8119 7661 
f 5428 8449 7807 
f 12 448 10713 
f 10882 2385 8337 
f 3455 4836 3875 
f 10436 12269 1972 
f 6953 6083 7481 
f 47 10561 7636 
f 9972 4393 6196 
f 3522 3096 3084 
f 11464 4975 9283 
f 8232 5675 11411 
f 7798 2362 7278 
f 3240 2259 2895 
f 3272 2681 7863 
f 10171 8648 10925 
f 7326 6911 9519 
f 12027 9151 12007 
f 10508 3300 5390 
f 9211 354 10543 
f 7869 12393 1807 
f 1130 968 10822 
f 12414 8075 47 
f 9381 342 12458 
f 11842 10991 10650 
f 11402 4921 1084 
f 10413 8712 11892 
f 5413 745 9206 
f 5874 6652 3885 
f 2314 3015 12063 
f 1652 303 67 
f 697 3038 1332 
f 8194 7909 8775 
f 12470 10149 12061 
f 2931 7897 2240 
f 6296 6436 11152 
f 12092 10037 2702 
f 6982 3504 9570 
f 8459 12241 2847 
f 4930 5399 5628 
f 1406 8193 4121 
f 1251 12015 10688 
f 2008 5407 10918 
f 2485 909 4100 
f 8397 9810 8372 
f 5837 10320 5797 
f 6704 7002 9639 
f 8202 4271 3433 
f 11078 8125 8645 
f 3681 3683 10433 
f 9055 1675 1726 
f 6915 12083 10136 
f 7867 10060 3271 
f 3935 10995 11969 
f 4743 8882 4433 
f 5001 12031 3558 
f 7316 6862 9671 
f 3340 11427 11604 
f 12052 11230 12437 
f 10484 4963 10373 
f 2092 5189 6250 
f 8214 10167 8055 
f 3653 2332 2056 
f 772 9030 3372 
f 871 6665 6212 
f 9693 6212 6665 
f 9070 8271 10766 
f 6665 871 5183 
f 7373 12260 7330 
f 7400 6061 6012 
f 5311 11026 5171 
f 3275 3111 2012 
f 4222 386 5012 
f 4186 2082 4286 
f 4988 11550 8041 
f 575 9684 8398 
f 210 6321 8331 
f 59 5760 4459 
f 10796 1315 8578 
f 8224 11563 10974 
f 8704 9582 4664 
f 3764 7125 11014 
f 10402 9064 7663 
f 2662 158 11531 
f 11780 512 9013 
f 10455 9432 10807 
f 5742 10891 7783 
f 8812 10026 8225 
f 7325 5800 3632 
f 3493 4874 3260 
f 8497 8222 8217 
f 9995 7982 266 
f 11095 7900 1413 
f 7957 3770 8856 
f 9031 5202 2731 
f 12432 4761 8723 
f 4421 11405 4506 
f 1300 7966 2035 
f 8720 9273 9003 
f 8111 4728 1638 
f 68 3580 3457 
f 12040 10774 1163 
f 1534 422 7608 
f 4214 10945 9981 
f 10322 9273 10329 
f 11702 8156 1650 
f 1006 1338 3427 
f 10410 9334 2556 
f 8664 8562 1622 
f 1714 10628 9047 
f 5523 11866 2162 
f 4401 6868 10669 
f 12123 7011 8481 
f 7513 6223 1263 
f 8540 8308 9489 
f 3636 518 5820 
f 486 398 12475 
f 11007 2907 4228 
f 11040 10331 9589 
f 5257 4801 5488 
f 4545 7461 5138 
f 10687 5215 11814 
f 7353 8381 4713 
f 1020 3111 3275 
f 8577 9489 4487 
f 2692 4065 5057 
f 6756 11690 5880 
f 9686 4781 3153 
f 8725 8797 957 
f 9083 1105 10435 
f 3458 10187 1428 
f 11893 10514 2680 
f 10898 9145 8445 
f 10517 8541 7138 
f 10631 11268 3268 
f 9219 3114 11276 
f 336 199 159 
f 2971 5751 2559 
f 2926 10431 8559 
f 4037 285 881 
f 8912 9255 5401 
f 11755 121 6940 
f 3772 2998 6895 
f 863 1379 6437 
f 12101 539 8124 
f 9193 11590 7558 
f 3721 3730 5145 
f 12343 3464 12326 
f 852 6161 10625 
f 8813 2424 3208 
f 5145 5605 4898 
f 1472 6142 1161 
f 10932 12121 8116 
f 2716 10178 7649 
f 8263 2423 2004 
f 4080 10338 1243 
f 7343 606 114 
f 8425 11442 12387 
f 6978 4407 7011 
f 4151 10206 6499 
f 12304 10201 12419 
f 6791 8803 835 
f 8032 11537 513 
f 7056 9535 8847 
f 3579 10971 11778 
f 1153 5311 5446 
f 8560 1767 7595 
f 2930 3760 3777 
f 201 4303 4095 
f 6295 2178 11019 
f 8969 1825 11563 
f 7680 7405 8836 
f 9012 723 10206 
f 6238 2770 4733 
f 1174 11630 2534 
f 8593 3190 11432 
f 10417 8899 6274 
f 3155 9959 9142 
f 3771 8124 1192 
f 7167 782 5766 
f 4326 3467 1455 
f 2045 2581 2622 
f 5561 10665 12025 
f 2743 3381 3784 
f 10015 4700 2750 
f 11161 637 481 
f 12375 6111 9152 
f 335 2227 5029 
f 11140 3168 7814 
f 6256 2961 11575 
f 1730 11796 11787 
f 3524 73 1688 
f 1275 1059 1147 
f 2267 4652 8969 
f 11195 3664 10389 
f 6790 10893 9940 
f 5988 4529 2083 
f 9381 1043 342 
f 968 3074 5530 
f 5542 10685 8598 
f 6446 4837 12446 
f 9117 4526 9495 
f 3592 6161 1271 
f 6422 6385 11454 
f 2888 5100 9157 
f 5225 9375 5932 
f 2141 6624 6912 
f 77 3562 10624 
f 1645 7808 4071 
f 7214 10483 2958 
f 3560 3998 5183 
f 2095 12224 8603 
f 10592 9223 4489 
f 4996 7962 2659 
f 4505 10932 2987 
f 9158 7419 1942 
f 10057 10484 10388 
f 4422 6110 9315 
f 2504 1151 10397 
f 7596 7802 1003 
f 9281 6620 1772 
f 8131 11024 7510 
f 6467 4829 6805 
f 10397 9702 2504 
f 11269 2988 5892 
f 4360 11073 11009 
f 7363 6584 7929 
f 7950 2836 2852 
f 2769 2852 2836 
f 810 4782 2301 
f 1970 10805 1598 
f 11460 4915 7513 
f 2216 10131 5634 
f 7690 8243 7990 
f 810 10222 4782 
f 4516 1037 6362 
f 7725 1269 8825 
f 10958 8764 4993 
f 2069 2444 3067 
f 115 8274 12412 
f 3461 6814 9499 
f 6728 6957 10462 
f 8580 2790 7340 
f 291 3557 6955 
f 10786 4250 3871 
f 7481 5899 7223 
f 216 10083 4085 
f 3124 4339 9457 
f 11028 5897 6595 
f 8649 5821 6199 
f 8744 1577 1481 
f 259 193 393 
f 5178 6239 5824 
f 1744 11649 9059 
f 8147 203 549 
f 3216 10581 7858 
f 1240 562 5447 
f 7232 7514 4590 
f 11791 10305 203 
f 10790 7204 2452 
f 5666 3461 9499 
f 1888 1398 939 
f 11853 4953 11589 
f 576 868 5427 
f 9807 12191 1446 
f 9269 9003 9579 
f 5758 6827 6168 
f 7498 5186 2100 
f 11718 5128 5093 
f 1276 865 1281 
f 5579 5396 866 
f 11476 11079 10728 
f 267 10146 5212 
f 7549 4098 697 
f 9860 11423 844 
f 8466 10595 5715 
f 9059 7865 557 
f 11649 7865 9059 
f 3495 11075 11346 
f 5469 8400 2750 
f 3108 5422 1914 
f 10646 9596 11736 
f 12145 8640 6340 
f 10126 5688 9604 
f 9659 7140 6375 
f 9059 4800 1744 
f 12445 578 6151 
f 8622 6944 2103 
f 7586 6966 1407 
f 979 1586 1456 
f 12183 6335 10505 
f 6760 11599 6854 
f 11038 5878 10717 
f 256 3842 1325 
f 661 538 11402 
f 1669 10512 12280 
f 7487 7762 7494 
f 4607 10419 9302 
f 544 1353 10837 
f 8763 7755 1913 
f 379 10628 9090 
f 5625 5607 6222 
f 11240 5006 7598 
f 2081 899 1185 
f 2367 7940 7516 
f 5705 5268 6130 
f 3247 2900 3224 
f 4707 5846 2399 
f 4682 9566 10485 
f 1809 9552 5258 
f 11456 12252 12256 
f 2923 2571 3755 
f 1245 7163 11918 
f 7594 93 3301 
f 10487 9227 5326 
f 5757 5988 5351 
f 10249 1577 11732 
f 11 5569 4772 
f 3165 12283 2455 
f 9051 1257 1260 
f 5331 2429 1326 
f 7157 7165 8267 
f 6004 10023 11449 
f 4103 6965 11159 
f 3205 11827 10429 
f 11321 11338 11699 
f 2490 2333 2159 
f 5735 10041 9938 
f 6419 5607 6401 
f 636 1278 1277 
f 6984 3932 10047 
f 6434 3491 6996 
f 10122 7285 5849 
f 9512 5189 11399 
f 3625 9685 11093 
f 3270 2196 3912 
f 10047 11226 6984 
f 3775 5397 3906 
f 7192 5232 3660 
f 990 5827 2273 
f 8958 2694 695 
f 311 3840 3660 
f 4362 621 8043 
f 9416 9354 4152 
f 8747 1274 6549 
f 4072 12163 2649 
f 4217 4771 5481 
f 4028 4677 10264 
f 4636 5555 9875 
f 5362 3832 2468 
f 7441 6819 7230 
f 6461 12215 7152 
f 9734 4391 7787 
f 1158 4969 6116 
f 4463 2041 7396 
f 11178 9736 559 
f 10181 5937 9758 
f 40 5996 7584 
f 8306 1118 2578 
f 3343 3304 5506 
f 11781 1508 7001 
f 5434 5209 4736 
f 5915 2210 270 
f 10761 3242 2307 
f 2556 11668 10410 
f 3853 4244 3232 
f 7485 7488 1573 
f 691 682 541 
f 12300 10894 7358 
f 2830 3477 5294 
f 12130 11729 12146 
f 5134 9539 2982 
f 11887 9284 11512 
f 6970 3896 9349 
f 1861 783 3980 
f 6655 12351 6656 
f 6946 3435 9849 
f 7780 241 1585 
f 6161 852 1271 
f 4678 5981 10347 
f 8575 5162 7942 
f 11218 12429 11616 
f 12166 11528 8956 
f 7664 4287 8183 
f 5314 9374 1437 
f 7510 1337 1146 
f 11475 10394 5581 
f 9782 4940 6633 
f 9891 7244 12323 
f 1837 4184 8508 
f 11208 174 8176 
f 1197 696 5143 
f 3128 9340 7320 
f 10682 2522 7820 
f 7445 6450 11027 
f 11701 277 10326 
f 3637 7777 131 
f 3359 7888 12020 
f 496 4405 11068 
f 1289 5008 1476 
f 6699 5919 4506 
f 2358 4156 5045 
f 4977 10684 1159 
f 11690 6971 5273 
f 10234 6710 10178 
f 7883 10350 8748 
f 4816 6398 7203 
f 5537 5075 5540 
f 10045 580 2489 
f 3510 2067 2043 
f 6751 5443 7075 
f 2384 6747 5726 
f 10222 860 4782 
f 204 4884 569 
f 10344 2023 12266 
f 11482 10753 11493 
f 1616 2147 10642 
f 10961 3157 10140 
f 2583 3441 12207 
f 774 10530 8791 
f 7472 288 11868 
f 10449 12457 2142 
f 3078 4977 11678 
f 5659 8643 6905 
f 248 3189 4577 
f 335 5029 2558 
f 5642 3172 8236 
f 4167 8908 649 
f 9234 1270 2958 
f 3182 5095 9049 
f 401 5272 10016 
f 11071 9648 11484 
f 12121 11337 5972 
f 4086 3677 4657 
f 10924 4604 162 
f 82 426 490 
f 8392 10642 2147 
f 7690 7426 7652 
f 6187 6651 6627 
f 5011 12155 699 
f 3027 1920 7733 
f 4637 4642 5077 
f 9505 11464 11070 
f 891 1052 1000 
f 7746 1951 12117 
f 2439 4441 3366 
f 9297 10868 4316 
f 2889 2916 7338 
f 10449 2142 10323 
f 520 525 588 
f 6032 9849 5618 
f 5758 7327 6827 
f 10309 6010 11721 
f 10798 673 5291 
f 10909 1540 8599 
f 7488 7485 6938 
f 12069 1523 2827 
f 10059 5741 11970 
f 8436 8441 2352 
f 11831 1658 1842 
f 8835 2719 5127 
f 6172 6594 6171 
f 3528 6985 9548 
f 2623 363 6649 
f 8630 8315 9465 
f 2402 12279 190 
f 3344 11123 4141 
f 2792 1252 11785 
f 5209 5844 6288 
f 5714 5705 6130 
f 7215 5524 10095 
f 3909 9208 11682 
f 8150 10208 2202 
f 2994 1425 1386 
f 9559 10667 9244 
f 10408 7570 12327 
f 11861 3225 3489 
f 6728 10269 6957 
f 3530 3433 7846 
f 10809 3157 2676 
f 9631 1067 224 
f 2038 2049 9250 
f 2806 10060 3211 
f 11718 6773 7048 
f 11462 8691 2264 
f 7637 10566 11326 
f 8770 4865 7423 
f 4525 5648 5841 
f 9014 9587 7866 
f 1793 3369 8232 
f 5899 6748 7493 
f 7851 8127 8699 
f 9723 8584 10121 
f 4893 1857 6343 
f 2214 10878 6290 
f 3292 10663 9783 
f 10045 388 9534 
f 9750 3315 1112 
f 1491 10503 11892 
f 5253 9105 3893 
f 2093 896 1932 
f 3225 11251 2451 
f 11181 4471 1359 
f 6614 10185 3244 
f 6256 2312 826 
f 3435 6018 9849 
f 6344 1983 4355 
f 1858 9165 11352 
f 1869 2922 1024 
f 5893 10936 49 
f 8229 4718 5299 
f 8247 4839 4382 
f 4368 10177 10873 
f 6277 5853 6275 
f 9046 6857 8709 
f 8930 8673 542 
f 2607 1759 4627 
f 8318 7981 9993 
f 9053 1601 4841 
f 11880 6730 8588 
f 9805 1851 2421 
f 586 8578 1630 
f 7881 9314 8192 
f 5899 5483 4225 
f 4648 9503 2334 
f 5858 4624 10339 
f 3271 10060 2806 
f 5893 49 12254 
f 6752 11605 10046 
f 7445 7049 11838 
f 3120 2754 324 
f 6801 2451 5096 
f 7250 9415 12053 
f 12099 4976 8024 
f 8378 3862 1370 
f 11515 5047 10969 
f 106 4683 11542 
f 8607 8885 8600 
f 11405 2418 5287 
f 5240 3194 1813 
f 10339 3126 2553 
f 4103 5334 4592 
f 3363 11719 3044 
f 4358 10422 5511 
f 960 1753 2081 
f 6820 4449 5695 
f 10793 10935 6811 
f 1525 1086 951 
f 2059 8655 1562 
f 9580 10303 2322 
f 1451 12165 138 
f 6407 9160 5768 
f 10554 10562 11642 
f 3569 6655 613 
f 11224 4797 7709 
f 1659 11143 277 
f 11932 11201 6985 
f 12258 6528 1122 
f 6886 7370 6879 
f 8638 1223 10526 
f 8095 11896 11010 
f 1113 837 1568 
f 138 12165 1934 
f 11293 10000 6317 
f 4707 2399 7414 
f 5728 3635 5149 
f 9731 6062 6996 
f 10422 6156 5511 
f 2311 2303 9297 
f 3320 2061 2915 
f 10641 2322 10303 
f 3421 5777 8456 
f 1593 6688 7819 
f 2340 4278 4933 
f 3704 1410 8056 
f 5405 3968 5053 
f 6153 5296 6138 
f 10249 7754 12124 
f 2365 1811 2036 
f 3797 352 8255 
f 1810 8897 6690 
f 1122 6528 9327 
f 395 5040 4016 
f 4892 2675 3897 
f 1788 5124 11899 
f 9682 10030 9680 
f 11238 7745 11636 
f 9726 7948 12166 
f 8763 3197 7755 
f 6148 6802 6368 
f 7473 6854 11599 
f 11124 9387 9692 
f 1845 7113 11445 
f 806 832 893 
f 5976 9743 674 
f 10303 103 1009 
f 8427 9282 9290 
f 10148 6645 3031 
f 11315 326 11394 
f 10684 8116 8663 
f 9534 2874 10045 
f 1540 6590 8599 
f 2769 2926 2852 
f 3444 6461 9809 
f 2140 11815 986 
f 8006 12346 12271 
f 6732 6288 7196 
f 3341 3154 3986 
f 3037 2207 4406 
f 6918 12045 1282 
f 4459 1374 11670 
f 604 4937 5675 
f 5813 4484 10075 
f 8432 84 7702 
f 5682 6082 4764 
f 4057 1906 4766 
f 10140 3302 2632 
f 3311 6719 3686 
f 5180 9342 5589 
f 1009 532 10641 
f 10573 6500 11217 
f 605 1933 7534 
f 444 10789 982 
f 9872 11037 5388 
f 2691 916 5359 
f 10665 5561 4137 
f 7283 7556 7280 
f 2562 3184 8521 
f 4999 4398 1053 
f 6272 5358 4202 
f 12296 732 24 
f 5570 486 4267 
f 3677 3882 3471 
f 1411 1247 11792 
f 532 3092 7346 
f 9365 10026 10020 
f 1009 3092 532 
f 11513 3330 12112 
f 6918 7670 11184 
f 458 5567 2549 
f 11625 12438 11232 
f 11932 6985 941 
f 11662 5996 5640 
f 8884 4576 9409 
f 5668 2605 9915 
f 10299 2562 8339 
f 2562 10299 11113 
f 10572 2037 11308 
f 3252 5552 6204 
f 2234 3605 11611 
f 6644 7889 674 
f 6377 10183 7670 
f 905 755 1312 
f 9116 1588 8502 
f 7346 3092 6636 
f 10328 12435 10608 
f 10173 5330 9495 
f 10726 10358 9624 
f 8681 8615 6299 
f 11184 7670 8822 
f 2790 11708 1789 
f 9793 5198 8378 
f 9692 10052 10430 
f 8101 8396 8693 
f 8867 4547 3973 
f 4280 7062 10182 
f 5359 8062 3123 
f 310 284 1400 
f 3702 4322 12392 
f 9947 10210 7828 
f 12064 1021 8020 
f 8561 11677 11511 
f 9120 7444 12428 
f 8542 11882 210 
f 7113 8279 3812 
f 8339 2562 2121 
f 7113 3812 5941 
f 4448 6900 4795 
f 1389 10092 4155 
f 2645 9023 4280 
f 424 8501 9708 
f 10126 8880 8865 
f 3212 441 11533 
f 1795 1103 1536 
f 8585 1727 9688 
f 7947 11919 5635 
f 6541 367 5097 
f 9144 7250 11831 
f 10711 12255 7984 
f 11954 6160 2289 
f 783 1861 9331 
f 1693 10082 12285 
f 12311 11271 7606 
f 5635 2461 11886 
f 9882 11985 4467 
f 4944 8284 12196 
f 11247 2481 3568 
f 7705 10580 7712 
f 440 7830 11383 
f 7617 2738 4662 
f 3812 8279 8181 
f 9577 279 8977 
f 1168 10140 3157 
f 8475 3420 4029 
f 2378 9768 10221 
f 9642 2606 12399 
f 9620 9808 10040 
f 1232 10916 9533 
f 10211 5888 6094 
f 2679 4252 1867 
f 10924 162 12275 
f 1518 11912 6278 
f 5793 12296 24 
f 1134 8535 6848 
f 6152 6798 6357 
f 11985 5053 4467 
f 1991 7559 5000 
f 3815 4220 4556 
f 11343 11336 11350 
f 6837 5297 6025 
f 3633 3089 6913 
f 4871 10016 6639 
f 5053 10881 8935 
f 7722 12120 8491 
f 11156 10468 8568 
f 5999 5052 11132 
f 10978 10868 8387 
f 1998 5009 9914 
f 3078 11678 10835 
f 11695 1177 10113 
f 5598 10883 10737 
f 8239 8536 8838 
f 4605 4594 4598 
f 6832 6594 7859 
f 7331 1177 1962 
f 10246 10826 6053 
f 7784 3574 7007 
f 705 4000 7442 
f 10194 7842 8876 
f 9687 9363 8239 
f 11271 6456 3873 
f 3187 3615 3614 
f 668 5405 8935 
f 6152 5537 5540 
f 6836 828 4755 
f 4213 10779 1533 
f 1048 9889 9896 
f 4055 1201 668 
f 8953 2701 7950 
f 5383 6137 6303 
f 2285 3179 10501 
f 6489 11986 8652 
f 5528 4942 11227 
f 8928 9142 6865 
f 4599 7526 4202 
f 5093 1115 11718 
f 9369 5784 3672 
f 3604 2268 11549 
f 6166 119 3240 
f 2480 155 1658 
f 721 6254 10803 
f 9159 8076 11731 
f 6205 2340 6136 
f 506 953 10576 
f 4061 81 11837 
f 9129 7422 8874 
f 4621 5063 4832 
f 6191 5582 4895 
f 7396 2721 4950 
f 5892 9039 11269 
f 8959 2870 9584 
f 5774 1566 502 
f 1617 9020 8617 
f 9810 2953 1999 
f 1306 1003 8510 
f 5975 11837 81 
f 5129 6268 6901 
f 2066 2780 3175 
f 4791 10167 8214 
f 7083 11416 1392 
f 9281 12389 6620 
f 5491 12232 457 
f 12005 8227 11204 
f 4591 8904 11017 
f 2834 12104 2879 
f 12368 9697 2417 
f 1364 6580 5912 
f 10218 7182 398 
f 10588 4389 11440 
f 4518 5419 5178 
f 9339 8204 9076 
f 4997 1643 12439 
f 10297 2837 5197 
f 7943 8619 8534 
f 3059 2244 8091 
f 3452 10488 5203 
f 3711 5510 8117 
f 680 3505 6833 
f 9790 11231 10449 
f 3079 1832 2762 
f 9020 10452 8961 
f 10797 4613 1775 
f 11314 10752 428 
f 9543 9463 1084 
f 6471 7238 7970 
f 3449 11714 1477 
f 2973 5825 10347 
f 2894 7351 1148 
f 8961 10452 6673 
f 3639 11619 454 
f 11213 6869 7914 
f 3184 8164 10850 
f 8052 10081 1821 
f 9743 7569 7716 
f 10219 10562 10207 
f 1409 3623 8602 
f 9114 8558 4078 
f 8640 9949 7430 
f 9858 10239 12132 
f 4645 4637 3876 
f 11477 8052 2860 
f 7572 9423 665 
f 1110 1127 7732 
f 5479 5213 3843 
f 4733 8090 7326 
f 2134 6050 8390 
f 7308 8489 2192 
f 6234 9498 7503 
f 11675 1939 10215 
f 5391 8505 10441 
f 7681 9663 9673 
f 7621 1066 2484 
f 6226 12208 5653 
f 9493 1567 3118 
f 7757 12446 11364 
f 2350 3375 5463 
f 3977 4029 2536 
f 4876 1212 9009 
f 11336 11338 11321 
f 1138 10681 7315 
f 4249 7397 11326 
f 5805 7784 9593 
f 7251 37 909 
f 6161 1020 3275 
f 8549 8601 2500 
f 6230 6020 6022 
f 5275 3266 1767 
f 6248 6463 5419 
f 2985 2989 3389 
f 9887 8205 5756 
f 11617 11385 7625 
f 6324 6653 6881 
f 5687 6072 1786 
f 3612 518 7115 
f 3808 4175 907 
f 8100 7957 7036 
f 3546 10902 2277 
f 11059 12392 4322 
f 9524 46 10681 
f 10510 5934 5217 
f 2457 1931 8543 
f 325 251 3535 
f 10312 11812 11114 
f 6364 906 7767 
f 6121 10294 5011 
f 906 144 11822 
f 7582 11644 3358 
f 7210 5210 5888 
f 6078 4972 5491 
f 2789 3626 3181 
f 2566 10944 8535 
f 9392 4100 10740 
f 323 305 253 
f 6486 358 2636 
f 4230 11006 8147 
f 652 8874 11878 
f 2139 8029 3734 
f 7958 11688 1993 
f 4805 486 571 
f 8741 7878 8748 
f 9524 10681 1348 
f 10802 10942 10840 
f 1933 5179 7534 
f 993 6892 2112 
f 2583 12207 7471 
f 2350 11258 5146 
f 8595 8883 8584 
f 11962 9902 2768 
f 7790 2358 6180 
f 6067 10225 6348 
f 9322 6812 8382 
f 666 11260 6125 
f 3056 6077 8985 
f 11824 5476 8825 
f 6230 6685 5831 
f 9812 5471 9337 
f 5890 12290 6376 
f 9362 1219 9104 
f 4424 612 2546 
f 608 8792 1145 
f 8944 5466 7848 
f 5357 807 554 
f 8372 4010 10403 
f 9344 10913 5244 
f 8952 8951 8667 
f 9966 6376 12290 
f 12370 1205 6064 
f 2655 10739 11509 
f 5719 10804 6958 
f 7785 8924 9325 
f 2410 9652 7174 
f 1990 11085 8173 
f 1000 11519 11339 
f 5147 2019 934 
f 3021 11495 1954 
f 458 2549 387 
f 6201 10021 9081 
f 12183 11503 5247 
f 3837 10736 3972 
f 4268 1279 9299 
f 11236 5606 11748 
f 5517 2551 154 
f 9559 9244 8693 
f 10322 12234 10683 
f 4282 4924 5168 
f 8463 6190 5322 
f 7826 9127 9444 
f 9178 8312 8618 
f 9596 363 11736 
f 8867 3745 328 
f 12161 8689 5459 
f 11770 101 10644 
f 6693 749 1906 
f 2664 2663 1989 
f 9153 10410 5006 
f 6540 10744 4477 
f 898 3692 4404 
f 12290 5890 5727 
f 12147 7841 5220 
f 1538 4127 8426 
f 1026 3895 8523 
f 11706 7845 654 
f 9526 10270 9881 
f 4762 8108 11938 
f 5606 5748 5890 
f 4724 10475 10862 
f 5606 1111 5748 
f 9632 1315 9880 
f 1918 1728 9764 
f 10288 9257 8997 
f 6686 4050 7796 
f 5890 6444 5727 
f 1153 5446 6759 
f 10620 9403 10460 
f 8644 1028 1825 
f 8810 7992 4237 
f 7329 12314 1558 
f 2489 4966 7861 
f 7414 4040 4707 
f 2943 7964 6862 
f 6444 9376 2925 
f 12335 12357 11015 
f 4820 11790 4580 
f 8587 3577 12348 
f 8423 10699 9015 
f 3081 5676 9238 
f 9494 10453 2650 
f 1220 1217 1119 
f 4703 8025 6657 
f 5263 2643 11771 
f 3335 3136 3559 
f 5748 9082 5890 
f 2320 926 3925 
f 6059 1883 11643 
f 11594 3868 793 
f 1892 2925 9376 
f 3849 2616 3988 
f 4012 543 6236 
f 570 2005 6428 
f 6444 5890 9082 
f 1550 10747 6049 
f 2040 9238 4873 
f 5694 6766 6261 
f 8057 6748 6750 
f 3884 10826 10246 
f 2018 7227 9538 
f 1965 10072 1512 
f 4590 9102 7232 
f 3616 5157 2355 
f 7128 8727 7737 
f 5112 7706 8733 
f 9532 2055 10646 
f 394 10646 2055 
f 9376 6444 4058 
f 2804 6379 8704 
f 11195 5937 11624 
f 537 3279 3178 
f 3002 8006 10369 
f 10920 2964 8715 
f 10649 1199 2409 
f 6509 10197 8035 
f 8542 210 3658 
f 10814 400 1246 
f 3804 1011 3916 
f 1755 3799 6404 
f 1594 9407 9266 
f 9614 7011 3883 
f 2602 11161 481 
f 2201 1812 2179 
f 11583 3854 6826 
f 10613 11484 12312 
f 2569 10491 2530 
f 8019 7739 9436 
f 59 3696 5760 
f 1936 4686 2542 
f 11707 6559 48 
f 9082 5387 4058 
f 5676 9532 4873 
f 11387 168 3287 
f 6810 5695 1583 
f 9236 10220 9019 
f 6293 6286 5457 
f 10779 1442 1346 
f 6464 11641 142 
f 6824 8179 9911 
f 4058 5387 3693 
f 3043 10361 8082 
f 4481 2975 5095 
f 10670 10227 7656 
f 3081 2310 6788 
f 1093 9532 6242 
f 11261 12322 5593 
f 2591 2453 3475 
f 4760 7125 8754 
f 7618 4558 7705 
f 9559 10671 10667 
f 4327 5474 3140 
f 7219 8305 204 
f 3703 283 4917 
f 1435 1622 8562 
f 1936 8017 2920 
f 10013 3130 12168 
f 3761 3755 2573 
f 7587 8385 9419 
f 1872 8391 4686 
f 3305 1421 2510 
f 4430 6014 1561 
f 5348 2807 4730 
f 7564 4812 2435 
f 10306 4269 9864 
f 7091 6869 4047 
f 8017 2034 7056 
f 8463 5750 275 
f 7429 3424 3748 
f 3449 1477 1567 
f 8193 438 8518 
f 6443 7127 7669 
f 10343 11455 10704 
f 1874 4590 7514 
f 2920 8017 7056 
f 11794 11106 5707 
f 11402 538 4921 
f 9585 8998 8027 
f 6581 1204 5514 
f 2822 6122 8133 
f 1750 1791 8559 
f 4858 4450 645 
f 8101 8096 7553 
f 7475 7584 10287 
f 7614 9026 7064 
f 2963 3041 7952 
f 857 12224 11157 
f 1623 2404 7557 
f 8044 134 2800 
f 5468 3175 10422 
f 6745 11963 1286 
f 10865 9209 3023 
f 2502 7434 2766 
f 10960 7848 5466 
f 7432 747 1268 
f 7701 7035 3788 
f 4326 3428 8852 
f 2954 7799 1234 
f 6138 6784 6999 
f 7824 7293 8121 
f 1189 4924 8821 
f 2849 2681 124 
f 9494 6855 10453 
f 11137 10442 7736 
f 139 2175 9608 
f 8408 4720 4783 
f 10363 9750 3878 
f 7799 4858 5064 
f 6974 3221 9213 
f 4655 2843 11689 
f 5318 5274 11930 
f 5886 10840 12295 
f 2444 2069 3665 
f 4858 2954 4450 
f 4150 7564 2087 
f 5203 10425 11274 
f 8919 8338 6135 
f 4858 7799 2954 
f 3739 4139 4491 
f 4601 8190 7522 
f 7799 9567 1234 
f 7522 10040 6247 
f 7326 1022 8817 
f 9712 9834 480 
f 6242 6788 7871 
f 7870 1426 5881 
f 6091 12380 8042 
f 6326 3000 4279 
f 9273 8720 9288 
f 10435 1105 3814 
f 11386 859 10372 
f 4103 4592 6965 
f 11970 7345 1022 
f 2693 2196 3270 
f 10562 12103 11291 
f 6672 9761 4557 
f 8149 3193 2077 
f 11642 10712 11634 
f 6636 8370 6132 
f 2224 3699 11322 
f 12252 10994 3417 
f 1903 1740 1227 
f 8861 8890 6937 
f 5696 610 9096 
f 8847 9535 11322 
f 600 8376 7583 
f 9041 7377 8409 
f 9567 7781 1234 
f 11538 5800 2376 
f 8102 10158 9798 
f 3169 4257 1801 
f 6697 1894 6226 
f 6606 6237 5531 
f 5485 10802 10840 
f 4481 5095 9713 
f 8166 11513 12112 
f 8025 12487 6657 
f 5189 9512 9562 
f 8908 1573 10650 
f 7765 7542 4309 
f 1968 3323 10980 
f 4866 4646 5779 
f 177 1761 8725 
f 6133 10831 610 
f 8422 6978 1186 
f 1544 9627 1506 
f 7611 3934 2987 
f 6454 4629 2518 
f 7171 1973 11135 
f 2422 12471 1195 
f 3007 7988 1854 
f 7002 7867 11983 
f 4440 10733 761 
f 12412 7787 5117 
f 3546 5201 10902 
f 2924 6189 726 
f 5877 12210 10321 
f 5244 705 903 
f 2617 1284 10396 
f 5946 2750 9226 
f 11379 7388 7674 
f 3727 6588 7212 
f 9100 10428 9687 
f 4992 3034 7972 
f 7972 3034 8688 
f 8727 5769 5430 
f 8853 11535 10058 
f 4511 1780 2507 
f 8748 7878 7613 
f 400 8283 1807 
f 5164 11315 11394 
f 149 11022 5196 
f 4856 2548 6927 
f 2986 4530 7268 
f 5718 5177 11181 
f 1179 883 7701 
f 6129 632 12485 
f 2719 4900 4457 
f 6786 3060 11807 
f 3752 8523 10623 
f 3602 12478 11742 
f 2098 7067 9427 
f 3372 7244 9548 
f 11837 9871 9996 
f 3698 6751 2967 
f 3182 11030 11494 
f 10398 1747 6372 
f 314 4376 4333 
f 5874 12118 6652 
f 3382 7218 5330 
f 5909 11132 5052 
f 10233 4794 7726 
f 9901 5821 7677 
f 744 11840 2200 
f 4546 8110 12032 
f 1930 12216 3719 
f 847 1136 622 
f 10714 8772 10773 
f 6262 2840 2831 
f 3784 8610 3898 
f 11738 6875 10098 
f 744 2200 4138 
f 9660 11219 4331 
f 1667 2947 1441 
f 5856 5099 473 
f 11132 5909 10912 
f 5789 10281 9861 
f 3501 6837 6663 
f 4143 2545 10278 
f 8071 2399 5846 
f 1029 2939 1669 
f 5989 2544 6028 
f 9665 5701 11219 
f 5477 11909 1941 
f 10317 5238 11053 
f 2828 3049 2641 
f 8791 10170 3645 
f 9058 4346 2225 
f 12360 12207 3441 
f 3424 11959 3748 
f 9335 2060 3610 
f 11642 11634 10186 
f 11449 8854 6004 
f 7138 4122 7675 
f 3117 2412 2923 
f 11904 8118 3044 
f 2426 2263 2761 
f 1698 4658 6219 
f 6519 6732 7202 
f 10968 12411 10997 
f 3328 9334 12367 
f 3121 1879 1493 
f 4995 2018 11328 
f 7279 4104 2808 
f 12483 9823 6167 
f 8858 2250 10930 
f 10173 3382 5330 
f 7927 11160 2155 
f 12037 8711 3656 
f 1081 4842 4282 
f 5234 4771 5671 
f 4180 4174 4736 
f 5185 9283 5723 
f 6877 440 12131 
f 7028 12365 8938 
f 11567 5450 6545 
f 11580 2678 11094 
f 10848 273 9461 
f 9181 10935 4616 
f 934 5953 5147 
f 1405 3768 590 
f 4366 7035 3887 
f 2026 1749 3191 
f 12318 8242 430 
f 2175 139 7455 
f 2304 6883 2599 
f 7726 7391 901 
f 9486 9843 11604 
f 733 3819 3570 
f 6721 8192 3891 
f 3890 5383 9080 
f 2601 10923 2882 
f 6030 4943 4955 
f 6063 5222 8072 
f 130 4459 12076 
f 646 2248 266 
f 4331 10387 11300 
f 11182 6568 8199 
f 9759 1603 4738 
f 1395 11450 11294 
f 8149 2077 5583 
f 4404 3692 12192 
f 10970 9187 5977 
f 9314 6648 3891 
f 6093 3130 8286 
f 4412 4621 3454 
f 1010 12010 1313 
f 8913 2812 9261 
f 11655 5773 11712 
f 442 7531 6721 
f 9283 4975 6454 
f 8403 8067 10564 
f 11845 337 7269 
f 1484 9956 4614 
f 2086 12024 8487 
f 3641 8845 11142 
f 125 1831 8655 
f 10921 4854 4153 
f 11142 8798 2199 
f 7288 5441 11834 
f 504 8918 5773 
f 4919 6405 6481 
f 8064 12380 11307 
f 11300 10387 9476 
f 6028 3641 2280 
f 1382 10907 311 
f 8343 6779 7527 
f 7081 8585 2690 
f 4687 11752 3685 
f 3819 708 4499 
f 11139 10648 633 
f 8037 3771 1192 
f 517 11010 6772 
f 5773 8918 1202 
f 3626 2789 3196 
f 6486 6960 3983 
f 10975 2136 3581 
f 8803 10284 835 
f 1360 9917 12253 
f 9144 9415 7250 
f 2220 11413 11740 
f 10895 10152 10523 
f 11307 10499 762 
f 10475 4790 2384 
f 5393 10589 2787 
f 8999 8706 9003 
f 5404 6457 3899 
f 797 8761 8088 
f 6272 4679 8236 
f 11416 7083 5499 
f 12469 10034 12455 
f 2255 1227 7272 
f 3333 334 3772 
f 1101 7224 912 
f 5863 282 4709 
f 4819 4605 4608 
f 9209 435 4706 
f 435 9209 10865 
f 4328 3562 10136 
f 2453 6927 3385 
f 11276 7288 1692 
f 6553 5133 11657 
f 1524 1214 12161 
f 1598 11845 7269 
f 578 738 11258 
f 722 7651 1375 
f 11307 630 10499 
f 6729 4068 917 
f 4891 1781 6888 
f 8249 9191 773 
f 5913 5634 10131 
f 9113 10943 9480 
f 2608 2557 11891 
f 329 8042 12380 
f 3845 2618 3214 
f 5651 2338 3125 
f 8649 6683 7361 
f 11750 5562 11532 
f 329 12380 8064 
f 8780 8365 2555 
f 9735 10457 11148 
f 3926 10955 5521 
f 9393 4126 8553 
f 6445 6651 6030 
f 10430 12338 11124 
f 12266 10551 10344 
f 9223 10298 2944 
f 2198 7406 5191 
f 8004 9404 7454 
f 2893 1850 3244 
f 837 689 393 
f 11522 712 2485 
f 11257 8420 10439 
f 6414 11353 6211 
f 6815 5365 9950 
f 12357 5642 8236 
f 1658 3951 8504 
f 9080 5383 6303 
f 7631 4716 12039 
f 4654 4734 7363 
f 2402 1704 3412 
f 1075 2896 1394 
f 1572 7720 2698 
f 9595 2264 8691 
f 352 8039 8255 
f 1376 1614 1489 
f 6127 5137 5911 
f 8352 9562 9512 
f 11190 11993 3793 
f 11539 7774 5911 
f 2816 4430 2099 
f 11547 11564 11171 
f 2765 3338 6256 
f 12163 4072 10888 
f 2749 2574 2252 
f 5921 2072 10777 
f 11854 10351 11847 
f 889 6192 5028 
f 7769 11442 4216 
f 5310 5940 2541 
f 11808 1432 5099 
f 58 7359 8470 
f 6960 4475 11057 
f 2683 10180 6617 
f 9948 1986 8979 
f 8715 8103 568 
f 9553 1402 9245 
f 7710 10717 6075 
f 11383 12314 7329 
f 4237 2506 8810 
f 7731 3314 5898 
f 9487 265 1709 
f 3446 3565 8627 
f 8315 7508 8050 
f 4475 6960 10493 
f 3199 9914 7480 
f 11483 7635 10609 
f 4096 6479 11613 
f 3192 4866 4850 
f 5815 3035 3691 
f 7288 10801 5441 
f 11684 78 3589 
f 9132 5717 327 
f 8618 9183 9178 
f 8587 12348 1501 
f 270 2171 12463 
f 6189 92 726 
f 4420 7418 6089 
f 2154 12018 8835 
f 9573 11266 11035 
f 6093 512 3130 
f 10515 12169 1302 
f 9014 9944 9590 
f 11437 12220 12241 
f 4957 1454 5478 
f 6872 813 10111 
f 8326 6931 5365 
f 6520 11688 413 
f 3824 2404 1623 
f 2750 1122 9226 
f 11065 8286 4566 
f 6762 5413 4603 
f 7101 5056 4423 
f 2254 3061 3502 
f 5413 6762 11056 
f 3640 3003 3210 
f 9418 11056 5183 
f 6872 4619 9392 
f 2035 2566 3999 
f 1388 5871 10177 
f 5183 11056 6762 
f 5478 2621 491 
f 8837 4064 5258 
f 5653 12208 9647 
f 4439 7798 5850 
f 3240 8794 2259 
f 11872 8091 8169 
f 492 1557 5802 
f 7683 1381 7344 
f 2119 2116 2108 
f 11769 563 10703 
f 846 5485 9402 
f 10921 6438 4854 
f 2750 2380 1122 
f 2153 2173 1900 
f 12419 40 11744 
f 11717 4569 12316 
f 1585 1582 2606 
f 5841 4741 4525 
f 225 12402 1654 
f 9789 8731 2807 
f 3766 3587 2438 
f 1947 9756 6097 
f 11169 4919 686 
f 1876 10375 10360 
f 3573 2937 3787 
f 7709 4797 2643 
f 5103 6212 9693 
f 10565 6842 3728 
f 9792 2964 11841 
f 1439 3908 9297 
f 6314 8742 9492 
f 9819 3571 1229 
f 11098 10215 3967 
f 10275 6332 6478 
f 9763 10585 5195 
f 10756 5297 3859 
f 4922 8468 4936 
f 10677 11040 9267 
f 3331 191 1600 
f 7900 10033 10723 
f 6142 8653 10083 
f 6571 4682 10485 
f 10638 12383 4731 
f 571 621 4362 
f 10955 5104 8716 
f 11552 868 1840 
f 2930 3757 3760 
f 1234 4105 2954 
f 99 184 70 
f 7440 2239 10693 
f 226 10614 10408 
f 3872 11529 596 
f 1427 1969 10000 
f 2065 2692 7222 
f 4541 9065 1453 
f 2464 2809 2618 
f 7414 558 4040 
f 10835 7611 4291 
f 9837 8466 11948 
f 8856 3770 9594 
f 4589 5873 11227 
f 8333 1758 8609 
f 4549 478 7410 
f 10281 12273 2127 
f 4673 3493 2885 
f 285 2287 7623 
f 11431 12222 10293 
f 3445 7914 6869 
f 7812 7270 8097 
f 10137 9029 5740 
f 7291 10403 12487 
f 11637 4572 7189 
f 8186 6204 6676 
f 3353 1965 1512 
f 1922 5969 8452 
f 3502 7916 4777 
f 7735 8010 11295 
f 5987 7497 2449 
f 10338 5215 10687 
f 1106 4514 7825 
f 5799 3537 3720 
f 11581 1150 5656 
f 4504 1500 6550 
f 2840 6262 3402 
f 5333 11602 9640 
f 9288 8136 9293 
f 5208 8841 11536 
f 10368 6931 8326 
f 4414 4080 9386 
f 8461 9463 572 
f 2455 474 6170 
f 1826 322 10097 
f 5093 932 12139 
f 5530 10415 11803 
f 2243 5612 2369 
f 5286 9843 9486 
f 4690 4414 9550 
f 4089 4645 3880 
f 346 3018 8503 
f 3394 7407 7003 
f 4965 6845 1031 
f 2835 7633 2298 
f 3369 3830 3594 
f 624 5971 5670 
f 1357 5848 5914 
f 12111 11920 1143 
f 11741 6507 4619 
f 11551 2093 7912 
f 6804 7012 6803 
f 5762 6177 4874 
f 10126 8865 2397 
f 8388 7811 8374 
f 11115 12139 932 
f 2574 3129 2934 
f 1174 2534 788 
f 8621 6169 2996 
f 10617 3855 4469 
f 10619 676 10864 
f 6270 3855 10617 
f 5372 1983 4318 
f 11703 3200 3233 
f 1976 11591 10464 
f 11374 11246 3762 
f 9979 10307 7540 
f 11552 1840 10080 
f 7054 11790 4254 
f 5930 7061 9958 
f 3241 3743 5486 
f 9200 4776 9146 
f 3060 10723 11807 
f 1676 7401 1815 
f 4505 10795 2460 
f 8013 11890 8069 
f 8668 2951 6626 
f 1746 9664 7098 
f 7406 10279 12227 
f 5067 2270 9104 
f 242 2332 2460 
f 4902 9829 11714 
f 9604 7395 11991 
f 2460 2332 9147 
f 100 10927 3406 
f 10222 7497 10120 
f 1412 9356 10254 
f 9634 8215 7932 
f 8484 12097 11916 
f 11005 4470 1682 
f 724 6921 1049 
f 1621 2679 12203 
f 448 12 2507 
f 10388 10373 4088 
f 6092 6534 7354 
f 1312 1316 1661 
f 9774 8304 8393 
f 9431 5631 5091 
f 1151 9016 10397 
f 4289 12421 11820 
f 3130 11780 12168 
f 7211 1764 3224 
f 5690 795 11162 
f 2603 5451 2100 
f 2223 1896 10472 
f 549 203 10305 
f 5760 6494 1374 
f 12373 10853 12080 
f 289 11569 5520 
f 4497 11908 10518 
f 11648 6997 1251 
f 1245 4459 130 
f 7967 7371 7403 
f 11681 5066 7413 
f 3547 4323 3757 
f 5992 11544 3499 
f 6530 9617 120 
f 3461 7052 7865 
f 8012 7076 12085 
f 9031 8558 6484 
f 11822 5596 6769 
f 5868 3720 3537 
f 6849 647 106 
f 3218 5764 10897 
f 587 3819 4499 
f 5703 2405 11481 
f 10780 994 4451 
f 8139 167 5916 
f 7846 12190 3530 
f 8101 7553 7824 
f 5981 4678 5823 
f 4993 6408 10958 
f 1498 1927 12288 
f 4777 7916 3491 
f 1174 27 7003 
f 11307 6091 630 
f 134 7675 349 
f 11771 417 6442 
f 3285 11461 12196 
f 6077 3056 12177 
f 2180 6436 3327 
f 10270 11004 10998 
f 4098 3038 697 
f 4499 3056 2960 
f 577 6823 10722 
f 2909 7092 9894 
f 573 11640 6381 
f 10507 11764 1823 
f 1272 1068 12494 
f 10505 6335 12450 
f 5140 1057 766 
f 1944 4222 8046 
f 8786 9843 11177 
f 184 574 70 
f 12055 8311 2719 
f 2062 10188 5390 
f 10079 9599 10330 
f 7521 10166 9197 
f 10229 11540 4852 
f 6691 5154 8474 
f 5126 3212 9540 
f 672 481 989 
f 2797 2448 3401 
f 10956 10948 9496 
f 12267 3020 5719 
f 5929 9268 7612 
f 9956 775 11428 
f 12268 3554 3989 
f 9895 9244 10667 
f 10388 7483 2590 
f 3045 2667 9611 
f 8953 7950 6455 
f 4120 6814 188 
f 1479 6754 10846 
f 6460 11479 880 
f 3801 7026 10712 
f 11464 9505 4975 
f 8132 6356 863 
f 7563 7556 7283 
f 30 7439 8395 
f 4051 10860 552 
f 5030 4050 6686 
f 3042 3448 3030 
f 532 7346 9000 
f 1179 4622 5082 
f 11387 1864 5324 
f 1610 9630 4242 
f 5182 7231 7727 
f 6949 5840 6140 
f 3932 11403 987 
f 11532 7992 11750 
f 2987 10932 4291 
f 12474 3552 3083 
f 2979 9766 6996 
f 8631 3800 2188 
f 9626 10361 10782 
f 12349 3185 7620 
f 6148 6368 5737 
f 443 11837 5975 
f 175 158 4517 
f 5711 4466 1818 
f 4472 6499 6535 
f 7136 12416 6093 
f 11619 9942 7574 
f 8878 735 10678 
f 7416 55 5979 
f 391 8565 11015 
f 5906 1984 2339 
f 5305 11866 5523 
f 11285 7089 5244 
f 6281 7676 10989 
f 2350 7843 4124 
f 5902 8296 7626 
f 6966 1114 238 
f 10512 9581 4992 
f 106 647 6951 
f 5318 5403 3295 
f 8446 11243 7530 
f 7418 12105 6089 
f 10352 9081 8841 
f 2823 2471 3047 
f 2355 5157 10873 
f 391 3416 8565 
f 8966 8024 1483 
f 1453 5651 4541 
f 6526 2737 7877 
f 1029 1669 9601 
f 6772 7410 517 
f 10478 4195 3013 
f 5098 8306 3810 
f 1118 8306 5098 
f 3390 2488 4680 
f 2558 10228 11269 
f 4869 9336 4171 
f 12442 647 6984 
f 3810 9910 12481 
f 3308 7340 2105 
f 2442 5098 1175 
f 6870 7188 955 
f 5058 5065 6360 
f 1666 7687 4507 
f 7211 8629 6807 
f 813 2601 5799 
f 5884 5533 6306 
f 5296 4643 4836 
f 9708 11601 424 
f 1693 11995 10082 
f 12330 582 2994 
f 3810 8306 4129 
f 8789 2853 2235 
f 3708 2088 3510 
f 6793 3953 3835 
f 12377 10973 4883 
f 1467 5341 11767 
f 12268 5176 1878 
f 6349 6347 5527 
f 7157 8225 7134 
f 8789 9329 2853 
f 10240 9158 1942 
f 9928 1871 7045 
f 11733 3999 8723 
f 6737 6514 6502 
f 9592 10106 8347 
f 10061 1282 10770 
f 12355 11853 6384 
f 9849 6032 6946 
f 2743 5880 3381 
f 3724 11923 6943 
f 5104 4197 8716 
f 11770 5726 5769 
f 3810 4129 9910 
f 5223 2968 6611 
f 5737 5543 5734 
f 274 7499 11062 
f 10403 7291 8372 
f 9169 1088 2110 
f 553 8093 11599 
f 888 10737 10156 
f 4232 9023 11605 
f 2304 8437 6883 
f 10986 9873 11378 
f 1725 6417 7551 
f 8306 10824 4129 
f 2960 9191 8249 
f 8246 302 3392 
f 9496 8946 10956 
f 7050 1941 11909 
f 7635 1729 6013 
f 7828 10210 6603 
f 255 1269 10701 
f 1682 11364 11005 
f 741 4 9927 
f 8510 7802 7596 
f 8306 9607 10824 
f 4978 3710 7999 
f 4969 2204 6116 
f 10804 10867 6958 
f 6515 3230 6086 
f 2713 11956 11255 
f 765 5208 11536 
f 7115 9469 3612 
f 9704 2634 1916 
f 11972 12468 12372 
f 9481 11982 7183 
f 7161 1858 9307 
f 11816 9813 9970 
f 9278 144 10951 
f 6744 3281 11763 
f 9335 9373 1284 
f 2877 6278 11912 
f 9730 8944 6597 
f 450 12194 3098 
f 5158 4777 3491 
f 3189 10943 4577 
f 3563 9606 9910 
f 1334 3983 6960 
f 1457 2516 2009 
f 8282 12244 7447 
f 9607 1386 10824 
f 6348 10225 12096 
f 7982 9995 5461 
f 8427 9290 8740 
f 4944 6705 12026 
f 7911 3722 8061 
f 2089 11475 1415 
f 9583 12246 4162 
f 10317 3208 9176 
f 450 3345 12194 
f 247 12356 5435 
f 9683 2512 6815 
f 8643 11262 6905 
f 67 5980 6926 
f 10742 8177 9990 
f 333 12180 9395 
f 2560 4164 4909 
f 6865 4991 544 
f 8107 1422 12107 
f 11622 11652 12455 
f 2264 6997 11462 
f 9156 5123 11152 
f 12370 4038 4942 
f 9606 3563 6653 
f 2806 118 12462 
f 12019 4987 6037 
f 6862 7964 3164 
f 8860 942 1787 
f 7883 8177 10350 
f 10616 5749 7190 
f 3458 9591 10631 
f 3487 5618 9501 
f 8392 2147 3487 
f 4764 5460 4759 
f 10756 6600 2625 
f 5749 10616 10837 
f 8392 3345 450 
f 9421 7985 4566 
f 8103 4087 6531 
f 6790 10664 7790 
f 3255 7583 8376 
f 12304 12419 7060 
f 11436 11386 9246 
f 4809 9030 2992 
f 8512 4924 4282 
f 4796 10759 12171 
f 7567 11365 11430 
f 5074 10280 3714 
f 5514 7333 4983 
f 10631 9591 936 
f 8488 11773 8526 
f 4508 4377 6676 
f 7002 11983 10890 
f 10291 10672 9574 
f 4723 1492 3827 
f 5320 1845 11445 
f 4031 2491 2854 
f 11330 665 10542 
f 1513 1258 8627 
f 4129 3563 9910 
f 4782 6681 2301 
f 11978 4727 3612 
f 6863 6886 6879 
f 10731 3193 8149 
f 863 3972 10736 
f 3348 3359 7924 
f 5639 4269 1998 
f 8239 7937 8536 
f 4990 4796 1424 
f 7911 12036 10449 
f 5305 10143 6464 
f 530 6170 474 
f 5058 6561 5527 
f 10441 3345 8392 
f 9720 3550 7773 
f 4153 4854 401 
f 12409 562 6141 
f 6671 5294 12035 
f 10051 11952 11937 
f 12038 6661 11856 
f 11094 1868 10547 
f 917 584 6729 
f 11359 62 8466 
f 7073 664 4422 
f 92 2977 5302 
f 3948 5806 4479 
f 6241 6220 11252 
f 4129 10824 1167 
f 3563 1167 10850 
f 4129 1167 3563 
f 12210 5877 8522 
f 12069 1633 1523 
f 12448 1418 2802 
f 7503 11446 6234 
f 165 7186 3128 
f 12238 4022 6592 
f 2282 7395 9002 
f 1485 11515 423 
f 12361 7899 1098 
f 7366 2050 6344 
f 7127 8220 7669 
f 9638 276 5709 
f 10092 3818 5524 
f 4988 8041 2361 
f 1264 1265 1255 
f 3094 1118 2337 
f 1239 6260 11358 
f 10356 11894 5307 
f 6490 12339 3888 
f 3345 10441 12194 
f 9794 7449 1988 
f 8754 11632 4760 
f 6124 928 3496 
f 8578 1315 115 
f 3708 2104 2088 
f 731 10269 12267 
f 9919 12137 10194 
f 6009 5914 11073 
f 5405 5053 8935 
f 505 1077 510 
f 991 3152 5975 
f 10850 6881 3563 
f 943 11498 752 
f 2840 3709 2831 
f 11610 11365 7567 
f 3397 2107 6462 
f 2741 12361 1098 
f 4804 8493 2155 
f 6043 3927 11453 
f 4995 9200 10154 
f 9062 1046 8208 
f 10162 2957 2624 
f 10976 9242 172 
f 10197 6509 9971 
f 2033 11265 7408 
f 11446 6435 444 
f 10936 5893 3542 
f 11929 7419 5448 
f 7666 5918 8917 
f 8899 3507 4906 
f 11099 9067 10406 
f 12350 11504 12337 
f 6304 6881 10850 
f 9118 9984 7032 
f 8388 8374 8986 
f 2203 8789 2235 
f 7562 11370 9201 
f 3591 2619 8887 
f 12194 10441 9992 
f 10526 7319 11354 
f 12194 9992 9580 
f 11608 9465 9462 
f 7732 1127 9994 
f 7588 1010 11776 
f 7588 7266 1010 
f 5129 6858 6268 
f 10295 4347 2640 
f 8613 7201 12240 
f 4642 4649 5549 
f 705 10754 4000 
f 3229 4295 6333 
f 4914 1285 3254 
f 10217 9842 10219 
f 8644 11302 8537 
f 9849 6018 1156 
f 7137 11991 7395 
f 4831 9203 9186 
f 9958 5188 10929 
f 7155 8004 6919 
f 9303 9398 11215 
f 2000 3275 2012 
f 12194 9580 5905 
f 331 10788 3379 
f 501 142 11617 
f 11536 10267 4108 
f 12395 11174 11564 
f 2906 10243 686 
f 5482 1750 10678 
f 9580 9992 10303 
f 71 1676 1815 
f 11962 9058 9902 
f 2083 4159 5988 
f 142 2162 11866 
f 9568 9411 7469 
f 6410 11267 8579 
f 2947 1667 12163 
f 6713 2599 10436 
f 9068 9662 9102 
f 4476 1014 12019 
f 357 635 213 
f 6632 1019 2336 
f 1715 4063 6546 
f 11628 9016 9295 
f 7194 1663 7778 
f 4196 8991 4372 
f 5783 7442 8737 
f 1630 644 1393 
f 11251 11046 2451 
f 2889 9201 11370 
f 4366 11850 3122 
f 1167 3184 10850 
f 8220 8514 7669 
f 11774 12184 1665 
f 899 1765 2094 
f 1706 3148 5011 
f 6018 3435 11749 
f 10867 1591 1732 
f 10303 1009 10641 
f 4110 2139 3734 
f 2481 229 3952 
f 1690 5747 8784 
f 7945 8904 4490 
f 6517 840 478 
f 12299 8936 1827 
f 3046 4483 3102 
f 3215 3411 3196 
f 10932 3078 4291 
f 6886 6863 6662 
f 2451 11046 5096 
f 10685 6516 1004 
f 7658 3313 11577 
f 2336 4087 7444 
f 10802 9028 10942 
f 4773 7983 10276 
f 3947 8245 5475 
f 12286 8134 6018 
f 6934 7734 6925 
f 1081 4282 5168 
f 11799 10601 3742 
f 317 9010 5957 
f 3903 3380 5018 
f 6258 5723 1016 
f 9992 3838 10303 
f 9470 3664 11624 
f 9775 9163 9982 
f 8073 6457 2598 
f 11477 10690 8052 
f 28 8824 4720 
f 2304 2599 6713 
f 273 11416 5499 
f 5145 4311 4918 
f 12222 11819 12237 
f 5982 8386 7398 
f 6655 3569 10256 
f 3557 5765 9375 
f 5145 4918 5153 
f 2685 785 7364 
f 1948 5240 3759 
f 3251 927 4018 
f 7180 2758 1651 
f 5617 11349 1549 
f 4337 2635 12345 
f 3825 9440 10752 
f 4162 8651 11565 
f 7134 6232 6452 
f 8247 7658 4839 
f 10244 6107 9235 
f 4353 11294 11621 
f 6637 12214 5154 
f 8082 9626 1553 
f 10314 12317 4796 
f 9915 2605 5602 
f 7027 230 10236 
f 9977 12410 3307 
f 2823 3026 2471 
f 6744 11763 10404 
f 1144 4175 7973 
f 10247 2912 1429 
f 2146 6683 8649 
f 6683 2146 5104 
f 663 520 588 
f 6473 1739 9911 
f 11561 3358 5054 
f 10871 5975 11764 
f 63 132 213 
f 8124 539 3564 
f 1302 5346 6429 
f 5985 2605 5857 
f 11566 1434 1057 
f 4920 6100 1708 
f 10449 11231 12457 
f 10119 4606 11784 
f 9131 1003 9110 
f 9641 6852 7085 
f 4989 10845 10185 
f 9235 6107 8881 
f 6139 9531 4203 
f 6040 9065 8569 
f 2632 1426 7870 
f 1452 3271 2806 
f 8955 9527 9526 
f 11931 6684 11877 
f 10786 11198 4250 
f 4195 4179 4165 
f 416 11784 11950 
f 11328 2185 6667 
f 6752 10046 7336 
f 12165 3800 8631 
f 12462 3238 3595 
f 3170 9260 10794 
f 4462 1686 2649 
f 2359 6041 1680 
f 8118 9471 1994 
f 5146 5547 7843 
f 10222 10815 860 
f 1713 7506 1679 
f 5744 7027 7276 
f 964 11339 11457 
f 7301 1894 6697 
f 210 8331 3658 
f 415 9358 139 
f 8105 7302 7280 
f 1009 7654 3092 
f 10723 6674 10156 
f 4232 3831 853 
f 1548 1493 10872 
f 4573 1629 11272 
f 11968 1470 5544 
f 5430 8464 7737 
f 8164 11113 10299 
f 11509 10739 5237 
f 7967 7372 7371 
f 176 357 213 
f 8239 9100 9687 
f 3782 6490 3888 
f 1965 6949 6140 
f 5344 8131 11592 
f 8553 10104 5071 
f 9953 1697 11276 
f 9928 469 9951 
f 1971 8627 2876 
f 5057 10638 2692 
f 10623 5747 1640 
f 4704 10848 2627 
f 4689 9095 10289 
f 12101 8673 539 
f 11644 7582 8973 
f 11449 4034 3334 
f 648 6758 5787 
f 4152 4179 9416 
f 1698 9472 4302 
f 6778 1483 3726 
f 7365 6536 6618 
f 3970 8923 11640 
f 6312 1971 2876 
f 2420 2576 2573 
f 416 5767 11784 
f 7985 8049 3701 
f 6052 11907 11462 
f 9339 9345 9651 
f 1400 284 11797 
f 3679 9395 12180 
f 3545 10006 10485 
f 2494 2702 10037 
f 1857 12359 4426 
f 2958 10483 7604 
f 7490 7024 6693 
f 951 1642 1525 
f 6636 6847 8370 
f 10119 1125 9096 
f 10522 2980 6856 
f 9559 8396 9269 
f 7316 3023 1565 
f 10963 7332 1006 
f 5418 4169 4954 
f 12250 10579 5046 
f 1346 5670 5971 
f 7816 10608 2805 
f 6642 3281 6744 
f 4467 8148 2645 
f 4308 6776 2472 
f 4467 4587 8148 
f 8135 5327 938 
f 9619 8332 11165 
f 10503 5104 2146 
f 5888 10211 1057 
f 4386 2976 7548 
f 9671 1710 12107 
f 4923 2203 6321 
f 466 10340 10978 
f 536 10568 5518 
f 345 1667 1441 
f 6402 5595 4676 
f 2486 2323 7129 
f 788 7167 5766 
f 1123 2045 4004 
f 1070 1223 2564 
f 12311 2881 2427 
f 4248 822 6765 
f 8488 11716 3464 
f 10105 10448 10090 
f 8685 12080 1399 
f 12311 2427 11271 
f 5707 6391 9035 
f 733 1409 2949 
f 4075 3337 265 
f 10011 2572 8532 
f 9494 11374 6855 
f 11734 2126 11914 
f 4923 10781 2203 
f 9517 1352 6465 
f 8930 2767 4765 
f 6643 6970 5249 
f 4471 5720 5815 
f 4923 6321 210 
f 5950 12028 6781 
f 6757 5617 10838 
f 7342 8181 8279 
f 3045 9611 3715 
f 879 3797 9429 
f 5010 7049 1913 
f 10885 10492 11900 
f 2760 7475 11990 
f 9909 1367 11241 
f 5781 6856 2980 
f 8276 6862 3164 
f 10445 9735 11148 
f 5379 9087 10703 
f 797 11272 1629 
f 6423 4196 4372 
f 9934 9305 4802 
f 5742 7464 11772 
f 12187 8424 10679 
f 8359 8950 8947 
f 3572 4724 10862 
f 12468 7925 12364 
f 2015 6608 7711 
f 7496 6964 7494 
f 2251 7618 1008 
f 5296 4836 4838 
f 2561 8257 4477 
f 4186 117 6842 
f 12166 2133 2104 
f 11302 8644 12100 
f 2821 7331 8532 
f 1534 7608 7912 
f 3871 2921 12404 
f 9602 6539 5599 
f 6521 1400 11772 
f 869 3795 2996 
f 10233 8319 7448 
f 7830 5493 9840 
f 109 63 213 
f 2109 930 6664 
f 3727 2174 6588 
f 11114 10781 4923 
f 4059 5718 1603 
f 9018 10526 1223 
f 7214 12488 10483 
f 5999 7999 7495 
f 5861 10342 2473 
f 12360 1224 4498 
f 1523 1962 1177 
f 207 7355 5347 
f 10064 10440 9389 
f 9223 5936 7515 
f 2267 9773 4652 
f 11144 2164 1229 
f 3941 6076 9412 
f 8404 11249 6451 
f 7596 10688 8510 
f 16 10519 3657 
f 3446 6392 4008 
f 2326 12069 2827 
f 2361 365 10176 
f 12287 11060 10742 
f 1141 8173 5472 
f 2600 4243 7179 
f 4994 11936 11927 
f 8096 8962 7812 
f 2450 8234 10158 
f 3417 12298 11751 
f 1567 3203 3118 
f 12122 5302 1791 
f 10212 684 1374 
f 2848 5271 10327 
f 116 7125 3764 
f 12317 1424 4796 
f 8567 5800 2346 
f 2805 9930 1640 
f 8965 9244 8962 
f 12377 9889 1048 
f 691 1576 682 
f 2907 10609 4304 
f 7719 2326 2827 
f 4645 3876 3245 
f 910 12497 6807 
f 8853 8552 9135 
f 6991 6990 6782 
f 7033 9612 11731 
f 4607 6952 10150 
f 2353 1216 4133 
f 6042 9810 1999 
f 11683 12120 4907 
f 7693 10653 3091 
f 6391 2717 5394 
f 2941 4028 10877 
f 12121 10932 4867 
f 8961 8617 9020 
f 1656 10141 3146 
f 1526 1291 1403 
f 2932 11058 6413 
f 2596 1934 5958 
f 3265 11194 7309 
f 6792 1495 4324 
f 5590 9941 4894 
f 5590 4894 824 
f 3299 8094 1083 
f 12384 11642 6589 
f 9517 9747 11091 
f 7986 9422 7810 
f 376 11487 3548 
f 7206 5863 729 
f 1019 2377 6117 
f 4522 3861 8571 
f 4896 7248 2219 
f 5213 3058 10634 
f 4026 9654 341 
f 11134 8728 8495 
f 2289 6160 5852 
f 5570 2615 2454 
f 8456 1298 7297 
f 11275 4571 4648 
f 563 5379 10703 
f 5315 11901 4083 
f 4351 1368 5187 
f 1554 9415 9144 
f 6401 5142 5585 
f 9818 9027 8123 
f 4184 6139 4203 
f 9850 4383 4343 
f 6635 7085 4898 
f 5842 6934 6709 
f 1810 10576 953 
f 4386 4388 2976 
f 10879 4234 4251 
f 8081 1203 9277 
f 2129 11310 7154 
f 4782 9619 11165 
f 6079 4269 10306 
f 9036 7158 1754 
f 9066 8662 5167 
f 6626 7017 11438 
f 4240 12382 8494 
f 12032 4925 10859 
f 11866 6464 142 
f 4208 5710 4090 
f 6849 106 11906 
f 9784 9519 10778 
f 10323 11058 2932 
f 8896 5021 8921 
f 10729 10726 11859 
f 12232 5491 4972 
f 2752 10923 11074 
f 12127 11393 4155 
f 8914 9197 9195 
f 11114 11812 10781 
f 3507 10582 6518 
f 46 4236 10004 
f 11053 5238 852 
f 1470 1869 5544 
f 6144 2246 10019 
f 5944 795 48 
f 142 4099 11617 
f 1557 8092 10283 
f 10163 11231 9790 
f 910 9793 12497 
f 119 3206 11826 
f 10212 11290 684 
f 9343 11377 2010 
f 3932 6849 11403 
f 3468 6043 4305 
f 5681 720 2030 
f 7022 908 5756 
f 3103 2803 2382 
f 8011 6309 6103 
f 11873 12301 10748 
f 7743 11840 12138 
f 8647 4616 7529 
f 329 8064 4297 
f 5944 1357 5914 
f 12048 5479 10467 
f 11114 4923 210 
f 2490 3051 2342 
f 7691 8538 6110 
f 3405 106 3429 
f 3111 1020 2661 
f 8 111 64 
f 2959 3173 2781 
f 8030 8885 8607 
f 5830 4059 1603 
f 4171 5541 4869 
f 9750 1112 7102 
f 11943 2634 2378 
f 11995 1693 8430 
f 9309 2197 9191 
f 8338 8108 1285 
f 7033 8076 8285 
f 6159 12398 5088 
f 5590 4914 9941 
f 9340 3128 9437 
f 2897 9665 2054 
f 10270 10272 11004 
f 2804 8704 4739 
f 7046 3843 10634 
f 3937 9857 11661 
f 8773 10358 9650 
f 5440 4744 4752 
f 1307 2216 1440 
f 7932 7689 8464 
f 4568 1094 2996 
f 11023 12234 10139 
f 10738 1042 640 
f 5378 9820 465 
f 9553 326 8860 
f 8731 7607 8669 
f 6207 6646 5139 
f 11083 6061 6024 
f 11582 9524 1348 
f 11794 8830 11106 
f 9692 10430 11124 
f 2589 2276 2585 
f 4211 11694 10727 
f 7815 2307 7849 
f 2277 7222 4052 
f 9487 7281 2555 
f 5784 893 1313 
f 2565 12025 4961 
f 6638 1559 6592 
f 12371 1595 9308 
f 7474 7748 7202 
f 9276 11595 2205 
f 1279 3339 9299 
f 3499 11694 4211 
f 10634 9966 12332 
f 3008 3169 419 
f 3313 8765 6307 
f 5600 5553 3415 
f 4629 11254 2518 
f 12398 976 11264 
f 927 12485 12071 
f 5347 462 2786 
f 1243 10338 12038 
f 4780 11854 8160 
f 7957 10767 7036 
f 8378 12497 9793 
f 4211 10727 2637 
f 12019 12106 4476 
f 6572 7193 4625 
f 7046 10634 12332 
f 2305 11582 1348 
f 8122 5285 1085 
f 58 884 7359 
f 628 7910 9483 
f 547 12349 7620 
f 3004 3842 8226 
f 8457 9321 9044 
f 10767 11736 363 
f 363 7036 10767 
f 2578 9607 8306 
f 1793 2850 1856 
f 394 4711 9596 
f 6014 11114 1561 
f 6014 10312 11114 
f 9966 12290 5727 
f 9966 5727 12332 
f 2033 2043 11478 
f 11495 3021 8987 
f 7619 3103 7090 
f 4430 1561 11882 
f 1901 8705 10498 
f 3472 3404 5349 
f 1070 950 11857 
f 11495 12332 1954 
f 4637 5077 4260 
f 2035 6365 534 
f 323 253 392 
f 5110 9564 9162 
f 577 8335 6334 
f 1870 4327 3140 
f 8772 7091 10773 
f 1811 1717 2036 
f 945 1157 865 
f 10856 11839 9471 
f 191 1541 1320 
f 12332 5727 1954 
f 6778 8966 1483 
f 11885 7540 8826 
f 2205 7609 11048 
f 12056 5150 8213 
f 2119 2108 2293 
f 4611 3715 3028 
f 9596 10646 394 
f 5727 2925 1954 
f 11948 4672 5452 
f 4688 10536 9863 
f 1876 7197 7920 
f 5727 6444 2925 
f 2135 2137 11341 
f 765 1805 5208 
f 1954 2925 1892 
f 9470 650 2919 
f 4393 3907 256 
f 6101 11001 1406 
f 823 10095 7930 
f 11747 1341 8261 
f 11353 6414 6453 
f 11353 6453 8469 
f 6715 4746 1356 
f 8010 8407 9676 
f 2040 1954 1892 
f 2629 2475 2144 
f 11179 4896 8863 
f 3397 2626 2107 
f 7160 8863 4896 
f 4863 6171 5753 
f 2541 9398 4310 
f 9532 10646 4873 
f 9512 4349 8352 
f 8560 7595 1364 
f 3458 260 6851 
f 913 2798 455 
f 2612 1730 558 
f 7245 6810 1583 
f 8267 7165 7718 
f 4522 2971 239 
f 9082 4058 6444 
f 5321 11387 5444 
f 9609 11561 2969 
f 5965 1033 5208 
f 296 8375 1837 
f 325 3535 5574 
f 12101 542 8673 
f 6560 819 4019 
f 4364 11125 8580 
f 9046 4885 6857 
f 1936 2542 8017 
f 722 6766 7259 
f 5967 8474 2109 
f 1487 2637 8674 
f 2984 11335 11303 
f 1892 9238 2040 
f 8398 9684 4344 
f 7564 5740 9029 
f 748 7590 6806 
f 12094 9715 2657 
f 1904 10653 222 
f 1121 8175 7349 
f 7083 1311 11392 
f 338 11186 310 
f 6158 4545 977 
f 1482 1433 2039 
f 11273 2717 2582 
f 2721 2206 9943 
f 6631 6401 6395 
f 11275 1366 5608 
f 11061 11055 11847 
f 6740 8132 2090 
f 2031 2899 1471 
f 1350 3990 4482 
f 8474 12214 1449 
f 2471 3026 2832 
f 4803 11573 7318 
f 1241 1124 1131 
f 11970 1022 8090 
f 3768 1542 7546 
f 6804 7014 7553 
f 9802 8309 1988 
f 1703 4714 56 
f 4714 10504 56 
f 3296 2414 9395 
f 1334 11812 10312 
f 1936 2920 4607 
f 11840 11200 12138 
f 2718 2525 3077 
f 3666 2594 6551 
f 5608 7894 6026 
f 10276 10282 3286 
f 6280 1986 9948 
f 8453 10382 9348 
f 5269 4070 6158 
f 7336 7240 3994 
f 7039 3290 12440 
f 9704 2378 2634 
f 1980 2471 2300 
f 3364 9973 5525 
f 7244 6193 12323 
f 3985 3290 7039 
f 3056 8985 3582 
f 4763 6491 5274 
f 6483 6930 5851 
f 6129 927 11888 
f 1470 2095 9279 
f 2009 3082 3277 
f 759 238 11651 
f 5400 1439 7353 
f 3983 10312 6014 
f 1268 12454 7432 
f 7131 7405 7680 
f 7528 12157 664 
f 4667 8212 7220 
f 8006 7511 220 
f 1432 3930 7644 
f 6314 9492 6668 
f 1934 12165 155 
f 415 139 9608 
f 4547 8511 3973 
f 1296 7264 12266 
f 4336 4174 3760 
f 1651 2758 4207 
f 3529 7638 9311 
f 8906 1613 8915 
f 7726 10103 10233 
f 340 8680 11360 
f 8465 8871 4334 
f 4634 1165 3036 
f 3588 2126 3649 
f 11344 5151 7468 
f 1464 4520 3550 
f 5541 4171 10022 
f 4105 1366 4648 
f 10848 9461 3090 
f 5939 61 1637 
f 2338 3742 10601 
f 1178 8934 3283 
f 8483 11249 3213 
f 7213 6956 7748 
f 2025 3664 2919 
f 3699 8847 11322 
f 5069 5040 11246 
f 205 10078 8942 
f 7735 2992 278 
f 11054 6775 1783 
f 10523 12036 5131 
f 2669 7126 8262 
f 4727 1745 2772 
f 584 5761 12136 
f 6883 582 12330 
f 10448 10440 10064 
f 4195 6705 3013 
f 2757 2224 11322 
f 10780 7198 5288 
f 11264 6874 4956 
f 1544 10784 9627 
f 2602 481 1172 
f 9841 9504 9842 
f 3228 1487 3384 
f 171 10680 10516 
f 2129 4011 5 
f 6133 610 8829 
f 9156 11152 2180 
f 3983 6014 4430 
f 1941 10517 677 
f 10440 10818 10819 
f 5158 9935 2254 
f 10085 10370 6105 
f 7633 11720 2298 
f 6950 10670 7656 
f 12301 12331 10768 
f 12079 6537 399 
f 4606 610 10831 
f 6461 10915 12215 
f 7691 2029 2815 
f 4242 11494 9707 
f 1764 7211 12497 
f 11494 4242 9713 
f 7770 163 7619 
f 1546 8805 6910 
f 3039 9788 1520 
f 10678 1750 10431 
f 9765 2695 11472 
f 403 8925 6903 
f 786 8847 4665 
f 12112 3330 7205 
f 8819 7906 8760 
f 3852 12138 3012 
f 5493 7830 6218 
f 8838 9100 8239 
f 11455 95 8873 
f 8296 3299 12262 
f 7950 2701 2836 
f 8985 6077 11369 
f 11716 12326 3464 
f 6666 10719 2775 
f 5943 394 2055 
f 11808 5856 8574 
f 5954 8723 10062 
f 4009 10307 2164 
f 10626 9873 9870 
f 3046 3102 8923 
f 5547 5438 6706 
f 2206 2721 2041 
f 11327 10848 4704 
f 552 10860 2479 
f 10287 12212 4703 
f 4992 12280 10512 
f 7972 12280 4992 
f 7644 7040 5123 
f 8184 8457 9044 
f 8014 4960 5006 
f 8264 2224 12043 
f 51 785 9770 
f 7835 11886 2811 
f 9678 9146 8940 
f 4864 9740 12373 
f 8228 7298 7954 
f 1438 9727 1618 
f 10840 9402 5485 
f 6606 9932 6237 
f 7121 2939 1029 
f 10255 11607 2852 
f 3355 3910 11614 
f 5296 4838 5926 
f 5945 1746 12016 
f 1076 6745 9778 
f 5963 7735 11295 
f 7080 7105 6419 
f 10278 2545 11135 
f 3717 2196 2890 
f 10101 6518 9541 
f 5648 6044 5841 
f 11658 10584 9481 
f 80 6233 2947 
f 5249 3940 623 
f 2539 11726 2229 
f 11449 3334 8993 
f 12316 3311 498 
f 8933 11244 8657 
f 7286 1817 10917 
f 8685 1399 12213 
f 8993 8854 11449 
f 2364 5910 2725 
f 7870 10524 10961 
f 658 10568 536 
f 7217 6186 6296 
f 559 9736 10301 
f 1392 3495 11346 
f 9848 793 10602 
f 9860 6686 8056 
f 7226 12495 6727 
f 11671 11367 3985 
f 1393 11109 6048 
f 654 7845 8485 
f 9383 7157 8267 
f 7893 6867 7296 
f 3899 11463 1679 
f 6530 8578 9617 
f 8958 11581 4367 
f 5792 9647 11979 
f 11771 5322 5263 
f 3051 3470 3886 
f 4244 4832 4617 
f 5013 10170 10530 
f 5484 4772 5569 
f 10389 2932 6413 
f 12357 8236 11015 
f 3703 1443 2673 
f 2050 11626 7233 
f 8900 6900 3167 
f 2591 2813 6927 
f 10497 1405 8036 
f 1218 1217 1208 
f 8625 10682 8760 
f 8115 9508 6249 
f 3589 12095 9645 
f 6058 8109 5464 
f 6069 2567 2894 
f 6253 5287 11578 
f 3272 3258 1497 
f 25 50 99 
f 6399 5195 10585 
f 7748 7474 8885 
f 11010 517 2295 
f 3768 1545 590 
f 6203 11697 6069 
f 6173 7362 5857 
f 7756 7249 9985 
f 2745 9756 8606 
f 2732 1518 737 
f 9057 6385 3946 
f 3713 5766 6252 
f 7509 897 7897 
f 3611 11415 10017 
f 10154 9200 1015 
f 966 968 1130 
f 1619 9647 1527 
f 6775 5932 9375 
f 4080 1243 9386 
f 8753 10345 10351 
f 5954 10062 6584 
f 8192 9314 3891 
f 347 8147 549 
f 1624 6889 1029 
f 664 12050 4693 
f 12336 428 12408 
f 10699 11055 11061 
f 7436 1080 2029 
f 5159 12003 7885 
f 8859 5467 2189 
f 2099 4430 8851 
f 10665 1949 5031 
f 12024 2127 11655 
f 11638 2073 7956 
f 10305 11287 549 
f 7975 6466 9803 
f 2127 5773 11655 
f 2609 2789 2783 
f 10222 10120 10815 
f 3846 11651 238 
f 11667 6236 2117 
f 1202 8918 6895 
f 3196 3411 3410 
f 2563 8918 504 
f 10240 452 598 
f 874 9298 168 
f 7427 8270 7692 
f 7372 7107 7650 
f 2519 11922 6978 
f 9361 12431 9924 
f 4247 3298 3014 
f 8629 4099 6807 
f 4961 8774 10135 
f 4746 6715 1142 
f 2091 9807 702 
f 11505 2624 3679 
f 3156 9373 9335 
f 4604 10924 9128 
f 6556 6569 12432 
f 6346 5724 5292 
f 6612 6511 3898 
f 8332 4618 3223 
f 4573 5421 10720 
f 5723 9283 6454 
f 3053 2384 5726 
f 8028 11738 7843 
f 7281 2520 2555 
f 1233 8134 12286 
f 4826 5058 5527 
f 3664 9470 2919 
f 1721 9317 11800 
f 6028 2535 5989 
f 8184 8454 8457 
f 9396 4534 10589 
f 3238 3924 3393 
f 4288 3481 4666 
f 4413 6538 4021 
f 2261 8685 11361 
f 8700 3333 8849 
f 2787 10499 630 
f 12014 7663 2929 
f 12193 2307 7815 
f 10499 2787 10589 
f 8503 1012 11076 
f 10103 901 7819 
f 10283 8551 5802 
f 7516 7562 8850 
f 11919 1442 11443 
f 11954 1041 5964 
f 2060 2617 1839 
f 4420 6089 5129 
f 6890 3266 8921 
f 2781 2448 2589 
f 495 10633 4915 
f 6942 9039 1200 
f 3909 982 4189 
f 12380 6091 11307 
f 6354 10560 8761 
f 2120 2106 2116 
f 1728 1918 569 
f 1464 3465 513 
f 1938 1917 1873 
f 128 5168 2724 
f 5298 137 10488 
f 9586 6487 329 
f 10593 1612 3476 
f 7756 2206 6880 
f 3526 7273 11962 
f 6487 2614 8042 
f 1674 1354 1895 
f 12218 1788 11899 
f 6962 8834 8219 
f 4061 9996 11951 
f 1931 2457 3639 
f 6886 6662 6659 
f 5681 2030 579 
f 9583 9890 11290 
f 5925 9730 12248 
f 3586 3918 3939 
f 329 6487 8042 
f 8472 8436 2352 
f 3236 2138 3768 
f 10925 11263 12472 
f 523 385 669 
f 6127 5159 7885 
f 2538 5910 2369 
f 7351 2567 3991 
f 7575 2531 744 
f 9753 5174 230 
f 3840 1180 7973 
f 5526 7745 6198 
f 7562 7516 7136 
f 7105 6440 6222 
f 7402 3387 4798 
f 7433 5830 5865 
f 2719 8835 4900 
f 5817 2299 4565 
f 2749 3757 2930 
f 7608 422 7774 
f 358 3983 4430 
f 7128 4219 1250 
f 11756 2644 12186 
f 2816 358 4430 
f 10639 5032 5091 
f 9029 10137 5861 
f 5828 234 1052 
f 5137 11539 5911 
f 6516 4432 1859 
f 10507 4428 11764 
f 11804 11667 2117 
f 7986 9448 422 
f 3885 9685 3625 
f 3513 1838 3938 
f 9931 3602 10565 
f 10336 8741 9618 
f 5301 4398 806 
f 2171 11412 12463 
f 794 4373 8896 
f 6956 6741 7748 
f 1695 1246 2651 
f 3324 3320 3547 
f 311 1180 3840 
f 1347 1209 1220 
f 9908 166 8695 
f 700 5228 6640 
f 10368 10435 3814 
f 5623 5386 6425 
f 8290 1941 8814 
f 11850 3887 883 
f 5723 6484 1016 
f 745 10892 9206 
f 2586 6396 9981 
f 11848 9361 1560 
f 7610 6559 11541 
f 4960 286 11960 
f 9556 7252 4775 
f 6318 5928 8569 
f 1106 6399 10585 
f 5721 4883 9230 
f 11354 8739 6328 
f 8005 10719 6666 
f 6364 4477 8257 
f 11447 12234 10322 
f 5875 8418 11875 
f 1886 2159 1884 
f 6318 6770 6460 
f 7373 7378 12277 
f 695 9822 9742 
f 4712 4382 4468 
f 1039 1570 837 
f 2956 6128 3106 
f 6097 8797 2501 
f 1128 12181 12219 
f 3715 9611 3250 
f 12204 7848 8174 
f 6046 3021 1215 
f 8150 2202 3911 
f 5304 1565 9789 
f 3027 7733 8435 
f 11394 5235 1635 
f 4624 5858 2510 
f 8718 9390 3490 
f 8100 710 3770 
f 4579 2404 2651 
f 305 377 243 
f 8228 7949 5291 
f 9693 12139 5103 
f 11556 10442 5743 
f 3167 7200 8900 
f 6422 4390 1979 
f 3357 3595 3238 
f 7009 6740 2090 
f 1684 2752 8102 
f 3607 9728 1415 
f 7107 6646 7352 
f 1728 6794 11316 
f 8918 2563 6895 
f 3344 2356 4047 
f 6736 217 6676 
f 578 8218 738 
f 3401 3601 4015 
f 4603 8832 6762 
f 2633 2595 8337 
f 5249 9095 8672 
f 12037 8672 9095 
f 3624 2991 3829 
f 7784 5805 2529 
f 5286 9486 8708 
f 11385 8629 2392 
f 3181 2443 2783 
f 12111 9126 11920 
f 5661 4928 10655 
f 12000 1505 12143 
f 5094 6192 1762 
f 2319 4974 10284 
f 11839 12005 11204 
f 2135 5086 8238 
f 3704 5230 1410 
f 6549 4299 2627 
f 7571 12006 4757 
f 4898 3717 5145 
f 8668 8624 9693 
f 11259 11650 11280 
f 3355 10353 3910 
f 4615 11031 9045 
f 2766 5114 11793 
f 12499 188 10782 
f 1665 8751 8073 
f 2536 9196 5931 
f 12384 2459 1842 
f 1213 11094 10547 
f 5730 9703 7325 
f 7773 1180 10907 
f 11183 5079 4501 
f 7322 9336 983 
f 6893 6848 10944 
f 9897 10476 3805 
f 1734 2053 2061 
f 8078 5534 1120 
f 6762 8832 3560 
f 7032 4274 4012 
f 11908 12176 10518 
f 6747 5769 5726 
f 6171 6594 5959 
f 1955 5631 914 
f 3241 9037 3743 
f 4597 8156 932 
f 11126 10014 10768 
f 10945 7847 1650 
f 8619 4477 10744 
f 9808 11080 6247 
f 1650 8156 4597 
f 10690 2216 8628 
f 6486 10493 6960 
f 7267 8952 8667 
f 7581 8394 7853 
f 1570 1568 837 
f 8537 10624 1023 
f 9329 5357 10015 
f 7708 7501 6757 
f 9800 6190 2253 
f 117 11116 6842 
f 1776 123 12489 
f 11059 4322 2506 
f 11384 2613 7791 
f 11612 5087 3689 
f 6443 5816 5628 
f 9533 4714 7455 
f 12351 10256 1518 
f 417 11771 57 
f 11410 5439 4521 
f 916 8862 7597 
f 285 7501 2287 
f 2899 2031 3096 
f 4529 5988 6449 
f 2487 3434 6441 
f 3436 7623 2287 
f 8122 10663 10930 
f 6511 2743 3898 
f 3953 10979 12132 
f 10687 7847 4214 
f 8157 10345 8753 
f 3905 2440 2875 
f 7733 10700 448 
f 1 11698 11880 
f 6777 6134 6779 
f 6722 7110 11855 
f 5928 7499 5810 
f 6489 4884 8305 
f 5238 8448 6976 
f 8497 8775 9667 
f 6274 7884 10417 
f 11477 7740 1915 
f 8211 7918 7937 
f 8998 43 5202 
f 1228 1347 1226 
f 371 94 288 
f 288 381 371 
f 1750 8559 10431 
f 704 9994 12240 
f 782 10617 6497 
f 6396 2586 5474 
f 9 4023 2894 
f 6051 1578 489 
f 12142 10575 11371 
f 3163 3106 6128 
f 11672 10750 6257 
f 3350 1174 788 
f 5986 3916 3176 
f 962 7456 1169 
f 5050 10260 1708 
f 2239 8434 7458 
f 782 6497 6252 
f 10525 8165 10385 
f 7576 10851 5556 
f 2045 2622 6045 
f 2685 4230 785 
f 7345 6500 6041 
f 12060 12463 11235 
f 6418 225 1654 
f 10722 890 560 
f 4192 9932 7645 
f 9489 8308 87 
f 3921 7765 4309 
f 9987 4088 10373 
f 6795 11502 3706 
f 4385 9372 3513 
f 10758 3628 11798 
f 3713 3350 788 
f 1614 1716 1615 
f 10392 875 10714 
f 4302 9472 10321 
f 4486 3522 3922 
f 4582 1873 8254 
f 11454 6385 9057 
f 11725 1822 12217 
f 8726 4186 1929 
f 12215 10551 11397 
f 4500 9145 3000 
f 12320 58 8470 
f 2518 10226 6484 
f 7934 358 2816 
f 3895 3736 8784 
f 8101 8693 8099 
f 8121 8706 8396 
f 3278 3360 4952 
f 451 6691 3174 
f 8173 1141 1990 
f 11424 10677 10672 
f 11021 12283 4084 
f 7593 9072 2827 
f 6244 6154 6606 
f 5107 10536 8087 
f 5954 12432 8723 
f 10965 4045 7123 
f 5119 2607 11610 
f 10438 8697 7535 
f 8104 8411 11037 
f 5295 5353 10511 
f 6126 12450 12272 
f 6534 8420 9880 
f 7591 9621 1462 
f 111 636 798 
f 10378 11472 5594 
f 7244 1524 3014 
f 4879 1984 1355 
f 9016 11628 10397 
f 4663 8894 4561 
f 6826 12434 4883 
f 144 2424 10951 
f 289 1158 10374 
f 7015 6802 7013 
f 2839 3629 12499 
f 9709 7498 3607 
f 9165 2579 9507 
f 2504 9702 10782 
f 3591 10829 11975 
f 3141 19 8875 
f 6598 9138 4964 
f 6778 2866 9806 
f 180 4416 4378 
f 9388 8222 8807 
f 5797 6846 6768 
f 4991 9142 5083 
f 9728 221 6543 
f 11412 2171 3647 
f 3019 5292 3654 
f 11908 89 11210 
f 12256 3417 12282 
f 11793 5114 4213 
f 357 499 432 
f 9728 2100 5451 
f 11929 9362 2647 
f 3777 3993 3144 
f 10429 1481 3205 
f 9403 3844 3695 
f 3341 3986 4732 
f 6977 4279 3762 
f 8179 3807 9597 
f 2977 2611 2722 
f 10629 10481 6758 
f 3618 8649 6199 
f 3461 7865 8726 
f 3583 752 9171 
f 657 1087 653 
f 7777 3637 3933 
f 2627 4299 10095 
f 10261 5305 5523 
f 11980 5464 12281 
f 2636 11568 6486 
f 8211 7937 8239 
f 12403 319 11552 
f 2870 198 9584 
f 376 10511 11487 
f 11128 11927 11136 
f 3841 3640 5260 
f 6513 8564 8066 
f 4424 8559 1791 
f 8601 2532 7457 
f 5190 2150 3040 
f 7623 3436 11615 
f 7934 2636 358 
f 8121 8396 7824 
f 6399 10327 5195 
f 9959 10368 3814 
f 9151 9541 2858 
f 9805 4389 11067 
f 10068 1235 5792 
f 8008 10909 8599 
f 4471 9268 2694 
f 5270 3278 9732 
f 7653 7039 9563 
f 5891 10600 3022 
f 7438 3758 4695 
f 5989 2639 2544 
f 9872 8104 11037 
f 11685 11336 11321 
f 2469 4176 10783 
f 6638 4696 1559 
f 8182 11178 11295 
f 11760 8998 5202 
f 7974 10325 10094 
f 155 2480 5958 
f 9345 9339 9076 
f 10339 692 5858 
f 7638 4371 10446 
f 11234 8188 9788 
f 10145 8280 11193 
f 8289 6146 7396 
f 3166 5717 1579 
f 6987 1176 12319 
f 8317 2874 2846 
f 2773 3742 2370 
f 7764 5920 222 
f 2050 9302 11626 
f 4068 6729 7400 
f 7833 9989 1744 
f 1706 5011 10294 
f 9513 9960 3561 
f 4960 8639 286 
f 4464 187 8300 
f 11779 12441 6213 
f 3491 7916 2979 
f 9370 736 656 
f 10129 9056 2337 
f 962 2878 7756 
f 987 7833 3932 
f 2527 2751 1655 
f 4570 2636 7934 
f 9721 4570 7934 
f 9251 7537 9593 
f 1118 10129 2337 
f 1979 3644 1771 
f 5780 2563 2227 
f 2337 9056 12292 
f 1121 7096 8175 
f 7117 10423 3348 
f 7341 4682 6571 
f 10889 1749 8517 
f 11341 8303 8293 
f 10031 142 11641 
f 3640 3204 3003 
f 4071 9333 774 
f 7384 6731 3274 
f 3094 2337 10603 
f 7818 10918 12074 
f 11793 2704 2766 
f 11034 11326 7397 
f 9854 1806 6354 
f 6933 8078 1120 
f 1294 12174 11612 
f 4822 5127 6351 
f 9962 8783 1392 
f 9642 7780 2606 
f 8923 8633 3046 
f 5987 11014 7497 
f 10352 6201 9081 
f 5401 8203 8912 
f 6828 2564 6702 
f 270 12067 11676 
f 8219 3948 4479 
f 6978 11922 4407 
f 4937 5913 5675 
f 318 7687 3713 
f 9979 7540 7298 
f 10901 4552 3919 
f 7688 10360 1239 
f 2820 1583 5695 
f 4292 10203 10042 
f 8775 9044 9998 
f 11088 9875 3284 
f 9784 11267 9519 
f 942 8860 326 
f 10968 1845 9278 
f 10993 11236 10521 
f 6240 550 4567 
f 6110 105 7691 
f 6984 7822 12442 
f 7266 11902 6877 
f 6991 7797 6990 
f 3381 5880 11690 
f 3642 10481 7933 
f 11603 11092 6605 
f 3441 805 12360 
f 2578 4329 9155 
f 570 4495 4841 
f 11670 1374 684 
f 11619 5355 9942 
f 6718 6945 7467 
f 4666 6601 4887 
f 3598 3173 3162 
f 2169 12035 2308 
f 4676 5595 5788 
f 8381 7353 1439 
f 2056 11883 5822 
f 10428 723 9012 
f 7858 10581 11570 
f 4889 4675 4882 
f 9607 2578 9155 
f 12274 4324 4283 
f 9607 9155 2994 
f 8468 4122 4936 
f 10128 4248 2810 
f 6323 7519 4647 
f 5188 7061 812 
f 1612 370 9299 
f 6547 10471 6993 
f 10553 11457 11339 
f 7822 450 3098 
f 9140 8828 7475 
f 3874 4260 4256 
f 8665 618 2913 
f 7822 3098 12442 
f 7135 62 104 
f 9275 3861 10086 
f 3915 7886 9717 
f 2971 4522 5751 
f 8462 7464 8117 
f 8826 11020 3678 
f 11002 7750 1672 
f 3491 6434 5345 
f 3959 6651 5163 
f 10441 8392 5391 
f 8179 9597 6451 
f 12020 11721 3359 
f 3883 3237 6200 
f 3978 9676 6743 
f 6998 7505 4931 
f 5391 8392 3487 
f 7804 7545 8366 
f 8799 12239 11409 
f 2994 10878 169 
f 12322 5517 154 
f 6220 1899 11252 
f 7408 11265 11959 
f 7866 9587 8997 
f 12442 3098 11830 
f 7196 7738 7474 
f 10241 7339 10132 
f 1071 4683 7673 
f 4650 3052 717 
f 8577 1613 11179 
f 5690 4557 9761 
f 7000 3209 1796 
f 11947 9144 11831 
f 9812 9337 11917 
f 1601 9825 8323 
f 9117 9495 5330 
f 4483 157 3102 
f 12110 3542 8520 
f 3487 2147 5618 
f 6607 5124 1788 
f 3478 7073 7484 
f 1824 9591 6851 
f 979 843 336 
f 4794 7448 3377 
f 613 12225 7916 
f 790 3828 5236 
f 11490 11099 10406 
f 5677 9934 4695 
f 1909 4190 1920 
f 4278 6715 10679 
f 3098 12194 11830 
f 3765 8671 4179 
f 3300 6625 11698 
f 1928 6611 3780 
f 3331 4231 7333 
f 9711 2733 7282 
f 704 7624 4128 
f 3542 1071 4868 
f 4201 4369 5003 
f 9756 1947 8606 
f 4823 2042 5191 
f 11262 8643 12391 
f 12127 7215 5051 
f 3356 5024 6738 
f 2378 11527 6524 
f 3872 2097 7351 
f 888 629 10737 
f 7317 969 2474 
f 11568 2636 10414 
f 8025 8614 5089 
f 4356 7357 12157 
f 10609 2907 11483 
f 10749 3783 8152 
f 1881 6972 8178 
f 404 616 264 
f 9961 4006 544 
f 5803 5334 11159 
f 4720 8408 28 
f 12368 10366 6902 
f 8293 2687 9469 
f 12095 3589 5020 
f 4185 10138 7374 
f 3174 6691 8474 
f 10709 11834 5473 
f 6002 2102 421 
f 921 5166 11212 
f 663 820 739 
f 8964 2152 11786 
f 6403 7064 6191 
f 819 6560 6137 
f 9484 10853 11989 
f 3104 2901 3739 
f 6531 7766 2001 
f 1445 8991 4196 
f 5732 3209 3621 
f 3139 5672 3327 
f 6369 8653 6565 
f 7673 4868 1071 
f 7226 10733 4440 
f 10115 10470 10852 
f 779 5021 4239 
f 4989 10104 10952 
f 2016 5905 7673 
f 6881 6653 3563 
f 7973 7646 3840 
f 3081 9893 8626 
f 10234 8361 3534 
f 5659 8120 9606 
f 11054 8137 11747 
f 6396 5474 2983 
f 3135 9703 5730 
f 8817 169 2163 
f 1380 1489 1385 
f 5108 704 4128 
f 7033 8285 7145 
f 7873 9965 10009 
f 5618 1156 9501 
f 11683 10989 10315 
f 11266 2956 2955 
f 1825 12100 8644 
f 9315 7965 7484 
f 8194 8775 8497 
f 5897 5471 469 
f 10424 1229 4723 
f 5893 8520 3542 
f 5271 5316 7355 
f 5129 11953 9711 
f 6908 5255 2230 
f 2412 1736 1642 
f 3728 3155 8928 
f 10352 8251 5036 
f 8556 1516 1469 
f 8057 7493 6748 
f 427 528 2529 
f 11863 3778 6029 
f 2266 3066 5182 
f 3635 10243 2257 
f 11254 10226 2518 
f 10997 787 8279 
f 3806 581 4033 
f 1588 9116 1258 
f 8369 10245 8299 
f 10090 10448 10064 
f 3343 10808 6839 
f 12194 5905 11830 
f 8255 11293 11312 
f 1714 10241 9698 
f 9294 6064 6808 
f 6903 3103 2382 
f 1167 10824 3184 
f 6999 7267 6798 
f 1420 5654 750 
f 5650 4732 4742 
f 3054 11973 2315 
f 11816 37 9813 
f 8807 10028 10036 
f 3724 999 9340 
f 10436 2599 4181 
f 542 5259 8930 
f 12031 3872 596 
f 7636 10561 7665 
f 7543 9029 5861 
f 1165 8636 12145 
f 11797 4227 5742 
f 2132 7281 9799 
f 6262 2831 3069 
f 8025 9382 8614 
f 6018 8839 10545 
f 6321 2235 8331 
f 12314 9635 7428 
f 2017 5565 641 
f 367 2950 11663 
f 11217 12254 4118 
f 8511 7597 11680 
f 5385 5153 4916 
f 10778 9519 6911 
f 9633 754 5583 
f 10544 96 8674 
f 5163 6651 5615 
f 9992 10441 8505 
f 4206 74 7751 
f 2472 3941 3888 
f 10184 5346 10658 
f 7163 130 368 
f 8505 3838 9992 
f 128 11815 10355 
f 7826 4330 8759 
f 3878 9750 7102 
f 1221 12336 9545 
f 10583 10590 10231 
f 5891 9420 12159 
f 12025 4128 7624 
f 7014 6577 6579 
f 10431 11783 8878 
f 10156 10737 11807 
f 5561 12025 7624 
f 10850 8164 6304 
f 12112 7205 11317 
f 4575 5003 5245 
f 4158 11727 7344 
f 10278 11855 4143 
f 3700 7794 5814 
f 1972 6713 10436 
f 8719 1199 10196 
f 3415 12105 5657 
f 6547 4002 8694 
f 6748 5899 4799 
f 12334 3064 12324 
f 3944 6645 11627 
f 2811 2461 10650 
f 7849 2307 10463 
f 5279 10007 4341 
f 4853 4773 9052 
f 803 706 6330 
f 3389 3620 5227 
f 4238 2421 1798 
f 10193 10558 11270 
f 11640 87 3970 
f 4230 8147 11245 
f 10492 10885 4795 
f 3471 3886 3470 
f 1495 12137 2842 
f 5470 5454 10657 
f 5432 2332 1974 
f 4940 4327 11418 
f 6139 851 9531 
f 2201 2208 1812 
f 5305 2903 900 
f 3964 7992 11532 
f 3811 8867 11931 
f 11087 3630 3073 
f 8656 1965 3353 
f 2350 5146 7843 
f 10050 8812 9383 
f 9133 11697 4249 
f 8467 5096 8570 
f 7237 7771 7234 
f 4362 6617 10180 
f 6321 2203 2235 
f 5117 7787 4391 
f 3093 10751 8414 
f 5096 11046 8570 
f 8296 5424 208 
f 9580 2322 5905 
f 9883 8951 9879 
f 2877 1956 9915 
f 1090 2735 10041 
f 2318 2447 11526 
f 545 11808 8297 
f 12443 12394 2526 
f 3208 10168 9176 
f 11749 8839 6018 
f 5015 7397 11697 
f 5873 8755 3644 
f 7610 6379 5055 
f 6041 6500 1680 
f 3445 6869 12471 
f 8605 7467 7479 
f 9844 9085 4494 
f 628 4032 4033 
f 4334 8871 5684 
f 2058 1830 1736 
f 4395 5245 5887 
f 1421 3305 11466 
f 9382 8235 9419 
f 4083 1287 402 
f 2231 2678 10216 
f 6025 5297 9222 
f 6424 705 6053 
f 10727 11694 10910 
f 8164 3184 11113 
f 1778 301 8972 
f 5258 9552 8837 
f 4209 7186 165 
f 10863 5566 5373 
f 7839 7295 749 
f 2211 11299 2025 
f 8535 10944 6848 
f 8153 11314 428 
f 10378 7829 8046 
f 11697 9133 5990 
f 9713 4242 3729 
f 960 1649 1753 
f 2349 845 1981 
f 12123 777 6438 
f 8333 6568 8929 
f 2306 2242 6355 
f 1737 3660 3840 
f 2128 2074 3931 
f 11958 1368 4351 
f 8870 10299 10751 
f 3475 11681 8208 
f 8384 11858 6614 
f 1009 103 7654 
f 11571 7815 6294 
f 1329 3229 5828 
f 10447 2834 7835 
f 7625 3224 5869 
f 9847 2124 191 
f 8485 8979 1986 
f 12414 4523 1647 
f 7654 103 8074 
f 2934 3144 2761 
f 11106 11934 3316 
f 716 11702 5785 
f 3740 4491 5399 
f 1027 5321 11488 
f 1749 10889 6331 
f 5119 9488 1662 
f 6279 8519 9700 
f 11955 2418 11405 
f 10187 3268 1230 
f 199 336 843 
f 10472 10183 6377 
f 7440 10183 10472 
f 3216 12493 10581 
f 150 527 2944 
f 1015 1805 765 
f 9405 11543 10074 
f 7257 6060 2896 
f 10276 9052 4773 
f 5008 6174 8020 
f 7755 3197 7571 
f 10999 6437 10817 
f 3304 6411 5506 
f 10280 5074 83 
f 11835 12253 9917 
f 8058 11855 8393 
f 3080 5265 6681 
f 2572 10804 5719 
f 6209 4911 10054 
f 11570 8710 7393 
f 8869 9738 8270 
f 8195 8024 2186 
f 10127 10133 10490 
f 6465 2855 9517 
f 8050 7758 8616 
f 12247 9664 1746 
f 6743 10099 3978 
f 12410 9977 12292 
f 6636 3092 6847 
f 1496 1827 7219 
f 9382 8025 8235 
f 6642 10299 8339 
f 11448 3408 2625 
f 2730 3168 11140 
f 10149 12470 9511 
f 583 7726 4794 
f 8859 5532 3732 
f 6921 724 8203 
f 1037 4516 10826 
f 2886 4810 8083 
f 3001 3833 3210 
f 1037 3884 10324 
f 2809 2464 2293 
f 5083 11314 8153 
f 9422 8278 7810 
f 12373 8494 12382 
f 12144 7129 3191 
f 9699 10866 12091 
f 1102 5066 2453 
f 7578 3183 11703 
f 9714 9951 5487 
f 10073 5924 407 
f 4177 2473 4425 
f 2783 2290 2609 
f 6786 3218 9534 
f 7830 9265 4745 
f 1759 5119 1662 
f 11604 11427 11777 
f 7189 4572 1655 
f 3091 10653 12233 
f 8602 3623 8711 
f 6642 5568 12303 
f 10311 11426 11042 
f 3273 6197 3236 
f 8967 3902 3356 
f 8518 438 2143 
f 9639 9878 6704 
f 8881 9848 5408 
f 1875 2185 11302 
f 7842 10869 8876 
f 485 6183 11325 
f 4395 5887 5682 
f 7976 1883 1352 
f 5658 8079 2523 
f 4374 351 2492 
f 9383 8812 7157 
f 4936 1991 11665 
f 12303 5568 11247 
f 11312 6317 3072 
f 11186 284 310 
f 3667 12303 3568 
f 1241 1471 1458 
f 10113 3667 3568 
f 5609 12082 5704 
f 9118 7032 4012 
f 8919 6135 11645 
f 11174 10852 11171 
f 8661 9217 8946 
f 9886 6649 3460 
f 4014 6037 4987 
f 6763 5042 6337 
f 4723 10307 776 
f 1799 8250 3572 
f 8012 12085 7071 
f 5351 4159 2258 
f 10415 11389 11803 
f 7331 2821 10113 
f 1557 4096 2343 
f 6700 8751 1665 
f 1070 1067 950 
f 8678 10910 11694 
f 9554 1848 8299 
f 4803 4153 11573 
f 4317 4660 5804 
f 10741 4848 7011 
f 12226 12061 1742 
f 2760 6456 7475 
f 6515 8132 3230 
f 11187 10857 10127 
f 1336 5107 9221 
f 12472 270 12463 
f 9507 4559 5109 
f 7935 5164 8796 
f 1962 1523 1633 
f 7844 7866 8997 
f 10308 9965 1041 
f 8240 227 7532 
f 9109 11428 775 
f 10984 11759 10987 
f 5850 7278 6132 
f 4646 4866 3192 
f 1199 2594 4161 
f 12441 4695 6213 
f 8737 4000 6353 
f 4193 4754 4985 
f 2742 10486 1367 
f 6339 9446 2714 
f 845 10997 12411 
f 3108 1914 3239 
f 7331 10113 1177 
f 1382 3202 200 
f 8535 8723 2566 
f 11332 12229 6604 
f 10602 12404 4588 
f 10594 12132 10239 
f 7020 10674 6932 
f 5447 10159 9042 
f 8723 3999 2566 
f 11100 12337 11504 
f 6187 7068 7324 
f 4243 2600 1999 
f 7020 6932 10896 
f 8932 12075 6912 
f 4336 3760 4722 
f 11654 4680 7404 
f 668 9820 1225 
f 1783 1829 4426 
f 8632 7496 8054 
f 4420 5129 6901 
f 5780 3333 6895 
f 11951 1165 4634 
f 1165 11951 6573 
f 8666 879 9429 
f 11602 26 11515 
f 8115 10034 9508 
f 3746 3310 2058 
f 9373 10761 5586 
f 8738 8808 9052 
f 9038 3588 8031 
f 2962 9047 10628 
f 6785 3473 10798 
f 9084 3037 4406 
f 8537 10974 1028 
f 10446 5629 10296 
f 8193 1406 11001 
f 4079 4021 9412 
f 6299 8461 572 
f 5153 5386 5392 
f 2670 7598 2682 
f 2642 3852 7599 
f 10240 1942 10342 
f 10181 7766 6143 
f 4674 1898 4538 
f 2357 11888 927 
f 9850 8636 1165 
f 1667 345 4462 
f 4147 2575 9410 
f 2326 7719 160 
f 12162 2856 10884 
f 4934 8008 3836 
f 10688 2397 8510 
f 4708 4798 10309 
f 10293 9937 11431 
f 1194 10444 250 
f 10219 10190 10204 
f 12052 12065 11244 
f 3118 10216 6366 
f 6173 12394 3731 
f 11547 10074 11543 
f 1567 1477 3203 
f 292 2647 10096 
f 4343 9913 9949 
f 5106 7392 6501 
f 10363 11562 11553 
f 677 8044 3972 
f 9850 4343 9949 
f 3110 11649 5365 
f 7036 2184 8100 
f 8961 6673 7775 
f 2199 1924 11142 
f 10420 5689 9521 
f 8803 12179 2319 
f 10587 3871 12404 
f 7392 2280 6501 
f 9268 3691 7612 
f 11290 10212 731 
f 9640 6257 174 
f 779 4239 711 
f 8520 9939 2770 
f 2631 2791 9435 
f 5206 4602 12307 
f 5940 5310 10674 
f 2716 2102 8529 
f 2897 2054 1833 
f 11992 7697 9810 
f 7477 5277 9055 
f 3238 3393 11926 
f 11162 5944 6009 
f 5066 4710 7413 
f 1298 11754 7297 
f 6031 5834 5409 
f 7563 7283 7844 
f 2668 3880 3245 
f 8841 9081 11536 
f 11853 12250 6973 
f 2014 11705 651 
f 8362 7797 7541 
f 9735 8840 9745 
f 2611 2977 6189 
f 9014 7866 8433 
f 10223 5702 11836 
f 775 12013 4565 
f 5884 4432 6516 
f 3900 12317 7698 
f 823 7930 5051 
f 6440 5625 6222 
f 2870 9714 198 
f 6912 2708 2141 
f 4654 7363 8252 
f 2198 5141 355 
f 4250 6080 2403 
f 11634 11633 10919 
f 6306 10294 6121 
f 86 7966 7192 
f 2877 9876 6278 
f 10198 5482 11907 
f 8585 7081 3738 
f 8678 11694 3540 
f 778 1256 780 
f 1905 12454 3501 
f 2026 3191 2323 
f 8788 3767 8540 
f 1674 2324 2478 
f 1371 3867 2678 
f 3421 8456 7297 
f 11174 10496 10115 
f 7103 11853 6973 
f 11622 12455 12436 
f 8420 11228 9632 
f 7030 3409 3536 
f 1533 5971 8662 
f 3179 4191 44 
f 1298 5949 2184 
f 6420 4018 11104 
f 11736 10767 8856 
f 6610 6185 6181 
f 1472 9284 6565 
f 1671 10230 4328 
f 8928 3155 9142 
f 7723 470 4671 
f 3738 4970 5731 
f 6262 2963 3402 
f 11998 11188 11597 
f 10467 5479 9776 
f 11104 4018 4354 
f 3955 2054 9665 
f 235 10487 6533 
f 8151 8451 3337 
f 6359 5552 3252 
f 6175 6915 8996 
f 2410 12028 5950 
f 9769 11430 11365 
f 10656 9335 1343 
f 970 1528 4132 
f 10451 1977 4581 
f 751 833 11674 
f 9776 5479 3843 
f 7338 7562 9201 
f 4436 5323 4882 
f 954 4627 1759 
f 11042 11426 11824 
f 10510 5217 5949 
f 9249 8983 8114 
f 11971 713 4007 
f 2226 8100 2184 
f 9540 3878 5126 
f 12244 2123 4734 
f 5883 5462 6087 
f 2880 8987 8421 
f 710 8100 2226 
f 11480 1372 10159 
f 7786 2637 10727 
f 3621 11672 5732 
f 4225 4799 5899 
f 7046 7323 9776 
f 1542 7379 7546 
f 129 7319 4235 
f 10067 5953 3518 
f 8611 7739 7465 
f 3025 4743 4524 
f 4576 6219 11185 
f 559 2440 9744 
f 3072 3311 12316 
f 10324 3016 1037 
f 5059 29 1149 
f 7575 4192 7645 
f 9101 9673 10014 
f 3577 11448 12348 
f 3770 7957 8100 
f 10047 4935 11226 
f 11390 5561 7624 
f 5461 583 8533 
f 6744 10751 6642 
f 1881 2132 6972 
f 4678 10347 5825 
f 10235 4784 1293 
f 4063 8196 31 
f 8602 2949 1409 
f 616 404 694 
f 7567 11430 7962 
f 6833 3505 10063 
f 8246 3392 7135 
f 5019 10801 7288 
f 9878 3659 5974 
f 2344 5006 4960 
f 12143 11198 3681 
f 12369 8447 4792 
f 6757 4037 8750 
f 3697 11706 654 
f 6056 927 12071 
f 3041 3069 7952 
f 8856 10767 7957 
f 614 7382 8679 
f 9856 5957 9125 
f 7155 7681 9673 
f 10052 9385 8823 
f 4018 927 6056 
f 10868 3088 3340 
f 11099 9990 9657 
f 3805 9204 4092 
f 3769 12168 8500 
f 3085 2637 8443 
f 3820 12434 8972 
f 428 12336 8153 
f 1270 1685 10732 
f 1435 8562 11194 
f 2136 5018 6202 
f 8515 51 9770 
f 4430 11882 8851 
f 7835 6608 2015 
f 8884 6706 9091 
f 4049 4801 3833 
f 10853 10830 10857 
f 9004 3283 3338 
f 10444 1992 9438 
f 1209 1206 1220 
f 1954 2040 3021 
f 152 153 145 
f 2348 4891 6084 
f 8071 6448 2794 
f 11293 8039 10000 
f 4288 3690 3481 
f 12160 9208 3909 
f 1824 6851 4964 
f 9103 2097 5001 
f 5023 8639 6680 
f 9438 1992 2052 
f 9434 10124 8600 
f 8286 9649 4566 
f 3666 2409 4161 
f 7729 1712 7675 
f 9412 6076 4363 
f 3318 4873 10646 
f 2040 4873 3318 
f 12429 11218 11608 
f 1553 5759 1929 
f 2888 11862 11792 
f 4134 5608 6026 
f 10613 11452 5520 
f 5853 4741 5841 
f 7861 9119 10045 
f 10167 4791 2788 
f 7199 7758 6948 
f 2434 2426 3162 
f 5639 9914 3199 
f 2626 8314 431 
f 9056 11419 12410 
f 2347 913 4628 
f 4686 10150 1872 
f 1936 10150 4686 
f 10150 645 1872 
f 4755 828 8154 
f 2388 856 3745 
f 6909 8432 7702 
f 10403 6657 12487 
f 4657 3677 2857 
f 4486 4311 3523 
f 4278 8482 1142 
f 11124 10785 9387 
f 11808 5099 5856 
f 4160 6822 939 
f 4134 6026 2425 
f 3462 11367 10834 
f 9222 2669 8262 
f 1475 7591 1042 
f 11999 1760 11070 
f 2425 2604 8212 
f 645 12209 5064 
f 5781 2980 8692 
f 948 7285 350 
f 7013 6796 8388 
f 5918 7666 6302 
f 7455 4714 1703 
f 6967 114 961 
f 6958 2705 3185 
f 2201 2179 2511 
f 2267 3832 9773 
f 1007 11646 8758 
f 8212 4667 2425 
f 1494 10528 1377 
f 6346 7541 6991 
f 6420 6511 2488 
f 863 6356 4024 
f 10612 11341 5620 
f 131 11961 11524 
f 9956 2503 12013 
f 4112 9196 4036 
f 768 3422 9742 
f 3379 4833 8919 
f 9066 5167 8635 
f 6872 10740 8589 
f 5029 11485 2558 
f 3505 7672 10863 
f 10857 11989 10853 
f 2143 7185 6265 
f 7316 9671 2390 
f 5537 6152 6357 
f 6497 9633 9679 
f 5709 5270 9638 
f 12296 10855 1551 
f 6481 5370 6182 
f 5741 6500 7345 
f 11511 5519 6787 
f 3290 2395 12440 
f 11514 845 6834 
f 7088 8184 7094 
f 9853 9119 7861 
f 8119 11013 8755 
f 11434 11920 3364 
f 8169 8882 9700 
f 7139 11359 9187 
f 12482 6673 10467 
f 7222 2692 4052 
f 8175 7096 1643 
f 10370 7841 6472 
f 819 6572 4019 
f 2159 2321 2483 
f 3243 959 2528 
f 10930 2250 2262 
f 8830 11794 4091 
f 6342 3050 10474 
f 3144 2934 3129 
f 9996 4061 11837 
f 1446 8989 4433 
f 7344 1381 5980 
f 7006 8471 2765 
f 8024 4976 2186 
f 1446 12191 8989 
f 2851 11197 1732 
f 6472 7841 6652 
f 11298 10360 11693 
f 2846 2874 8480 
f 8005 4448 7162 
f 7059 8674 7065 
f 9846 1584 299 
f 8454 8753 9321 
f 11167 954 1759 
f 2409 1199 4161 
f 6121 5011 7757 
f 10826 4516 11579 
f 5696 8829 610 
f 4500 6326 8445 
f 4507 11152 1666 
f 3083 1137 6840 
f 12320 8470 2192 
f 4622 686 9428 
f 2489 7861 10045 
f 152 145 193 
f 8700 2278 334 
f 8193 3971 3926 
f 9724 9234 3776 
f 4828 5926 4838 
f 468 1801 162 
f 7200 5132 4062 
f 1859 9126 3045 
f 7452 2766 7434 
f 645 5064 4858 
f 8916 2710 3946 
f 3852 3012 1648 
f 8220 8478 8514 
f 7121 1029 6889 
f 3627 3186 3614 
f 9838 6889 6513 
f 11918 12391 10668 
f 10819 9739 10440 
f 1381 1261 956 
f 5101 4385 1755 
f 7184 8130 8113 
f 11200 3012 12138 
f 3735 6722 12413 
f 6513 6889 11897 
f 1631 11373 5904 
f 406 405 8329 
f 2307 3242 10463 
f 5613 928 5118 
f 7290 1940 2192 
f 7165 6709 6925 
f 8219 4479 3915 
f 11292 11283 11650 
f 11092 5407 2008 
f 8679 4397 3146 
f 6027 5206 12307 
f 10145 10005 4212 
f 958 11020 12352 
f 6816 6405 7217 
f 3089 3633 5610 
f 8307 7199 7454 
f 11224 7709 8746 
f 980 694 1581 
f 9695 9384 9690 
f 1050 1861 2677 
f 1227 685 7272 
f 9584 198 11209 
f 2886 5137 4810 
f 215 6995 5716 
f 1790 1884 2333 
f 5874 3885 3625 
f 9993 3428 1455 
f 103 9920 8074 
f 987 11403 6406 
f 6604 3659 7504 
f 9125 2078 9856 
f 3142 4169 4525 
f 8057 8325 7493 
f 7222 2277 10912 
f 9013 512 10669 
f 761 10733 5896 
f 1223 6871 2564 
f 6004 5814 10023 
f 10757 6511 11104 
f 4965 5452 4672 
f 96 10544 4404 
f 6165 7749 8913 
f 3335 3559 5411 
f 3832 8224 2468 
f 9905 48 9716 
f 3248 8309 9802 
f 5578 6185 5973 
f 11778 9159 3579 
f 4043 3457 9896 
f 5929 7612 3035 
f 3285 3013 11461 
f 7217 318 4827 
f 2335 4022 6355 
f 4693 849 4540 
f 3184 2562 11113 
f 7781 8066 1234 
f 211 4584 838 
f 448 10700 10110 
f 2095 1470 5105 
f 898 3203 1477 
f 9065 12259 8569 
f 9397 7696 4138 
f 10367 11772 9045 
f 1094 5241 8384 
f 10973 5764 9136 
f 3831 11605 6752 
f 6678 11516 810 
f 9872 5388 5490 
f 5000 8541 9439 
f 9411 9569 1657 
f 10438 418 8146 
f 12273 2563 2127 
f 10280 9323 3714 
f 11378 10626 1047 
f 2931 753 6125 
f 9379 7242 10715 
f 11327 273 10848 
f 8070 9250 11313 
f 992 11469 10531 
f 7683 7344 1388 
f 2978 10235 609 
f 6005 10264 4677 
f 367 6541 8873 
f 400 1807 4423 
f 2590 7018 1911 
f 9908 1623 7557 
f 9986 2487 6441 
f 4224 3627 4217 
f 8312 7481 7223 
f 376 10491 5231 
f 4095 8146 8242 
f 6733 364 11012 
f 5035 773 8796 
f 5422 3108 10268 
f 7482 11320 7428 
f 8611 7213 8030 
f 10473 923 6251 
f 607 971 6145 
f 4014 3790 4881 
f 9441 10112 9436 
f 3162 3362 2771 
f 8555 10379 1045 
f 4805 10180 4267 
f 6008 6011 6662 
f 7379 7857 4111 
f 10429 6283 8744 
f 9439 8541 9763 
f 597 10546 3373 
f 781 3259 3424 
f 3114 6227 11276 
f 9467 8889 8159 
f 10962 3011 6716 
f 7744 4017 7733 
f 9480 10992 11316 
f 2955 2956 3106 
f 4496 3740 5399 
f 7419 292 1942 
f 3599 12118 1806 
f 10281 2086 9861 
f 3879 3599 9854 
f 322 2372 2714 
f 949 11981 5290 
f 1939 5020 1389 
f 12203 2679 1867 
f 10928 4740 3168 
f 5228 10625 2000 
f 9063 7681 8206 
f 442 8845 7531 
f 8744 7180 1577 
f 3229 1329 4295 
f 1277 1615 1504 
f 4899 5615 6187 
f 5010 11838 7049 
f 5699 5268 5037 
f 1734 1628 1504 
f 4250 2403 3871 
f 4290 3717 4898 
f 5089 5412 7243 
f 1858 3910 9307 
f 4720 7790 10664 
f 4204 5328 10878 
f 1433 9224 3280 
f 4156 4636 5437 
f 846 9402 4837 
f 2614 12319 8042 
f 324 7942 317 
f 6612 2488 6511 
f 2140 9602 10355 
f 3772 6895 3333 
f 2232 10561 47 
f 9624 11456 12256 
f 9396 32 9413 
f 5731 11758 3031 
f 5287 2418 11518 
f 9396 2535 32 
f 9125 12221 5133 
f 8583 7924 5353 
f 6646 7107 6425 
f 186 8210 3132 
f 8236 4679 11015 
f 3918 10433 3683 
f 2870 9928 9951 
f 10664 9921 4783 
f 5924 211 838 
f 2787 630 5161 
f 5691 4531 3453 
f 11760 9031 10226 
f 7515 8317 2846 
f 3673 6601 4666 
f 6091 5161 630 
f 3893 1617 11278 
f 5027 9514 5882 
f 6666 11589 7016 
f 8588 5470 1819 
f 4318 9302 10419 
f 106 11542 3429 
f 218 11076 759 
f 4492 8445 4932 
f 3058 9966 10634 
f 7580 6591 8136 
f 7506 3899 1679 
f 9579 9273 10683 
f 4681 5348 4730 
f 4825 2466 10286 
f 8263 2004 2039 
f 3920 4301 4139 
f 8737 2614 6487 
f 3625 1450 2804 
f 5295 10511 5231 
f 10191 7519 10018 
f 3280 1199 2039 
f 7276 7209 2476 
f 9583 12267 12246 
f 10901 12021 2875 
f 8783 9962 9645 
f 3425 4957 1030 
f 10695 8656 12206 
f 10049 4981 5054 
f 10693 171 10516 
f 4136 3112 10382 
f 12159 8660 5891 
f 7482 620 11320 
f 7943 3168 4740 
f 10536 5107 1774 
f 11042 11824 3261 
f 12074 8234 2450 
f 4710 1102 4344 
f 11300 9476 2864 
f 11182 8199 1280 
f 4294 1499 11507 
f 8565 4094 3073 
f 3247 1764 2970 
f 11860 8062 3961 
f 10794 5703 4903 
f 2491 4726 4668 
f 2221 2908 2386 
f 3571 11794 11144 
f 7986 7810 9448 
f 7807 10884 5428 
f 6898 5744 4349 
f 6384 10988 10981 
f 7281 1709 3923 
f 115 1315 8811 
f 10966 10914 10897 
f 3615 5227 4771 
f 11893 2680 4445 
f 5824 6232 6022 
f 4663 8749 2289 
f 11257 10439 4982 
f 2907 4304 5478 
f 7158 1024 2922 
f 10621 275 9262 
f 8580 11125 9926 
f 9262 275 8818 
f 10848 3090 2627 
f 6361 10462 10479 
f 314 1647 4376 
f 1019 6632 2377 
f 6404 3799 805 
f 5088 751 11450 
f 373 8996 4273 
f 8495 8728 8322 
f 897 12087 9298 
f 11952 5294 4578 
f 9390 8718 4975 
f 4281 10520 9428 
f 878 2864 9476 
f 5072 1292 1670 
f 5063 5527 4832 
f 1660 5172 1673 
f 7949 3850 5291 
f 5115 4596 2910 
f 3346 5240 12062 
f 3576 11965 5125 
f 3425 1454 4957 
f 12187 10679 6715 
f 1246 4579 2651 
f 3346 12062 4563 
f 9435 4045 2631 
f 4603 5413 9206 
f 69 223 231 
f 3149 4400 1528 
f 6368 6802 7015 
f 2951 3998 3560 
f 2615 5570 4267 
f 1287 4104 402 
f 2 11060 12287 
f 7864 7856 11809 
f 5294 11952 519 
f 1435 3265 592 
f 3140 2990 1870 
f 6545 6370 9357 
f 5962 9772 11995 
f 2596 555 5917 
f 5183 871 2212 
f 1626 1746 1818 
f 8762 12422 5701 
f 11728 9827 6396 
f 352 949 8039 
f 4342 5294 6671 
f 12467 10354 9174 
f 12486 567 9929 
f 10576 8309 506 
f 2907 11007 11483 
f 7778 1663 856 
f 7435 3696 59 
f 2492 8729 3258 
f 8060 7771 7237 
f 8902 10414 4402 
f 1143 397 8087 
f 417 6332 6316 
f 7513 9509 10606 
f 4372 7876 6451 
f 3516 9563 4883 
f 10032 11439 11190 
f 11203 500 6946 
f 6031 5816 6689 
f 10776 2785 10566 
f 12158 12146 12154 
f 6192 5094 5028 
f 6380 5893 12254 
f 6344 10202 6615 
f 1666 27 1174 
f 12189 424 4984 
f 2455 12283 474 
f 1575 11344 1250 
f 8668 3998 2951 
f 2197 5201 6284 
f 7942 10747 8035 
f 704 10033 9994 
f 5183 3998 6665 
f 3974 4518 4510 
f 5791 6047 7753 
f 10523 9790 12036 
f 3998 8668 6665 
f 60 10458 9351 
f 11220 9880 1315 
f 4941 9322 8382 
f 3106 5775 2955 
f 1907 3005 11514 
f 6835 11185 6219 
f 9693 6665 8668 
f 6054 10702 10724 
f 10755 19 10743 
f 12139 11115 5103 
f 8162 9025 8450 
f 2816 2099 9523 
f 12279 9872 5490 
f 5403 5318 5289 
f 2816 9523 7934 
f 11317 12186 2249 
f 9907 12270 2227 
f 3866 9786 9530 
f 8303 11341 10612 
f 4775 10643 4387 
f 8238 5086 983 
f 11438 12139 8624 
f 8794 119 11826 
f 8624 12139 9693 
f 8873 1365 12234 
f 10397 3786 10959 
f 7687 3350 3713 
f 6301 6096 5883 
f 10838 5617 8734 
f 6283 4070 8321 
f 39 1921 11180 
f 6187 5615 6651 
f 6941 6266 6476 
f 5679 5155 6190 
f 6460 11901 5315 
f 11407 6306 7417 
f 10648 1554 4847 
f 4546 8130 8110 
f 4808 4598 4594 
f 3854 11583 7907 
f 4740 10928 4612 
f 2078 5133 2774 
f 11497 1974 522 
f 3114 9219 272 
f 285 4037 7501 
f 9290 9616 8740 
f 10064 9389 7963 
f 2191 313 263 
f 163 609 12378 
f 3865 5422 4279 
f 4037 6757 7501 
f 5868 3537 3581 
f 10040 9215 9620 
f 2992 5281 278 
f 6232 5824 6452 
f 12035 5294 3477 
f 1454 3425 5361 
f 2717 6391 3316 
f 10949 12133 10012 
f 3892 7224 1101 
f 4717 4938 5409 
f 6176 6302 9024 
f 10338 10687 7991 
f 1535 11533 7148 
f 3647 11058 2142 
f 1774 9318 9863 
f 8745 8760 775 
f 2431 2420 1964 
f 5747 10623 3895 
f 8116 5972 2866 
f 9653 10393 9690 
f 3855 1676 4469 
f 11461 6705 4944 
f 7480 3242 2167 
f 9178 9183 10152 
f 11867 612 4424 
f 7623 545 8297 
f 1169 12469 1579 
f 7196 7202 6732 
f 7644 3930 3394 
f 932 5093 4597 
f 7407 3394 3930 
f 3245 3876 3047 
f 1931 3639 12406 
f 5290 1427 949 
f 11081 11859 12297 
f 4869 8238 983 
f 6778 9806 9550 
f 10559 9701 293 
f 5257 6746 7228 
f 11760 7140 9659 
f 5693 5894 6315 
f 10267 6175 8996 
f 9215 10040 5755 
f 7585 3930 1432 
f 9279 5415 10067 
f 9028 7253 2172 
f 5679 6720 5155 
f 4067 11788 9733 
f 10891 7438 7783 
f 474 12283 530 
f 10199 5368 9912 
f 5975 11769 443 
f 5492 8263 8719 
f 2916 2103 7133 
f 3182 11494 5095 
f 5360 4121 5214 
f 3394 7003 7040 
f 7040 7003 27 
f 4505 4867 10932 
f 10328 12438 12435 
f 10068 3465 1464 
f 8719 8263 2039 
f 9990 11099 11490 
f 4526 4164 5991 
f 6260 108 11335 
f 528 3574 7784 
f 3810 12481 5098 
f 2491 4604 2854 
f 5885 2166 1689 
f 9806 4690 9550 
f 3713 788 5766 
f 685 1740 701 
f 11387 3287 5444 
f 8859 3792 11487 
f 754 4469 1676 
f 11903 1393 644 
f 9807 2091 6198 
f 2808 4900 4270 
f 2498 3901 11822 
f 7282 6858 5129 
f 242 2460 10795 
f 4371 5629 10446 
f 4520 907 4175 
f 8571 4064 4522 
f 12011 7705 2840 
f 5090 5081 5543 
f 10880 11876 2042 
f 4564 6083 5457 
f 4727 518 3612 
f 2313 11740 6003 
f 12159 3854 7907 
f 10745 5109 10691 
f 728 502 2635 
f 7487 7758 8050 
f 1413 388 3575 
f 11628 9295 1815 
f 6383 5191 12227 
f 52 10313 1644 
f 8621 5838 6169 
f 1467 10160 4350 
f 5959 6832 5753 
f 11937 10673 10430 
f 6814 10782 188 
f 1234 1366 4105 
f 6531 9625 568 
f 9940 8970 9921 
f 9106 1643 9190 
f 4866 5779 3602 
f 106 6951 4683 
f 11264 6992 6874 
f 11451 5702 8353 
f 341 7238 1631 
f 12319 11579 312 
f 2019 5147 10666 
f 3687 4002 9530 
f 5016 9955 9490 
f 11730 8364 7621 
f 5341 8921 5275 
f 3361 4875 7218 
f 9651 9668 11102 
f 10184 3618 2630 
f 9997 7558 11590 
f 4364 11126 12331 
f 3972 11376 3837 
f 221 9728 5451 
f 6524 10827 11943 
f 955 6285 6870 
f 5762 6187 6386 
f 8198 8497 8217 
f 8322 11297 8180 
f 477 11435 12386 
f 3905 255 8431 
f 10052 8823 10051 
f 7762 7508 7234 
f 4452 2524 6571 
f 8320 5744 2476 
f 6050 1335 10410 
f 11689 7561 4655 
f 1888 4523 8894 
f 6586 7573 7305 
f 408 5637 4701 
f 5845 10479 3281 
f 7471 12207 8716 
f 4885 9046 4566 
f 9318 11878 8874 
f 6786 11807 10883 
f 3730 3523 4311 
f 956 3071 4408 
f 6869 3344 4047 
f 11482 10003 10753 
f 2937 3151 3158 
f 5719 6958 12349 
f 7274 7558 8047 
f 679 11863 11005 
f 1834 3616 75 
f 8248 8554 2272 
f 3248 9802 10325 
f 5839 8977 921 
f 9106 3687 3189 
f 8554 8248 8123 
f 214 1302 5239 
f 10942 5529 6038 
f 4420 6901 3758 
f 2065 7222 9629 
f 4527 5429 5434 
f 2149 10315 6712 
f 8171 5795 2401 
f 7865 7052 557 
f 10997 845 787 
f 10997 1845 10968 
f 9361 11848 12435 
f 10127 10105 10088 
f 4322 1283 8810 
f 3955 9665 11219 
f 9856 2078 9367 
f 12321 10160 7747 
f 6670 3883 10801 
f 3521 3303 4899 
f 9227 10828 5326 
f 11762 4333 7832 
f 1877 200 7773 
f 4242 9630 9946 
f 9126 4455 11920 
f 5178 4947 4510 
f 10950 6856 2706 
f 9583 4162 9890 
f 3760 4174 3777 
f 568 11737 8715 
f 5813 7877 4484 
f 9505 11865 9390 
f 7555 11546 1013 
f 11939 1655 1634 
f 7005 7270 7545 
f 7211 3224 2392 
f 2162 2151 10261 
f 3846 3901 11651 
f 9989 987 9950 
f 727 6040 5810 
f 10428 9012 11933 
f 9744 3905 918 
f 9602 5599 10355 
f 388 6786 9534 
f 1547 1447 10108 
f 11517 11124 12338 
f 1609 936 10238 
f 12121 5972 8116 
f 1468 1527 9319 
f 6172 7043 6594 
f 5030 660 656 
f 3932 6984 6849 
f 5859 10319 6708 
f 4192 7696 9932 
f 12234 1365 10139 
f 1548 3121 1493 
f 4391 1562 6920 
f 10748 9663 11084 
f 10603 2337 12292 
f 7905 8177 6861 
f 499 635 432 
f 5034 2557 2608 
f 10718 3957 3805 
f 3250 4688 9863 
f 8400 3613 8331 
f 4346 3842 2225 
f 9756 2745 6097 
f 1801 4257 10886 
f 2236 8477 6268 
f 9006 4625 904 
f 12329 5663 834 
f 883 8493 11850 
f 11414 4984 1718 
f 5141 2198 2042 
f 4087 6143 6531 
f 2225 9902 9058 
f 8215 8884 1387 
f 7465 7739 6726 
f 10105 10818 10448 
f 8485 1986 7855 
f 1061 12459 2038 
f 8566 9130 9150 
f 2969 11284 1480 
f 4631 11193 6682 
f 5259 8898 9562 
f 12176 2681 10518 
f 6183 2489 11870 
f 9871 10703 9087 
f 2106 2291 2290 
f 9777 1984 4879 
f 3907 1937 8226 
f 3896 11709 8979 
f 11884 9922 5955 
f 769 9422 7986 
f 6873 6926 11534 
f 5669 3750 1061 
f 7532 8609 7686 
f 3354 4183 3376 
f 4488 11149 4602 
f 12014 2929 12333 
f 2268 3430 4628 
f 10570 8202 3530 
f 5034 3525 2557 
f 5487 9951 5471 
f 1329 5828 1052 
f 647 12442 6951 
f 579 2946 4835 
f 196 156 199 
f 7105 6222 6419 
f 1730 11787 10651 
f 12040 7585 3512 
f 8827 7492 7482 
f 8322 8180 8495 
f 7607 3023 7051 
f 8579 11542 1071 
f 9879 10630 10637 
f 1062 1054 10200 
f 8910 9195 9790 
f 11819 11431 11044 
f 9155 4329 10878 
f 653 307 249 
f 7002 10870 12460 
f 8082 10361 9626 
f 2663 2844 2483 
f 6035 10479 6957 
f 2580 5902 2002 
f 11809 7840 8698 
f 1338 11542 8579 
f 8871 9727 7290 
f 7969 7849 9572 
f 8528 6244 6619 
f 9080 6303 6560 
f 10092 5524 7215 
f 169 10878 5328 
f 5220 11880 12147 
f 6861 7883 6627 
f 11542 4683 1071 
f 10030 9067 9680 
f 567 2628 687 
f 7749 2126 8913 
f 3934 522 2987 
f 10520 933 5082 
f 4933 6136 2340 
f 11143 6600 3235 
f 9202 9312 10662 
f 8407 9475 11932 
f 1624 7512 11897 
f 6601 3673 5090 
f 1071 6410 8579 
f 11411 2850 8232 
f 11314 5083 3825 
f 1594 9266 11613 
f 10090 10076 10088 
f 2997 3627 3833 
f 7926 12286 10545 
f 3267 3065 3492 
f 12442 11830 6951 
f 3746 5615 3310 
f 413 1880 9862 
f 7033 7145 4316 
f 6465 3759 4563 
f 8344 9316 11399 
f 3448 5060 3652 
f 9906 9574 8983 
f 728 2635 10077 
f 12456 11235 12463 
f 6951 11830 2016 
f 10578 5630 12102 
f 4630 3201 2759 
f 11584 8275 2657 
f 5722 12342 5761 
f 5999 7495 5909 
f 546 10613 12312 
f 5256 5693 5488 
f 11529 9133 8889 
f 6893 7472 11868 
f 2187 4668 4726 
f 12248 4583 11923 
f 7822 6984 10398 
f 227 8333 7532 
f 11789 11966 6824 
f 12416 3408 4401 
f 5777 7243 12070 
f 950 1067 7429 
f 2608 9476 6412 
f 869 2996 6169 
f 5366 5369 3914 
f 671 4912 9190 
f 1005 434 6414 
f 9420 1778 8972 
f 7741 10995 10106 
f 5518 7114 774 
f 7642 11618 8028 
f 2502 4185 7434 
f 327 11689 9132 
f 12044 9662 4199 
f 11262 11918 11861 
f 7976 1352 11091 
f 11902 11891 2557 
f 11021 4084 2982 
f 815 2292 10443 
f 12222 6423 8483 
f 11240 4926 9153 
f 9570 11717 498 
f 3347 3354 3142 
f 12347 4157 6216 
f 6380 9939 5893 
f 5425 11961 12007 
f 5575 9757 8310 
f 2599 12330 4181 
f 6162 7015 6586 
f 9189 10438 8146 
f 7169 1243 12038 
f 169 4181 12330 
f 3225 11861 368 
f 8643 6653 12391 
f 2614 4789 12319 
f 12276 2940 8781 
f 11918 11262 12391 
f 12409 10159 5447 
f 308 8083 6694 
f 9606 6653 8643 
f 5582 4290 4895 
f 1928 5223 6611 
f 8355 8351 9491 
f 9939 8520 5893 
f 5202 43 3506 
f 47 7636 12414 
f 3683 11956 3918 
f 336 1244 979 
f 8009 298 24 
f 9674 4724 2084 
f 567 687 9929 
f 8052 1821 2860 
f 8182 3978 10099 
f 8591 5054 4981 
f 10433 3918 3737 
f 4697 11443 1442 
f 5491 5329 3202 
f 3487 9501 5181 
f 8664 4737 6352 
f 5391 8682 6529 
f 3487 5181 5391 
f 4024 8901 9456 
f 8553 11499 5371 
f 5878 2002 10717 
f 9622 1979 11785 
f 2459 12384 6589 
f 4399 11069 9659 
f 7502 11998 10976 
f 2270 5067 4974 
f 7815 8892 11191 
f 9990 8177 9657 
f 9226 9327 9585 
f 6274 1337 11024 
f 1664 4724 3572 
f 8682 5391 5181 
f 10608 7816 10328 
f 8505 5391 6529 
f 2711 2022 2887 
f 4266 10841 11867 
f 7764 8929 11522 
f 5839 921 4447 
f 6514 6737 5894 
f 2955 5775 667 
f 10447 7835 1573 
f 8397 4905 5777 
f 9501 8134 1233 
f 1156 8134 9501 
f 3465 7879 2046 
f 9936 2836 8703 
f 8657 8350 8658 
f 6756 11591 626 
f 3415 11953 6089 
f 8564 7512 3981 
f 11415 8047 4176 
f 4320 9560 4024 
f 130 11251 368 
f 11624 3664 11195 
f 1989 2663 2321 
f 2923 3959 4149 
f 7658 5395 4839 
f 10846 3143 54 
f 1337 11382 1146 
f 11028 6595 10084 
f 8739 11354 1516 
f 197 7839 1500 
f 11499 7544 5371 
f 7136 7940 7805 
f 3327 4366 2180 
f 5463 11258 2350 
f 381 288 10944 
f 10783 4176 8047 
f 591 663 588 
f 176 132 66 
f 3509 12317 3900 
f 11087 4094 12140 
f 8525 7941 7963 
f 1659 277 12119 
f 11492 7172 2975 
f 8176 6257 71 
f 8569 734 6318 
f 6022 5411 4947 
f 12255 7262 7204 
f 1323 1347 1330 
f 6881 6304 3093 
f 10416 6251 826 
f 6186 7217 12197 
f 5392 6433 6011 
f 1501 12348 11716 
f 7163 368 11918 
f 11251 12076 11046 
f 10353 10972 5636 
f 6290 10878 4329 
f 10794 2405 5703 
f 2163 169 4824 
f 249 253 243 
f 5419 5649 6248 
f 7906 11384 7791 
f 37 7251 9813 
f 2617 10396 681 
f 12370 4390 6422 
f 6074 1843 4045 
f 9135 8844 9739 
f 11702 1650 7847 
f 4224 5481 5693 
f 7700 9748 683 
f 5376 8887 10349 
f 8559 10255 2926 
f 6308 12041 11286 
f 3768 7546 1545 
f 7778 8862 10259 
f 10545 12286 6018 
f 4135 10305 11791 
f 9179 5377 7568 
f 12002 11211 6711 
f 10723 10156 11807 
f 7869 8283 3028 
f 11633 10931 10919 
f 1418 10908 279 
f 1972 6041 6713 
f 2519 8422 10534 
f 2890 3721 3717 
f 901 1593 7819 
f 5241 1094 4568 
f 7836 2123 6556 
f 3831 6752 10545 
f 1022 7326 8090 
f 5251 5230 5271 
f 4234 7470 4251 
f 7327 9964 7868 
f 8164 8870 6304 
f 6149 5324 1864 
f 6304 8870 3093 
f 7489 4757 6698 
f 1610 9737 9630 
f 10314 11915 9103 
f 4031 12331 12301 
f 2415 3052 4650 
f 9196 1795 5931 
f 4989 3211 10060 
f 12220 1328 4592 
f 7761 6311 4005 
f 4750 4369 4365 
f 3147 2940 12276 
f 3831 10545 8839 
f 5801 1357 5745 
f 1250 7609 5205 
f 8164 10299 8870 
f 5934 12070 7243 
f 6433 6659 6011 
f 885 9393 3365 
f 7842 1082 10810 
f 5282 5513 4819 
f 11278 8617 2827 
f 3408 7805 2367 
f 4364 8580 8652 
f 11991 8484 3822 
f 8185 11605 9023 
f 9454 11986 9462 
f 9920 11241 8074 
f 7129 12144 371 
f 5386 5385 6425 
f 2988 12229 4687 
f 7671 4501 4342 
f 8074 4001 7654 
f 8458 480 6672 
f 8677 11214 8980 
f 6669 7686 5586 
f 11370 8709 2889 
f 1218 2009 1466 
f 7709 2643 11289 
f 6308 11286 5515 
f 6417 620 7551 
f 1879 4178 6607 
f 1445 11060 2 
f 4674 1779 1898 
f 7568 1672 7750 
f 8093 11436 9246 
f 7750 9179 7568 
f 3763 8426 8212 
f 6731 7384 5169 
f 8599 12468 7981 
f 8073 8751 6457 
f 7654 4001 6847 
f 7034 6080 4312 
f 1367 9433 4001 
f 5051 9592 3964 
f 12249 3337 4075 
f 12245 7029 10091 
f 4313 9545 12336 
f 7645 6856 7575 
f 1258 3446 8627 
f 12311 10454 2881 
f 12210 8522 2079 
f 2145 158 2662 
f 10943 4370 10992 
f 8516 8196 8365 
f 10454 2474 2881 
f 4379 8881 9637 
f 10880 7156 8424 
f 11330 856 1663 
f 10183 7317 8822 
f 4001 8074 11241 
f 7440 7317 10183 
f 11897 6889 1624 
f 256 3907 3842 
f 2537 3303 2902 
f 1710 8276 3467 
f 8717 8410 9267 
f 6265 488 2143 
f 2118 11408 11489 
f 11092 12152 5407 
f 3023 7316 11835 
f 11555 6660 8361 
f 6031 5836 5834 
f 3218 10897 6023 
f 4293 2680 4300 
f 5397 1947 8864 
f 7659 4437 5 
f 4851 3836 8008 
f 3338 3929 2312 
f 1182 3183 1146 
f 11452 3532 6113 
f 1932 2972 7912 
f 4308 2472 3888 
f 10656 1343 3199 
f 1225 9820 5378 
f 7930 2940 3147 
f 8006 3002 7511 
f 236 1042 5795 
f 9838 1950 7421 
f 4285 1659 7067 
f 6361 10479 5845 
f 11031 9198 7615 
f 371 9060 7439 
f 9636 4747 113 
f 3667 5845 12303 
f 5845 3667 6361 
f 10550 11768 8752 
f 10177 3071 1388 
f 6027 9718 6921 
f 7494 7762 7771 
f 3827 5396 5579 
f 173 6015 11614 
f 8377 4345 101 
f 8532 7331 1962 
f 1541 1204 6876 
f 2727 11261 5593 
f 4061 7147 81 
f 2821 10462 3667 
f 4222 11214 8046 
f 8148 4587 5906 
f 3376 3596 3171 
f 8135 451 3174 
f 6540 8309 10744 
f 6227 8301 9953 
f 11779 4427 4378 
f 10462 6361 3667 
f 7722 9844 2110 
f 1473 9160 8707 
f 3101 8340 8245 
f 2427 9140 6456 
f 3174 8474 5967 
f 9602 11523 3349 
f 2294 11213 12261 
f 2764 3419 4464 
f 6664 5967 2109 
f 9140 2427 9054 
f 10462 8532 6728 
f 2807 5348 9789 
f 10994 12252 8943 
f 6719 7672 10427 
f 10905 3574 1211 
f 8590 8679 8663 
f 10651 11388 11395 
f 8753 10728 9321 
f 5471 5897 7657 
f 1745 4727 7664 
f 8396 8999 9269 
f 7967 8550 7968 
f 11951 4634 414 
f 2153 2666 2173 
f 2159 2333 1884 
f 5378 7538 1225 
f 8611 8608 9161 
f 3104 3739 3740 
f 8828 9140 9054 
f 8304 10483 12488 
f 6693 1906 6166 
f 11682 9208 836 
f 5940 10933 3992 
f 8532 1962 10011 
f 9183 10157 10523 
f 6138 5296 5926 
f 3674 8176 71 
f 2050 7233 6344 
f 3028 3715 7869 
f 6534 406 7354 
f 10774 10580 4163 
f 11911 24 298 
f 1074 4922 11665 
f 8852 1710 4326 
f 10111 1145 11741 
f 2263 1765 2081 
f 1560 8800 11848 
f 10867 10804 1591 
f 10036 9399 8807 
f 1225 7538 5405 
f 9897 12458 93 
f 10877 9143 604 
f 9438 872 250 
f 8728 4653 3306 
f 4064 2363 5258 
f 11005 4837 679 
f 6420 11104 6511 
f 11951 930 2109 
f 2553 692 10339 
f 5670 639 8171 
f 10220 9236 11500 
f 6042 1999 2600 
f 8163 2830 519 
f 5450 9124 6370 
f 11951 414 930 
f 4328 2522 10682 
f 11041 1653 11245 
f 11383 7830 9840 
f 2344 7598 5006 
f 8687 1879 3121 
f 2423 904 4625 
f 786 4665 7110 
f 11239 5512 11668 
f 5420 10636 2653 
f 7418 7438 10891 
f 3645 658 8791 
f 8031 3649 2436 
f 8070 2028 11420 
f 9730 60 12248 
f 2787 5161 5393 
f 2999 10254 7655 
f 9124 3561 9960 
f 6681 11165 3080 
f 9276 7689 11595 
f 11931 8867 328 
f 6858 7282 2733 
f 11178 5963 5772 
f 7693 7764 222 
f 3874 4637 4260 
f 11902 2557 3525 
f 4550 4416 807 
f 7193 7203 1172 
f 3123 8062 4170 
f 8468 7729 4122 
f 9771 1665 8073 
f 4997 9190 1643 
f 5293 1345 9233 
f 11297 3306 8241 
f 4995 11328 6667 
f 8730 6573 9996 
f 6196 7999 5999 
f 2100 9728 3607 
f 9747 9517 3423 
f 1457 2345 2516 
f 310 1400 338 
f 3406 10489 100 
f 10680 9890 11565 
f 8193 8518 4860 
f 5166 10908 2214 
f 6658 6425 7372 
f 11779 8477 4514 
f 9825 824 8323 
f 11902 7266 7588 
f 850 86 3503 
f 4722 4717 5409 
f 232 9295 9016 
f 54 3143 5572 
f 10216 3118 3203 
f 11210 10478 3013 
f 9356 7655 10254 
f 7788 8633 8923 
f 8838 8536 8552 
f 7823 2740 8079 
f 6659 6891 6886 
f 4252 2968 1867 
f 3232 2832 3026 
f 2321 2663 2483 
f 367 6116 5097 
f 898 143 3203 
f 6477 1681 6415 
f 1342 11610 7567 
f 10205 9087 1213 
f 5676 3081 6788 
f 3958 8893 8594 
f 786 5835 4785 
f 11213 7914 12261 
f 6983 6860 9901 
f 9008 10437 3090 
f 8397 11992 9810 
f 2706 7645 9932 
f 3540 9913 4343 
f 4343 4383 8730 
f 8876 2855 10194 
f 6475 1373 272 
f 8857 9917 2551 
f 8773 7641 7627 
f 8538 5087 6110 
f 3048 9417 8963 
f 7533 7754 10249 
f 1643 10758 8175 
f 7781 6513 8066 
f 10205 8678 4343 
f 11922 11429 11372 
f 4736 4527 5434 
f 9212 7445 11027 
f 9063 10391 9663 
f 10250 4587 4467 
f 8768 7775 12482 
f 8401 1904 7780 
f 9517 2855 8876 
f 4343 8678 3540 
f 9657 9067 11099 
f 12495 9757 5497 
f 5513 6777 6337 
f 7180 8321 2726 
f 1524 12161 5459 
f 307 321 249 
f 1187 8016 7490 
f 1477 10004 4236 
f 12247 5303 9933 
f 10910 12490 8143 
f 1304 7059 11301 
f 11992 3421 7297 
f 4005 3531 7761 
f 2895 2259 1482 
f 2147 6032 5618 
f 2387 3310 3303 
f 11255 10244 9235 
f 12337 2340 9071 
f 3523 3522 4486 
f 9356 8939 8702 
f 11918 10668 1245 
f 9496 10948 10558 
f 12482 10467 7587 
f 9034 7760 8006 
f 4963 2628 8978 
f 9002 10688 12200 
f 46 9524 4236 
f 6341 11471 2158 
f 2254 9062 8208 
f 8727 4644 101 
f 5583 2077 9633 
f 2466 8151 12249 
f 10133 10115 10496 
f 6952 645 10150 
f 2066 4034 9483 
f 4206 10274 7651 
f 9553 8860 257 
f 10510 1298 8456 
f 6399 7825 2236 
f 12014 12333 4465 
f 2019 10666 12140 
f 11709 6970 6643 
f 8195 2186 6712 
f 7065 7786 10727 
f 7675 10517 7138 
f 9306 7571 7489 
f 4835 4388 4386 
f 6803 7012 6360 
f 6868 4401 11448 
f 12421 4289 5360 
f 2469 1621 11790 
f 7952 7902 2963 
f 12465 6098 1210 
f 6794 9677 122 
f 8872 3710 1408 
f 5270 10071 11227 
f 8354 9496 8658 
f 11977 6073 10788 
f 10365 5794 3055 
f 12075 3724 9340 
f 5949 1298 10510 
f 12321 7379 794 
f 11375 5647 5277 
f 1077 1628 1519 
f 5879 7999 6196 
f 12148 5979 3231 
f 4223 4015 5003 
f 6145 1690 607 
f 7786 7065 8674 
f 4443 4479 5806 
f 6301 6519 6741 
f 12451 534 7129 
f 6528 1592 6515 
f 10692 7915 3219 
f 1737 86 7192 
f 9401 1043 8675 
f 10548 9696 10834 
f 2684 3642 7933 
f 6542 2226 5217 
f 4141 6734 2356 
f 472 7339 9047 
f 5245 5883 5887 
f 248 2408 10597 
f 7983 7667 10282 
f 2146 10413 10503 
f 486 10218 398 
f 3157 10961 2676 
f 7337 201 5923 
f 870 12321 7747 
f 5437 5872 4156 
f 6151 5463 6873 
f 9776 5078 6542 
f 11653 8527 4182 
f 4904 9305 5464 
f 9358 3576 5125 
f 6542 742 2226 
f 8068 5699 7779 
f 2903 10261 150 
f 8972 12434 6826 
f 7046 9776 3843 
f 5463 6151 578 
f 10624 8537 9538 
f 11087 12140 11987 
f 6819 4504 5876 
f 8857 3903 435 
f 7097 8070 11420 
f 10946 10590 10583 
f 742 2891 2226 
f 10796 586 11220 
f 6654 9442 10514 
f 6576 10548 3452 
f 5058 4826 5065 
f 5018 3380 6202 
f 7537 12211 5805 
f 9985 6249 9508 
f 7015 7292 6586 
f 3813 4888 8513 
f 2880 12332 11495 
f 9817 7615 5444 
f 11483 10739 7635 
f 11593 11584 10490 
f 5932 6775 11747 
f 10289 9095 9349 
f 710 9594 3770 
f 9904 6853 12362 
f 5849 10674 5554 
f 9030 772 9548 
f 6891 6659 6658 
f 10343 11064 11455 
f 3615 3389 5227 
f 2484 1696 7947 
f 433 4428 10507 
f 7254 6784 6782 
f 2491 4031 8995 
f 4471 5815 3691 
f 8015 7451 8566 
f 994 10780 5288 
f 9218 6120 685 
f 6716 6384 10981 
f 12352 10777 2072 
f 671 6102 4912 
f 8083 800 6694 
f 4154 5811 7132 
f 2224 8264 4665 
f 3318 3021 2040 
f 2880 7046 12332 
f 5349 10055 3472 
f 4177 74 9922 
f 10073 1369 7106 
f 2637 1487 8443 
f 2305 8443 1487 
f 931 10251 12341 
f 6506 5682 6096 
f 7283 7019 7037 
f 9272 1369 1694 
f 8987 2880 11495 
f 5918 7207 8053 
f 11381 10283 8092 
f 7510 1146 7578 
f 10916 2325 9533 
f 1278 1058 1275 
f 6556 12432 7836 
f 5192 6774 9645 
f 1219 7117 5175 
f 881 3703 8750 
f 7573 6586 7292 
f 372 482 548 
f 3581 2882 5986 
f 9022 3318 11736 
f 3966 1336 4275 
f 11914 2126 20 
f 9068 9102 12415 
f 8973 11373 6471 
f 4607 10150 1936 
f 10085 11381 8092 
f 7399 8823 8509 
f 1876 2656 7197 
f 10748 12301 10768 
f 6680 3137 12208 
f 12189 11782 10630 
f 1701 7959 12178 
f 1108 12465 1210 
f 6063 5313 5222 
f 8006 220 12346 
f 493 10522 6154 
f 4547 7294 10066 
f 11865 11070 1760 
f 5362 2468 1333 
f 10743 19 5420 
f 1068 1272 2400 
f 7056 4859 2920 
f 1915 1503 9115 
f 11205 6769 9717 
f 8154 828 4418 
f 2903 5305 10261 
f 9899 10082 11995 
f 1273 3321 1919 
f 4859 4607 2920 
f 3318 9022 3021 
f 5340 10790 6109 
f 12003 11926 7885 
f 3021 9022 1215 
f 4240 5350 6535 
f 2500 5317 8260 
f 1179 11169 4622 
f 1711 1135 980 
f 8509 7367 6445 
f 5435 1238 1632 
f 11048 1250 4219 
f 176 66 503 
f 10192 1940 9182 
f 699 6446 7757 
f 7977 9157 390 
f 11340 8758 2671 
f 3675 5064 12209 
f 10867 1732 2705 
f 1128 4707 4040 
f 7958 7896 1880 
f 7478 560 890 
f 7859 8144 6832 
f 12209 6952 7366 
f 5524 3818 78 
f 4224 5693 5256 
f 11449 7794 9752 
f 4222 5012 6387 
f 8931 1142 12337 
f 7749 12418 2126 
f 3025 383 8399 
f 10065 12178 7959 
f 10938 4271 11549 
f 7097 11420 7069 
f 4628 3430 2347 
f 7900 3060 1413 
f 10923 2601 11074 
f 7561 11167 11196 
f 2707 3274 386 
f 4745 9265 3525 
f 3156 10656 617 
f 6257 10750 71 
f 8757 5934 7243 
f 11551 7912 5137 
f 11925 263 313 
f 11952 4578 10673 
f 5521 4498 3926 
f 3639 2457 5355 
f 10865 8857 435 
f 12129 10522 493 
f 2882 11379 3804 
f 11387 5321 1864 
f 3763 8212 10400 
f 5486 9164 11256 
f 6218 9139 5493 
f 10207 10562 10554 
f 2444 4504 8137 
f 10822 968 11473 
f 1258 1513 2436 
f 6952 2050 7366 
f 11229 5219 9097 
f 5486 1589 5401 
f 2221 1814 2381 
f 2363 4064 3729 
f 5694 526 9780 
f 8426 7220 8212 
f 2230 7984 12255 
f 12234 9579 10683 
f 3576 415 10784 
f 1213 11580 11094 
f 7781 9567 7421 
f 8884 831 6706 
f 6416 5679 10596 
f 786 4785 8847 
f 8052 8628 10081 
f 1955 1046 5664 
f 9874 12306 9604 
f 3062 5998 2183 
f 2038 7097 10954 
f 9226 1122 9327 
f 9372 7471 1838 
f 9401 6159 1043 
f 1443 8266 8574 
f 4892 3897 8192 
f 1240 5447 9042 
f 12164 12261 2411 
f 2799 2722 2611 
f 4466 6282 1626 
f 7586 5710 6966 
f 11926 3945 3238 
f 3346 3759 5240 
f 9075 10831 10254 
f 997 3062 7421 
f 7909 8194 7639 
f 4626 5250 11088 
f 12066 2272 7380 
f 5278 5714 6134 
f 6995 6947 5716 
f 9602 3349 6539 
f 7328 4238 1798 
f 6264 6372 9485 
f 7640 7903 7629 
f 1950 7781 7421 
f 5719 12246 12267 
f 8080 11825 5034 
f 8961 11197 2851 
f 3351 3723 8990 
f 8012 9424 7076 
f 9066 7374 10138 
f 2393 5576 3643 
f 7177 3007 5218 
f 10254 10831 6133 
f 12367 9147 3328 
f 1324 6150 7770 
f 11564 11547 11982 
f 2142 11058 10323 
f 2503 9956 1484 
f 8844 8237 8525 
f 2999 9075 10254 
f 10141 1656 1159 
f 5128 7936 7970 
f 12377 4883 9889 
f 2529 7542 7765 
f 6111 4130 1112 
f 8185 9023 8148 
f 22 4133 1216 
f 7594 4353 5860 
f 2962 10628 148 
f 8295 737 7685 
f 6559 9716 48 
f 211 12484 4584 
f 5614 5374 5382 
f 3416 4094 8565 
f 7643 7566 2251 
f 11987 12140 10666 
f 4702 11810 4425 
f 7012 8097 7270 
f 4431 1809 9194 
f 8760 7906 11428 
f 4770 712 7939 
f 779 6890 5021 
f 11289 6190 5155 
f 9870 9516 9868 
f 7387 3357 11332 
f 8791 658 536 
f 1973 3062 2183 
f 2817 6019 5812 
f 10957 8977 5839 
f 6760 832 806 
f 553 396 11436 
f 8106 4156 2358 
f 3901 2498 9278 
f 3033 3019 3448 
f 11383 9840 9635 
f 3769 10310 1994 
f 4088 9568 7469 
f 10382 6839 10808 
f 5259 8683 2767 
f 6818 6815 2512 
f 9338 1327 10027 
f 6347 5933 5527 
f 10009 2740 4908 
f 12276 7752 6147 
f 1606 1614 1376 
f 6716 2415 12355 
f 5320 9278 1845 
f 12391 10147 10668 
f 5144 2818 6106 
f 2674 7017 6892 
f 4754 6277 4985 
f 2896 11427 8013 
f 7301 8234 1894 
f 8216 11928 125 
f 4769 8473 1416 
f 10826 6424 6053 
f 9528 10829 10586 
f 3878 7102 5126 
f 3334 6371 8993 
f 10139 912 7224 
f 11921 5551 15 
f 7294 7306 7330 
f 5512 10569 2134 
f 10291 9574 9906 
f 1289 6394 5008 
f 34 13 63 
f 1826 10097 2986 
f 111 107 636 
f 792 10216 2678 
f 125 4929 8216 
f 6421 10619 10864 
f 12009 4002 6993 
f 11569 11852 11077 
f 2797 2293 2276 
f 671 9190 4997 
f 8552 8853 10058 
f 2760 2796 3873 
f 5349 6671 10055 
f 60 9351 9048 
f 3466 12050 11869 
f 7552 8249 5035 
f 10497 1522 1405 
f 187 920 9304 
f 4336 4722 5429 
f 2563 9986 9907 
f 8787 10010 5165 
f 1960 1661 1964 
f 5132 5033 4062 
f 1704 2402 5307 
f 4958 2856 7913 
f 960 818 887 
f 3193 2906 686 
f 5238 1271 852 
f 6146 1775 4613 
f 4468 1796 4712 
f 4283 3890 9080 
f 4333 11762 4315 
f 2886 3504 6982 
f 7398 3100 5982 
f 7881 5923 9314 
f 3429 11542 1338 
f 2249 12395 12112 
f 6827 8136 6591 
f 9861 7857 5789 
f 9564 4413 4021 
f 3756 6816 9679 
f 10164 7987 5394 
f 5842 6709 5649 
f 10318 7888 3359 
f 246 11689 2843 
f 12448 10778 6911 
f 9786 5551 11921 
f 9568 2508 9411 
f 509 5663 12338 
f 8386 5982 8845 
f 10885 11900 3443 
f 12392 5148 11725 
f 10835 10176 7611 
f 1161 9556 4994 
f 11437 11424 12220 
f 5742 7783 7464 
f 5374 6635 5605 
f 2271 7328 7300 
f 2086 2127 12024 
f 3116 4627 3555 
f 5524 7890 1448 
f 252 8683 8352 
f 3647 2284 6413 
f 8386 8845 3641 
f 7666 2722 2799 
f 10103 7726 901 
f 5773 2127 504 
f 263 11925 3608 
f 4399 9780 8927 
f 8386 3641 6028 
f 1684 9647 1619 
f 3504 308 3821 
f 4473 9149 10409 
f 7402 4798 12426 
f 5566 11836 3370 
f 7265 5644 3290 
f 3924 800 3393 
f 8443 3554 3085 
f 7917 8504 3951 
f 9312 9202 816 
f 1720 2318 6959 
f 4538 1898 11893 
f 9892 9247 10285 
f 7071 12085 11198 
f 7772 7264 1296 
f 3333 5780 6235 
f 9954 9310 9301 
f 8143 7059 10910 
f 6028 32 2535 
f 8576 7098 761 
f 6942 1200 8700 
f 3794 5989 2535 
f 2227 335 6235 
f 857 8603 12224 
f 3794 2535 5393 
f 234 5828 812 
f 3071 956 1261 
f 3794 5393 1176 
f 4098 4038 9294 
f 8292 441 4485 
f 4551 4752 3787 
f 11076 218 8503 
f 4327 2983 5474 
f 334 3333 8700 
f 2256 5341 5275 
f 10656 3199 2167 
f 1176 5161 12319 
f 956 12445 4321 
f 9379 10940 3330 
f 11269 9039 6942 
f 5161 6091 12319 
f 740 12448 2802 
f 3556 8705 1901 
f 6091 8042 12319 
f 6050 2181 1335 
f 11839 11204 9471 
f 4491 4139 4301 
f 11369 9309 8985 
f 6928 599 2570 
f 4687 12229 11332 
f 11610 10730 6309 
f 3744 3740 4496 
f 348 1707 7053 
f 8334 9192 9199 
f 6991 7541 7797 
f 2544 6492 6028 
f 11347 6369 4258 
f 10978 8387 8920 
f 3909 2715 982 
f 7911 11299 3722 
f 5691 3453 6174 
f 2475 3019 3033 
f 5576 2393 4515 
f 9316 6898 11399 
f 5246 5322 11771 
f 9642 12399 5505 
f 306 305 382 
f 209 3851 5548 
f 10292 9215 466 
f 8400 5469 3613 
f 2113 8195 4779 
f 3354 3347 4183 
f 10429 11827 7461 
f 988 11829 3533 
f 386 3274 5012 
f 6918 1282 10061 
f 4478 10402 7663 
f 9399 9388 8807 
f 10901 2875 10301 
f 1174 3350 1666 
f 9515 11308 2037 
f 8374 9551 9252 
f 11646 1007 12199 
f 6358 4509 4610 
f 10661 884 1712 
f 834 405 2279 
f 11559 11530 10812 
f 6175 10021 6201 
f 6360 5065 5546 
f 5576 4515 1361 
f 1289 3623 9296 
f 3825 5083 5233 
f 2463 2125 2464 
f 293 9701 9899 
f 767 925 803 
f 7885 4810 6127 
f 6991 5927 6346 
f 4679 391 11015 
f 3625 11093 1450 
f 5137 7608 11539 
f 3298 1474 3207 
f 12187 6715 5526 
f 9422 21 8278 
f 6642 8339 5568 
f 7731 8513 3314 
f 6775 11054 11747 
f 7966 850 6365 
f 7745 941 11636 
f 138 2166 2514 
f 11252 1899 5536 
f 3939 3979 3586 
f 8492 2292 11031 
f 3678 958 8799 
f 6526 10409 2737 
f 3365 3298 885 
f 987 9989 7833 
f 6274 8899 11382 
f 7807 12162 10884 
f 4190 8167 4755 
f 4605 4598 4608 
f 629 137 7653 
f 1696 102 1905 
f 5280 8995 12301 
f 6921 12473 1049 
f 7116 4210 7827 
f 6254 7827 10803 
f 4647 10957 6323 
f 5879 6196 4393 
f 9622 6422 1979 
f 3857 3349 11944 
f 6013 11957 7635 
f 3762 11246 5692 
f 3027 6343 1909 
f 7074 2587 2266 
f 2744 2956 11266 
f 4069 10614 226 
f 5091 5173 5134 
f 10395 1182 10101 
f 8743 8157 6621 
f 7796 11355 3704 
f 12449 2660 986 
f 11629 11239 11668 
f 2166 2596 5917 
f 7322 2655 11509 
f 1010 1313 893 
f 12164 2294 12261 
f 11728 2983 4327 
f 9482 9755 5423 
f 2404 12174 7557 
f 7557 12174 9908 
f 12174 1294 9908 
f 1067 5638 7429 
f 12336 1221 5749 
f 3845 4220 3215 
f 585 10809 1474 
f 10625 5228 1907 
f 629 888 11910 
f 6784 8952 7267 
f 10378 9347 7829 
f 6327 1839 1401 
f 12175 8112 12228 
f 11402 7459 661 
f 8018 2715 10377 
f 8002 7993 8568 
f 4957 4304 4003 
f 6623 11844 8533 
f 15 9764 11921 
f 12095 5192 9645 
f 1109 279 9577 
f 7101 2404 5056 
f 4374 2849 11351 
f 8625 11554 3113 
f 436 11053 6834 
f 11826 175 707 
f 4579 1246 400 
f 4100 9392 11768 
f 7492 8827 2215 
f 2523 7665 10561 
f 11346 296 5285 
f 2951 3560 6940 
f 8037 3014 3771 
f 7504 9639 7002 
f 7103 261 10988 
f 9154 9357 6370 
f 1566 5774 6800 
f 1672 1673 11002 
f 868 3241 1840 
f 11625 11650 11259 
f 586 1630 6048 
f 2364 5308 5910 
f 11876 3220 2091 
f 2514 9328 138 
f 5665 3442 8941 
f 4880 8882 2244 
f 2387 2383 1620 
f 5923 201 12318 
f 6157 6577 5312 
f 8380 1688 73 
f 11208 232 9308 
f 5214 4860 4263 
f 2867 11183 7671 
f 1671 10411 10230 
f 7428 676 838 
f 1717 1811 1460 
f 7240 10507 1823 
f 7933 10481 10629 
f 318 3713 6252 
f 6871 1223 8638 
f 7175 9407 1594 
f 9442 5262 10514 
f 6175 1166 6915 
f 3882 4436 3886 
f 4000 8737 7442 
f 6842 5645 2082 
f 3796 11729 11350 
f 12471 597 3445 
f 10453 4640 2650 
f 3246 4464 8300 
f 11257 4982 6723 
f 8486 12149 1282 
